# 3ds Max Wavefront OBJ Exporter v0.99 - (c)2007 guruware
# File Created: 11.05.2025 14:26:33

mtllib AlaIzaquierda.mtl

#
# object Object
#

v  2.2449 0.0574 1.6181
v  2.4741 0.0555 1.7437
v  2.2335 0.0582 1.8266
v  2.1144 0.0591 1.6334
v  2.1119 0.0575 1.3786
v  2.2875 0.0560 1.2719
v  2.1981 0.0561 1.1701
v  2.0624 0.0575 1.3127
v  1.9710 0.0566 0.9514
v  2.0162 0.0585 1.4451
v  1.9228 0.0600 1.4965
v  2.0074 0.0613 1.6505
v  2.1123 0.0593 1.7900
v  2.1090 0.0602 1.8344
v  2.2190 0.0590 1.9135
v  2.0023 0.0599 1.7609
v  1.9329 0.0608 1.6758
v  1.8788 0.0609 1.5267
v  1.8540 0.0603 1.4853
v  1.9102 0.0597 1.4524
v  1.7985 0.0563 1.4096
v  1.9738 0.0588 1.3975
v  1.8512 0.0589 1.3371
v  1.7425 0.0481 1.2886
v  1.8806 0.0582 1.2586
v  1.9163 0.0573 1.1546
v  1.6127 0.0587 0.7258
v  1.6294 0.0583 0.9384
v  1.6617 0.0482 1.1424
v  1.6533 0.0599 1.3324
v  1.5683 0.0594 1.1863
v  1.5633 0.0594 1.1886
v  1.4325 0.0599 0.9169
v  1.3870 0.0604 0.9410
v  1.5337 0.0465 0.8691
v  1.4215 0.0510 0.6141
v  1.6446 0.0590 0.5301
v  1.2659 0.0607 0.6918
v  1.2072 0.0639 0.7199
v  1.1327 0.0608 0.5046
v  1.0319 0.0643 0.5699
v  0.9251 0.0655 0.5100
v  1.0140 0.0625 0.3980
v  0.8062 0.0666 0.4376
v  0.8954 0.0605 0.2975
v  0.7318 0.0671 0.3999
v  0.8403 0.0625 0.2590
v  0.6534 0.0677 0.3639
v  0.7506 0.0600 0.1784
v  0.5688 0.0684 0.3303
v  0.9789 0.0583 -0.0380
v  1.0405 0.0610 0.0545
v  1.0947 0.0585 0.1295
v  1.2132 0.0607 0.2844
v  1.3128 0.0593 0.4144
v  1.6732 0.0592 0.3037
v  1.7159 0.0591 0.0140
v  1.2636 0.0613 -0.1789
v  0.9105 0.0610 -0.1762
v  0.6819 0.0639 0.0552
v  0.6522 0.0656 -0.0610
v  0.8707 0.0628 -0.2818
v  1.0689 0.0637 -0.4231
v  1.7135 0.0590 -0.1529
v  2.4212 0.0548 -0.2447
v  2.0127 0.0569 -0.4096
v  0.8550 0.0659 -0.4499
v  1.0053 0.0648 -0.5684
v  0.9624 0.0657 -0.7044
v  0.7882 0.0687 -0.6924
v  0.9343 0.0664 -0.8229
v  0.8180 0.0693 -0.4077
v  0.7350 0.0661 -0.3412
v  0.5959 0.0674 -0.2772
v  0.5711 0.0657 -0.0457
v  0.4599 0.0763 -0.0259
v  0.3972 0.0753 0.3022
v  0.4859 0.0680 -0.2577
v  0.4963 0.0735 -0.6124
v  0.5779 0.0730 -0.7329
v  0.4175 0.0741 -0.5467
v  0.7440 0.0702 -0.8619
v  0.9091 0.0671 -0.9410
v  0.7272 0.0710 -0.9966
v  0.8807 0.0678 -1.0974
v  0.5286 0.0757 -1.0454
v  0.5415 0.0747 -0.8993
v  0.5579 0.0756 -1.2045
v  0.7278 0.0714 -1.1508
v  0.6475 0.0738 -1.3326
v  0.7676 0.0707 -1.2870
v  0.8685 0.0683 -1.2453
v  0.8755 0.0684 -1.5201
v  0.3665 0.0691 -0.2647
v  0.3258 0.0752 -0.5153
v  0.2879 0.0868 0.0305
v  0.2208 0.0891 0.3050
v  0.1483 0.0946 0.1219
v  0.0590 0.0931 0.3398
v  -0.0197 0.0665 -0.2227
v  0.1879 0.0718 -0.2606
v  0.1565 0.0757 -0.4348
v  -0.0399 0.0720 -0.3604
v  -0.1741 0.0400 -0.1192
v  0.0022 0.0952 0.2201
v  2.4212 0.0560 -0.2447
v  2.0127 0.0581 -0.4096
v  1.7135 0.0601 -0.1529
v  1.7159 0.0603 0.0140
v  1.2636 0.0625 -0.1789
v  1.0947 0.0597 0.1295
v  1.2132 0.0619 0.2844
v  1.6732 0.0604 0.3037
v  1.3128 0.0605 0.4144
v  1.6446 0.0602 0.5301
v  1.4215 0.0522 0.6141
v  1.6127 0.0599 0.7258
v  1.2659 0.0618 0.6918
v  1.1327 0.0620 0.5046
v  1.0140 0.0637 0.3980
v  0.8954 0.0616 0.2975
v  1.0405 0.0621 0.0545
v  0.8403 0.0637 0.2590
v  0.9789 0.0595 -0.0380
v  0.9105 0.0622 -0.1762
v  1.0689 0.0649 -0.4231
v  0.6819 0.0651 0.0552
v  0.7506 0.0612 0.1784
v  0.6535 0.0689 0.3639
v  0.7318 0.0683 0.3999
v  0.8062 0.0677 0.4376
v  0.9251 0.0667 0.5100
v  1.0319 0.0655 0.5699
v  1.2072 0.0651 0.7199
v  1.3870 0.0615 0.9410
v  1.4325 0.0611 0.9169
v  1.5633 0.0606 1.1886
v  1.5337 0.0477 0.8691
v  1.6618 0.0494 1.1424
v  1.5683 0.0606 1.1863
v  1.6533 0.0611 1.3324
v  1.7426 0.0493 1.2886
v  1.8806 0.0594 1.2586
v  1.8512 0.0601 1.3371
v  1.7985 0.0575 1.4096
v  1.8540 0.0614 1.4853
v  1.9102 0.0608 1.4524
v  1.9738 0.0599 1.3975
v  2.0624 0.0587 1.3127
v  1.9163 0.0585 1.1546
v  1.6294 0.0595 0.9384
v  1.9710 0.0578 0.9514
v  2.1981 0.0572 1.1701
v  2.1119 0.0586 1.3786
v  2.2875 0.0571 1.2719
v  2.2449 0.0586 1.6181
v  2.1144 0.0603 1.6334
v  2.0162 0.0597 1.4451
v  1.9228 0.0611 1.4965
v  1.8788 0.0621 1.5267
v  1.9329 0.0619 1.6758
v  2.0074 0.0624 1.6505
v  2.0023 0.0611 1.7609
v  2.1123 0.0604 1.7900
v  2.1090 0.0614 1.8344
v  2.2335 0.0594 1.8266
v  2.4741 0.0567 1.7437
v  2.2190 0.0601 1.9135
v  0.5689 0.0695 0.3303
v  0.6522 0.0668 -0.0610
v  0.8707 0.0640 -0.2818
v  0.8550 0.0670 -0.4499
v  1.0053 0.0660 -0.5684
v  0.9624 0.0668 -0.7044
v  0.7882 0.0698 -0.6924
v  0.9343 0.0676 -0.8229
v  0.8180 0.0705 -0.4077
v  0.7350 0.0673 -0.3412
v  0.5959 0.0686 -0.2772
v  0.5711 0.0668 -0.0457
v  0.4599 0.0775 -0.0259
v  0.3972 0.0764 0.3022
v  0.4860 0.0692 -0.2577
v  0.4963 0.0747 -0.6124
v  0.5779 0.0741 -0.7329
v  0.4175 0.0753 -0.5467
v  0.7440 0.0714 -0.8619
v  0.9092 0.0683 -0.9410
v  0.7272 0.0721 -0.9966
v  0.8808 0.0690 -1.0974
v  0.5286 0.0768 -1.0454
v  0.5415 0.0758 -0.8993
v  0.5579 0.0768 -1.2045
v  0.7278 0.0726 -1.1508
v  0.6475 0.0749 -1.3326
v  0.7676 0.0718 -1.2870
v  0.8685 0.0695 -1.2453
v  0.8755 0.0696 -1.5201
v  0.3666 0.0702 -0.2647
v  0.3258 0.0764 -0.5153
v  0.2879 0.0880 0.0305
v  0.2208 0.0902 0.3050
v  0.1483 0.0958 0.1219
v  0.0590 0.0942 0.3398
v  -0.0197 0.0676 -0.2227
v  0.1879 0.0730 -0.2606
v  0.1565 0.0769 -0.4348
v  -0.0399 0.0732 -0.3604
v  -0.1741 0.0412 -0.1192
v  0.0022 0.0964 0.2201
# 210 vertices

vn 0.1607 0.0030 0.9870
vn -0.8162 0.0107 0.5776
vn -0.8143 0.0115 -0.5803
vn -0.9933 0.0116 -0.1154
vn 0.2651 -0.0082 -0.9642
vn -0.1858 0.0022 0.9826
vn 0.6743 -0.0041 0.7385
vn -0.7845 0.0045 0.6201
vn 0.8561 -0.0041 0.5168
vn 0.8706 -0.0035 0.4920
vn -0.7853 0.0097 0.6191
vn 0.9917 -0.0287 0.1250
vn 0.1531 -0.0024 -0.9882
vn 0.9037 -0.0195 0.4277
vn 0.0038 -0.0037 -1.0000
vn 0.7622 0.0016 0.6473
vn 0.2443 -0.0140 0.9696
vn 0.1035 -0.0060 0.9946
vn 0.3782 -0.0198 0.9255
vn 0.9995 -0.0229 -0.0223
vn 0.9611 0.0549 -0.2706
vn 0.7932 -0.0164 -0.6087
vn -0.6997 -0.0546 0.7123
vn -0.1076 0.1168 -0.9873
vn 0.8050 -0.0072 -0.5933
vn 0.3608 -0.0124 -0.9325
vn -0.0781 0.0077 -0.9969
vn -0.2411 -0.0304 -0.9700
vn 0.7792 0.0739 0.6224
vn 0.9665 -0.0930 -0.2392
vn -0.9820 0.0190 0.1881
vn 0.3826 0.0023 0.9239
vn -0.1440 -0.0379 -0.9888
vn 0.4936 0.0045 0.8697
vn -0.9855 0.1310 0.1082
vn -0.6191 0.0999 -0.7789
vn -0.8780 -0.0289 0.4779
vn -0.9464 0.0628 0.3167
vn 0.6916 -0.0168 0.7220
vn -0.1647 0.0119 -0.9863
vn 0.9072 -0.0130 0.4206
vn 0.9628 -0.0162 0.2698
vn 0.5787 -0.0236 -0.8152
vn 0.9733 -0.0234 0.2283
vn 0.4661 0.0198 -0.8845
vn 0.9932 -0.0248 0.1136
vn 0.4612 -0.0235 -0.8870
vn 0.9993 -0.0298 0.0236
vn 0.4167 0.0267 -0.9087
vn 0.9671 -0.0043 -0.2544
vn 0.8942 0.0246 0.4470
vn -0.8264 -0.0190 0.5628
vn -0.8568 0.0347 0.5145
vn -0.9263 -0.0080 0.3768
vn -0.9450 0.0158 0.3268
vn -0.8710 -0.0017 0.4912
vn -0.8365 -0.0008 -0.5480
vn 0.9855 -0.0019 0.1695
vn -0.9493 0.0395 -0.3120
vn 0.3063 0.0202 0.9517
vn 0.6780 -0.0041 -0.7350
vn 0.9341 0.0245 -0.3562
vn 0.2958 -0.0055 0.9552
vn 0.1339 -0.0030 -0.9910
vn -0.7294 0.0037 0.6841
vn 0.4440 -0.0046 -0.8960
vn 0.7428 0.0261 -0.6690
vn -0.0673 0.0026 0.9977
vn -0.2445 0.0095 0.9696
vn -0.9010 0.0315 -0.4326
vn -0.3349 0.0144 0.9421
vn 0.1491 -0.0762 0.9859
vn 0.9664 0.0055 0.2570
vn -0.3312 0.0052 0.9436
vn 0.7700 0.0371 0.6370
vn -0.9573 0.0422 -0.2860
vn 0.5735 0.0084 0.8192
vn 0.4933 0.0202 -0.8696
vn -0.7731 0.0370 -0.6332
vn -0.9184 0.0280 0.3947
vn -0.2364 0.0412 -0.9708
vn 0.9915 -0.0063 -0.1300
vn -0.3849 0.0177 0.9228
vn -0.5746 0.0294 -0.8179
vn -0.4991 0.0217 0.8663
vn -0.7697 0.0286 0.6377
vn -0.4627 0.0192 0.8863
vn -0.9993 0.0372 -0.0072
vn 0.4583 0.0018 0.8888
vn -0.7594 0.0337 -0.6498
vn 0.1381 0.0091 0.9904
vn -0.6645 0.0268 0.7468
vn 0.9925 -0.0101 0.1220
vn 0.5214 0.0458 0.8521
vn 0.0120 0.0402 -0.9991
vn 0.7390 -0.0655 0.6705
vn 0.8329 -0.0605 0.5501
vn 0.1797 -0.0734 0.9810
vn 0.3572 0.0160 -0.9339
vn -0.8621 -0.0327 0.5057
vn 0.9627 0.0106 0.2704
vn -0.0205 0.0219 -0.9996
vn 0.1938 -0.1191 0.9738
vn -0.8158 -0.1033 -0.5691
vn -0.8463 -0.1571 0.5091
vn -0.7293 0.0148 0.6840
vn 0.4440 0.0066 -0.8960
vn 0.1338 0.0082 -0.9910
vn -0.8364 0.0103 -0.5480
vn 0.9855 0.0092 0.1697
vn 0.4512 0.0325 0.8918
vn 0.9354 -0.0053 -0.3536
vn -0.8710 0.0094 0.4912
vn 0.9862 0.0143 -0.1652
vn -0.8783 -0.0178 0.4778
vn 0.9944 0.0774 -0.0725
vn 0.0806 -0.0641 0.9947
vn -0.8853 0.0331 -0.4638
vn -0.9550 0.0461 0.2929
vn -0.8407 0.0198 0.5412
vn -0.7070 0.0664 0.7041
vn 0.6431 -0.0127 -0.7657
vn -0.5632 0.0216 0.8260
vn 0.5924 0.0351 -0.8049
vn -0.9488 0.0505 -0.3118
vn 0.2958 0.0055 0.9552
vn 0.3069 0.0311 0.9512
vn 0.8857 0.0325 -0.4632
vn 0.9996 -0.0188 0.0230
vn 0.9935 -0.0136 0.1131
vn 0.9737 -0.0123 0.2277
vn 0.9630 -0.0050 0.2694
vn 0.9074 -0.0019 0.4202
vn -0.6919 0.0016 -0.7220
vn 0.4937 0.0155 0.8695
vn 0.9337 -0.1060 -0.3420
vn 0.3827 0.0134 0.9238
vn -0.9895 0.1166 0.0857
vn -0.4282 0.1011 -0.8980
vn -0.9916 0.0073 0.1291
vn -0.9674 0.0866 0.2381
vn 0.0878 0.1413 0.9861
vn -0.4694 -0.0602 -0.8809
vn 0.9997 -0.0190 0.0142
vn -0.9641 -0.1140 0.2400
vn 0.3790 -0.0125 0.9253
vn -0.9762 0.0137 0.2163
vn -0.5061 0.0144 0.8623
vn -0.3064 0.0144 0.9518
vn 0.3609 -0.0013 -0.9326
vn -0.3056 -0.0878 -0.9481
vn 0.8561 0.0070 0.5167
vn 0.6743 0.0070 0.7384
vn 0.5084 0.0017 -0.8611
vn -0.1856 0.0133 0.9825
vn 0.1610 0.0142 0.9869
vn 0.7912 0.0024 0.6116
vn -0.9544 0.0224 0.2978
vn 1.0000 -0.0038 0.0042
vn 0.1036 0.0074 0.9946
vn 0.2442 -0.0015 0.9697
vn -0.9990 -0.0062 0.0439
vn 0.7621 0.0128 0.6474
vn -0.9211 0.0260 -0.3885
vn 0.9040 -0.0084 0.4274
vn -0.8142 0.0226 -0.5801
vn -0.8161 0.0218 0.5775
vn 0.0038 0.0075 -1.0000
vn -0.9660 0.0487 0.2539
vn 0.6780 0.0071 -0.7350
vn 0.9339 0.0353 -0.3558
vn -0.7294 0.0500 0.6822
vn -0.0670 0.0137 0.9977
vn -0.2442 0.0207 0.9695
vn -0.9007 0.0426 -0.4324
vn -0.3346 0.0255 0.9420
vn -0.1692 -0.0498 -0.9843
vn 0.9662 0.0165 0.2573
vn -0.3312 0.0163 0.9434
vn -0.7665 0.0637 -0.6390
vn 0.9501 -0.1207 0.2877
vn -0.5844 0.0515 -0.8099
vn 0.4933 0.0310 -0.8693
vn -0.7727 0.0482 -0.6329
vn -0.9180 0.0392 0.3947
vn -0.2362 0.0524 -0.9703
vn 0.9915 0.0047 -0.1299
vn -0.3845 0.0288 0.9227
vn -0.5744 0.0405 -0.8176
vn -0.4986 0.0328 0.8662
vn -0.7693 0.0396 0.6377
vn -0.4622 0.0303 0.8862
vn -0.9988 0.0483 -0.0071
vn 0.4587 0.0129 0.8885
vn -0.7590 0.0448 -0.6495
vn 0.1385 0.0202 0.9902
vn -0.6640 0.0379 0.7468
vn 0.9926 0.0011 0.1218
vn 0.5214 0.0561 0.8515
vn 0.0123 0.0514 -0.9986
vn -0.7429 -0.0421 -0.6681
vn -0.8439 0.0093 -0.5364
vn -0.1642 -0.1053 -0.9808
vn 0.3576 0.0274 -0.9335
vn -0.5486 -0.1005 -0.8300
vn 0.9625 0.0218 0.2703
vn -0.0201 0.0331 -0.9992
vn -0.1849 -0.0369 -0.9821
vn 0.8247 0.0394 0.5642
vn 0.8729 -0.0858 -0.4803
# 210 vertex normals

vt 0.8701 -0.1416 0.0000
vt 0.8633 -0.1123 0.0000
vt 0.8887 -0.1279 0.0000
vt 0.8809 -0.1514 0.0000
vt 0.8604 -0.1689 0.0000
vt 0.8379 -0.1621 0.0000
vt 0.8359 -0.1768 0.0000
vt 0.8584 -0.1777 0.0000
vt 0.8359 -0.2119 0.0000
vt 0.8730 -0.1729 0.0000
vt 0.8848 -0.1768 0.0000
vt 0.8906 -0.1592 0.0000
vt 0.8945 -0.1406 0.0000
vt 0.8984 -0.1377 0.0000
vt 0.8965 -0.1230 0.0000
vt 0.9004 -0.1514 0.0000
vt 0.8984 -0.1631 0.0000
vt 0.8906 -0.1777 0.0000
vt 0.8887 -0.1836 0.0000
vt 0.8818 -0.1807 0.0000
vt 0.8867 -0.1934 0.0000
vt 0.8721 -0.1797 0.0000
vt 0.8770 -0.1943 0.0000
vt 0.8809 -0.2061 0.0000
vt 0.8682 -0.1973 0.0000
vt 0.8564 -0.2021 0.0000
vt 0.8467 -0.2588 0.0000
vt 0.8623 -0.2412 0.0000
vt 0.8760 -0.2236 0.0000
vt 0.8926 -0.2100 0.0000
vt 0.8867 -0.2275 0.0000
vt 0.8877 -0.2275 0.0000
vt 0.8750 -0.2588 0.0000
vt 0.8809 -0.2598 0.0000
vt 0.8633 -0.2539 0.0000
vt 0.8516 -0.2832 0.0000
vt 0.8301 -0.2715 0.0000
vt 0.8691 -0.2891 0.0000
vt 0.8760 -0.2910 0.0000
vt 0.8623 -0.3154 0.0000
vt 0.8750 -0.3174 0.0000
vt 0.8770 -0.3311 0.0000
vt 0.8604 -0.3340 0.0000
vt 0.8779 -0.3467 0.0000
vt 0.8604 -0.3516 0.0000
vt 0.8809 -0.3545 0.0000
vt 0.8613 -0.3584 0.0000
vt 0.8838 -0.3623 0.0000
vt 0.8623 -0.3701 0.0000
vt 0.8877 -0.3711 0.0000
vt 0.8320 -0.3682 0.0000
vt 0.8340 -0.3574 0.0000
vt 0.8359 -0.3477 0.0000
vt 0.8398 -0.3262 0.0000
vt 0.8438 -0.3076 0.0000
vt 0.8115 -0.2871 0.0000
vt 0.7871 -0.3066 0.0000
vt 0.8018 -0.3467 0.0000
vt 0.8281 -0.3818 0.0000
vt 0.8604 -0.3809 0.0000
vt 0.8564 -0.3896 0.0000
vt 0.8252 -0.3916 0.0000
vt 0.7998 -0.3887 0.0000
vt 0.7754 -0.3135 0.0000
vt 0.7148 -0.2695 0.0000
vt 0.7334 -0.3115 0.0000
vt 0.8154 -0.4033 0.0000
vt 0.7949 -0.4023 0.0000
vt 0.7891 -0.4150 0.0000
vt 0.8057 -0.4229 0.0000
vt 0.7832 -0.4248 0.0000
vt 0.8213 -0.4023 0.0000
vt 0.8311 -0.4043 0.0000
vt 0.8438 -0.4102 0.0000
vt 0.8633 -0.3936 0.0000
vt 0.8730 -0.4004 0.0000
vt 0.8975 -0.3857 0.0000
vt 0.8516 -0.4170 0.0000
vt 0.8359 -0.4326 0.0000
vt 0.8223 -0.4355 0.0000
vt 0.8447 -0.4346 0.0000
vt 0.7979 -0.4365 0.0000
vt 0.7764 -0.4346 0.0000
vt 0.7900 -0.4473 0.0000
vt 0.7666 -0.4482 0.0000
vt 0.8047 -0.4600 0.0000
vt 0.8145 -0.4482 0.0000
vt 0.7891 -0.4707 0.0000
vt 0.7773 -0.4590 0.0000
vt 0.7695 -0.4775 0.0000
vt 0.7617 -0.4688 0.0000
vt 0.7549 -0.4609 0.0000
vt 0.7314 -0.4834 0.0000
vt 0.8594 -0.4258 0.0000
vt 0.8535 -0.4385 0.0000
vt 0.8887 -0.4092 0.0000
vt 0.9111 -0.3975 0.0000
vt 0.9043 -0.4141 0.0000
vt 0.9238 -0.4082 0.0000
vt 0.8916 -0.4473 0.0000
vt 0.8750 -0.4355 0.0000
vt 0.8711 -0.4443 0.0000
vt 0.8887 -0.4531 0.0000
vt 0.9072 -0.4541 0.0000
vt 0.9189 -0.4209 0.0000
# 105 texture coords

o Object
g Object
usemtl c1200_0
s 1
f 1/1/1 2/2/2 3/3/3 
f 3/3/3 4/4/4 1/1/1 
f 5/5/5 1/1/1 4/4/4 
f 6/6/6 1/1/1 5/5/5 
f 5/5/5 7/7/7 6/6/6 
f 7/7/7 5/5/5 8/8/8 
f 8/8/8 9/9/9 7/7/7 
f 10/10/10 8/8/8 5/5/5 
f 5/5/5 4/4/4 10/10/10 
f 11/11/11 10/10/10 4/4/4 
f 4/4/4 12/12/12 11/11/11 
f 13/13/13 12/12/12 4/4/4 
f 4/4/4 3/3/3 13/13/13 
f 14/14/14 13/13/13 3/3/3 
f 3/3/3 15/15/15 14/14/14 
f 13/13/13 14/14/14 16/16/16 
f 16/16/16 12/12/12 13/13/13 
f 12/12/12 16/16/16 17/17/17 
f 17/17/17 18/18/18 12/12/12 
f 11/11/11 12/12/12 18/18/18 
f 18/18/18 19/19/19 11/11/11 
f 20/20/20 11/11/11 19/19/19 
f 10/10/10 11/11/11 20/20/20 
f 21/21/21 20/20/20 19/19/19 
f 10/10/10 20/20/20 22/22/22 
f 22/22/22 8/8/8 10/10/10 
f 23/23/23 22/22/22 20/20/20 
f 20/20/20 21/21/21 23/23/23 
f 24/24/24 23/23/23 21/21/21 
f 23/23/23 24/24/24 25/25/25 
f 25/25/25 22/22/22 23/23/23 
f 8/8/8 22/22/22 25/25/25 
f 25/25/25 26/26/26 8/8/8 
f 9/9/9 8/8/8 26/26/26 
f 26/26/26 27/27/27 9/9/9 
f 28/28/28 27/27/27 26/26/26 
f 26/26/26 29/29/29 28/28/28 
f 29/29/29 26/26/26 25/25/25 
f 25/25/25 24/24/24 29/29/29 
f 30/30/30 29/29/29 24/24/24 
f 31/31/31 29/29/29 30/30/30 
f 30/30/30 32/32/32 31/31/31 
f 33/33/33 31/31/31 32/32/32 
f 29/29/29 31/31/31 33/33/33 
f 33/33/33 32/32/32 34/34/34 
f 29/29/29 33/33/33 35/35/35 
f 35/35/35 28/28/28 29/29/29 
f 27/27/27 28/28/28 35/35/35 
f 35/35/35 36/36/36 27/27/27 
f 33/33/33 36/36/36 35/35/35 
f 37/37/37 27/27/27 36/36/36 
f 38/38/38 36/36/36 33/33/33 
f 33/33/33 34/34/34 38/38/38 
f 39/39/39 38/38/38 34/34/34 
f 40/40/40 38/38/38 39/39/39 
f 39/39/39 41/41/41 40/40/40 
f 42/42/42 40/40/40 41/41/41 
f 43/43/43 40/40/40 42/42/42 
f 42/42/42 44/44/44 43/43/43 
f 45/45/45 43/43/43 44/44/44 
f 44/44/44 46/46/46 45/45/45 
f 47/47/47 45/45/45 46/46/46 
f 46/46/46 48/48/48 47/47/47 
f 49/49/49 47/47/47 48/48/48 
f 48/48/48 50/50/50 49/49/49 
f 47/47/47 49/49/49 51/51/51 
f 51/51/51 52/52/52 47/47/47 
f 45/45/45 47/47/47 52/52/52 
f 52/52/52 53/53/53 45/45/45 
f 43/43/43 45/45/45 53/53/53 
f 53/53/53 54/54/54 43/43/43 
f 40/40/40 43/43/43 54/54/54 
f 54/54/54 55/55/55 40/40/40 
f 38/38/38 40/40/40 55/55/55 
f 55/55/55 36/36/36 38/38/38 
f 37/37/37 36/36/36 55/55/55 
f 55/55/55 56/56/56 37/37/37 
f 56/56/56 55/55/55 54/54/54 
f 54/54/54 57/57/57 56/56/56 
f 57/57/57 54/54/54 53/53/53 
f 53/53/53 58/58/58 57/57/57 
f 58/58/58 53/53/53 52/52/52 
f 52/52/52 51/51/51 58/58/58 
f 59/59/59 58/58/58 51/51/51 
f 51/51/51 60/60/60 59/59/59 
f 60/60/60 51/51/51 49/49/49 
f 49/49/49 50/50/50 60/60/60 
f 61/61/61 60/60/60 50/50/50 
f 59/59/59 60/60/60 61/61/61 
f 61/61/61 62/62/62 59/59/59 
f 63/63/63 59/59/59 62/62/62 
f 58/58/58 59/59/59 63/63/63 
f 57/57/57 58/58/58 64/64/64 
f 64/64/64 65/65/65 57/57/57 
f 66/66/66 65/65/65 64/64/64 
f 63/63/63 62/62/62 67/67/67 
f 67/67/67 68/68/68 63/63/63 
f 69/69/69 68/68/68 67/67/67 
f 67/67/67 70/70/70 69/69/69 
f 71/71/71 69/69/69 70/70/70 
f 72/72/72 70/70/70 67/67/67 
f 67/67/67 62/62/62 72/72/72 
f 73/73/73 70/70/70 72/72/72 
f 72/72/72 62/62/62 73/73/73 
f 74/74/74 73/73/73 62/62/62 
f 62/62/62 61/61/61 74/74/74 
f 75/75/75 74/74/74 61/61/61 
f 61/61/61 50/50/50 75/75/75 
f 76/76/76 75/75/75 50/50/50 
f 50/50/50 77/77/77 76/76/76 
f 75/75/75 76/76/76 78/78/78 
f 78/78/78 74/74/74 75/75/75 
f 74/74/74 78/78/78 79/79/79 
f 79/79/79 73/73/73 74/74/74 
f 73/73/73 79/79/79 80/80/80 
f 80/80/80 70/70/70 73/73/73 
f 81/81/81 79/79/79 78/78/78 
f 70/70/70 80/80/80 82/82/82 
f 82/82/82 71/71/71 70/70/70 
f 83/83/83 71/71/71 82/82/82 
f 82/82/82 84/84/84 83/83/83 
f 85/85/85 83/83/83 84/84/84 
f 86/86/86 84/84/84 82/82/82 
f 82/82/82 87/87/87 86/86/86 
f 80/80/80 87/87/87 82/82/82 
f 84/84/84 86/86/86 88/88/88 
f 88/88/88 89/89/89 84/84/84 
f 85/85/85 84/84/84 89/89/89 
f 89/89/89 88/88/88 90/90/90 
f 90/90/90 91/91/91 89/89/89 
f 85/85/85 89/89/89 91/91/91 
f 91/91/91 92/92/92 85/85/85 
f 93/93/93 92/92/92 91/91/91 
f 91/91/91 90/90/90 93/93/93 
f 94/94/94 81/81/81 78/78/78 
f 78/78/78 76/76/76 94/94/94 
f 95/95/95 81/81/81 94/94/94 
f 96/96/96 94/94/94 76/76/76 
f 76/76/76 77/77/77 96/96/96 
f 97/97/97 96/96/96 77/77/77 
f 98/98/98 96/96/96 97/97/97 
f 97/97/97 99/99/99 98/98/98 
f 96/96/96 98/98/98 100/100/100 
f 100/100/100 101/101/101 96/96/96 
f 94/94/94 96/96/96 101/101/101 
f 101/101/101 95/95/95 94/94/94 
f 102/102/102 95/95/95 101/101/101 
f 101/101/101 100/100/100 102/102/102 
f 103/103/103 102/102/102 100/100/100 
f 98/98/98 104/104/104 100/100/100 
f 105/105/105 104/104/104 98/98/98 
f 98/98/98 99/99/99 105/105/105 
f 106/65/106 107/66/107 108/64/108 
f 108/64/108 109/57/109 106/65/106 
f 109/57/109 108/64/108 110/58/110 
f 110/58/110 111/53/111 109/57/109 
f 112/54/112 109/57/109 111/53/111 
f 113/56/113 109/57/109 112/54/112 
f 112/54/112 114/55/114 113/56/113 
f 115/37/115 113/56/113 114/55/114 
f 114/55/114 116/36/116 115/37/115 
f 117/27/117 115/37/115 116/36/116 
f 118/38/118 116/36/116 114/55/114 
f 114/55/114 119/40/119 118/38/118 
f 119/40/119 114/55/114 112/54/112 
f 112/54/112 120/43/120 119/40/119 
f 120/43/120 112/54/112 111/53/111 
f 111/53/111 121/45/121 120/43/120 
f 122/52/122 121/45/121 111/53/111 
f 111/53/111 110/58/110 122/52/122 
f 123/47/123 121/45/121 122/52/122 
f 122/52/122 124/51/124 123/47/123 
f 124/51/124 122/52/122 110/58/110 
f 110/58/110 125/59/125 124/51/124 
f 125/59/125 110/58/110 126/63/126 
f 124/51/124 125/59/125 127/60/127 
f 127/60/127 128/49/128 124/51/124 
f 123/47/123 124/51/124 128/49/128 
f 128/49/128 129/48/129 123/47/123 
f 130/46/130 123/47/123 129/48/129 
f 121/45/121 123/47/123 130/46/130 
f 130/46/130 131/44/131 121/45/121 
f 120/43/120 121/45/121 131/44/131 
f 131/44/131 132/42/132 120/43/120 
f 119/40/119 120/43/120 132/42/132 
f 132/42/132 133/41/133 119/40/119 
f 134/39/134 119/40/119 133/41/133 
f 118/38/118 119/40/119 134/39/134 
f 134/39/134 135/34/135 118/38/118 
f 136/33/136 118/38/118 135/34/135 
f 116/36/116 118/38/118 136/33/136 
f 137/32/137 136/33/136 135/34/135 
f 116/36/116 136/33/136 138/35/138 
f 138/35/138 117/27/117 116/36/116 
f 139/29/139 138/35/138 136/33/136 
f 136/33/136 140/31/140 139/29/139 
f 140/31/140 136/33/136 137/32/137 
f 137/32/137 141/30/141 140/31/140 
f 139/29/139 140/31/140 141/30/141 
f 141/30/141 142/24/142 139/29/139 
f 143/25/143 139/29/139 142/24/142 
f 142/24/142 144/23/144 143/25/143 
f 144/23/144 142/24/142 145/21/145 
f 145/21/145 146/19/146 144/23/144 
f 147/20/147 144/23/144 146/19/146 
f 144/23/144 147/20/147 148/22/148 
f 148/22/148 143/25/143 144/23/144 
f 143/25/143 148/22/148 149/8/149 
f 149/8/149 150/26/150 143/25/143 
f 139/29/139 143/25/143 150/26/150 
f 150/26/150 151/28/151 139/29/139 
f 138/35/138 139/29/139 151/28/151 
f 151/28/151 117/27/117 138/35/138 
f 117/27/117 151/28/151 150/26/150 
f 150/26/150 152/9/152 117/27/117 
f 152/9/152 150/26/150 149/8/149 
f 149/8/149 153/7/153 152/9/152 
f 153/7/153 149/8/149 154/5/154 
f 154/5/154 155/6/155 153/7/153 
f 156/1/156 155/6/155 154/5/154 
f 154/5/154 157/4/157 156/1/156 
f 158/10/158 157/4/157 154/5/154 
f 154/5/154 149/8/149 158/10/158 
f 148/22/148 158/10/158 149/8/149 
f 158/10/158 148/22/148 147/20/147 
f 147/20/147 159/11/159 158/10/158 
f 146/19/146 159/11/159 147/20/147 
f 157/4/157 158/10/158 159/11/159 
f 159/11/159 146/19/146 160/18/160 
f 160/18/160 161/17/161 159/11/159 
f 162/12/162 159/11/159 161/17/161 
f 157/4/157 159/11/159 162/12/162 
f 162/12/162 161/17/161 163/16/163 
f 163/16/163 164/13/164 162/12/162 
f 157/4/157 162/12/162 164/13/164 
f 164/13/164 163/16/163 165/14/165 
f 157/4/157 164/13/164 166/3/166 
f 166/3/166 156/1/156 157/4/157 
f 165/14/165 166/3/166 164/13/164 
f 167/2/167 156/1/156 166/3/166 
f 166/3/166 165/14/165 168/15/168 
f 169/50/169 129/48/129 128/49/128 
f 128/49/128 127/60/127 169/50/169 
f 170/61/170 169/50/169 127/60/127 
f 127/60/127 125/59/125 170/61/170 
f 171/62/171 170/61/170 125/59/125 
f 125/59/125 126/63/126 171/62/171 
f 172/67/172 171/62/171 126/63/126 
f 126/63/126 173/68/173 172/67/172 
f 174/69/174 172/67/172 173/68/173 
f 175/70/175 172/67/172 174/69/174 
f 174/69/174 176/71/176 175/70/175 
f 172/67/172 175/70/175 177/72/177 
f 177/72/177 171/62/171 172/67/172 
f 177/72/177 175/70/175 178/73/178 
f 178/73/178 171/62/171 177/72/177 
f 171/62/171 178/73/178 179/74/179 
f 179/74/179 170/61/170 171/62/171 
f 170/61/170 179/74/179 180/75/180 
f 180/75/180 169/50/169 170/61/170 
f 169/50/169 180/75/180 181/76/181 
f 181/76/181 182/77/182 169/50/169 
f 183/78/183 181/76/181 180/75/180 
f 180/75/180 179/74/179 183/78/183 
f 184/79/184 183/78/183 179/74/179 
f 179/74/179 178/73/178 184/79/184 
f 185/80/185 184/79/184 178/73/178 
f 178/73/178 175/70/175 185/80/185 
f 183/78/183 184/79/184 186/81/186 
f 187/82/187 185/80/185 175/70/175 
f 175/70/175 176/71/176 187/82/187 
f 188/83/188 187/82/187 176/71/176 
f 189/84/189 187/82/187 188/83/188 
f 188/83/188 190/85/190 189/84/189 
f 187/82/187 189/84/189 191/86/191 
f 191/86/191 192/87/192 187/82/187 
f 185/80/185 187/82/187 192/87/192 
f 193/88/193 191/86/191 189/84/189 
f 189/84/189 194/89/194 193/88/193 
f 190/85/190 194/89/194 189/84/189 
f 195/90/195 193/88/193 194/89/194 
f 194/89/194 196/91/196 195/90/195 
f 196/91/196 194/89/194 190/85/190 
f 190/85/190 197/92/197 196/91/196 
f 198/93/198 196/91/196 197/92/197 
f 195/90/195 196/91/196 198/93/198 
f 183/78/183 186/81/186 199/94/199 
f 199/94/199 181/76/181 183/78/183 
f 199/94/199 186/81/186 200/95/200 
f 181/76/181 199/94/199 201/96/201 
f 201/96/201 182/77/182 181/76/181 
f 202/97/202 182/77/182 201/96/201 
f 201/96/201 203/98/203 202/97/202 
f 204/99/204 202/97/202 203/98/203 
f 205/100/205 203/98/203 201/96/201 
f 201/96/201 206/101/206 205/100/205 
f 206/101/206 201/96/201 199/94/199 
f 199/94/199 200/95/200 206/101/206 
f 207/102/207 206/101/206 200/95/200 
f 205/100/205 206/101/206 207/102/207 
f 207/102/207 208/103/208 205/100/205 
f 203/98/203 205/100/205 209/104/209 
f 210/105/210 203/98/203 209/104/209 
f 204/99/204 203/98/203 210/105/210 
# 304 faces

#
# object Object002
#

v  2.2453 0.0559 0.1450
v  2.1225 0.0566 0.5023
v  2.1647 0.0881 0.5142
v  2.3115 0.1016 0.1433
v  2.2410 0.0559 0.0955
v  2.3486 0.0553 0.1603
v  2.1907 0.0560 0.5266
v  2.3004 0.0095 0.1635
v  2.1587 0.0242 0.5280
v  2.3201 -0.0104 0.1194
v  2.3890 0.0550 0.1146
v  2.3360 0.1212 0.0905
v  2.2840 0.0557 0.0438
v  2.3464 0.0999 0.0408
v  2.3826 0.0551 -0.2482
v  2.3841 0.0551 0.0562
v  2.3375 0.0107 0.0597
v  2.4243 0.0203 -0.2372
v  2.4537 0.0257 -0.5188
v  2.4185 0.0548 -0.5249
v  2.4593 0.0546 -0.2427
v  2.4146 0.0894 -0.2464
v  2.4574 0.0836 -0.5392
v  2.4299 0.0548 -0.7704
v  2.4818 0.0545 -0.5299
v  2.4563 0.0339 -0.7671
v  2.4447 0.0386 -1.0044
v  2.4227 0.0548 -1.0057
v  2.4753 0.0545 -0.7757
v  2.4591 0.0753 -0.7805
v  2.4470 0.0708 -1.0145
v  2.4151 0.0548 -1.2112
v  2.4605 0.0546 -1.0113
v  2.4290 0.0445 -1.2108
v  2.4311 0.0547 -1.4139
v  2.4394 0.0546 -1.2160
v  2.4299 0.0649 -1.2182
v  2.3942 0.0549 1.9581
v  2.3070 0.0577 1.9521
v  2.3227 0.0789 1.9958
v  2.4108 0.0784 1.9995
v  2.4354 0.0538 1.9448
v  2.4615 0.0548 1.9765
v  2.4687 0.0715 2.0120
v  2.6258 0.0541 1.9580
v  2.4560 0.0568 2.0414
v  2.3905 0.0590 2.0407
v  2.2963 0.0584 2.0056
v  2.3038 0.0380 1.9814
v  2.4051 0.0339 1.9932
v  2.4598 0.0402 2.0064
# 51 vertices

vn -0.5314 0.3423 -0.7749
vn -0.0718 -0.8235 -0.5628
vn 0.8142 -0.5716 -0.1018
vn 0.5963 -0.3789 -0.7077
vn 0.9145 -0.2903 -0.2818
vn 0.1962 -0.3580 -0.9129
vn -0.2705 0.5033 -0.8207
vn -0.2686 0.0386 -0.9625
vn -0.1377 0.7136 -0.6869
vn -0.9862 -0.0842 -0.1424
vn 0.6733 -0.0463 -0.7379
vn -0.3925 -0.1847 -0.9010
vn 0.4551 0.8777 -0.1501
vn -0.6731 0.1520 -0.7238
vn -0.1041 -0.8987 0.4261
vn 0.9927 0.1167 -0.0309
vn -0.8707 0.0689 0.4870
vn 0.8423 0.2467 -0.4793
vn -0.5037 -0.7392 0.4471
vn 0.7347 0.6741 -0.0769
vn -0.5178 -0.3616 -0.7753
vn -0.8704 0.4879 0.0662
vn -0.5722 -0.3273 -0.7520
vn -0.7914 0.4812 0.3770
vn -0.6446 -0.2213 -0.7318
vn -0.7403 -0.3072 0.5980
vn -0.7402 -0.4628 0.4877
vn 0.7694 -0.0829 -0.6333
vn -0.7975 -0.4560 -0.3951
vn 0.6543 -0.2116 0.7260
vn -0.5515 -0.7569 -0.3506
vn -0.5611 0.4664 0.6838
vn -0.6996 -0.1811 0.6912
vn -0.6348 0.4441 0.6323
vn 0.7153 0.1882 0.6730
vn -0.3877 0.8614 0.3282
vn 0.3950 -0.5973 0.6980
vn -0.6274 0.3057 0.7162
vn -0.8857 -0.3930 -0.2469
vn -0.5263 0.1662 -0.8339
vn -0.3536 0.8398 0.4119
vn -0.4705 0.4169 0.7777
vn 0.5872 0.2227 -0.7782
vn -0.1059 0.4364 0.8935
vn -0.5634 0.3738 -0.7368
vn 0.4757 -0.6267 0.6172
vn 0.5578 0.3894 -0.7329
vn -0.1002 0.9567 0.2732
vn -0.7340 -0.6769 -0.0552
vn 0.7310 -0.5470 0.4080
vn -0.5597 -0.7742 0.2957
vn -0.8343 -0.5025 0.2267
vn -0.7616 -0.4070 0.5043
vn -0.5872 0.5661 0.5785
vn -0.3991 0.2130 -0.8918
vn 0.1851 -0.4880 -0.8530
vn 0.4029 0.6858 -0.6060
vn -0.6240 0.7392 0.2534
vn -0.3082 0.5443 -0.7802
vn 0.7656 0.4888 -0.4182
vn -0.1813 -0.5780 -0.7956
vn -0.5085 -0.3645 -0.7801
vn 0.8144 0.3099 0.4906
vn 0.4008 0.1864 0.8970
# 64 vertex normals

vt 0.9355 -0.2559 0.0000
vt 0.9346 -0.2949 0.0000
vt 0.9404 -0.2959 0.0000
vt 0.9463 -0.2539 0.0000
vt 0.9336 -0.2500 0.0000
vt 0.9482 -0.2559 0.0000
vt 0.9463 -0.2969 0.0000
vt 0.9521 -0.2568 0.0000
vt 0.9512 -0.2979 0.0000
vt 0.9580 -0.2969 0.0000
vt 0.9619 -0.2568 0.0000
vt 0.9639 -0.2520 0.0000
vt 0.9521 -0.2520 0.0000
vt 0.9492 -0.2490 0.0000
vt 0.9473 -0.2480 0.0000
vt 0.9375 -0.2432 0.0000
vt 0.9473 -0.2422 0.0000
vt 0.9434 -0.2100 0.0000
vt 0.9492 -0.2432 0.0000
vt 0.9521 -0.2451 0.0000
vt 0.9619 -0.2451 0.0000
vt 0.9531 -0.2109 0.0000
vt 0.9600 -0.2109 0.0000
vt 0.9551 -0.1777 0.0000
vt 0.9609 -0.1777 0.0000
vt 0.9512 -0.2090 0.0000
vt 0.9492 -0.2100 0.0000
vt 0.9453 -0.1768 0.0000
vt 0.9512 -0.1758 0.0000
vt 0.9473 -0.1475 0.0000
vt 0.9531 -0.1758 0.0000
vt 0.9580 -0.1484 0.0000
vt 0.9629 -0.1484 0.0000
vt 0.9619 -0.1201 0.0000
vt 0.9658 -0.1191 0.0000
vt 0.9551 -0.1475 0.0000
vt 0.9521 -0.1465 0.0000
vt 0.9482 -0.1182 0.0000
vt 0.9521 -0.1182 0.0000
vt 0.9482 -0.0928 0.0000
vt 0.9570 -0.1191 0.0000
vt 0.9668 -0.0947 0.0000
vt 0.9688 -0.0938 0.0000
vt 0.9600 -0.0693 0.0000
vt 0.9580 -0.0928 0.0000
vt 0.9502 -0.0918 0.0000
vt 0.8838 -0.2686 0.0000
vt 0.8848 -0.2812 0.0000
vt 0.8906 -0.2773 0.0000
vt 0.8896 -0.2666 0.0000
vt 0.8828 -0.2627 0.0000
vt 0.8867 -0.2588 0.0000
vt 0.8916 -0.2598 0.0000
vt 0.8955 -0.2383 0.0000
vt 0.8945 -0.2617 0.0000
vt 0.8945 -0.2686 0.0000
vt 0.8945 -0.2803 0.0000
vt 0.8984 -0.2803 0.0000
vt 0.8994 -0.2676 0.0000
vt 0.8984 -0.2607 0.0000
vt 0.9014 -0.2588 0.0000
vt 0.9053 -0.2627 0.0000
vt 0.9043 -0.2686 0.0000
vt 0.9033 -0.2812 0.0000
# 64 texture coords

o Object002
g Object002
usemtl c1200_1
s 1
f 211/106/211 212/107/212 213/108/213 
f 213/108/213 214/109/214 211/106/211 
f 215/110/215 211/106/211 214/109/214 
f 216/111/216 214/109/214 213/108/213 
f 213/108/213 217/112/217 216/111/216 
f 218/113/218 216/111/216 217/112/217 
f 217/112/217 219/114/219 218/113/218 
f 212/115/220 218/113/218 219/114/219 
f 218/113/218 212/115/220 211/116/221 
f 211/116/221 215/117/222 218/113/218 
f 220/118/223 218/113/218 215/117/222 
f 216/111/216 218/113/218 220/118/223 
f 220/118/223 221/119/224 216/111/216 
f 214/109/214 216/111/216 221/119/224 
f 221/119/224 222/120/225 214/109/214 
f 215/110/215 214/109/214 222/120/225 
f 222/120/225 223/121/226 215/110/215 
f 223/121/226 222/120/225 224/122/227 
f 224/122/227 225/123/228 223/121/226 
f 226/124/229 224/122/227 222/120/225 
f 222/120/225 221/119/224 226/124/229 
f 227/125/230 226/124/229 221/119/224 
f 221/119/224 220/118/223 227/125/230 
f 215/117/222 227/125/230 220/118/223 
f 227/125/230 215/117/222 223/126/231 
f 223/126/231 228/127/232 227/125/230 
f 226/124/229 227/125/230 228/127/232 
f 228/127/232 223/126/231 225/128/233 
f 225/128/233 229/129/234 228/127/232 
f 229/129/234 225/128/233 230/130/235 
f 228/127/232 229/129/234 231/131/236 
f 231/131/236 226/124/229 228/127/232 
f 226/124/229 231/131/236 232/132/237 
f 232/132/237 224/122/227 226/124/229 
f 225/123/228 224/122/227 232/132/237 
f 232/132/237 230/133/238 225/123/228 
f 230/133/238 232/132/237 233/134/239 
f 233/134/239 234/135/240 230/133/238 
f 235/136/241 233/134/239 232/132/237 
f 232/132/237 231/131/236 235/136/241 
f 229/129/234 235/136/241 231/131/236 
f 236/137/242 235/136/241 229/129/234 
f 229/129/234 230/130/235 236/137/242 
f 234/138/243 236/137/242 230/130/235 
f 237/139/244 236/137/242 234/138/243 
f 234/138/243 238/140/245 237/139/244 
f 236/137/242 237/139/244 239/141/246 
f 239/141/246 235/136/241 236/137/242 
f 233/134/239 235/136/241 239/141/246 
f 239/141/246 240/142/247 233/134/239 
f 234/135/240 233/134/239 240/142/247 
f 240/142/247 238/143/248 234/135/240 
f 238/143/248 240/142/247 241/144/249 
f 241/144/249 242/145/250 238/143/248 
f 243/146/251 241/144/249 240/142/247 
f 240/142/247 239/141/246 243/146/251 
f 237/139/244 243/146/251 239/141/246 
f 244/147/252 243/146/251 237/139/244 
f 237/139/244 238/140/245 244/147/252 
f 242/148/253 244/147/252 238/140/245 
f 244/147/252 242/148/253 245/149/254 
f 245/149/254 246/150/255 244/147/252 
f 243/146/251 244/147/252 246/150/255 
f 246/150/255 241/144/249 243/146/251 
f 241/144/249 246/150/255 247/151/256 
f 247/151/256 242/145/250 241/144/249 
f 245/149/254 242/145/250 247/151/256 
f 247/151/256 246/150/255 245/149/254 
f 248/152/257 249/153/258 250/154/259 
f 250/154/259 251/155/260 248/152/257 
f 252/156/261 248/152/257 251/155/260 
f 251/155/260 253/157/262 252/156/261 
f 253/157/262 251/155/260 254/158/263 
f 254/158/263 255/159/264 253/157/262 
f 254/158/263 251/155/260 256/160/265 
f 256/160/265 255/159/264 254/158/263 
f 257/161/266 256/160/265 251/155/260 
f 251/155/260 250/154/259 257/161/266 
f 258/162/267 257/161/266 250/154/259 
f 257/161/266 258/162/267 259/163/268 
f 259/163/268 260/164/269 257/161/266 
f 256/160/265 257/161/266 260/164/269 
f 260/164/269 261/165/270 256/160/265 
f 255/159/264 256/160/265 261/165/270 
f 261/165/270 253/166/271 255/159/264 
f 253/166/271 261/165/270 260/164/269 
f 260/164/269 252/167/272 253/166/271 
f 248/168/273 252/167/272 260/164/269 
f 260/164/269 259/163/268 248/168/273 
f 249/169/274 248/168/273 259/163/268 
# 90 faces

#
# object Object004
#

v  2.8230 0.0535 -0.7353
v  2.7890 0.0538 -1.1069
v  2.7300 0.0541 -1.0299
v  2.4527 0.0558 -0.7731
v  2.8449 0.0534 -0.5466
v  2.4417 0.0559 -1.0087
v  2.7219 0.0542 -1.2441
v  2.4273 0.0559 -1.2136
v  2.6923 0.0544 -1.4345
v  2.1621 0.0571 -1.0256
v  2.1056 0.0575 -0.8072
v  2.0652 0.0577 -0.6282
v  2.4503 0.0558 -0.5278
v  3.1028 0.0518 -0.3227
v  3.0073 0.0524 -0.0978
v  2.4212 0.0560 -0.2447
v  2.0127 0.0581 -0.4096
v  2.8944 0.0531 0.1303
v  2.3158 0.0567 0.1037
v  1.7159 0.0603 0.0140
v  2.7148 0.0542 0.4316
v  2.1567 0.0575 0.5144
v  1.6732 0.0604 0.3037
v  1.6446 0.0602 0.5301
v  2.0585 0.0563 0.7372
v  1.6127 0.0599 0.7258
v  1.9710 0.0578 0.9514
v  2.3366 0.0563 0.9903
v  2.4955 0.0556 0.7633
v  2.7092 0.0543 0.9388
v  3.0246 0.0523 0.6278
v  3.2337 0.0510 0.3836
v  3.3676 0.0502 0.2015
v  3.5234 0.0492 -0.0024
v  3.3941 0.0500 -0.4200
v  3.7106 0.0481 -0.2629
v  3.6610 0.0484 -0.7745
v  3.8536 0.0472 0.1970
v  3.6736 0.0483 0.3969
v  3.4361 0.0498 0.6188
v  3.0983 0.0519 1.0007
v  3.4654 0.0496 0.7885
v  2.7714 0.0539 1.1540
v  2.4818 0.0557 1.1261
v  2.1981 0.0572 1.1701
v  2.2875 0.0571 1.2719
v  2.5510 0.0553 1.2297
v  2.7122 0.0540 1.5203
v  2.5071 0.0561 1.5772
v  2.2449 0.0586 1.6181
v  2.4741 0.0567 1.7437
v  2.5716 0.0556 1.6768
v  2.7584 0.0539 1.6104
v  2.9016 0.0531 1.4663
v  3.1981 0.0512 1.3512
v  3.5193 0.0493 1.1708
v  3.7562 0.0478 1.0186
v  3.7124 0.0481 0.7261
v  3.9171 0.0468 0.6655
v  3.9400 0.0467 0.8935
v  3.9656 0.0465 1.0376
v  3.7805 0.0476 1.1634
v  3.5435 0.0491 1.2796
v  3.2201 0.0511 1.4257
v  2.9446 0.0528 1.5425
v  4.1278 0.0455 0.9050
v  4.1039 0.0456 0.7762
v  4.0839 0.0458 0.6043
v  4.2387 0.0448 0.5427
v  4.2560 0.0447 0.6630
v  4.2751 0.0446 0.7698
v  4.5268 0.0446 0.4915
v  4.5154 0.0432 0.4615
v  4.5019 0.0416 0.4257
v  4.8284 0.0412 0.3035
v  2.2186 0.0568 -1.2086
v  2.4311 0.0559 -1.4139
v  2.2745 0.0564 -1.4103
v  2.5349 0.0552 -1.7094
v  2.4312 0.0558 -1.6887
v  2.3073 0.0562 -1.6695
v  2.3353 0.0562 -1.9077
v  2.4205 0.0557 -1.9213
v  2.4914 0.0554 -1.9289
v  2.4419 0.0557 -2.1264
v  2.3834 0.0560 -2.1171
v  2.5072 0.0555 -2.5465
v  2.4896 0.0555 -2.1224
v  2.4359 0.0572 1.8867
v  2.2335 0.0594 1.8266
v  2.4615 0.0560 1.9765
v  2.2190 0.0601 1.9135
v  4.0420 0.0460 0.1762
v  4.0743 0.0458 0.0133
v  4.2949 0.0445 -0.1674
v  3.9120 0.0468 -0.5605
v  4.4940 0.0432 -0.4147
v  4.0957 0.0457 -0.8785
v  3.9064 0.0469 -1.0807
v  4.2270 0.0449 -1.2003
v  4.6736 0.0421 -0.7931
v  4.6271 0.0424 -1.6153
v  4.7796 0.0415 -1.3696
v  4.9491 0.0404 -2.0105
v  4.8887 0.0408 -2.0854
v  4.4896 0.0433 -1.8258
v  4.0988 0.0457 -1.3352
v  4.8283 0.0412 -2.1569
v  5.1893 0.0390 -2.4779
v  2.4359 0.0560 1.8867
v  2.4615 0.0548 1.9765
v  2.2190 0.0590 1.9135
v  2.2335 0.0582 1.8266
v  2.4741 0.0555 1.7437
v  2.5071 0.0549 1.5772
v  2.5716 0.0544 1.6768
v  2.2449 0.0574 1.6181
v  2.2875 0.0560 1.2719
v  2.5510 0.0541 1.2297
v  2.7122 0.0529 1.5203
v  2.7584 0.0528 1.6104
v  2.9016 0.0519 1.4663
v  2.7714 0.0527 1.1540
v  2.4818 0.0545 1.1261
v  2.1981 0.0561 1.1701
v  2.3366 0.0551 0.9903
v  1.9710 0.0566 0.9514
v  2.4955 0.0544 0.7633
v  2.7092 0.0531 0.9388
v  3.0983 0.0507 1.0007
v  3.1981 0.0500 1.3512
v  2.9446 0.0516 1.5425
v  3.2201 0.0499 1.4257
v  3.5435 0.0479 1.2796
v  3.5193 0.0481 1.1708
v  3.7805 0.0464 1.1634
v  3.4654 0.0484 0.7885
v  3.7562 0.0466 1.0186
v  3.9656 0.0453 1.0376
v  3.9400 0.0455 0.8935
v  4.1278 0.0443 0.9050
v  3.9171 0.0456 0.6655
v  4.1039 0.0444 0.7762
v  4.2751 0.0434 0.7698
v  4.2560 0.0435 0.6630
v  4.5268 0.0435 0.4915
v  4.2387 0.0436 0.5427
v  4.5154 0.0421 0.4615
v  4.8284 0.0400 0.3035
v  4.5018 0.0404 0.4257
v  4.0839 0.0446 0.6043
v  3.7124 0.0469 0.7261
v  3.4361 0.0486 0.6188
v  3.0246 0.0511 0.6278
v  2.7148 0.0530 0.4316
v  2.8944 0.0519 0.1303
v  3.2337 0.0498 0.3836
v  3.3676 0.0490 0.2015
v  3.6736 0.0471 0.3969
v  3.5234 0.0480 -0.0024
v  3.0073 0.0512 -0.0978
v  2.4212 0.0548 -0.2447
v  2.3158 0.0555 0.1037
v  2.1567 0.0563 0.5144
v  2.0585 0.0551 0.7372
v  1.6127 0.0587 0.7258
v  1.6446 0.0590 0.5301
v  1.6732 0.0592 0.3037
v  1.7159 0.0591 0.0140
v  2.4503 0.0546 -0.5278
v  2.0127 0.0569 -0.4096
v  3.1028 0.0506 -0.3227
v  3.3941 0.0488 -0.4200
v  3.7106 0.0469 -0.2629
v  3.8536 0.0460 0.1970
v  4.0420 0.0448 0.1762
v  4.0743 0.0446 0.0133
v  4.2949 0.0433 -0.1674
v  3.9120 0.0456 -0.5605
v  3.6610 0.0472 -0.7745
v  4.0957 0.0445 -0.8785
v  4.4940 0.0420 -0.4147
v  4.6736 0.0409 -0.7931
v  4.2270 0.0437 -1.2003
v  3.9064 0.0457 -1.0807
v  4.0988 0.0445 -1.3352
v  4.4896 0.0421 -1.8258
v  4.6271 0.0412 -1.6153
v  4.7796 0.0403 -1.3696
v  4.9491 0.0392 -2.0105
v  4.8887 0.0396 -2.0854
v  4.8283 0.0400 -2.1569
v  5.1892 0.0378 -2.4779
v  2.0652 0.0565 -0.6282
v  2.4527 0.0546 -0.7731
v  2.1056 0.0563 -0.8072
v  2.8449 0.0522 -0.5466
v  2.8230 0.0523 -0.7353
v  2.7300 0.0529 -1.0299
v  2.4417 0.0547 -1.0087
v  2.1621 0.0559 -1.0256
v  2.4273 0.0547 -1.2136
v  2.7219 0.0530 -1.2441
v  2.6923 0.0532 -1.4345
v  2.7890 0.0526 -1.1069
v  2.4311 0.0547 -1.4139
v  2.5349 0.0540 -1.7094
v  2.2186 0.0556 -1.2086
v  2.2745 0.0553 -1.4103
v  2.4312 0.0546 -1.6887
v  2.4914 0.0543 -1.9289
v  2.4205 0.0546 -1.9213
v  2.3353 0.0550 -1.9077
v  2.3073 0.0550 -1.6695
v  2.3834 0.0548 -2.1171
v  2.4419 0.0545 -2.1264
v  2.4896 0.0543 -2.1224
v  2.5072 0.0543 -2.5465
# 218 vertices

vn -0.5468 0.0145 0.8371
vn 0.9753 0.0051 -0.2209
vn 0.9857 0.0050 -0.1682
vn -0.1397 0.0106 0.9901
vn 0.1847 0.0100 0.9827
vn -0.7865 0.0135 -0.6174
vn -0.5590 0.0142 0.8290
vn -0.8183 0.0134 -0.5746
vn -0.1105 0.0114 0.9938
vn -0.9729 0.0140 0.2307
vn -0.9522 0.0145 0.3052
vn -0.9466 0.0149 0.3221
vn -0.4972 0.0128 -0.8675
vn 0.9238 0.0054 -0.3828
vn 0.2701 0.0094 -0.9628
vn -0.7293 0.0150 0.6840
vn 0.1657 0.0094 0.9861
vn 0.3375 0.0090 -0.9413
vn 0.4313 0.0081 0.9022
vn -0.8363 0.0162 -0.5480
vn 0.4260 0.0084 -0.9047
vn 0.5338 0.0058 0.8456
vn -0.8709 0.0150 0.4912
vn -0.8783 0.0172 0.4778
vn 0.0937 0.0214 -0.9954
vn 0.0780 0.0147 0.9968
vn 0.8561 0.0065 0.5167
vn -0.9982 0.0130 -0.0589
vn -0.4429 0.0130 0.8965
vn -0.0869 0.0115 -0.9961
vn -0.5408 0.0144 0.8410
vn -0.5344 0.0144 0.8451
vn 0.0026 0.0111 0.9999
vn -0.0498 0.0114 0.9987
vn -0.4459 0.0139 -0.8950
vn -0.2941 0.0129 0.9557
vn -0.8598 0.0164 -0.5103
vn 0.0188 0.0110 0.9998
vn -0.4845 0.0141 -0.8747
vn -0.9905 0.0172 0.1365
vn 0.9674 0.0051 -0.2533
vn 0.9333 0.0053 0.3591
vn 0.9978 0.0049 0.0656
vn -0.1912 0.0123 0.9815
vn 0.6743 0.0070 0.7384
vn -0.1856 0.0130 0.9825
vn -0.9991 0.0179 -0.0373
vn 0.4253 0.0104 -0.9050
vn 0.8017 0.0052 0.5977
vn 0.1609 0.0117 0.9869
vn 0.6333 0.0049 -0.7739
vn -0.1567 0.0137 -0.9875
vn 0.0941 0.0091 -0.9955
vn 0.2774 0.0091 0.9607
vn -0.7498 0.0157 0.6615
vn -0.6111 0.0149 0.7914
vn -0.7728 0.0159 0.6344
vn 0.2475 0.0096 -0.9688
vn 0.1458 0.0102 -0.9893
vn -0.9960 0.0172 -0.0876
vn -0.4765 0.0140 -0.8790
vn -0.2640 0.0127 -0.9644
vn -0.0946 0.0117 -0.9954
vn -0.0398 0.0113 -0.9991
vn 0.0350 0.0110 -0.9993
vn -0.5990 0.0148 -0.8006
vn 0.9998 0.0049 -0.0196
vn 0.0551 0.0108 -0.9984
vn -0.0119 0.0041 -0.9999
vn -0.9999 0.0148 -0.0027
vn -0.7121 0.0167 -0.7018
vn 0.8229 0.0000 -0.5681
vn 0.2340 0.0660 0.9700
vn 0.9989 0.0459 0.0024
vn -0.9914 0.0174 0.1295
vn -0.9767 0.0137 0.2141
vn 0.9993 0.0042 0.0363
vn -0.9252 0.0130 0.3793
vn -0.0699 0.0103 0.9975
vn 0.9631 0.0055 -0.2692
vn -0.8564 0.0133 0.5161
vn -0.9037 0.0138 0.4279
vn 0.8357 0.0062 0.5492
vn -0.5484 0.0126 0.8361
vn 0.6005 0.0075 -0.7996
vn -0.9612 0.0144 0.2753
vn 0.8945 0.0061 -0.4470
vn -0.7291 0.0138 0.6843
vn -0.6949 0.0103 0.7190
vn 0.7559 0.0062 0.6547
vn -0.8139 0.0317 -0.5801
vn -0.7228 0.0368 -0.6901
vn 0.3582 0.0145 0.9335
vn -0.1351 0.0119 0.9908
vn -0.5605 0.0146 -0.8280
vn -0.7130 0.0155 -0.7010
vn 0.5713 0.0076 -0.8207
vn -0.9441 0.0169 -0.3293
vn 0.5642 0.0076 -0.8256
vn -0.8589 0.0164 -0.5119
vn 0.6853 0.0069 0.7282
vn -0.9870 0.0172 0.1598
vn 0.9972 0.0049 -0.0746
vn -0.9410 0.0169 0.3381
vn -0.9985 0.0173 0.0522
vn 0.5762 0.0075 -0.8173
vn -0.7749 0.0159 -0.6319
vn -0.8602 0.0164 -0.5096
vn -0.6559 0.0151 -0.7547
vn 0.8612 0.0058 0.5082
vn -0.6950 0.0071 0.7190
vn -0.7230 0.0301 -0.6902
vn 0.3578 -0.0047 0.9338
vn -0.8143 0.0100 -0.5803
vn 0.7557 -0.0050 0.6549
vn 0.3957 -0.0048 -0.9184
vn -0.1569 0.0025 -0.9876
vn 0.6332 -0.0063 -0.7740
vn 0.1607 0.0005 0.9870
vn -0.1858 0.0019 0.9826
vn 0.7301 -0.0046 0.6833
vn -0.9999 0.0104 -0.0086
vn 0.0941 -0.0020 -0.9956
vn 0.2774 -0.0020 0.9608
vn 0.5233 -0.0032 -0.8522
vn -0.9577 0.0048 -0.2879
vn 0.6743 -0.0042 0.7385
vn 0.5836 -0.0055 -0.8120
vn 0.8561 -0.0046 0.5168
vn 0.9906 -0.0062 -0.1366
vn -0.7061 0.0043 0.7081
vn -0.4835 0.0030 0.8753
vn -0.5892 0.0036 -0.8080
vn 0.0348 -0.0002 -0.9994
vn -0.0399 0.0002 -0.9992
vn -0.0947 0.0006 -0.9955
vn 0.9985 -0.0062 0.0542
vn -0.2642 0.0016 -0.9645
vn 0.9333 -0.0058 0.3591
vn -0.7730 0.0048 0.6344
vn -0.4767 0.0029 -0.8791
vn 0.9999 -0.0062 0.0125
vn -0.5991 0.0037 -0.8007
vn 0.1457 -0.0009 -0.9893
vn 0.9998 -0.0062 -0.0195
vn -0.7123 0.0055 -0.7019
vn 0.9995 -0.0042 -0.0317
vn -0.8136 -0.0160 0.5812
vn -0.0119 -0.0070 -0.9999
vn -0.2493 -0.0557 -0.9668
vn 0.9893 -0.0060 -0.1455
vn -0.9997 -0.0232 0.0122
vn 0.0550 -0.0003 -0.9985
vn 0.2475 -0.0015 -0.9689
vn -0.9906 0.0061 0.1365
vn -0.8427 0.0052 -0.5383
vn -0.2085 0.0011 -0.9780
vn 0.8757 -0.0054 -0.4828
vn -0.5345 0.0033 0.8452
vn 0.0025 0.0000 1.0000
vn -0.4846 0.0030 -0.8747
vn 0.8809 -0.0054 -0.4732
vn -0.9959 0.0061 -0.0906
vn -0.7294 0.0038 0.6841
vn 0.4312 -0.0030 0.9023
vn 0.5338 -0.0054 0.8456
vn -0.3597 0.0088 0.9330
vn -0.0777 0.0024 -0.9970
vn -0.8784 0.0061 0.4779
vn -0.8711 0.0039 0.4912
vn -0.8364 0.0050 -0.5480
vn -0.0258 -0.0011 -0.9997
vn 0.1656 -0.0017 0.9862
vn 0.9239 -0.0057 -0.3827
vn -0.4460 0.0028 -0.8950
vn -0.2942 0.0018 0.9557
vn 0.0187 -0.0001 0.9998
vn -0.1352 0.0008 0.9908
vn -0.5606 0.0035 -0.8281
vn -0.7131 0.0044 -0.7010
vn 0.5713 -0.0035 -0.8207
vn -0.8600 0.0053 -0.5103
vn 0.4765 -0.0029 0.8792
vn -0.9442 0.0058 -0.3293
vn -0.9871 0.0061 0.1598
vn 0.3347 -0.0021 -0.9423
vn -0.8590 0.0053 -0.5120
vn -0.8604 0.0053 -0.5096
vn -0.7750 0.0048 -0.6319
vn -0.8271 0.0051 0.5621
vn -0.9411 0.0058 0.3381
vn -0.9986 0.0062 0.0522
vn 0.5762 -0.0036 -0.8173
vn -0.6561 0.0040 -0.7547
vn 0.8612 -0.0053 0.5082
vn -0.9467 0.0038 0.3221
vn 0.9059 -0.0064 0.4235
vn -0.9523 0.0034 0.3052
vn 0.1846 -0.0012 0.9828
vn -0.5470 0.0033 0.8372
vn 0.9857 -0.0062 -0.1683
vn -0.7865 0.0024 -0.6175
vn -0.9730 0.0029 0.2307
vn 0.9951 -0.0066 0.0983
vn -0.5591 0.0030 0.8291
vn -0.1106 0.0003 0.9939
vn 0.9753 -0.0060 -0.2210
vn -0.7482 0.0013 -0.6635
vn -0.0700 -0.0008 0.9975
vn -0.9768 0.0026 0.2141
vn -0.9252 0.0019 0.3794
vn 0.9630 -0.0056 -0.2693
vn -0.5485 0.0015 0.8362
vn -0.8066 0.0025 -0.5911
vn -0.9038 0.0026 0.4279
vn -0.8565 0.0022 0.5162
vn -0.9614 0.0033 0.2753
vn 0.7448 -0.0046 0.6673
vn -0.7292 0.0027 0.6843
vn 0.8945 -0.0050 -0.4470
# 220 vertex normals

vt 0.6396 -0.2695 0.0000
vt 0.6113 -0.3027 0.0000
vt 0.6230 -0.3027 0.0000
vt 0.6670 -0.3076 0.0000
vt 0.6533 -0.2539 0.0000
vt 0.6484 -0.3291 0.0000
vt 0.6074 -0.3232 0.0000
vt 0.6338 -0.3506 0.0000
vt 0.5967 -0.3447 0.0000
vt 0.6680 -0.3564 0.0000
vt 0.6895 -0.3418 0.0000
vt 0.7090 -0.3301 0.0000
vt 0.6895 -0.2891 0.0000
vt 0.6494 -0.2109 0.0000
vt 0.6758 -0.2041 0.0000
vt 0.7148 -0.2695 0.0000
vt 0.7334 -0.3115 0.0000
vt 0.7031 -0.1973 0.0000
vt 0.7500 -0.2510 0.0000
vt 0.7871 -0.3066 0.0000
vt 0.7402 -0.1904 0.0000
vt 0.7910 -0.2305 0.0000
vt 0.8115 -0.2871 0.0000
vt 0.8301 -0.2715 0.0000
vt 0.8135 -0.2217 0.0000
vt 0.8467 -0.2588 0.0000
vt 0.8359 -0.2119 0.0000
vt 0.8105 -0.1787 0.0000
vt 0.7812 -0.1836 0.0000
vt 0.7773 -0.1514 0.0000
vt 0.7295 -0.1455 0.0000
vt 0.6943 -0.1436 0.0000
vt 0.6699 -0.1445 0.0000
vt 0.6426 -0.1436 0.0000
vt 0.6172 -0.1885 0.0000
vt 0.6074 -0.1445 0.0000
vt 0.5693 -0.1875 0.0000
vt 0.6357 -0.0977 0.0000
vt 0.6650 -0.1006 0.0000
vt 0.7002 -0.1084 0.0000
vt 0.7539 -0.1113 0.0000
vt 0.7109 -0.0918 0.0000
vt 0.7910 -0.1299 0.0000
vt 0.8105 -0.1562 0.0000
vt 0.8359 -0.1768 0.0000
vt 0.8379 -0.1621 0.0000
vt 0.8135 -0.1436 0.0000
vt 0.8262 -0.1084 0.0000
vt 0.8467 -0.1221 0.0000
vt 0.8701 -0.1416 0.0000
vt 0.8633 -0.1123 0.0000
vt 0.8506 -0.1094 0.0000
vt 0.8311 -0.0977 0.0000
vt 0.8076 -0.0957 0.0000
vt 0.7773 -0.0771 0.0000
vt 0.7402 -0.0596 0.0000
vt 0.7109 -0.0479 0.0000
vt 0.6895 -0.0732 0.0000
vt 0.6699 -0.0586 0.0000
vt 0.6875 -0.0400 0.0000
vt 0.6973 -0.0273 0.0000
vt 0.7217 -0.0352 0.0000
vt 0.7471 -0.0488 0.0000
vt 0.7812 -0.0693 0.0000
vt 0.8115 -0.0859 0.0000
vt 0.6748 -0.0225 0.0000
vt 0.6660 -0.0332 0.0000
vt 0.6523 -0.0479 0.0000
vt 0.6357 -0.0381 0.0000
vt 0.6445 -0.0283 0.0000
vt 0.6523 -0.0186 0.0000
vt 0.6094 -0.0176 0.0000
vt 0.6074 -0.0205 0.0000
vt 0.6055 -0.0244 0.0000
vt 0.5703 -0.0059 0.0000
vt 0.6494 -0.3691 0.0000
vt 0.6201 -0.3691 0.0000
vt 0.6309 -0.3828 0.0000
vt 0.5908 -0.3857 0.0000
vt 0.5996 -0.3936 0.0000
vt 0.6104 -0.4033 0.0000
vt 0.5898 -0.4189 0.0000
vt 0.5830 -0.4121 0.0000
vt 0.5781 -0.4062 0.0000
vt 0.5654 -0.4248 0.0000
vt 0.5703 -0.4287 0.0000
vt 0.5273 -0.4453 0.0000
vt 0.5625 -0.4199 0.0000
vt 0.8789 -0.1064 0.0000
vt 0.8887 -0.1279 0.0000
vt 0.8838 -0.0977 0.0000
vt 0.8965 -0.1230 0.0000
vt 0.6201 -0.0820 0.0000
vt 0.6045 -0.0908 0.0000
vt 0.5723 -0.0840 0.0000
vt 0.5684 -0.1475 0.0000
vt 0.5371 -0.0840 0.0000
vt 0.5293 -0.1523 0.0000
vt 0.5273 -0.1846 0.0000
vt 0.4941 -0.1611 0.0000
vt 0.4941 -0.0918 0.0000
vt 0.4375 -0.1455 0.0000
vt 0.4463 -0.1162 0.0000
vt 0.3906 -0.1348 0.0000
vt 0.3887 -0.1455 0.0000
vt 0.4307 -0.1729 0.0000
vt 0.4922 -0.1836 0.0000
vt 0.3867 -0.1562 0.0000
vt 0.3379 -0.1396 0.0000
# 109 texture coords

o Object004
g Object004
usemtl c1200_0
s 1
f 262/170/275 263/171/276 264/172/277 
f 264/172/277 265/173/278 262/170/275 
f 266/174/279 262/170/275 265/173/278 
f 267/175/280 265/173/278 264/172/277 
f 264/172/277 268/176/281 267/175/280 
f 269/177/282 267/175/280 268/176/281 
f 268/176/281 270/178/283 269/177/282 
f 267/175/280 269/177/282 271/179/284 
f 271/179/284 272/180/285 267/175/280 
f 265/173/278 267/175/280 272/180/285 
f 272/180/285 273/181/286 265/173/278 
f 274/182/287 265/173/278 273/181/286 
f 266/174/279 265/173/278 274/182/287 
f 274/182/287 275/183/288 266/174/279 
f 276/184/289 275/183/288 274/182/287 
f 274/182/287 277/185/290 276/184/289 
f 278/186/291 277/185/290 274/182/287 
f 274/182/287 273/181/286 278/186/291 
f 279/187/292 276/184/289 277/185/290 
f 277/185/290 280/188/293 279/187/292 
f 281/189/294 280/188/293 277/185/290 
f 282/190/295 279/187/292 280/188/293 
f 280/188/293 283/191/296 282/190/295 
f 283/191/296 280/188/293 281/189/294 
f 281/189/294 284/192/297 283/191/296 
f 285/193/298 283/191/296 284/192/297 
f 286/194/299 283/191/296 285/193/298 
f 285/193/298 287/195/300 286/194/299 
f 288/196/301 286/194/299 287/195/300 
f 286/194/299 288/196/301 289/197/302 
f 289/197/302 283/191/296 286/194/299 
f 283/191/296 289/197/302 290/198/303 
f 290/198/303 282/190/295 283/191/296 
f 282/190/295 290/198/303 291/199/304 
f 291/199/304 292/200/305 282/190/295 
f 279/187/292 282/190/295 292/200/305 
f 292/200/305 293/201/306 279/187/292 
f 294/202/307 279/187/292 293/201/306 
f 276/184/289 279/187/292 294/202/307 
f 294/202/307 295/203/308 276/184/289 
f 275/183/288 276/184/289 295/203/308 
f 295/203/308 296/204/309 275/183/288 
f 296/204/309 295/203/308 297/205/310 
f 297/205/310 298/206/311 296/204/309 
f 299/207/312 297/205/310 295/203/308 
f 295/203/308 300/208/313 299/207/312 
f 300/208/313 295/203/308 294/202/307 
f 294/202/307 301/209/314 300/208/313 
f 301/209/314 294/202/307 293/201/306 
f 293/201/306 292/200/305 301/209/314 
f 302/210/315 301/209/314 292/200/305 
f 292/200/305 291/199/304 302/210/315 
f 303/211/316 301/209/314 302/210/315 
f 304/212/317 302/210/315 291/199/304 
f 291/199/304 305/213/318 304/212/317 
f 305/213/318 291/199/304 290/198/303 
f 290/198/303 289/197/302 305/213/318 
f 306/214/319 305/213/318 289/197/302 
f 289/197/302 288/196/301 306/214/319 
f 305/213/318 306/214/319 307/215/320 
f 307/215/320 308/216/321 305/213/318 
f 304/212/317 305/213/318 308/216/321 
f 308/216/321 309/217/322 304/212/317 
f 310/218/323 309/217/322 308/216/321 
f 308/216/321 307/215/320 310/218/323 
f 311/219/324 310/218/323 307/215/320 
f 310/218/323 311/219/324 312/220/325 
f 312/220/325 313/221/326 310/218/323 
f 309/217/322 310/218/323 313/221/326 
f 313/221/326 314/222/327 309/217/322 
f 315/223/328 309/217/322 314/222/327 
f 304/212/317 309/217/322 315/223/328 
f 315/223/328 316/224/329 304/212/317 
f 302/210/315 304/212/317 316/224/329 
f 316/224/329 317/225/330 302/210/315 
f 303/211/316 302/210/315 317/225/330 
f 317/225/330 318/226/331 303/211/316 
f 319/227/332 303/211/316 318/226/331 
f 318/226/331 320/228/333 319/227/332 
f 321/229/334 320/228/333 318/226/331 
f 318/226/331 322/230/335 321/229/334 
f 323/231/336 322/230/335 318/226/331 
f 318/226/331 317/225/330 323/231/336 
f 324/232/337 323/231/336 317/225/330 
f 317/225/330 316/224/329 324/232/337 
f 325/233/338 324/232/337 316/224/329 
f 316/224/329 326/234/339 325/233/338 
f 326/234/339 316/224/329 315/223/328 
f 315/223/328 314/222/327 326/234/339 
f 321/229/334 322/230/335 327/235/340 
f 327/235/340 328/236/341 321/229/334 
f 320/228/333 321/229/334 328/236/341 
f 328/236/341 329/237/342 320/228/333 
f 330/238/343 329/237/342 328/236/341 
f 328/236/341 331/239/344 330/238/343 
f 332/240/345 331/239/344 328/236/341 
f 328/236/341 327/235/340 332/240/345 
f 331/239/344 332/240/345 333/241/346 
f 333/241/346 334/242/347 331/239/344 
f 330/238/343 331/239/344 334/242/347 
f 334/242/347 335/243/348 330/238/343 
f 336/244/349 335/243/348 334/242/347 
f 334/242/347 333/241/346 336/244/349 
f 337/245/350 271/179/284 269/177/282 
f 269/177/282 338/246/351 337/245/350 
f 270/178/283 338/246/351 269/177/282 
f 339/247/352 337/245/350 338/246/351 
f 340/248/353 338/246/351 270/178/283 
f 341/249/354 339/247/352 338/246/351 
f 338/246/351 340/248/353 341/249/354 
f 342/250/355 339/247/352 341/249/354 
f 341/249/354 343/251/356 342/250/355 
f 344/252/357 343/251/356 341/249/354 
f 341/249/354 345/253/358 344/252/357 
f 345/253/358 341/249/354 340/248/353 
f 344/252/357 345/253/358 346/254/359 
f 346/254/359 347/255/360 344/252/357 
f 343/251/356 344/252/357 347/255/360 
f 348/256/361 347/255/360 346/254/359 
f 346/254/359 349/257/362 348/256/361 
f 345/253/358 349/257/362 346/254/359 
f 350/258/363 312/220/364 351/259/365 
f 351/259/365 352/260/366 350/258/363 
f 352/260/366 351/259/365 353/261/367 
f 300/208/313 354/262/368 299/207/312 
f 297/205/310 299/207/312 355/263/369 
f 355/263/369 356/264/370 297/205/310 
f 357/265/371 297/205/310 356/264/370 
f 298/206/311 297/205/310 357/265/371 
f 357/265/371 356/264/370 358/266/372 
f 358/266/372 359/267/373 357/265/371 
f 298/206/311 357/265/371 359/267/373 
f 359/267/373 360/268/374 298/206/311 
f 361/269/375 360/268/374 359/267/373 
f 359/267/373 362/270/376 361/269/375 
f 362/270/376 359/267/373 358/266/372 
f 363/271/377 361/269/375 362/270/376 
f 362/270/376 364/272/378 363/271/377 
f 365/273/379 363/271/377 364/272/378 
f 363/271/377 365/273/379 366/274/380 
f 366/274/380 367/275/381 363/271/377 
f 361/269/375 363/271/377 367/275/381 
f 367/275/381 368/276/382 361/269/375 
f 360/268/374 361/269/375 368/276/382 
f 369/277/383 367/275/381 366/274/380 
f 366/274/380 370/278/384 369/277/383 
f 365/273/379 370/278/384 366/274/380 
f 371/258/385 372/260/386 373/261/387 
f 373/261/387 374/259/388 371/258/385 
f 375/220/389 371/258/385 374/259/388 
f 376/218/390 377/221/391 375/220/392 
f 375/220/392 378/219/393 376/218/390 
f 379/215/394 376/218/390 378/219/393 
f 376/218/390 379/215/394 380/216/395 
f 380/216/395 381/217/396 376/218/390 
f 377/221/391 376/218/390 381/217/396 
f 381/217/396 382/222/397 377/221/391 
f 383/223/398 382/222/397 381/217/396 
f 381/217/396 384/212/399 383/223/398 
f 384/212/399 381/217/396 380/216/395 
f 380/216/395 385/213/400 384/212/399 
f 385/213/400 380/216/395 379/215/394 
f 379/215/394 386/214/401 385/213/400 
f 387/197/402 385/213/400 386/214/401 
f 386/214/401 388/196/403 387/197/402 
f 385/213/400 387/197/402 389/198/404 
f 389/198/404 390/199/405 385/213/400 
f 384/212/399 385/213/400 390/199/405 
f 390/199/405 391/210/406 384/212/399 
f 392/224/407 384/212/399 391/210/406 
f 383/223/398 384/212/399 392/224/407 
f 392/224/407 393/234/408 383/223/398 
f 382/222/397 383/223/398 393/234/408 
f 394/233/409 393/234/408 392/224/407 
f 392/224/407 395/232/410 394/233/409 
f 396/225/411 395/232/410 392/224/407 
f 392/224/407 391/210/406 396/225/411 
f 397/231/412 395/232/410 396/225/411 
f 396/225/411 391/210/406 398/211/413 
f 398/211/413 399/226/414 396/225/411 
f 397/231/412 396/225/411 399/226/414 
f 399/226/414 400/230/415 397/231/412 
f 400/230/415 399/226/414 401/229/416 
f 401/229/416 402/235/417 400/230/415 
f 403/228/418 401/229/416 399/226/414 
f 404/236/419 402/235/417 401/229/416 
f 401/229/416 403/228/418 404/236/419 
f 405/240/420 402/235/417 404/236/419 
f 404/236/419 406/239/421 405/240/420 
f 407/241/422 405/240/420 406/239/421 
f 408/238/423 406/239/421 404/236/419 
f 409/242/424 407/241/422 406/239/421 
f 406/239/421 408/238/423 409/242/424 
f 410/244/425 407/241/422 409/242/424 
f 409/242/424 411/243/426 410/244/425 
f 408/238/423 411/243/426 409/242/424 
f 412/237/427 408/238/423 404/236/419 
f 404/236/419 403/228/418 412/237/427 
f 413/227/428 403/228/418 399/226/414 
f 399/226/414 398/211/413 413/227/428 
f 414/209/429 398/211/413 391/210/406 
f 391/210/406 415/200/430 414/209/429 
f 415/200/430 391/210/406 390/199/405 
f 390/199/405 416/190/431 415/200/430 
f 416/190/431 390/199/405 389/198/404 
f 415/200/430 416/190/431 417/187/432 
f 417/187/432 418/201/433 415/200/430 
f 414/209/429 415/200/430 418/201/433 
f 418/201/433 417/187/432 419/202/434 
f 419/202/434 414/209/429 418/201/433 
f 420/208/435 414/209/429 419/202/434 
f 419/202/434 421/203/436 420/208/435 
f 422/184/437 421/203/436 419/202/434 
f 419/202/434 417/187/432 422/184/437 
f 423/185/438 422/184/437 417/187/432 
f 417/187/432 424/188/439 423/185/438 
f 424/188/439 417/187/432 416/190/431 
f 416/190/431 425/191/440 424/188/439 
f 425/191/440 416/190/431 389/198/404 
f 389/198/404 387/197/402 425/191/440 
f 426/194/441 425/191/440 387/197/402 
f 387/197/402 388/196/403 426/194/441 
f 427/195/442 426/194/441 388/196/403 
f 426/194/441 427/195/442 428/193/443 
f 428/193/443 425/191/440 426/194/441 
f 425/191/440 428/193/443 429/192/444 
f 429/192/444 430/189/445 425/191/440 
f 424/188/439 425/191/440 430/189/445 
f 430/189/445 423/185/438 424/188/439 
f 431/182/446 422/184/437 423/185/438 
f 423/185/438 432/186/447 431/182/446 
f 422/184/437 431/182/446 433/183/448 
f 433/183/448 421/203/436 422/184/437 
f 421/203/436 433/183/448 434/204/449 
f 434/204/449 435/205/450 421/203/436 
f 436/207/451 421/203/436 435/205/450 
f 420/208/435 421/203/436 436/207/451 
f 436/207/451 437/262/452 420/208/435 
f 438/263/453 436/207/451 435/205/450 
f 435/205/450 439/264/454 438/263/453 
f 440/265/455 439/264/454 435/205/450 
f 435/205/450 441/206/456 440/265/455 
f 441/206/456 435/205/450 434/204/449 
f 440/265/455 441/206/456 442/267/457 
f 442/267/457 443/266/458 440/265/455 
f 439/264/454 440/265/455 443/266/458 
f 444/270/459 443/266/458 442/267/457 
f 442/267/457 445/269/460 444/270/459 
f 446/268/461 445/269/460 442/267/457 
f 442/267/457 441/206/456 446/268/461 
f 445/269/460 446/268/461 447/276/462 
f 447/276/462 448/275/463 445/269/460 
f 449/271/464 445/269/460 448/275/463 
f 444/270/459 445/269/460 449/271/464 
f 449/271/464 450/272/465 444/270/459 
f 451/273/466 450/272/465 449/271/464 
f 449/271/464 452/274/467 451/273/466 
f 452/274/467 449/271/464 448/275/463 
f 448/275/463 453/277/468 452/274/467 
f 454/278/469 452/274/467 453/277/468 
f 451/273/466 452/274/467 454/278/469 
f 431/182/446 432/186/447 455/181/470 
f 455/181/470 456/173/471 431/182/446 
f 456/173/471 455/181/470 457/180/472 
f 431/182/446 456/173/471 458/174/473 
f 458/174/473 433/183/448 431/182/446 
f 459/170/474 458/174/473 456/173/471 
f 456/173/471 460/172/475 459/170/474 
f 461/175/476 460/172/475 456/173/471 
f 456/173/471 457/180/472 461/175/476 
f 462/179/477 461/175/476 457/180/472 
f 461/175/476 462/179/477 463/177/478 
f 463/177/478 464/176/479 461/175/476 
f 460/172/475 461/175/476 464/176/479 
f 465/178/480 464/176/479 463/177/478 
f 459/170/474 460/172/475 466/171/481 
f 465/178/480 463/177/478 467/246/482 
f 467/246/482 468/248/483 465/178/480 
f 469/245/484 467/246/482 463/177/478 
f 463/177/478 462/179/477 469/245/484 
f 467/246/482 469/245/484 470/247/485 
f 470/247/485 471/249/486 467/246/482 
f 468/248/483 467/246/482 471/249/486 
f 471/249/486 472/253/487 468/248/483 
f 473/252/488 472/253/487 471/249/486 
f 471/249/486 474/251/489 473/252/488 
f 475/250/490 474/251/489 471/249/486 
f 471/249/486 470/247/485 475/250/490 
f 473/252/488 474/251/489 476/255/491 
f 476/255/491 477/254/492 473/252/488 
f 472/253/487 473/252/488 477/254/492 
f 477/254/492 478/257/493 472/253/487 
f 479/256/494 478/257/493 477/254/492 
f 477/254/492 476/255/491 479/256/494 
# 294 faces

#
# object Object006
#

v  2.3070 0.0577 1.9521
v  2.2190 0.0590 1.9135
v  2.2261 0.0800 1.9462
v  2.3227 0.0789 1.9958
v  2.2963 0.0584 2.0056
v  2.2023 0.0594 1.9606
v  2.3038 0.0380 1.9814
v  2.2073 0.0373 1.9366
v  3.2654 0.0496 0.3811
v  3.0889 0.0508 0.6276
v  3.0550 0.0158 0.5853
v  3.2414 0.0272 0.3588
v  3.0429 0.0511 0.5322
v  3.5099 0.0238 0.0055
v  3.2326 0.0498 0.3284
v  3.4966 0.0482 -0.0197
v  3.2537 0.0724 0.3488
v  3.0751 0.0860 0.5730
v  3.5438 0.0479 0.0215
v  3.5243 0.0724 -0.0032
v  3.7333 0.0467 -0.2445
v  3.6879 0.0470 -0.2811
v  3.7017 0.0225 -0.2567
v  3.9060 0.0255 -0.5522
v  3.9315 0.0455 -0.5477
v  3.8926 0.0458 -0.5733
v  4.0930 0.0284 -0.8675
v  4.1113 0.0418 -0.8706
v  4.2270 0.0437 -1.2003
v  4.0800 0.0441 -0.8865
v  3.9155 0.0659 -0.5629
v  3.7151 0.0712 -0.2662
v  4.0981 0.0632 -0.8802
v  3.5098 0.0293 1.1726
v  3.5081 0.0484 1.1472
v  3.7639 0.0353 1.0020
v  3.7585 0.0466 1.0310
v  3.5306 0.0483 1.1944
v  3.7573 0.0578 1.0163
v  3.5102 0.0665 1.1832
v  3.7531 0.0466 0.9956
v  3.9400 0.0455 0.8935
# 42 vertices

vn 0.5221 -0.0392 -0.8520
vn -0.2856 0.9583 -0.0030
vn -0.8067 -0.5904 -0.0265
vn -0.7886 -0.6125 -0.0547
vn 0.5695 0.5106 -0.6442
vn 0.5397 0.6525 -0.5319
vn -0.7166 0.6569 0.2343
vn -0.7133 0.6942 0.0963
vn -0.4687 0.8798 -0.0791
vn 0.1619 0.2256 0.9607
vn 0.3077 -0.3652 0.8786
vn -0.1344 -0.9696 0.2044
vn -0.1306 0.5571 -0.8201
vn 0.7289 0.3983 0.5568
vn 0.4936 0.7340 0.4665
vn -0.3740 0.4299 0.8218
vn 0.5757 -0.8137 0.0807
vn -0.1943 0.0203 0.9807
vn 0.7756 -0.3454 0.5284
vn -0.2461 -0.5706 -0.7835
vn -0.9907 -0.1124 -0.0773
vn 0.1657 -0.4344 -0.8853
vn -0.9682 -0.1464 -0.2027
vn 0.6195 -0.4310 -0.6561
vn -0.9862 -0.0350 -0.1619
vn 0.1944 0.8237 0.5326
vn -0.4709 0.5132 -0.7175
vn 0.3982 -0.4010 0.8250
vn 0.4490 -0.3292 0.8307
vn 0.8427 0.4508 0.2944
vn 0.5037 -0.2384 0.8303
vn -0.1580 0.0220 0.9872
vn 0.8794 0.4367 0.1894
vn -0.9906 0.0792 0.1112
vn -0.6659 0.2452 0.7046
vn 0.8318 0.0386 -0.5537
vn -0.8991 -0.4209 -0.1200
vn 0.8369 -0.4635 0.2913
vn -0.9950 0.0188 -0.0979
vn 0.5174 -0.1529 0.8420
vn -0.6988 -0.6773 -0.2302
vn 0.8157 0.5780 -0.0250
vn 0.6987 0.7111 -0.0783
vn -0.3527 0.3272 0.8767
vn 0.0687 -0.3509 -0.9339
vn -0.3499 0.5681 -0.7449
vn 0.1037 0.4696 -0.8768
vn 0.6945 -0.6630 -0.2795
vn -0.6814 0.2679 -0.6811
vn -0.3689 0.2659 0.8906
vn -0.3247 0.8877 0.3265
vn 0.0193 0.5951 0.8034
vn -0.3846 -0.5615 0.7327
vn -0.0698 -0.2356 -0.9694
vn 0.1627 -0.6123 -0.7737
vn -0.3941 0.8504 0.3486
# 56 vertex normals

vt 0.8848 -0.2812 0.0000
vt 0.8838 -0.2959 0.0000
vt 0.8896 -0.2930 0.0000
vt 0.8906 -0.2773 0.0000
vt 0.8945 -0.2803 0.0000
vt 0.8945 -0.2949 0.0000
vt 0.8984 -0.2803 0.0000
vt 0.8994 -0.2959 0.0000
vt 0.9033 -0.2812 0.0000
vt 0.9043 -0.2959 0.0000
vt 0.9658 -0.2676 0.0000
vt 0.9648 -0.3018 0.0000
vt 0.9727 -0.3018 0.0000
vt 0.9707 -0.2676 0.0000
vt 0.9805 -0.2988 0.0000
vt 0.9746 -0.2139 0.0000
vt 0.9795 -0.2666 0.0000
vt 0.9795 -0.2129 0.0000
vt 0.9873 -0.2656 0.0000
vt 0.9883 -0.2988 0.0000
vt 0.9922 -0.2676 0.0000
vt 0.9961 -0.3018 0.0000
vt 0.9902 -0.2129 0.0000
vt 0.9854 -0.2119 0.0000
vt 0.9893 -0.1797 0.0000
vt 0.9795 -0.1797 0.0000
vt 0.9746 -0.1807 0.0000
vt 0.9688 -0.2129 0.0000
vt 0.9697 -0.1797 0.0000
vt 0.9746 -0.1416 0.0000
vt 0.9707 -0.1406 0.0000
vt 0.9785 -0.1406 0.0000
vt 0.9756 -0.1016 0.0000
vt 0.9736 -0.1006 0.0000
vt 0.9785 -0.0664 0.0000
vt 0.9785 -0.1006 0.0000
vt 0.9834 -0.1396 0.0000
vt 0.9844 -0.1787 0.0000
vt 0.9873 -0.1406 0.0000
vt 0.9854 -0.1006 0.0000
vt 0.9824 -0.1006 0.0000
vt 0.9111 -0.2949 0.0000
vt 0.9072 -0.2969 0.0000
vt 0.9111 -0.3330 0.0000
vt 0.9141 -0.3311 0.0000
vt 0.9150 -0.2969 0.0000
vt 0.9160 -0.3320 0.0000
vt 0.9189 -0.2949 0.0000
vt 0.9229 -0.2969 0.0000
vt 0.9121 -0.3330 0.0000
vt 0.9131 -0.3564 0.0000
# 51 texture coords

o Object006
g Object006
usemtl c1200_1
s 1
f 480/279/495 481/280/496 482/281/497 
f 482/281/497 483/282/498 480/279/495 
f 484/283/499 483/282/498 482/281/497 
f 482/281/497 485/284/500 484/283/499 
f 486/285/501 484/283/499 485/284/500 
f 485/284/500 487/286/502 486/285/501 
f 480/287/503 486/285/501 487/286/502 
f 487/286/502 481/288/504 480/287/503 
f 488/289/505 489/290/506 490/291/507 
f 490/291/507 491/292/508 488/289/505 
f 492/293/509 491/292/508 490/291/507 
f 493/294/510 488/289/505 491/292/508 
f 491/292/508 492/293/509 494/295/511 
f 494/295/511 493/294/510 491/292/508 
f 495/296/512 493/294/510 494/295/511 
f 494/295/511 496/297/513 495/296/512 
f 496/297/513 494/295/511 492/293/509 
f 492/293/509 497/298/514 496/297/513 
f 488/299/515 496/297/513 497/298/514 
f 497/298/514 489/300/516 488/299/515 
f 496/297/513 488/299/515 498/301/517 
f 498/301/517 499/302/518 496/297/513 
f 495/296/512 496/297/513 499/302/518 
f 500/303/519 499/302/518 498/301/517 
f 495/296/512 499/302/518 501/304/520 
f 501/304/520 502/305/521 495/296/512 
f 493/294/510 495/296/512 502/305/521 
f 502/305/521 498/306/522 493/294/510 
f 488/289/505 493/294/510 498/306/522 
f 500/307/523 498/306/522 502/305/521 
f 502/305/521 503/308/524 500/307/523 
f 501/304/520 503/308/524 502/305/521 
f 504/309/525 500/307/523 503/308/524 
f 503/308/524 501/304/520 505/310/526 
f 506/311/527 504/309/525 503/308/524 
f 503/308/524 505/310/526 506/311/527 
f 507/312/528 504/309/525 506/311/527 
f 506/311/527 508/313/529 507/312/528 
f 509/314/530 508/313/529 506/311/527 
f 506/311/527 505/310/526 509/314/530 
f 510/315/531 509/314/530 505/310/526 
f 505/310/526 511/316/532 510/315/531 
f 511/316/532 505/310/526 501/304/520 
f 501/304/520 499/302/518 511/316/532 
f 500/303/519 511/316/532 499/302/518 
f 511/316/532 500/303/519 504/317/533 
f 504/317/533 510/315/531 511/316/532 
f 510/315/531 504/317/533 507/318/534 
f 507/318/534 512/319/535 510/315/531 
f 509/314/530 510/315/531 512/319/535 
f 512/319/535 507/318/534 508/313/529 
f 508/313/529 509/314/530 512/319/535 
f 513/320/536 514/321/537 515/322/538 
f 515/322/538 516/323/539 513/320/536 
f 517/324/540 513/320/536 516/323/539 
f 516/323/539 518/325/541 517/324/540 
f 519/326/542 517/324/540 518/325/541 
f 518/325/541 514/327/543 519/326/542 
f 515/322/544 514/321/545 520/328/546 
f 520/328/546 521/329/547 515/322/544 
f 516/323/548 515/322/544 521/329/547 
f 521/329/547 518/325/549 516/323/548 
f 518/325/549 521/329/547 520/328/546 
f 520/328/546 514/327/550 518/325/549 
# 64 faces

#
# object Object008
#

v  0.0883 -0.0726 -0.1102
v  0.0318 -0.0718 0.0653
v  -0.0302 -0.0933 -0.0517
v  -0.0794 -0.0561 -0.1304
v  0.0465 -0.0359 -0.1919
v  0.2193 -0.0405 -0.1376
v  0.1435 -0.0553 0.0037
v  0.0762 -0.0076 0.1651
v  0.1840 0.0010 0.0944
v  0.2534 -0.0231 -0.0521
v  0.3533 -0.0406 -0.1420
v  0.3279 0.0000 -0.2120
v  0.1956 -0.0045 -0.2106
v  0.0311 0.0681 -0.2400
v  0.1879 0.0718 -0.2606
v  0.3213 0.0699 -0.2640
v  0.4859 0.0680 -0.2577
v  0.4976 0.0072 -0.2182
v  0.5959 0.0674 -0.2772
v  0.5237 -0.0230 -0.1516
v  0.3842 -0.0222 -0.0690
v  0.2876 0.0177 0.0225
v  0.1994 0.0719 0.1277
v  0.0970 0.0663 0.1941
v  -0.0065 -0.0267 0.2198
v  0.0376 0.0591 0.2905
v  0.0032 0.0965 0.2261
v  0.0753 0.1020 0.1715
v  0.1812 0.1090 0.0923
v  0.2974 0.0688 0.0480
v  0.4167 0.0185 -0.0046
v  0.5436 -0.0047 -0.1003
v  0.6858 0.0130 -0.1214
v  0.6190 0.0040 -0.2296
v  0.7350 0.0661 -0.3412
v  0.7852 0.0232 -0.2130
v  0.5676 0.0236 -0.0484
v  0.6522 0.0656 -0.0610
v  0.4244 0.0667 0.0116
v  0.5713 0.0656 -0.0370
v  0.5628 0.1045 -0.0704
v  0.4079 0.1071 -0.0238
v  0.2834 0.1121 0.0190
v  0.3102 0.1404 -0.0314
v  0.2797 0.1641 -0.0023
v  0.2355 0.1470 -0.0063
v  0.2492 0.1679 -0.0729
v  0.2927 0.2001 -0.0853
v  0.3783 0.1558 -0.0991
v  0.3525 0.1616 -0.0274
v  0.4132 0.1347 -0.0620
v  0.4903 0.1431 -0.0889
v  0.5542 0.1430 -0.1096
v  0.6856 0.1647 -0.1270
v  0.6329 0.1718 -0.2256
v  0.7794 0.1746 -0.2150
v  0.5252 0.1433 -0.1732
v  0.4710 0.1516 -0.1616
v  0.3571 0.1585 -0.1403
v  0.2496 0.1677 -0.1145
v  0.1904 0.1661 -0.1122
v  0.2287 0.1898 -0.0556
v  0.1686 0.1647 -0.0477
v  0.2043 0.1599 0.0558
v  0.1584 0.1409 0.0337
v  0.1424 0.1872 -0.0521
v  0.1052 0.1669 -0.0877
v  0.1456 0.1899 -0.1071
v  0.0657 0.1570 -0.1199
v  0.2195 0.1537 -0.1658
v  0.2303 0.1890 -0.1290
v  0.3470 0.1479 -0.1813
v  0.4995 0.1043 -0.2328
v  0.6116 0.1152 -0.2544
v  0.7470 0.1567 -0.3034
v  0.8540 0.1053 -0.3438
v  0.9105 0.0610 -0.1762
v  0.8180 0.0693 -0.4077
v  0.3324 0.1074 -0.2188
v  0.2028 0.1169 -0.2091
v  0.0547 0.1188 -0.1820
v  0.0918 0.1383 0.0718
v  0.0728 0.1630 0.1518
v  0.0321 0.1553 0.0368
v  0.0615 0.1774 0.0252
v  0.0644 0.1891 -0.0695
v  0.0367 0.1616 -0.0475
v  0.0980 0.1617 -0.0131
v  0.1276 0.1588 0.0829
v  0.8654 0.0685 -0.6106
v  0.9077 0.0621 -0.3580
v  0.8498 0.0388 -0.3553
v  1.8148 0.0212 1.4384
v  1.8730 0.0598 1.4505
v  1.8208 -0.0195 1.5566
v  1.7751 -0.0152 1.4882
v  1.7304 0.0074 1.4099
v  1.7780 0.0290 1.3885
v  1.8022 0.0595 1.3766
v  1.7296 -0.0120 1.5173
v  1.6858 0.0607 1.4362
v  1.6631 0.0615 1.4900
v  1.7536 -0.0127 1.5948
v  1.6819 0.0181 1.5492
v  1.5765 0.0626 1.5345
v  1.5830 0.0318 1.5760
v  1.4182 0.0638 1.5410
v  1.6109 0.0636 1.6259
v  1.7289 0.0641 1.6497
v  1.7768 0.0641 1.6529
v  1.8424 0.0252 1.6374
v  1.9038 0.0614 1.5680
v  1.6902 0.0956 1.5613
v  1.5976 0.0857 1.5789
v  1.7277 0.1241 1.5194
v  1.7608 0.1294 1.5846
v  1.8478 0.0999 1.6378
v  1.8255 0.1370 1.5545
v  1.7817 0.1317 1.4980
v  1.8300 0.1223 1.4653
v  1.7378 0.1075 1.4264
v  1.7846 0.1070 1.4090
v  1.7988 0.0794 1.3976
v  1.9142 0.1133 1.5046
v  1.9408 0.0621 1.5558
v  1.9958 0.0592 1.4966
v  1.9822 0.0986 1.4629
v  1.8980 0.0614 1.4417
v  1.9043 0.0118 1.4968
v  1.9668 0.0287 1.4612
v  1.9663 0.0587 1.4259
v  2.1135 0.0874 1.3799
v  2.1293 0.0576 1.4107
v  2.2905 0.0862 1.2723
v  2.3134 0.0559 1.3006
v  2.2617 0.0560 1.2430
v  2.0946 0.0574 1.3466
v  2.0966 0.0297 1.3783
v  2.2678 0.0254 1.2709
v  2.4679 0.0224 1.1296
v  2.4601 0.0546 1.0942
v  2.4787 0.0826 1.1243
v  2.5039 0.0544 1.1579
v  2.7260 0.0529 0.9744
v  2.7157 0.0832 0.9358
v  3.0042 0.0513 0.7228
v  2.6929 0.0532 0.9030
v  2.7021 0.0213 0.9475
v  2.9907 0.0876 0.6672
v  3.0560 0.0509 0.6923
v  3.0381 0.0979 0.6189
v  2.9583 0.0516 0.6243
v  2.9704 0.0150 0.6796
v  3.0111 0.0043 0.6346
v  2.9953 0.0513 0.5628
v  3.0751 0.0860 0.5730
v  3.0889 0.0508 0.6276
v  3.0429 0.0511 0.5322
v  3.0550 0.0158 0.5853
v  2.1647 0.0881 0.5142
v  2.1225 0.0566 0.5023
v  1.9395 0.0567 0.9248
v  1.9781 0.0749 0.9665
v  2.1907 0.0560 0.5266
v  1.8334 0.0590 1.3199
v  2.0026 0.0565 0.9781
v  1.8715 0.1097 1.3711
v  1.9049 0.0591 1.3888
v  1.8627 0.0247 1.3715
v  1.9745 0.0247 0.9729
v  2.0607 0.0258 0.7534
v  2.0882 0.0549 0.7551
v  2.1587 0.0242 0.5280
v  2.0288 0.0552 0.7194
v  3.1856 0.0501 1.3171
v  3.5081 0.0484 1.1472
v  3.5098 0.0293 1.1726
v  3.2026 0.0223 1.3449
v  2.9537 0.0236 1.4375
v  2.9258 0.0525 1.4129
v  3.2099 0.0500 1.3854
v  3.5306 0.0483 1.1944
v  3.5102 0.0665 1.1832
v  3.2101 0.0777 1.3566
v  2.9614 0.0754 1.4498
v  2.9687 0.0522 1.4891
v  2.9271 0.0517 1.5153
v  2.9035 0.0127 1.4563
v  2.8760 0.0520 1.4171
v  2.8522 0.0227 1.4703
v  2.8755 0.0528 1.5220
v  2.9068 0.0920 1.4691
v  2.8355 0.0531 1.4436
v  2.7138 0.0085 1.5142
v  2.7255 0.0550 1.5575
v  2.8580 0.0764 1.4834
v  2.7127 0.0936 1.5290
v  2.5268 0.0554 1.6117
v  2.5122 0.0202 1.5707
v  2.6989 0.0552 1.4831
v  2.4874 0.0556 1.5426
v  2.2410 0.0150 1.6197
v  2.2634 0.0595 1.6545
v  2.5174 0.0832 1.5810
v  2.2467 0.0907 1.6241
v  2.1241 0.0597 1.6571
v  2.1108 0.0161 1.6229
v  2.2266 0.0585 1.5816
v  2.1010 0.0578 1.5749
v  2.0373 0.0235 1.6241
v  2.0451 0.0608 1.6487
v  2.1263 0.1042 1.6159
v  2.0460 0.1087 1.6109
v  1.9329 0.0608 1.6758
v  1.9032 0.1237 1.6003
v  2.0188 0.0590 1.5824
v  1.7490 0.0781 1.2939
v  1.7425 0.0481 1.2886
v  1.6679 0.0783 1.1479
v  1.7205 0.0971 1.2995
v  1.6759 0.0975 1.3215
v  1.6389 0.0982 1.1533
v  1.5355 0.0796 0.8750
v  1.6618 0.0482 1.1424
v  1.7202 0.0215 1.2999
v  1.6755 0.0219 1.3219
v  1.6384 0.0195 1.1538
v  1.5085 0.0183 0.8815
v  1.5337 0.0465 0.8691
v  1.4197 0.0940 0.6231
v  1.5082 0.1004 0.8815
v  1.5921 0.0985 1.1753
v  1.6533 0.0599 1.3324
v  1.5683 0.0594 1.1863
v  1.4577 0.1007 0.9054
v  1.3700 0.1198 0.6446
v  1.3068 0.1089 0.4240
v  1.4215 0.0510 0.6141
v  1.3824 0.0148 0.6342
v  1.4580 0.0187 0.9053
v  1.5917 0.0198 1.1758
v  1.4325 0.0599 0.9169
v  1.3057 0.0154 0.6721
v  1.2659 0.0607 0.6918
v  1.2683 0.0104 0.4393
v  1.3128 0.0593 0.4144
v  1.2035 0.1123 0.2979
v  1.2533 0.1382 0.4513
v  1.3062 0.1204 0.6725
v  1.1791 0.1382 0.4842
v  1.1428 0.1433 0.3276
v  1.0863 0.1189 0.1516
v  1.2132 0.0607 0.2844
v  1.1644 0.0088 0.3145
v  1.1801 0.0117 0.4848
v  1.1327 0.0608 0.5046
v  1.0652 0.0102 0.3714
v  1.0140 0.0625 0.3980
v  1.0418 -0.0086 0.1718
v  0.9415 -0.0068 0.2555
v  0.8954 0.0605 0.2975
v  0.8018 -0.0227 0.1219
v  0.9172 -0.0242 0.0149
v  0.9789 0.0583 -0.0380
v  1.0947 0.0585 0.1295
v  0.9874 0.1250 -0.0075
v  1.0235 0.1576 0.1902
v  1.0634 0.1433 0.3729
v  0.9467 0.1573 0.2612
v  0.9266 0.1895 0.0399
v  0.8491 0.1901 -0.0860
v  0.9161 0.1244 -0.1409
v  0.8435 0.0032 -0.1238
v  0.7263 0.0051 -0.0088
v  0.6819 0.0639 0.0552
v  0.7506 0.0600 0.1784
v  0.7338 0.1854 0.0015
v  0.8102 0.1870 0.1315
v  1.8313 0.0625 1.7229
v  1.8876 0.0971 1.6983
v  1.9400 0.0642 1.8292
v  1.8854 0.0281 1.7067
v  1.9753 0.0367 1.7914
v  2.0023 0.0599 1.7609
v  2.0471 0.0614 1.9038
v  1.9739 0.0911 1.7923
v  2.0712 0.0992 1.8677
v  2.1090 0.0602 1.8344
v  2.1218 0.0602 1.9056
v  2.0648 0.0291 1.8642
v  2.1354 0.0367 1.8810
v  2.2190 0.0590 1.9135
v  2.2073 0.0373 1.9366
v  2.2023 0.0594 1.9606
v  2.1432 0.0808 1.8869
v  2.2261 0.0800 1.9462
# 296 vertices

vn -0.7869 0.3038 -0.5372
vn 0.1409 0.4429 0.8854
vn 0.4969 0.4246 -0.7568
vn -0.0354 0.8142 -0.5795
vn -0.9733 0.1421 0.1804
vn 0.7772 0.3367 -0.5316
vn -0.6139 -0.1226 -0.7798
vn -0.7645 -0.6391 -0.0845
vn 0.3878 0.7522 0.5327
vn 0.6980 -0.1786 -0.6934
vn 0.0767 0.4613 -0.8839
vn -0.8291 0.1831 -0.5282
vn 0.3239 -0.7553 0.5697
vn 0.8378 -0.1691 0.5192
vn 0.7648 -0.1909 0.6153
vn -0.8121 -0.1745 0.5568
vn 0.7634 -0.3206 0.5607
vn -0.1198 0.4672 -0.8760
vn 0.3145 0.2209 -0.9232
vn 0.8331 0.4349 0.3418
vn -0.3131 -0.3480 -0.8837
vn -0.6929 -0.7047 -0.1527
vn 0.3030 -0.6052 -0.7362
vn 0.2736 0.5233 -0.8070
vn 0.3840 0.5469 0.7440
vn -0.0635 -0.2484 -0.9666
vn 0.3869 -0.2750 0.8802
vn 0.9102 -0.3680 0.1899
vn 0.3145 0.7014 -0.6396
vn 0.5289 0.5074 -0.6803
vn 0.7023 -0.3582 -0.6152
vn 0.9705 -0.0053 -0.2411
vn -0.3521 0.4822 0.8022
vn -0.9675 -0.0008 0.2528
vn 0.6199 -0.7724 0.1386
vn 0.9322 0.3197 -0.1696
vn -0.7875 -0.5180 -0.3339
vn -0.2709 -0.9154 -0.2977
vn 0.3720 -0.8413 -0.3922
vn -0.8119 0.4919 -0.3145
vn -0.0640 -0.4396 0.8959
vn 0.5802 -0.4913 0.6496
vn 0.6152 -0.5201 0.5925
vn -0.5481 0.2114 0.8093
vn -0.0662 -0.9918 0.1090
vn 0.6202 0.0387 0.7835
vn -0.8229 0.3331 -0.4604
vn 0.5619 -0.8261 0.0426
vn 0.9582 -0.2423 -0.1521
vn -0.3802 -0.9060 0.1861
vn 0.4734 -0.2432 0.8466
vn 0.7873 0.1018 -0.6081
vn 0.8522 -0.1678 0.4956
vn -0.8317 -0.0826 -0.5491
vn 0.5454 -0.0400 0.8372
vn -0.2654 -0.3625 0.8934
vn -0.1863 -0.1825 -0.9654
vn 0.8903 -0.3170 -0.3270
vn 0.9730 0.0140 0.2303
vn 0.8930 0.3257 -0.3106
vn -0.3362 0.0790 -0.9385
vn -0.3156 -0.7314 -0.6045
vn 0.4805 0.0193 0.8768
vn -0.5390 -0.2756 -0.7960
vn -0.5002 0.2815 0.8189
vn -0.3830 -0.7872 0.4834
vn 0.7583 0.4090 0.5076
vn -0.0500 -0.3383 0.9397
vn -0.0152 -0.4387 -0.8985
vn -0.5556 0.5221 0.6471
vn 0.1424 -0.9767 0.1606
vn 0.0215 0.5875 0.8090
vn 0.0186 0.8646 0.5021
vn -0.6419 0.6446 0.4153
vn -0.8467 0.0217 0.5317
vn -0.6712 -0.1720 -0.7211
vn -0.8963 -0.3316 0.2945
vn -0.5341 0.3404 -0.7739
vn 0.8907 0.4544 0.0132
vn 0.8175 0.3676 0.4435
vn 0.6090 -0.1619 -0.7764
vn -0.8415 0.5396 -0.0276
vn -0.2327 -0.3883 -0.8917
vn -0.8180 0.1375 -0.5585
vn 0.6943 0.0389 -0.7186
vn -0.8870 0.2429 0.3928
vn 0.5552 -0.0416 -0.8307
vn -0.4046 0.7870 -0.4658
vn -0.3289 -0.9233 -0.1985
vn -0.6880 0.2531 0.6802
vn 0.7860 -0.5757 -0.2255
vn 0.2821 -0.8556 -0.4340
vn 0.5481 0.6356 -0.5436
vn -0.5826 0.1290 0.8025
vn 0.1283 -0.9902 0.0556
vn 0.3019 0.3579 0.8836
vn -0.8627 -0.2192 -0.4557
vn -0.6169 0.1211 0.7777
vn 0.9226 0.3840 -0.0361
vn -0.8104 -0.1273 -0.5719
vn -0.7167 0.2923 -0.6331
vn -0.7269 0.1380 -0.6728
vn 0.4543 -0.2642 -0.8508
vn -0.2959 0.6552 -0.6951
vn 0.7353 0.4613 -0.4966
vn 0.9192 0.3771 0.1137
vn 0.2681 -0.3730 0.8882
vn -0.2982 0.2175 -0.9294
vn -0.0863 0.5125 0.8543
vn -0.1134 0.6992 0.7058
vn 0.9202 -0.3011 0.2502
vn 0.9412 0.3372 0.0188
vn -0.3136 0.5225 0.7929
vn 0.8364 0.2034 0.5090
vn 0.9017 0.4305 0.0401
vn 0.6734 -0.4490 0.5873
vn 0.4558 -0.3777 -0.8060
vn -0.1963 0.2017 -0.9596
vn -0.3466 0.5823 -0.7354
vn -0.8613 0.4763 0.1768
vn 0.0093 -0.3706 -0.9288
vn 0.9032 0.3231 -0.2824
vn -0.7969 -0.5081 -0.3267
vn 0.3700 0.4752 -0.7983
vn -0.2705 0.6158 -0.7400
vn -0.4260 -0.7349 -0.5277
vn -0.6517 -0.4052 -0.6412
vn -0.9022 0.2848 -0.3239
vn 0.4028 -0.3196 -0.8577
vn 0.9378 -0.0521 0.3434
vn 0.5815 -0.3808 -0.7189
vn 0.8808 0.0734 0.4677
vn -0.6968 -0.2790 -0.6608
vn 0.1346 0.1495 0.9796
vn 0.8640 0.4927 0.1039
vn -0.5503 -0.0563 0.8331
vn -0.0367 -0.9475 0.3176
vn 0.1154 -0.8578 0.5009
vn -0.7279 -0.1351 -0.6722
vn -0.0649 -0.7780 0.6249
vn -0.1942 -0.9616 -0.1939
vn -0.8408 -0.3247 -0.4332
vn -0.9271 0.0930 -0.3632
vn -0.8013 -0.5290 0.2792
vn 0.0067 -0.5660 0.8244
vn -0.3780 0.5585 0.7384
vn -0.3780 0.5140 -0.7700
vn -0.2677 0.3433 0.9003
vn -0.1185 -0.1028 0.9876
vn -0.7700 0.5248 -0.3629
vn -0.5858 -0.0578 0.8084
vn -0.8959 -0.4258 0.1270
vn 0.0720 0.0096 0.9974
vn 0.3951 -0.4851 0.7801
vn -0.8255 -0.2913 -0.4834
vn 0.9989 0.0184 -0.0428
vn 0.8940 -0.3707 0.2517
vn 0.3224 0.5254 -0.7874
vn 0.2216 -0.3062 0.9258
vn -0.7912 0.4801 -0.3789
vn -0.7091 0.4882 0.5087
vn -0.8094 0.5022 0.3043
vn -0.3660 -0.0635 0.9284
vn 0.4119 -0.3935 0.8219
vn -0.8719 -0.4051 -0.2750
vn 0.2935 0.1215 0.9482
vn 0.8908 -0.4263 -0.1571
vn -0.8601 -0.3156 -0.4008
vn 0.8740 0.4705 -0.1211
vn -0.9089 0.4135 -0.0542
vn 0.1015 -0.1649 0.9811
vn 0.1032 -0.2915 0.9510
vn 0.5898 -0.4499 0.6706
vn 0.2084 0.1458 0.9671
vn -0.2404 -0.7482 -0.6184
vn 0.5292 -0.7774 0.3400
vn -0.8705 0.4615 0.1712
vn -0.8817 0.1941 -0.4301
vn 0.1777 -0.3225 0.9297
vn 0.0687 0.7484 -0.6597
vn 0.3625 0.0952 0.9271
vn -0.1606 -0.7426 -0.6502
vn -0.7575 -0.3757 0.5339
vn 0.6427 0.4173 0.6425
vn -0.1688 0.7188 -0.6744
vn 0.9375 -0.2780 0.2093
vn -0.8324 0.5112 -0.2137
vn 0.7449 -0.6584 -0.1079
vn 0.5860 0.0221 0.8100
vn -0.2267 0.6891 -0.6883
vn -0.8769 -0.2030 -0.4357
vn 0.9871 0.0805 -0.1387
vn 0.9625 0.1503 -0.2257
vn -0.1147 0.7309 -0.6727
vn -0.1727 -0.7444 -0.6450
vn 0.9161 0.3408 -0.2111
vn -0.7909 -0.5301 -0.3058
vn -0.8890 -0.3709 -0.2685
vn -0.7784 -0.4688 0.4175
vn -0.4833 0.5415 -0.6879
vn -0.3266 0.4264 -0.8435
vn -0.1678 0.4778 -0.8623
vn 0.0233 0.0639 0.9977
vn -0.1691 0.5576 -0.8127
vn -0.0936 0.8404 0.5339
vn 0.1799 0.0546 -0.9822
vn 0.9401 0.2374 -0.2445
vn -0.5097 -0.4173 -0.7524
vn -0.4099 -0.9101 -0.0601
vn -0.6020 0.5305 -0.5968
vn 0.1932 -0.9739 -0.1192
vn 0.8392 0.2041 0.5041
vn -0.2155 0.3668 0.9050
vn 0.8670 0.4977 -0.0262
vn 0.2248 0.5477 0.8059
vn -0.0848 0.4646 -0.8814
vn 0.8594 0.0800 0.5051
vn 0.1802 0.7329 -0.6561
vn -0.3946 0.5301 -0.7505
vn 0.8296 -0.4721 -0.2980
vn -0.1850 -0.6664 0.7223
vn 0.8772 -0.4483 0.1718
vn 0.1278 0.0154 -0.9917
vn -0.3446 -0.3419 -0.8743
vn -0.0213 0.7715 -0.6359
vn 0.6820 0.3435 0.6457
vn -0.6341 0.5246 0.5681
vn -0.4837 0.2973 -0.8232
vn 0.4835 -0.7595 -0.4352
vn 0.4813 0.2614 -0.8366
vn 0.1510 0.3131 -0.9376
vn 0.3507 0.9345 0.0608
vn 0.9071 0.0582 0.4169
vn -0.7608 0.6398 0.1086
vn -0.8641 -0.3089 -0.3974
vn 0.9696 -0.2279 -0.0887
vn 0.2980 0.2085 -0.9315
vn 0.1819 0.3122 -0.9324
vn 0.7669 -0.6216 -0.1597
vn 0.3895 -0.4376 -0.8104
vn 0.1877 0.5229 -0.8315
vn 0.8071 -0.1172 0.5787
vn 0.8261 0.0015 0.5635
vn -0.2472 0.6414 0.7263
vn 0.1712 -0.7972 -0.5789
vn 0.9009 -0.3892 0.1920
vn 0.3788 0.0593 -0.9236
vn 0.4861 0.2299 -0.8431
vn 0.8371 -0.5119 0.1931
vn -0.6707 0.3636 -0.6465
vn -0.6093 0.6715 -0.4218
vn 0.7806 -0.1025 0.6166
vn 0.7504 -0.0704 -0.6573
vn 0.1020 0.6071 -0.7881
vn 0.0152 -0.9047 -0.4258
vn 0.2416 -0.7213 -0.6491
vn 0.6578 0.1497 -0.7381
vn 0.7323 0.1193 0.6705
vn 0.1046 -0.8045 -0.5847
vn 0.2359 0.9407 -0.2439
vn 0.5332 -0.7895 0.3039
vn -0.7240 0.4770 0.4983
vn 0.3487 0.9294 -0.1209
vn 0.6177 -0.7104 0.3373
vn 0.1500 -0.3293 0.9322
vn 0.8985 0.4111 0.1539
vn 0.2511 -0.9651 -0.0736
vn -0.6622 -0.1414 -0.7359
vn 0.6208 -0.0683 0.7810
vn -0.8555 -0.4151 0.3096
vn 0.2982 0.4618 0.8354
vn -0.0520 -0.2475 0.9675
vn 0.7602 0.5063 0.4071
vn 0.0927 -0.0758 0.9928
vn 0.2888 0.4587 0.8403
vn -0.9833 0.0410 -0.1772
vn 0.9060 -0.3291 0.2663
vn -0.6204 -0.7465 0.2405
vn -0.0127 -0.1027 0.9946
vn 0.1640 0.6143 0.7718
vn -0.3867 -0.5591 -0.7334
vn -0.9865 -0.1208 0.1106
vn 0.8079 0.5698 -0.1503
vn -0.5748 0.7635 0.2944
vn -0.0553 0.2020 0.9778
vn 0.2334 0.2432 0.9415
vn -0.4321 -0.7504 -0.5001
vn 0.2781 0.2309 0.9324
vn -0.9951 0.0315 -0.0933
vn 0.9932 0.0939 -0.0684
vn 0.8173 0.5462 0.1836
vn 0.1275 0.8743 0.4684
vn -0.4765 -0.2181 0.8517
vn -0.0340 0.0183 -0.9993
vn 0.1294 -0.2281 0.9650
vn 0.0981 0.3856 0.9174
vn -0.5573 -0.2863 -0.7794
vn 0.7522 0.5801 -0.3124
vn 0.9986 -0.0351 -0.0394
vn 0.9478 -0.2589 -0.1861
vn -0.6195 0.1793 0.7642
vn 0.3311 -0.2353 -0.9138
vn 0.8896 -0.4468 0.0949
vn -0.5050 0.1411 0.8515
vn -0.1804 0.1063 -0.9778
vn -0.4635 -0.0617 0.8839
vn -0.0846 0.1560 0.9841
vn -0.7439 -0.2617 -0.6149
vn 0.5834 0.0248 0.8118
vn -0.9965 -0.0744 0.0388
vn 0.9886 0.0400 0.1451
vn 0.8609 0.5055 0.0577
vn 0.9249 0.3580 -0.1280
vn 0.0047 0.0599 -0.9982
vn 0.1944 -0.1360 0.9715
vn 0.2028 0.4350 0.8773
vn -0.7900 -0.1627 -0.5911
vn 0.6772 0.6315 -0.3775
vn 0.9873 0.0162 0.1580
vn -0.4069 -0.0650 0.9112
vn -0.2681 -0.0456 -0.9623
vn -0.2772 0.0324 0.9603
vn 0.0871 0.2683 0.9594
vn -0.1894 -0.0272 -0.9815
vn -0.2536 0.1379 0.9574
vn -0.1476 0.3278 -0.9332
vn -0.9605 0.2079 0.1848
vn -0.5930 -0.5114 -0.6220
vn 0.4505 0.6517 0.6101
vn 0.4999 0.0542 0.8644
vn -0.9997 0.0243 0.0008
vn 0.9890 -0.0535 0.1382
vn 0.8569 0.4931 -0.1500
vn 0.8708 0.3497 -0.3455
vn -0.0390 0.1613 -0.9861
vn -0.0651 -0.3928 0.9173
vn 0.6422 -0.4297 0.6348
vn -0.6970 0.6776 -0.2346
vn -0.0817 -0.5279 0.8453
vn 0.4351 0.6091 -0.6631
vn 0.3205 0.3970 0.8600
vn -0.5023 -0.0940 0.8596
vn -0.3597 0.1252 0.9246
vn -0.8513 0.3040 -0.4276
vn -0.4328 0.4342 0.7900
vn -0.3144 -0.1352 0.9396
vn -0.1712 -0.1424 0.9749
vn -0.0846 -0.8137 -0.5751
vn 0.8750 -0.0716 -0.4789
vn 0.9399 0.0804 -0.3318
vn 0.8544 0.3676 -0.3672
vn 0.9155 0.3205 -0.2433
vn 0.8699 0.4217 0.2557
vn 0.8530 -0.3234 0.4097
vn 0.7310 0.5020 -0.4621
vn 0.9287 -0.1872 -0.3200
vn 0.7484 0.1214 -0.6520
vn -0.6332 0.0955 -0.7680
vn -0.8984 -0.4025 0.1756
vn 0.6367 -0.1629 -0.7537
vn 0.4649 0.5168 -0.7189
vn 0.9024 0.4290 0.0411
vn 0.0072 0.9020 0.4317
vn -0.3480 0.3503 -0.8696
vn 0.2498 -0.4151 -0.8748
vn 0.2253 -0.3916 -0.8921
vn -0.5362 -0.4467 -0.7162
vn -0.9257 -0.2429 0.2898
vn -0.5984 -0.6857 0.4144
vn -0.8450 -0.3007 0.4422
vn -0.6619 -0.2110 -0.7193
vn -0.8109 0.5094 -0.2880
vn 0.1465 -0.1727 -0.9740
vn 0.6736 0.5645 0.4771
vn -0.5872 0.8010 -0.1163
vn -0.6951 0.7183 -0.0307
vn 0.7627 0.4395 -0.4745
vn -0.6209 -0.3918 -0.6789
vn 0.7778 -0.1240 -0.6162
vn -0.7281 -0.6851 -0.0248
# 380 vertex normals

vt 0.7939 -0.5107 0.0000
vt 0.8145 -0.5205 0.0000
vt 0.8096 -0.5049 0.0000
vt 0.8037 -0.4922 0.0000
vt 0.7891 -0.4971 0.0000
vt 0.7754 -0.5166 0.0000
vt 0.7979 -0.5254 0.0000
vt 0.8174 -0.5371 0.0000
vt 0.7988 -0.5400 0.0000
vt 0.7793 -0.5293 0.0000
vt 0.7598 -0.5244 0.0000
vt 0.7539 -0.5117 0.0000
vt 0.7705 -0.5039 0.0000
vt 0.7803 -0.4824 0.0000
vt 0.7637 -0.4912 0.0000
vt 0.7471 -0.5000 0.0000
vt 0.7295 -0.5127 0.0000
vt 0.7363 -0.5234 0.0000
vt 0.7188 -0.5215 0.0000
vt 0.7412 -0.5352 0.0000
vt 0.7627 -0.5352 0.0000
vt 0.7803 -0.5430 0.0000
vt 0.7998 -0.5537 0.0000
vt 0.8174 -0.5527 0.0000
vt 0.8320 -0.5322 0.0000
vt 0.8311 -0.5508 0.0000
vt 0.8311 -0.5605 0.0000
vt 0.8193 -0.5615 0.0000
vt 0.7998 -0.5625 0.0000
vt 0.7803 -0.5547 0.0000
vt 0.7637 -0.5469 0.0000
vt 0.7432 -0.5439 0.0000
vt 0.7246 -0.5498 0.0000
vt 0.7236 -0.5332 0.0000
vt 0.7012 -0.5293 0.0000
vt 0.7070 -0.5459 0.0000
vt 0.7422 -0.5498 0.0000
vt 0.7314 -0.5576 0.0000
vt 0.7607 -0.5566 0.0000
vt 0.7412 -0.5566 0.0000
vt 0.7393 -0.5664 0.0000
vt 0.7607 -0.5654 0.0000
vt 0.7803 -0.5645 0.0000
vt 0.7744 -0.5713 0.0000
vt 0.7812 -0.5723 0.0000
vt 0.7861 -0.5723 0.0000
vt 0.7812 -0.5801 0.0000
vt 0.7744 -0.5811 0.0000
vt 0.7617 -0.5801 0.0000
vt 0.7686 -0.5723 0.0000
vt 0.7588 -0.5723 0.0000
vt 0.7471 -0.5752 0.0000
vt 0.7373 -0.5752 0.0000
vt 0.7197 -0.5723 0.0000
vt 0.7207 -0.5859 0.0000
vt 0.7031 -0.5791 0.0000
vt 0.7373 -0.5869 0.0000
vt 0.7451 -0.5869 0.0000
vt 0.7617 -0.5879 0.0000
vt 0.7783 -0.5869 0.0000
vt 0.7861 -0.5879 0.0000
vt 0.7852 -0.5801 0.0000
vt 0.7930 -0.5801 0.0000
vt 0.7939 -0.5703 0.0000
vt 0.7998 -0.5713 0.0000
vt 0.7979 -0.5820 0.0000
vt 0.7988 -0.5879 0.0000
vt 0.7930 -0.5879 0.0000
vt 0.8018 -0.5957 0.0000
vt 0.7793 -0.5957 0.0000
vt 0.7803 -0.5879 0.0000
vt 0.7598 -0.5957 0.0000
vt 0.7373 -0.6006 0.0000
vt 0.7227 -0.5967 0.0000
vt 0.7041 -0.5908 0.0000
vt 0.6875 -0.5967 0.0000
vt 0.6768 -0.5762 0.0000
vt 0.6943 -0.6074 0.0000
vt 0.7041 -0.6074 0.0000
vt 0.7236 -0.6064 0.0000
vt 0.7373 -0.6084 0.0000
vt 0.7588 -0.6064 0.0000
vt 0.7793 -0.6055 0.0000
vt 0.7578 -0.6152 0.0000
vt 0.7793 -0.6162 0.0000
vt 0.7998 -0.6074 0.0000
vt 0.7998 -0.6182 0.0000
vt 0.8115 -0.5713 0.0000
vt 0.8184 -0.5703 0.0000
vt 0.8174 -0.5791 0.0000
vt 0.8115 -0.5791 0.0000
vt 0.8047 -0.5869 0.0000
vt 0.8105 -0.5869 0.0000
vt 0.8047 -0.5801 0.0000
vt 0.8057 -0.5703 0.0000
vt 0.6748 -0.6240 0.0000
vt 0.6768 -0.5977 0.0000
vt 0.6680 -0.5967 0.0000
vt 0.6631 -0.6035 0.0000
vt 0.6523 -0.5957 0.0000
vt 0.6592 -0.5791 0.0000
vt 0.9258 -0.4883 0.0000
vt 0.9150 -0.4932 0.0000
vt 0.9355 -0.5049 0.0000
vt 0.9365 -0.4922 0.0000
vt 0.9365 -0.4785 0.0000
vt 0.9268 -0.4785 0.0000
vt 0.9199 -0.4775 0.0000
vt 0.9443 -0.4932 0.0000
vt 0.9492 -0.4746 0.0000
vt 0.9561 -0.4805 0.0000
vt 0.9473 -0.5029 0.0000
vt 0.9561 -0.4932 0.0000
vt 0.9717 -0.4824 0.0000
vt 0.9727 -0.4902 0.0000
vt 0.9971 -0.4795 0.0000
vt 0.9736 -0.4980 0.0000
vt 0.9561 -0.5088 0.0000
vt 0.9492 -0.5107 0.0000
vt 0.9424 -0.5186 0.0000
vt 0.9268 -0.5225 0.0000
vt 0.9688 -0.5156 0.0000
vt 0.9795 -0.5020 0.0000
vt 0.9873 -0.5039 0.0000
vt 0.9814 -0.5195 0.0000
vt 0.9678 -0.5254 0.0000
vt 0.9580 -0.5225 0.0000
vt 0.9424 -0.5215 0.0000
vt 0.9531 -0.5322 0.0000
vt 0.9639 -0.5332 0.0000
vt 0.9619 -0.5430 0.0000
vt 0.9766 -0.5371 0.0000
vt 0.9844 -0.5283 0.0000
vt 0.9727 -0.5439 0.0000
vt 0.9727 -0.5498 0.0000
vt 0.9756 -0.5537 0.0000
vt 0.9766 -0.4668 0.0000
vt 0.9766 -0.4756 0.0000
vt 0.9844 -0.4785 0.0000
vt 0.9854 -0.4678 0.0000
vt 0.9932 -0.4717 0.0000
vt 0.9941 -0.4678 0.0000
vt 0.9912 -0.4590 0.0000
vt 0.9844 -0.4590 0.0000
vt 0.9775 -0.4648 0.0000
vt 0.9707 -0.4658 0.0000
vt 0.9668 -0.4746 0.0000
vt 0.9629 -0.4648 0.0000
vt 0.9639 -0.4619 0.0000
vt 0.9727 -0.4590 0.0000
vt 0.9775 -0.4580 0.0000
vt 0.9854 -0.4404 0.0000
vt 0.9912 -0.4414 0.0000
vt 0.9854 -0.4180 0.0000
vt 0.9912 -0.4180 0.0000
vt 0.9795 -0.4189 0.0000
vt 0.9795 -0.4404 0.0000
vt 0.9746 -0.4424 0.0000
vt 0.9668 -0.4570 0.0000
vt 0.9688 -0.4414 0.0000
vt 0.9746 -0.4199 0.0000
vt 0.9736 -0.3906 0.0000
vt 0.9795 -0.3887 0.0000
vt 0.9854 -0.3887 0.0000
vt 0.9922 -0.3887 0.0000
vt 0.9922 -0.3545 0.0000
vt 0.9863 -0.3525 0.0000
vt 0.9971 -0.3145 0.0000
vt 0.9805 -0.3525 0.0000
vt 0.9736 -0.3545 0.0000
vt 0.9668 -0.3887 0.0000
vt 0.9668 -0.4180 0.0000
vt 0.9893 -0.3115 0.0000
vt 0.9980 -0.3076 0.0000
vt 0.9893 -0.3047 0.0000
vt 0.9805 -0.3105 0.0000
vt 0.9727 -0.3135 0.0000
vt 0.9678 -0.3545 0.0000
vt 0.9648 -0.3135 0.0000
vt 0.9727 -0.3076 0.0000
vt 0.9805 -0.3047 0.0000
vt 0.9883 -0.2988 0.0000
vt 0.9961 -0.3018 0.0000
vt 0.9805 -0.2988 0.0000
vt 0.9727 -0.3018 0.0000
vt 0.9648 -0.3018 0.0000
vt 0.9639 -0.3086 0.0000
vt 0.9404 -0.2959 0.0000
vt 0.9346 -0.2949 0.0000
vt 0.9268 -0.3428 0.0000
vt 0.9326 -0.3467 0.0000
vt 0.9463 -0.2969 0.0000
vt 0.9189 -0.3877 0.0000
vt 0.9424 -0.3477 0.0000
vt 0.9268 -0.3936 0.0000
vt 0.9160 -0.3945 0.0000
vt 0.9238 -0.4043 0.0000
vt 0.9404 -0.4023 0.0000
vt 0.9404 -0.3945 0.0000
vt 0.9541 -0.3945 0.0000
vt 0.9531 -0.3486 0.0000
vt 0.9521 -0.3232 0.0000
vt 0.9443 -0.3213 0.0000
vt 0.9512 -0.2979 0.0000
vt 0.9590 -0.3213 0.0000
vt 0.9609 -0.3447 0.0000
vt 0.9609 -0.3896 0.0000
vt 0.9619 -0.3965 0.0000
vt 0.9570 -0.4033 0.0000
vt 0.9580 -0.2969 0.0000
vt 0.9062 -0.2549 0.0000
vt 0.9072 -0.2969 0.0000
vt 0.9111 -0.2949 0.0000
vt 0.9111 -0.2559 0.0000
vt 0.9111 -0.2246 0.0000
vt 0.9062 -0.2227 0.0000
vt 0.9170 -0.2549 0.0000
vt 0.9150 -0.2969 0.0000
vt 0.9189 -0.2949 0.0000
vt 0.9209 -0.2559 0.0000
vt 0.9238 -0.2256 0.0000
vt 0.9180 -0.2246 0.0000
vt 0.9189 -0.2197 0.0000
vt 0.9121 -0.2188 0.0000
vt 0.9053 -0.2168 0.0000
vt 0.9121 -0.2139 0.0000
vt 0.9189 -0.2148 0.0000
vt 0.9238 -0.2197 0.0000
vt 0.9297 -0.2236 0.0000
vt 0.9268 -0.2559 0.0000
vt 0.9229 -0.2969 0.0000
vt 0.9072 -0.2129 0.0000
vt 0.9121 -0.1982 0.0000
vt 0.9199 -0.1982 0.0000
vt 0.9238 -0.2139 0.0000
vt 0.9307 -0.2178 0.0000
vt 0.9297 -0.2129 0.0000
vt 0.9248 -0.1982 0.0000
vt 0.9209 -0.1768 0.0000
vt 0.9141 -0.1758 0.0000
vt 0.9062 -0.1973 0.0000
vt 0.9082 -0.1729 0.0000
vt 0.9150 -0.1436 0.0000
vt 0.9229 -0.1465 0.0000
vt 0.9258 -0.1758 0.0000
vt 0.9316 -0.1982 0.0000
vt 0.9316 -0.1738 0.0000
vt 0.9277 -0.1455 0.0000
vt 0.9229 -0.1309 0.0000
vt 0.9160 -0.1299 0.0000
vt 0.9082 -0.1426 0.0000
vt 0.9082 -0.1289 0.0000
vt 0.9160 -0.1211 0.0000
vt 0.9229 -0.1211 0.0000
vt 0.9297 -0.1318 0.0000
vt 0.9346 -0.1445 0.0000
vt 0.9385 -0.1299 0.0000
vt 0.9316 -0.1221 0.0000
vt 0.9229 -0.1064 0.0000
vt 0.9355 -0.1045 0.0000
vt 0.9395 -0.1211 0.0000
vt 0.9443 -0.1084 0.0000
vt 0.9404 -0.0947 0.0000
vt 0.9297 -0.0977 0.0000
vt 0.9150 -0.0967 0.0000
vt 0.9062 -0.1055 0.0000
vt 0.9092 -0.1191 0.0000
vt 0.9658 -0.8525 0.0000
vt 0.9688 -0.8506 0.0000
vt 0.9648 -0.8389 0.0000
vt 0.9609 -0.8535 0.0000
vt 0.9688 -0.8369 0.0000
vt 0.9736 -0.8496 0.0000
vt 0.9629 -0.8174 0.0000
vt 0.9600 -0.8379 0.0000
vt 0.9551 -0.8535 0.0000
vt 0.9531 -0.8389 0.0000
vt 0.9570 -0.8164 0.0000
vt 0.9580 -0.7793 0.0000
vt 0.9668 -0.8164 0.0000
vt 0.9746 -0.8369 0.0000
vt 0.9814 -0.8496 0.0000
vt 0.9814 -0.8359 0.0000
vt 0.9727 -0.8154 0.0000
vt 0.9697 -0.7773 0.0000
vt 0.9639 -0.7773 0.0000
vt 0.9541 -0.7432 0.0000
vt 0.9531 -0.7783 0.0000
vt 0.9502 -0.8174 0.0000
vt 0.9463 -0.8389 0.0000
vt 0.9443 -0.8525 0.0000
vt 0.9434 -0.8184 0.0000
vt 0.9463 -0.7793 0.0000
vt 0.9463 -0.7432 0.0000
vt 0.9502 -0.7129 0.0000
vt 0.9600 -0.7422 0.0000
vt 0.9678 -0.7412 0.0000
vt 0.9766 -0.7764 0.0000
vt 0.9795 -0.8145 0.0000
vt 0.9883 -0.8350 0.0000
vt 0.9922 -0.8477 0.0000
vt 0.9863 -0.8145 0.0000
vt 0.9844 -0.7764 0.0000
vt 0.9785 -0.7402 0.0000
vt 0.9873 -0.7393 0.0000
vt 0.9658 -0.7100 0.0000
vt 0.9570 -0.7109 0.0000
vt 0.9473 -0.6914 0.0000
vt 0.9414 -0.7119 0.0000
vt 0.9375 -0.7432 0.0000
vt 0.9385 -0.7803 0.0000
vt 0.9268 -0.7461 0.0000
vt 0.9326 -0.7109 0.0000
vt 0.9375 -0.6895 0.0000
vt 0.9443 -0.6670 0.0000
vt 0.9551 -0.6895 0.0000
vt 0.9658 -0.6885 0.0000
vt 0.9775 -0.7080 0.0000
vt 0.9873 -0.7070 0.0000
vt 0.9795 -0.6855 0.0000
vt 0.9893 -0.6846 0.0000
vt 0.9668 -0.6641 0.0000
vt 0.9814 -0.6631 0.0000
vt 0.9941 -0.6650 0.0000
vt 0.9844 -0.6416 0.0000
vt 0.9668 -0.6406 0.0000
vt 0.9521 -0.6406 0.0000
vt 0.9531 -0.6650 0.0000
vt 0.9434 -0.6445 0.0000
vt 0.9336 -0.6660 0.0000
vt 0.9268 -0.6895 0.0000
vt 0.9189 -0.7139 0.0000
vt 0.9131 -0.6924 0.0000
vt 0.9209 -0.6689 0.0000
vt 0.9307 -0.6455 0.0000
vt 0.9287 -0.6299 0.0000
vt 0.9424 -0.6279 0.0000
vt 0.9512 -0.6230 0.0000
vt 0.9648 -0.6240 0.0000
vt 0.9844 -0.6270 0.0000
vt 0.9971 -0.6279 0.0000
vt 0.9990 -0.6426 0.0000
vt 0.9932 -0.6172 0.0000
vt 0.9814 -0.6152 0.0000
vt 0.9648 -0.6133 0.0000
vt 0.9277 -0.6152 0.0000
vt 0.9111 -0.6211 0.0000
vt 0.9131 -0.6348 0.0000
vt 0.9150 -0.6484 0.0000
vt 0.9053 -0.6738 0.0000
vt 0.8945 -0.6543 0.0000
vt 0.8926 -0.6387 0.0000
vt 0.8945 -0.6270 0.0000
vt 0.8926 -0.3477 0.0000
vt 0.8838 -0.3525 0.0000
vt 0.8926 -0.3574 0.0000
vt 0.9014 -0.3535 0.0000
vt 0.8857 -0.3447 0.0000
vt 0.8789 -0.3428 0.0000
vt 0.8926 -0.3320 0.0000
vt 0.8994 -0.3447 0.0000
vt 0.9062 -0.3428 0.0000
vt 0.8984 -0.3320 0.0000
vt 0.9043 -0.3311 0.0000
vt 0.8926 -0.3164 0.0000
vt 0.8867 -0.3311 0.0000
vt 0.8818 -0.3311 0.0000
vt 0.8877 -0.3154 0.0000
vt 0.8828 -0.3135 0.0000
vt 0.8926 -0.3086 0.0000
vt 0.8965 -0.3164 0.0000
vt 0.9023 -0.3135 0.0000
vt 0.8975 -0.3086 0.0000
vt 0.9043 -0.2959 0.0000
vt 0.8994 -0.2959 0.0000
vt 0.8945 -0.2949 0.0000
vt 0.8877 -0.3066 0.0000
vt 0.8838 -0.2959 0.0000
vt 0.8896 -0.2930 0.0000
# 379 texture coords

o Object008
g Object008
usemtl c1200_1
s 1
f 522/330/551 523/331/552 524/332/553 
f 524/332/553 525/333/554 522/330/551 
f 522/330/551 525/333/554 526/334/555 
f 522/330/551 526/334/555 527/335/556 
f 527/335/556 528/336/557 522/330/551 
f 523/331/552 522/330/551 528/336/557 
f 528/336/557 529/337/558 523/331/552 
f 530/338/559 529/337/558 528/336/557 
f 528/336/557 531/339/560 530/338/559 
f 531/339/560 528/336/557 527/335/556 
f 527/335/556 532/340/561 531/339/560 
f 533/341/562 532/340/561 527/335/556 
f 527/335/556 534/342/563 533/341/562 
f 534/342/563 527/335/556 526/334/555 
f 526/334/555 535/343/564 534/342/563 
f 536/344/565 534/342/563 535/343/564 
f 533/341/562 534/342/563 536/344/565 
f 536/344/565 537/345/566 533/341/562 
f 538/346/567 533/341/562 537/345/566 
f 533/341/562 538/346/567 539/347/568 
f 539/347/568 532/340/561 533/341/562 
f 540/348/569 539/347/568 538/346/567 
f 532/340/561 539/347/568 541/349/570 
f 541/349/570 542/350/571 532/340/561 
f 531/339/560 532/340/561 542/350/571 
f 542/350/571 543/351/572 531/339/560 
f 530/338/559 531/339/560 543/351/572 
f 543/351/572 544/352/573 530/338/559 
f 545/353/574 530/338/559 544/352/573 
f 529/337/558 530/338/559 545/353/574 
f 545/353/574 546/354/575 529/337/558 
f 546/354/575 545/353/574 547/355/576 
f 547/355/576 545/353/574 548/356/577 
f 548/356/577 545/353/574 549/357/578 
f 550/358/579 549/357/578 545/353/574 
f 545/353/574 544/352/573 550/358/579 
f 551/359/580 550/358/579 544/352/573 
f 544/352/573 543/351/572 551/359/580 
f 552/360/581 551/359/580 543/351/572 
f 543/351/572 542/350/571 552/360/581 
f 553/361/582 552/360/581 542/350/571 
f 542/350/571 541/349/570 553/361/582 
f 554/362/583 553/361/582 541/349/570 
f 541/349/570 555/363/584 554/362/583 
f 555/363/584 541/349/570 539/347/568 
f 539/347/568 540/348/569 555/363/584 
f 556/364/585 555/363/584 540/348/569 
f 555/363/584 556/364/585 557/365/586 
f 557/365/586 554/362/583 555/363/584 
f 558/366/587 553/361/582 554/362/583 
f 554/362/583 559/367/588 558/366/587 
f 552/360/581 553/361/582 558/366/587 
f 558/366/587 560/368/589 552/360/581 
f 551/359/580 552/360/581 560/368/589 
f 561/369/590 560/368/589 558/366/587 
f 558/366/587 559/367/588 561/369/590 
f 562/370/591 561/369/590 559/367/588 
f 560/368/589 561/369/590 562/370/591 
f 562/370/591 563/371/592 560/368/589 
f 551/359/580 560/368/589 563/371/592 
f 563/371/592 564/372/593 551/359/580 
f 550/358/579 551/359/580 564/372/593 
f 564/372/593 563/371/592 565/373/594 
f 565/373/594 566/374/595 564/372/593 
f 567/375/596 564/372/593 566/374/595 
f 550/358/579 564/372/593 567/375/596 
f 568/376/597 567/375/596 566/374/595 
f 566/374/595 565/373/594 568/376/597 
f 569/377/598 568/376/597 565/373/594 
f 565/373/594 570/378/599 569/377/598 
f 571/379/600 570/378/599 565/373/594 
f 565/373/594 563/371/592 571/379/600 
f 572/380/601 570/378/599 571/379/600 
f 571/379/600 563/371/592 572/380/601 
f 573/381/602 572/380/601 563/371/592 
f 563/371/592 562/370/591 573/381/602 
f 570/378/599 572/380/601 573/381/602 
f 574/382/603 573/381/602 562/370/591 
f 562/370/591 575/383/604 574/382/603 
f 559/367/588 575/383/604 562/370/591 
f 576/384/605 574/382/603 575/383/604 
f 575/383/604 577/385/606 576/384/605 
f 574/382/603 576/384/605 578/386/607 
f 578/386/607 579/387/608 574/382/603 
f 573/381/602 574/382/603 579/387/608 
f 579/387/608 570/378/599 573/381/602 
f 570/378/599 579/387/608 580/388/609 
f 580/388/609 569/377/598 570/378/599 
f 569/377/598 580/388/609 581/389/610 
f 581/389/610 568/376/597 569/377/598 
f 568/376/597 581/389/610 582/390/611 
f 582/390/611 583/391/612 568/376/597 
f 567/375/596 568/376/597 583/391/612 
f 583/391/612 584/392/613 567/375/596 
f 582/390/611 584/392/613 583/391/612 
f 567/375/596 584/392/613 585/393/614 
f 585/393/614 550/358/579 567/375/596 
f 586/394/615 550/358/579 585/393/614 
f 585/393/614 584/392/613 586/394/615 
f 587/395/616 586/394/615 584/392/613 
f 584/392/613 588/396/617 587/395/616 
f 589/397/618 588/396/617 584/392/613 
f 584/392/613 582/390/611 589/397/618 
f 590/398/619 588/396/617 589/397/618 
f 589/397/618 582/390/611 590/398/619 
f 591/399/620 590/398/619 582/390/611 
f 582/390/611 592/400/621 591/399/620 
f 592/400/621 582/390/611 581/389/610 
f 581/389/610 591/399/620 592/400/621 
f 591/399/620 581/389/610 580/388/609 
f 580/388/609 593/401/622 591/399/620 
f 593/401/622 580/388/609 579/387/608 
f 579/387/608 594/402/623 593/401/622 
f 594/402/623 579/387/608 578/386/607 
f 578/386/607 595/403/624 594/402/623 
f 595/403/624 578/386/607 576/384/605 
f 576/384/605 596/404/625 595/403/624 
f 596/404/625 576/384/605 577/385/606 
f 577/385/606 597/405/626 596/404/625 
f 598/406/627 597/405/626 577/385/606 
f 596/404/625 597/405/626 599/407/628 
f 599/407/628 556/408/629 596/404/625 
f 595/403/624 596/404/625 556/408/629 
f 556/408/629 540/409/630 595/403/624 
f 594/402/623 595/403/624 540/409/630 
f 540/409/630 538/410/631 594/402/623 
f 600/411/632 594/402/623 538/410/631 
f 593/401/622 594/402/623 600/411/632 
f 600/411/632 591/399/620 593/401/622 
f 591/399/620 600/411/632 601/412/633 
f 601/412/633 590/398/619 591/399/620 
f 537/413/634 601/412/633 600/411/632 
f 600/411/632 538/410/631 537/413/634 
f 601/412/633 537/413/634 536/414/635 
f 536/414/635 602/415/636 601/412/633 
f 590/398/619 601/412/633 602/415/636 
f 602/415/636 536/414/635 535/416/637 
f 603/417/638 604/418/639 549/357/578 
f 605/419/640 604/418/639 603/417/638 
f 550/358/579 603/417/638 549/357/578 
f 605/419/640 603/417/638 606/420/641 
f 607/421/642 588/396/617 590/398/619 
f 607/421/642 608/422/643 609/423/644 
f 609/423/644 588/396/617 607/421/642 
f 609/423/644 608/422/643 606/420/641 
f 606/420/641 603/417/638 609/423/644 
f 610/424/645 609/423/644 603/417/638 
f 603/417/638 550/358/579 610/424/645 
f 586/394/615 610/424/645 550/358/579 
f 609/423/644 610/424/645 586/394/615 
f 586/394/615 587/395/616 609/423/644 
f 588/396/617 609/423/644 587/395/616 
f 611/425/646 599/407/628 597/405/626 
f 597/405/626 612/426/647 611/425/646 
f 612/426/647 597/405/626 598/406/627 
f 613/427/648 611/425/646 612/426/647 
f 612/426/647 598/406/627 613/427/648 
f 599/428/649 611/425/646 613/427/648 
f 613/427/648 556/429/650 599/428/649 
f 557/430/651 556/429/650 613/427/648 
f 613/427/648 598/406/627 557/430/651 
f 614/431/652 615/432/653 616/433/654 
f 616/433/654 617/434/655 614/431/652 
f 618/435/656 614/431/652 617/434/655 
f 614/431/652 618/435/656 619/436/657 
f 619/436/657 620/437/658 614/431/652 
f 618/435/656 617/434/655 621/438/659 
f 621/438/659 622/439/660 618/435/656 
f 616/433/654 621/438/659 617/434/655 
f 623/440/661 622/439/660 621/438/659 
f 621/438/659 616/433/654 624/441/662 
f 624/441/662 625/442/663 621/438/659 
f 623/440/661 621/438/659 625/442/663 
f 625/442/663 626/443/664 623/440/661 
f 626/443/664 625/442/663 627/444/665 
f 627/444/665 628/445/666 626/443/664 
f 627/444/665 625/442/663 629/446/667 
f 629/446/667 628/445/666 627/444/665 
f 630/447/668 629/446/667 625/442/663 
f 625/442/663 624/441/662 630/447/668 
f 631/448/669 630/447/668 624/441/662 
f 624/441/662 632/449/670 631/448/669 
f 632/449/670 624/441/662 616/433/654 
f 616/433/654 633/450/671 632/449/670 
f 629/446/667 630/447/668 634/451/672 
f 634/451/672 635/452/673 629/446/667 
f 628/445/666 629/446/667 635/452/673 
f 635/452/673 634/451/672 626/453/674 
f 626/453/674 628/445/666 635/452/673 
f 623/454/675 626/453/674 634/451/672 
f 634/451/672 636/455/676 623/454/675 
f 637/456/677 636/455/676 634/451/672 
f 634/451/672 630/447/668 637/456/677 
f 631/448/669 637/456/677 630/447/668 
f 637/456/677 631/448/669 638/457/678 
f 638/457/678 639/458/679 637/456/677 
f 640/459/680 637/456/677 639/458/679 
f 636/455/676 637/456/677 640/459/680 
f 640/459/680 639/458/679 641/460/681 
f 636/455/676 640/459/680 642/461/682 
f 642/461/682 622/462/683 636/455/676 
f 623/454/675 636/455/676 622/462/683 
f 643/463/684 642/461/682 640/459/680 
f 640/459/680 641/460/681 643/463/684 
f 644/464/685 643/463/684 641/460/681 
f 641/460/681 620/465/686 644/464/685 
f 615/466/687 641/467/688 639/468/689 
f 639/468/689 645/469/690 615/466/687 
f 645/469/690 639/468/689 633/470/691 
f 633/470/691 646/471/692 645/469/690 
f 647/472/693 645/469/690 646/471/692 
f 645/469/690 647/472/693 648/473/694 
f 648/473/694 649/474/695 645/469/690 
f 615/466/687 645/469/690 649/474/695 
f 649/474/695 650/475/696 615/466/687 
f 616/476/697 615/466/687 650/475/696 
f 650/475/696 633/477/698 616/476/697 
f 646/478/699 633/477/698 650/475/696 
f 650/475/696 651/479/700 646/478/699 
f 651/479/700 650/475/696 649/474/695 
f 649/474/695 652/480/701 651/479/700 
f 652/480/701 649/474/695 648/473/694 
f 648/473/694 653/481/702 652/480/701 
f 654/482/703 653/481/702 648/473/694 
f 648/473/694 647/472/693 654/482/703 
f 655/483/704 653/481/702 654/482/703 
f 654/482/703 656/484/705 655/483/704 
f 653/481/702 655/483/704 657/485/706 
f 657/485/706 658/486/707 653/481/702 
f 652/480/701 653/481/702 658/486/707 
f 658/486/707 659/487/708 652/480/701 
f 651/479/700 652/480/701 659/487/708 
f 659/487/708 647/488/709 651/479/700 
f 646/478/699 651/479/700 647/488/709 
f 654/489/710 647/488/709 659/487/708 
f 659/487/708 660/490/711 654/489/710 
f 660/490/711 659/487/708 658/486/707 
f 658/486/707 657/485/706 660/490/711 
f 661/491/712 660/490/711 657/485/706 
f 657/485/706 662/492/713 661/491/712 
f 662/492/713 657/485/706 655/483/704 
f 655/483/704 663/493/714 662/492/713 
f 663/493/714 655/483/704 656/484/705 
f 656/484/705 664/494/715 663/493/714 
f 665/495/716 663/493/714 664/494/715 
f 663/493/714 665/495/716 666/496/717 
f 666/496/717 662/492/713 663/493/714 
f 667/497/718 666/496/717 665/495/716 
f 662/492/713 666/496/717 668/498/719 
f 668/498/719 669/499/720 662/492/713 
f 661/491/712 662/492/713 669/499/720 
f 669/499/720 664/500/721 661/491/712 
f 656/501/722 661/491/712 664/500/721 
f 660/490/711 661/491/712 656/501/722 
f 656/501/722 654/489/710 660/490/711 
f 670/502/723 668/498/719 666/496/717 
f 666/496/717 667/497/718 670/502/723 
f 671/503/724 670/502/723 667/497/718 
f 670/502/723 671/503/724 672/504/725 
f 672/504/725 673/505/726 670/502/723 
f 668/498/719 670/502/723 673/505/726 
f 673/505/726 674/506/727 668/498/719 
f 669/499/720 668/498/719 674/506/727 
f 674/506/727 665/507/728 669/499/720 
f 664/500/721 669/499/720 665/507/728 
f 667/508/729 665/507/728 674/506/727 
f 674/506/727 675/509/730 667/508/729 
f 675/509/730 674/506/727 673/505/726 
f 673/505/726 676/510/731 675/509/730 
f 676/510/731 673/505/726 672/504/725 
f 672/504/725 677/511/732 676/510/731 
f 678/512/733 677/511/732 672/504/725 
f 672/504/725 671/503/724 678/512/733 
f 676/510/731 677/511/732 679/513/734 
f 679/513/734 680/514/735 676/510/731 
f 675/509/730 676/510/731 680/514/735 
f 680/514/735 678/515/736 675/509/730 
f 671/516/737 675/509/730 678/515/736 
f 667/508/729 675/509/730 671/516/737 
f 681/517/738 682/518/739 683/519/740 
f 683/519/740 684/520/741 681/517/738 
f 685/521/742 681/517/738 684/520/741 
f 686/522/743 684/520/741 683/519/740 
f 687/523/744 685/521/742 684/520/741 
f 684/520/741 688/524/745 687/523/744 
f 688/524/745 684/520/741 686/522/743 
f 686/522/743 620/525/746 688/524/745 
f 641/526/747 688/524/745 620/525/746 
f 688/524/745 641/526/747 615/527/748 
f 615/527/748 689/528/749 688/524/745 
f 687/523/744 688/524/745 689/528/749 
f 689/528/749 615/527/748 690/529/750 
f 690/529/750 691/530/751 689/528/749 
f 687/523/744 689/528/749 691/530/751 
f 691/530/751 692/531/752 687/523/744 
f 693/532/753 687/523/744 692/531/752 
f 692/531/752 694/533/754 693/532/753 
f 685/521/755 693/532/753 694/533/754 
f 695/534/756 694/533/754 692/531/752 
f 692/531/752 683/535/757 695/534/756 
f 683/535/757 692/531/752 691/530/751 
f 691/530/751 686/536/758 683/535/757 
f 686/536/758 691/530/751 690/529/750 
f 690/529/750 620/537/759 686/536/758 
f 614/538/760 620/537/759 690/529/750 
f 690/529/750 615/527/748 614/538/760 
f 694/533/754 695/534/756 682/539/761 
f 696/540/762 697/541/763 698/542/764 
f 698/542/764 699/543/765 696/540/762 
f 700/544/766 696/540/762 699/543/765 
f 701/545/767 696/540/762 700/544/766 
f 702/546/768 700/544/766 699/543/765 
f 699/543/765 698/542/764 702/546/768 
f 703/547/769 702/546/768 698/542/764 
f 702/546/768 703/547/769 704/548/770 
f 704/548/770 705/549/771 702/546/768 
f 706/550/772 702/546/768 705/549/771 
f 702/546/768 706/550/772 707/551/773 
f 707/551/773 700/544/766 702/546/768 
f 708/552/774 700/544/766 707/551/773 
f 707/551/773 706/550/772 708/552/774 
f 700/544/766 708/552/774 709/553/775 
f 709/553/775 701/545/767 700/544/766 
f 710/554/776 701/545/767 709/553/775 
f 709/553/775 711/555/777 710/554/776 
f 712/556/778 711/555/777 709/553/775 
f 709/553/775 708/552/774 712/556/778 
f 713/557/779 712/556/778 708/552/774 
f 708/552/774 706/550/772 713/557/779 
f 701/558/780 713/557/779 706/550/772 
f 706/550/772 696/559/781 701/558/780 
f 696/559/781 706/550/772 705/549/771 
f 705/549/771 704/548/770 696/559/781 
f 697/560/782 696/559/781 704/548/770 
f 714/561/783 710/554/776 711/555/777 
f 711/555/777 715/562/784 714/561/783 
f 716/563/785 715/562/784 711/555/777 
f 711/555/777 712/556/778 716/563/785 
f 717/564/786 716/563/785 712/556/778 
f 712/556/778 713/557/779 717/564/786 
f 710/565/787 717/564/786 713/557/779 
f 713/557/779 701/558/780 710/565/787 
f 717/564/786 710/565/787 714/566/788 
f 714/566/788 718/567/789 717/564/786 
f 716/563/785 717/564/786 718/567/789 
f 718/567/789 719/568/790 716/563/785 
f 715/562/784 716/563/785 719/568/790 
f 719/568/790 720/569/791 715/562/784 
f 721/570/792 715/562/784 720/569/791 
f 714/561/783 715/562/784 721/570/792 
f 722/571/793 721/570/792 720/569/791 
f 720/569/791 723/572/794 722/571/793 
f 724/573/795 723/572/794 720/569/791 
f 720/569/791 719/568/790 724/573/795 
f 725/574/796 724/573/795 719/568/790 
f 719/568/790 718/567/789 725/574/796 
f 721/575/797 725/574/796 718/567/789 
f 718/567/789 714/566/788 721/575/797 
f 725/574/796 721/575/797 722/576/798 
f 722/576/798 726/577/799 725/574/796 
f 724/573/795 725/574/796 726/577/799 
f 726/577/799 727/578/800 724/573/795 
f 723/572/794 724/573/795 727/578/800 
f 727/578/800 728/579/801 723/572/794 
f 729/580/802 723/572/794 728/579/801 
f 722/571/793 723/572/794 729/580/802 
f 730/581/803 729/580/802 728/579/801 
f 728/579/801 731/582/804 730/581/803 
f 732/583/805 731/582/804 728/579/801 
f 728/579/801 727/578/800 732/583/805 
f 733/584/806 732/583/805 727/578/800 
f 727/578/800 726/577/799 733/584/806 
f 729/585/807 733/584/806 726/577/799 
f 726/577/799 722/576/798 729/585/807 
f 733/584/806 729/585/807 730/586/808 
f 730/586/808 734/587/809 733/584/806 
f 732/583/805 733/584/806 734/587/809 
f 734/587/809 735/588/810 732/583/805 
f 731/582/804 732/583/805 735/588/810 
f 736/589/811 735/588/810 734/587/809 
f 734/587/809 737/590/812 736/589/811 
f 730/586/808 737/590/812 734/587/809 
f 736/589/811 737/590/812 633/591/813 
f 633/591/813 639/592/814 736/589/811 
f 638/593/815 736/589/811 639/592/814 
f 735/588/810 736/589/811 638/593/815 
f 731/582/804 735/588/810 632/594/816 
f 632/594/816 633/595/817 731/582/804 
f 737/596/818 731/582/804 633/595/817 
f 730/581/803 731/582/804 737/596/818 
f 644/597/819 620/598/820 738/599/821 
f 738/599/821 643/600/822 644/597/819 
f 739/601/823 738/599/821 620/598/820 
f 620/598/820 619/602/824 739/601/823 
f 738/599/821 739/601/823 740/603/825 
f 740/603/825 741/604/826 738/599/821 
f 643/600/822 738/599/821 741/604/826 
f 741/604/826 642/605/827 643/600/822 
f 742/606/828 642/605/827 741/604/826 
f 741/604/826 743/607/829 742/606/828 
f 743/607/829 741/604/826 740/603/825 
f 740/603/825 744/608/830 743/607/829 
f 745/609/831 744/608/830 740/603/825 
f 740/603/825 739/601/823 745/609/831 
f 746/610/832 745/609/831 739/601/823 
f 739/601/823 619/602/824 746/610/832 
f 618/611/833 746/610/832 619/602/824 
f 746/610/832 618/611/833 747/612/834 
f 747/612/834 748/613/835 746/610/832 
f 745/609/831 746/610/832 748/613/835 
f 748/613/835 749/614/836 745/609/831 
f 750/615/837 745/609/831 749/614/836 
f 744/608/830 745/609/831 750/615/837 
f 750/615/837 751/616/838 744/608/830 
f 752/617/839 744/608/830 751/616/838 
f 743/607/829 744/608/830 752/617/839 
f 752/617/839 753/618/840 743/607/829 
f 742/606/828 743/607/829 753/618/840 
f 753/618/840 754/619/841 742/606/828 
f 622/620/842 742/606/828 754/619/841 
f 642/605/827 742/606/828 622/620/842 
f 755/621/843 754/619/841 753/618/840 
f 753/618/840 756/622/844 755/621/843 
f 756/622/844 753/618/840 752/617/839 
f 752/617/839 757/623/845 756/622/844 
f 757/623/845 752/617/839 751/616/838 
f 751/616/838 758/624/846 757/623/845 
f 759/625/847 758/624/846 751/616/838 
f 751/616/838 750/615/837 759/625/847 
f 760/626/848 759/625/847 750/615/837 
f 750/615/837 749/614/836 760/626/848 
f 761/627/849 760/626/848 749/614/836 
f 749/614/836 748/613/835 761/627/849 
f 762/628/850 761/627/849 748/613/835 
f 748/613/835 747/612/834 762/628/850 
f 754/629/851 762/628/850 747/612/834 
f 747/612/834 622/630/852 754/629/851 
f 622/630/852 747/612/834 618/611/833 
f 762/628/850 754/629/851 755/631/853 
f 755/631/853 763/632/854 762/628/850 
f 761/627/849 762/628/850 763/632/854 
f 763/632/854 764/633/855 761/627/849 
f 760/626/848 761/627/849 764/633/855 
f 764/633/855 763/632/854 765/634/856 
f 760/626/848 764/633/855 766/635/857 
f 766/635/857 767/636/858 760/626/848 
f 759/625/847 760/626/848 767/636/858 
f 767/636/858 758/624/846 759/625/847 
f 758/624/846 767/636/858 768/637/859 
f 768/637/859 769/638/860 758/624/846 
f 757/623/845 758/624/846 769/638/860 
f 769/638/860 770/639/861 757/623/845 
f 756/622/844 757/623/845 770/639/861 
f 770/639/861 763/640/862 756/622/844 
f 755/621/843 756/622/844 763/640/862 
f 765/641/863 763/640/862 770/639/861 
f 770/639/861 771/642/864 765/641/863 
f 771/642/864 770/639/861 769/638/860 
f 769/638/860 772/643/865 771/642/864 
f 772/643/865 769/638/860 768/637/859 
f 768/637/859 773/644/866 772/643/865 
f 774/645/867 773/644/866 768/637/859 
f 768/637/859 767/636/858 774/645/867 
f 766/635/857 774/645/867 767/636/858 
f 775/646/868 774/645/867 766/635/857 
f 766/635/857 776/647/869 775/646/868 
f 776/647/869 766/635/857 764/633/855 
f 764/633/855 765/634/856 776/647/869 
f 777/648/870 776/647/869 765/634/856 
f 776/647/869 777/648/870 778/649/871 
f 778/649/871 775/646/868 776/647/869 
f 778/649/871 777/648/870 779/650/872 
f 780/651/873 775/646/868 778/649/871 
f 778/649/871 779/650/872 781/652/874 
f 781/652/874 780/651/873 778/649/871 
f 781/652/874 779/650/872 782/653/875 
f 782/653/875 783/654/876 781/652/874 
f 784/655/877 781/652/874 783/654/876 
f 780/651/873 781/652/874 784/655/877 
f 784/655/877 785/656/878 780/651/873 
f 786/657/879 780/651/873 785/656/878 
f 775/646/868 780/651/873 786/657/879 
f 786/657/879 774/645/867 775/646/868 
f 773/644/866 774/645/867 786/657/879 
f 786/657/879 787/658/880 773/644/866 
f 787/658/880 786/657/879 785/656/878 
f 773/644/866 787/658/880 788/659/881 
f 788/659/881 772/643/865 773/644/866 
f 772/643/865 788/659/881 789/660/882 
f 789/660/882 771/642/864 772/643/865 
f 771/642/864 789/660/882 777/661/883 
f 777/661/883 765/641/863 771/642/864 
f 779/662/884 777/661/883 789/660/882 
f 789/660/882 790/663/885 779/662/884 
f 790/663/885 789/660/882 788/659/881 
f 788/659/881 791/664/886 790/663/885 
f 791/664/886 788/659/881 787/658/880 
f 787/658/880 792/665/887 791/664/886 
f 793/666/888 792/665/887 787/658/880 
f 787/658/880 785/656/878 793/666/888 
f 598/667/889 793/666/888 785/656/878 
f 785/656/878 794/668/890 598/667/889 
f 794/668/890 785/656/878 784/655/877 
f 784/655/877 795/669/891 794/668/890 
f 795/669/891 784/655/877 783/654/876 
f 783/654/876 796/670/892 795/669/891 
f 797/671/893 796/670/892 783/654/876 
f 783/654/876 782/653/875 797/671/893 
f 795/669/891 796/670/892 559/672/894 
f 559/672/894 554/673/895 795/669/891 
f 794/668/890 795/669/891 554/673/895 
f 554/673/895 557/674/896 794/668/890 
f 598/667/889 794/668/890 557/674/896 
f 793/666/888 598/667/889 577/675/897 
f 577/675/897 792/665/887 793/666/888 
f 792/665/887 577/675/897 575/676/898 
f 575/676/898 798/677/899 792/665/887 
f 791/664/886 792/665/887 798/677/899 
f 798/677/899 799/678/900 791/664/886 
f 790/663/885 791/664/886 799/678/900 
f 799/678/900 782/679/901 790/663/885 
f 779/662/884 790/663/885 782/679/901 
f 797/680/902 782/679/901 799/678/900 
f 799/678/900 796/681/903 797/680/902 
f 796/681/903 799/678/900 798/677/899 
f 798/677/899 559/682/904 796/681/903 
f 559/682/904 798/677/899 575/676/898 
f 800/683/905 638/684/906 631/685/907 
f 631/685/907 632/686/908 800/683/905 
f 638/684/906 800/683/905 801/687/909 
f 801/687/909 735/688/910 638/684/906 
f 802/689/911 801/687/909 800/683/905 
f 800/683/905 803/690/912 802/689/911 
f 803/690/912 800/683/905 632/686/908 
f 632/686/908 735/691/913 803/690/912 
f 804/692/914 803/690/912 735/691/913 
f 802/689/911 803/690/912 804/692/914 
f 804/692/914 735/691/913 805/693/915 
f 802/689/911 804/692/914 806/694/916 
f 806/694/916 807/695/917 802/689/911 
f 801/687/909 802/689/911 807/695/917 
f 807/695/917 735/688/910 801/687/909 
f 805/696/918 735/688/910 807/695/917 
f 807/695/917 808/697/919 805/696/918 
f 806/694/916 808/697/919 807/695/917 
f 809/698/920 805/696/918 808/697/919 
f 810/699/921 808/697/919 806/694/916 
f 806/694/916 811/700/922 810/699/921 
f 811/700/922 806/694/916 804/692/914 
f 804/692/914 805/693/915 811/700/922 
f 809/701/923 811/700/922 805/693/915 
f 811/700/922 809/701/923 812/702/924 
f 812/702/924 810/699/921 811/700/922 
f 812/702/924 809/701/923 813/703/925 
f 813/703/925 814/704/926 812/702/924 
f 810/699/921 812/702/924 814/704/926 
f 814/704/926 815/705/927 810/699/921 
f 816/706/928 810/699/921 815/705/927 
f 808/697/919 810/699/921 816/706/928 
f 816/706/928 809/698/920 808/697/919 
f 813/707/929 809/698/920 816/706/928 
f 816/706/928 817/708/930 813/707/929 
f 815/705/927 817/708/930 816/706/928 
# 563 faces

