# 3ds Max Wavefront OBJ Exporter v0.99 - (c)2007 guruware
# File Created: 11.05.2025 16:22:45

mtllib Dragon.mtl

#
# object Dragon
#

v  19.2613 0.3059 0.4998
v  19.4156 0.2786 0.6033
v  19.2816 0.3114 0.3621
v  19.4364 0.2833 0.4663
v  19.5748 0.2346 0.5701
v  19.5506 0.2314 0.6738
v  19.2396 0.3349 0.9426
v  19.3111 0.3348 1.0371
v  19.1828 0.3330 1.0623
v  19.2854 0.3314 1.0840
v  19.3906 0.3213 1.0723
v  19.6503 0.1957 0.6756
v  19.6678 0.2002 0.6250
v  19.7340 0.1697 0.6183
v  20.8267 0.3048 0.4998
v  20.6724 0.2774 0.6033
v  20.8064 0.3102 0.3621
v  20.6516 0.2821 0.4663
v  20.5132 0.2334 0.5701
v  20.5374 0.2303 0.6738
v  20.8484 0.3337 0.9426
v  20.7769 0.3336 1.0371
v  20.9052 0.3319 1.0623
v  20.8026 0.3302 1.0840
v  20.6974 0.3202 1.0723
v  20.4377 0.1945 0.6756
v  20.4202 0.1990 0.6250
v  20.3540 0.1686 0.6183
v  20.6724 0.2786 0.6033
v  20.8267 0.3059 0.4998
v  20.8064 0.3114 0.3621
v  20.6516 0.2833 0.4663
v  20.5132 0.2346 0.5701
v  20.5374 0.2314 0.6738
v  20.8484 0.3349 0.9426
v  20.7769 0.3348 1.0371
v  20.9052 0.3330 1.0623
v  20.8026 0.3314 1.0840
v  20.6974 0.3213 1.0723
v  20.4377 0.1957 0.6756
v  20.4202 0.2002 0.6250
v  20.3540 0.1697 0.6183
v  19.4156 0.2774 0.6033
v  19.2613 0.3048 0.4998
v  19.2816 0.3102 0.3621
v  19.4364 0.2821 0.4663
v  19.5748 0.2334 0.5701
v  19.5506 0.2303 0.6738
v  19.6503 0.1945 0.6756
v  19.6678 0.1990 0.6250
v  19.7340 0.1686 0.6183
v  19.3906 0.3202 1.0723
v  19.3111 0.3336 1.0371
v  19.2854 0.3302 1.0840
v  19.1828 0.3319 1.0623
v  19.2396 0.3337 0.9426
# 56 vertices

vn 0.5410 -0.1039 -0.8346
vn -0.8195 0.0409 0.5716
vn 0.1763 -0.0381 -0.9836
vn 0.4593 -0.1652 -0.8728
vn 0.4252 -0.1140 -0.8979
vn -0.9646 0.2580 -0.0554
vn -0.8691 -0.0824 -0.4877
vn 0.9135 -0.3907 -0.1134
vn 0.9342 0.0155 -0.3565
vn -0.6568 0.0776 -0.7501
vn 0.2438 -0.1279 0.9614
vn 0.6876 -0.1439 -0.7117
vn -0.2126 0.1695 -0.9623
vn 0.9518 -0.3067 0.0031
vn -0.8619 -0.0380 0.5057
vn -0.8151 -0.1083 -0.5691
vn 0.1945 -0.1179 0.9738
vn 0.5020 0.0144 0.8648
vn 0.4470 0.0836 0.8906
vn -0.9875 -0.1418 0.0681
vn -0.8453 -0.1623 0.5091
vn 0.9923 -0.0440 0.1158
vn 0.3571 0.0182 -0.9339
vn -0.6407 -0.2042 0.7402
vn 0.2882 -0.0967 -0.9527
vn 0.5628 0.5003 0.6580
vn -0.1181 -0.3800 0.9174
vn 0.8418 0.5398 0.0023
vn 0.8244 0.0445 0.5642
vn -0.5480 -0.1039 -0.8300
vn -0.1847 -0.0380 -0.9821
vn -0.4679 -0.1652 -0.8682
vn -0.4348 -0.1137 -0.8933
vn 0.9630 0.2613 -0.0653
vn 0.8734 -0.0804 -0.4803
vn -0.9128 -0.3897 -0.1220
vn 0.3574 0.0296 -0.9335
vn 0.6506 0.0789 -0.7553
vn -0.2527 -0.1278 0.9591
vn -0.6952 -0.1431 -0.7044
vn 0.2015 0.1714 -0.9644
vn -0.9527 -0.3037 0.0132
vn 0.8199 -0.1118 -0.5615
vn -0.2365 0.0571 0.9700
vn -0.2028 -0.1180 0.9721
vn -0.5104 0.0143 0.8598
vn -0.4566 0.0833 0.8858
vn 0.9864 -0.1449 0.0779
vn 0.3539 0.2008 -0.9135
vn 0.1069 -0.3812 0.9183
vn -0.8433 0.5373 -0.0075
vn -0.2970 -0.0966 -0.9500
vn -0.3314 -0.1136 0.9366
vn 0.6343 -0.2052 0.7453
vn 0.9341 0.0043 -0.3571
vn 0.4951 -0.2153 -0.8417
# 56 vertex normals

vt 0.8916 -0.4473 0.0000
vt 0.9072 -0.4541 0.0000
vt 0.8887 -0.4531 0.0000
vt 0.9053 -0.4590 0.0000
vt 0.9219 -0.4629 0.0000
vt 0.9229 -0.4580 0.0000
vt 0.9189 -0.4209 0.0000
vt 0.9297 -0.4199 0.0000
vt 0.9238 -0.4082 0.0000
vt 0.9316 -0.4141 0.0000
vt 0.9385 -0.4219 0.0000
vt 0.9355 -0.4619 0.0000
vt 0.9346 -0.4648 0.0000
vt 0.9434 -0.4688 0.0000
# 14 texture coords

o Dragon
g Dragon
usemtl c1200_0
s 1
f 1/1/1 2/2/2 3/3/3 
f 4/4/4 3/3/3 2/2/2 
f 2/2/2 5/5/5 4/4/4 
f 6/6/6 5/5/5 2/2/2 
f 2/2/2 7/7/7 6/6/6 
f 8/8/8 7/7/7 9/9/9 
f 6/6/6 7/7/7 8/8/8 
f 8/8/8 9/9/9 10/10/10 
f 10/10/10 11/11/11 8/8/8 
f 12/12/12 8/8/8 11/11/11 
f 6/6/6 8/8/8 12/12/12 
f 12/12/12 5/5/5 6/6/6 
f 13/13/13 5/5/5 12/12/12 
f 12/12/12 14/14/14 13/13/13 
f 11/11/11 14/14/14 12/12/12 
f 15/1/15 16/2/16 17/3/17 
f 18/4/18 17/3/17 16/2/16 
f 16/2/16 19/5/19 18/4/18 
f 20/6/20 19/5/19 16/2/16 
f 16/2/16 21/7/21 20/6/20 
f 22/8/22 21/7/21 23/9/23 
f 20/6/20 21/7/21 22/8/22 
f 22/8/22 23/9/23 24/10/24 
f 24/10/24 25/11/25 22/8/22 
f 26/12/26 22/8/22 25/11/25 
f 20/6/20 22/8/22 26/12/26 
f 26/12/26 19/5/19 20/6/20 
f 27/13/27 19/5/19 26/12/26 
f 26/12/26 28/14/28 27/13/27 
f 25/11/25 28/14/28 26/12/26 
f 29/2/29 30/1/30 31/3/31 
f 29/2/29 31/3/31 32/4/32 
f 32/4/32 33/5/33 29/2/29 
f 34/6/34 29/2/29 33/5/33 
f 29/2/29 34/6/34 35/7/35 
f 35/7/35 36/8/36 37/9/37 
f 34/6/34 36/8/36 35/7/35 
f 38/10/38 37/9/37 36/8/36 
f 36/8/36 39/11/39 38/10/38 
f 40/12/40 39/11/39 36/8/36 
f 36/8/36 34/6/34 40/12/40 
f 33/5/33 40/12/40 34/6/34 
f 40/12/40 33/5/33 41/13/41 
f 41/13/41 42/14/42 40/12/40 
f 39/11/39 40/12/40 42/14/42 
f 43/2/43 44/1/44 45/3/45 
f 45/3/45 46/4/46 43/2/43 
f 47/5/47 43/2/43 46/4/46 
f 48/6/48 43/2/43 47/5/47 
f 47/5/47 49/12/49 48/6/48 
f 49/12/49 47/5/47 50/13/50 
f 50/13/50 51/14/51 49/12/49 
f 52/11/52 49/12/49 51/14/51 
f 49/12/49 52/11/52 53/8/53 
f 53/8/53 48/6/48 49/12/49 
f 53/8/53 52/11/52 54/10/54 
f 54/10/54 55/9/55 53/8/53 
f 56/7/56 53/8/53 55/9/55 
f 48/6/48 53/8/53 56/7/56 
f 56/7/56 43/2/43 48/6/48 
# 60 faces

#
# object Dragon001
#

v  19.8410 -0.0746 -0.5899
v  19.8641 0.1071 -0.6604
v  19.8641 -0.0748 -0.7045
v  19.9070 -0.1735 -0.6634
v  19.8975 -0.1727 -0.5321
# 5 vertices

vn 0.0645 0.2015 0.9774
vn 0.0670 -0.8629 -0.5010
vn 0.0018 -0.5873 0.8093
vn -0.5467 0.8373 0.0057
vn 0.4839 -0.8725 0.0678
# 5 vertex normals

vt 0.1191 -0.2773 0.0000
vt 0.1592 -0.2910 0.0000
vt 0.1221 -0.3174 0.0000
vt 0.0947 -0.3105 0.0000
vt 0.0850 -0.2715 0.0000
# 5 texture coords

o Dragon001
g Dragon001
usemtl c1200_1
s 1
f 57/15/57 58/16/58 59/17/59 
f 59/17/59 60/18/60 57/15/57 
f 61/19/61 57/15/57 60/18/60 
# 3 faces

#
# object Dragon002
#

v  20.0440 0.4287 2.0661
v  20.0440 0.3926 2.0857
v  20.0761 0.3934 2.0737
v  20.0636 0.4245 2.0604
v  20.0440 0.4848 2.0073
v  20.0440 0.3879 2.0570
v  20.0440 0.4112 2.0496
v  20.0528 0.4784 2.0052
v  20.0440 0.5179 1.9218
v  20.0440 0.4702 2.0028
v  20.0119 0.3934 2.0737
v  20.0244 0.4245 2.0604
v  20.0352 0.4784 2.0052
v  20.0440 0.3999 2.0096
v  20.0440 0.3787 2.0175
v  20.0643 0.3795 2.0075
v  20.0576 0.3988 2.0035
v  20.0440 0.4171 1.9971
v  20.0440 0.3908 1.9910
v  20.0440 0.3745 1.9933
v  20.0440 0.4157 1.9819
v  20.0500 0.4140 1.9943
v  20.0440 0.4339 1.9814
v  20.0471 0.4309 1.9801
v  20.0440 0.4444 1.9536
v  20.0237 0.3795 2.0075
v  20.0304 0.3988 2.0035
v  20.0380 0.4140 1.9943
v  20.0409 0.4309 1.9801
v  20.0440 0.3866 1.9634
v  20.0440 0.3656 1.9713
v  20.0632 0.3666 1.9617
v  20.0569 0.3857 1.9575
v  20.0440 0.4245 1.9282
v  20.0464 0.4224 1.9256
v  20.0440 0.3997 1.9343
v  20.0440 0.3626 1.9471
v  20.0440 0.4393 1.9002
v  20.0248 0.3666 1.9617
v  20.0311 0.3857 1.9575
v  20.0416 0.4224 1.9256
v  20.1129 0.3620 2.5527
v  20.1011 0.3735 2.5368
v  20.1061 0.3613 2.5486
v  20.1119 0.3459 2.5646
v  20.1108 0.3560 2.5490
v  20.1010 0.3571 2.5334
v  20.1111 0.3641 2.5329
v  19.9819 0.3613 2.5486
v  19.9869 0.3735 2.5368
v  19.9751 0.3620 2.5527
v  19.9761 0.3459 2.5646
v  19.9772 0.3560 2.5490
v  19.9870 0.3571 2.5334
v  19.9769 0.3641 2.5329
v  20.0449 0.3570 2.0343
v  20.0449 0.2984 2.0669
v  20.0449 0.3736 2.0914
v  20.0449 0.4289 2.0569
v  20.0449 0.4436 2.1163
v  20.0449 0.4960 2.0795
v  20.0449 0.5421 2.0270
v  20.0449 0.4763 2.0057
v  20.0449 0.4078 1.9844
v  20.0449 0.5080 1.9490
v  20.0449 0.5736 1.9710
v  20.0449 0.5969 1.9020
v  20.0449 0.5324 1.8770
v  20.0449 0.4430 1.9268
v  20.0449 0.4720 1.8524
v  20.0431 0.3736 2.0914
v  20.0431 0.2984 2.0669
v  20.0431 0.3570 2.0343
v  20.0431 0.4289 2.0569
v  20.0431 0.4436 2.1163
v  20.0431 0.4960 2.0795
v  20.0431 0.5421 2.0270
v  20.0431 0.4763 2.0057
v  20.0431 0.4078 1.9844
v  20.0431 0.5080 1.9490
v  20.0431 0.5736 1.9710
v  20.0431 0.5969 1.9020
v  20.0431 0.5324 1.8770
v  20.0431 0.4430 1.9268
v  20.0431 0.4720 1.8524
v  20.0449 0.3801 2.1305
v  20.0449 0.3533 2.1617
v  20.0449 0.4007 2.1724
v  20.0449 0.4268 2.1398
v  20.0449 0.4029 2.1008
v  20.0449 0.4469 2.1824
v  20.0449 0.4722 2.1488
v  20.0449 0.4488 2.1089
v  20.0449 0.4936 2.1172
v  20.0449 0.5079 2.0874
v  20.0449 0.4636 2.0798
v  20.0449 0.4182 2.0726
v  20.0449 0.4674 2.0525
v  20.0449 0.5116 2.0594
v  20.0449 0.4223 2.0458
v  20.0431 0.4007 2.1724
v  20.0431 0.3533 2.1617
v  20.0431 0.3801 2.1305
v  20.0431 0.4268 2.1398
v  20.0431 0.4469 2.1824
v  20.0431 0.4029 2.1008
v  20.0431 0.4722 2.1488
v  20.0431 0.4488 2.1089
v  20.0431 0.4936 2.1172
v  20.0431 0.5079 2.0874
v  20.0431 0.4636 2.0798
v  20.0431 0.4182 2.0726
v  20.0431 0.4674 2.0525
v  20.0431 0.5116 2.0594
v  20.0431 0.4223 2.0458
v  20.0449 0.3973 2.2133
v  20.0449 0.3741 2.2410
v  20.0449 0.4111 2.2539
v  20.0449 0.4336 2.2251
v  20.0449 0.4477 2.2668
v  20.0449 0.4700 2.2371
v  20.0449 0.4823 2.2071
v  20.0449 0.4465 2.1960
v  20.0449 0.4107 2.1851
v  20.0449 0.4588 2.1695
v  20.0449 0.4942 2.1798
v  20.0449 0.4866 2.1430
v  20.0449 0.5218 2.1528
v  20.0449 0.4517 2.1336
v  20.0449 0.4234 2.1594
v  20.0449 0.2530 1.7348
v  20.0449 0.3432 1.7262
v  20.0449 0.3046 1.7499
v  20.0431 0.3339 1.7664
v  20.0431 0.3554 1.7243
v  20.0437 0.3998 1.7425
v  20.0431 0.3797 1.7823
v  20.0431 0.2922 1.7979
v  20.0431 0.3410 1.8103
v  20.0431 0.2853 1.8318
v  20.0431 0.4111 2.2539
v  20.0431 0.3741 2.2410
v  20.0431 0.3973 2.2133
v  20.0431 0.4336 2.2251
v  20.0431 0.4465 2.1960
v  20.0431 0.4107 2.1851
v  20.0431 0.4823 2.2071
v  20.0431 0.4700 2.2371
v  20.0431 0.4942 2.1798
v  20.0431 0.4588 2.1695
v  20.0431 0.4234 2.1594
v  20.0431 0.4517 2.1336
v  20.0431 0.4866 2.1430
v  20.0431 0.5218 2.1528
v  20.0449 0.3241 1.8524
v  20.0449 0.2669 1.8746
v  20.0449 0.3182 1.8845
v  20.0449 0.3716 1.8652
v  20.0449 0.3665 1.8969
v  20.0449 0.4164 1.8796
v  20.0449 0.4506 1.8526
v  20.0449 0.4087 1.8385
v  20.0449 0.3641 1.8238
v  20.0449 0.4267 1.8020
v  20.0449 0.4669 1.8162
v  20.0449 0.4776 1.7736
v  20.0449 0.4389 1.7581
v  20.0449 0.3839 1.7870
v  20.0449 0.3976 1.7416
v  20.0431 0.3182 1.8845
v  20.0431 0.2669 1.8746
v  20.0431 0.3241 1.8524
v  20.0431 0.3716 1.8652
v  20.0431 0.3665 1.8969
v  20.0431 0.4164 1.8796
v  20.0431 0.4506 1.8526
v  20.0431 0.4087 1.8385
v  20.0431 0.3641 1.8238
v  20.0431 0.4267 1.8020
v  20.0431 0.4669 1.8162
v  20.0431 0.4776 1.7736
v  20.0431 0.4389 1.7581
v  20.0431 0.3839 1.7870
v  20.0431 0.3976 1.7416
v  20.0449 0.3463 1.9498
v  20.0449 0.3168 1.9611
v  20.0449 0.3472 1.9732
v  20.0449 0.3754 1.9630
v  20.0449 0.3720 1.9337
v  20.0449 0.3766 1.9861
v  20.0449 0.4038 1.9761
v  20.0449 0.4001 1.9475
v  20.0449 0.4272 1.9609
v  20.0449 0.4481 1.9416
v  20.0449 0.4221 1.9281
v  20.0449 0.3953 1.9136
v  20.0449 0.4434 1.8915
v  20.0449 0.4681 1.9055
v  20.0449 0.4181 1.8769
v  20.0431 0.3472 1.9732
v  20.0431 0.3168 1.9611
v  20.0431 0.3463 1.9498
v  20.0431 0.3754 1.9630
v  20.0431 0.3766 1.9861
v  20.0431 0.3720 1.9337
v  20.0431 0.4038 1.9761
v  20.0431 0.4001 1.9475
v  20.0431 0.4272 1.9609
v  20.0431 0.4481 1.9416
v  20.0431 0.4221 1.9281
v  20.0431 0.3953 1.9136
v  20.0431 0.4434 1.8915
v  20.0431 0.4681 1.9055
v  20.0431 0.4181 1.8769
v  20.0449 0.3680 2.0140
v  20.0449 0.3383 2.0012
v  20.0449 0.3662 1.9914
v  20.0449 0.3953 2.0042
v  20.0449 0.3968 2.0267
v  20.0449 0.3923 1.9764
v  20.0449 0.4231 2.0168
v  20.0449 0.4202 1.9893
v  20.0449 0.4474 2.0015
v  20.0449 0.4656 1.9810
v  20.0449 0.4393 1.9688
v  20.0449 0.4123 1.9559
v  20.0449 0.4543 1.9350
v  20.0449 0.4795 1.9478
v  20.0449 0.4285 1.9213
v  20.0431 0.3662 1.9914
v  20.0431 0.3383 2.0012
v  20.0431 0.3680 2.0140
v  20.0431 0.3953 2.0042
v  20.0431 0.3923 1.9764
v  20.0431 0.3968 2.0267
v  20.0431 0.4231 2.0168
v  20.0431 0.4202 1.9893
v  20.0431 0.4474 2.0015
v  20.0431 0.4656 1.9810
v  20.0431 0.4393 1.9688
v  20.0431 0.4123 1.9559
v  20.0431 0.4543 1.9350
v  20.0431 0.4795 1.9478
v  20.0431 0.4285 1.9213
v  20.0449 0.2922 1.7979
v  20.0449 0.2853 1.8318
v  20.0449 0.3410 1.8103
v  20.0449 0.3797 1.7823
v  20.0449 0.3339 1.7664
v  20.0449 0.3995 1.7427
v  20.0449 0.3554 1.7243
# 251 vertices

vn -0.5680 0.6661 0.4834
vn -0.0387 -0.4104 0.9111
vn -0.7468 -0.6181 0.2456
vn -0.8428 -0.0248 0.5376
vn -0.0419 0.6698 0.7414
vn 0.8238 -0.5620 -0.0739
vn 0.1941 -0.6811 -0.7060
vn -0.6956 -0.4419 -0.5665
vn 0.9591 -0.1272 0.2527
vn 0.3072 -0.6580 -0.6875
vn 0.7393 -0.6224 0.2569
vn 0.4941 0.8373 -0.2340
vn -0.8669 -0.1040 -0.4876
vn 0.8371 -0.0231 0.5465
vn -0.3416 0.9105 0.2330
vn -0.4532 -0.8468 -0.2783
vn -0.6878 0.0281 0.7254
vn 0.7002 -0.3376 0.6291
vn 0.8582 -0.2267 0.4606
vn -0.6504 0.6356 0.4159
vn -0.4405 0.7524 0.4897
vn -0.1112 -0.4656 0.8780
vn -0.7847 -0.4248 0.4515
vn -0.7858 0.5583 -0.2662
vn -0.0780 0.7008 0.7091
vn 0.1512 -0.7732 -0.6158
vn 0.8823 -0.4683 0.0467
vn 0.7683 -0.6136 -0.1823
vn 0.4411 -0.7625 -0.4733
vn 0.3231 0.6437 0.6937
vn -0.2720 0.2969 -0.9153
vn 0.5293 0.7486 -0.3993
vn 0.7797 -0.4248 0.4600
vn 0.6446 0.7565 -0.1103
vn -0.7395 0.0879 -0.6674
vn 0.7786 0.5673 -0.2684
vn -0.7048 -0.3836 -0.5968
vn -0.3287 -0.4658 0.8216
vn -0.2417 0.8288 0.5046
vn 0.0009 0.0402 0.9992
vn -0.4572 -0.7569 -0.4671
vn -0.1550 -0.9039 -0.3988
vn 0.2613 0.2992 -0.9177
vn 0.8806 0.4627 -0.1019
vn -0.4725 0.7479 0.4663
vn -0.0924 -0.4699 0.8779
vn -0.8190 -0.4778 0.3178
vn -0.4174 0.9012 -0.1167
vn 0.5036 0.5583 0.6593
vn -0.3771 0.4918 0.7848
vn 0.5441 -0.7367 -0.4017
vn 0.8141 -0.5771 -0.0641
vn 0.6636 0.7188 -0.2071
vn 0.8133 -0.4817 0.3263
vn 0.6524 0.7501 -0.1085
vn -0.7304 -0.0209 -0.6827
vn 0.3983 0.9104 -0.1116
vn -0.0856 -0.8765 -0.4738
vn -0.2925 -0.0411 0.9554
vn -0.2195 0.9288 0.2987
vn 0.0166 -0.9768 0.2137
vn 0.8858 0.4641 -0.0000
vn -0.9058 -0.3396 -0.2535
vn 0.5659 0.8014 0.1936
vn -0.2659 -0.5360 -0.8013
vn -0.1485 0.6956 -0.7029
vn -0.6999 -0.2638 -0.6638
vn -0.3032 -0.6754 -0.6722
vn -0.2543 0.9387 -0.2329
vn -0.0027 -0.9516 0.3072
vn 0.1215 -0.5300 0.8392
vn -0.4558 -0.4381 -0.7748
vn -0.2394 0.9670 0.0876
vn -0.7049 0.6767 -0.2125
vn 0.4923 -0.4603 -0.7387
vn -0.0637 0.0433 0.9970
vn -0.5500 -0.2137 -0.8074
vn -0.1638 -0.6974 0.6977
vn 0.9402 0.2998 0.1619
vn 0.2588 -0.5276 -0.8091
vn -0.5719 0.8003 0.1801
vn 0.9080 -0.3420 -0.2421
vn 0.1545 0.6954 -0.7018
vn 0.7029 -0.2558 -0.6637
vn 0.2882 -0.6718 -0.6824
vn 0.2449 0.9397 -0.2386
vn -0.0108 -0.9518 0.3064
vn 0.2263 0.9702 0.0863
vn 0.4449 -0.4354 -0.7826
vn -0.1341 -0.5333 0.8352
vn 0.0637 0.0574 0.9963
vn -0.5045 -0.4579 -0.7320
vn 0.6964 0.6826 -0.2218
vn -0.9442 0.2938 0.1487
vn 0.1497 -0.7024 0.6959
vn 0.5474 -0.2284 -0.8051
vn 0.0000 -0.8782 0.4783
vn 0.0000 0.8297 0.5582
vn -0.0001 -0.1287 -0.9917
vn 0.0000 0.8608 0.5090
vn 0.0000 -0.8701 -0.4928
vn 0.0000 -0.7790 0.6270
vn 0.0000 -0.4318 0.9020
vn 0.0000 -0.9626 -0.2708
vn 0.0000 -0.5299 0.8481
vn 0.0000 0.8169 -0.5768
vn 0.0000 -0.0538 0.9986
vn 0.0000 0.9960 -0.0891
vn 0.0001 -0.0298 -0.9996
vn 0.0001 -0.1343 0.9909
vn 0.0000 -0.9996 0.0284
vn -0.0111 -0.1287 -0.9916
vn -0.0112 0.8297 0.5582
vn -0.0111 -0.8781 0.4783
vn -0.0110 0.8607 0.5091
vn -0.0113 -0.8701 -0.4928
vn -0.0111 -0.7790 0.6270
vn -0.0111 -0.4317 0.9019
vn -0.0111 -0.9626 -0.2708
vn -0.0111 -0.5298 0.8480
vn -0.0111 0.8169 -0.5767
vn -0.0111 -0.0538 0.9985
vn -0.0111 0.9960 -0.0891
vn -0.0113 -0.0298 -0.9995
vn -0.0113 -0.1343 0.9909
vn -0.0113 -0.9995 0.0284
vn 0.0000 -0.5482 0.8363
vn 0.0000 0.9892 0.1463
vn 0.0000 -0.3434 -0.9392
vn -0.0002 0.9960 0.0894
vn 0.0000 -0.3579 0.9338
vn 0.0000 -0.9972 -0.0744
vn 0.0000 -0.4405 0.8978
vn 0.0001 -0.6423 -0.7665
vn 0.0000 -0.2556 0.9668
vn 0.0000 0.2063 0.9785
vn 0.0000 -0.9895 0.1447
vn 0.0000 0.1389 0.9903
vn 0.0000 -0.4654 -0.8851
vn 0.0000 0.8764 -0.4815
vn 0.0000 -0.8829 0.4695
vn -0.0112 -0.3434 -0.9391
vn -0.0112 0.9892 0.1463
vn -0.0111 -0.5482 0.8363
vn -0.0110 0.9959 0.0895
vn -0.0111 -0.9972 -0.0744
vn -0.0111 -0.3579 0.9337
vn -0.0111 -0.4404 0.8977
vn -0.0113 -0.6422 -0.7664
vn -0.0111 -0.2556 0.9667
vn -0.0112 0.2063 0.9784
vn -0.0111 -0.9894 0.1448
vn -0.0111 0.1389 0.9902
vn -0.0111 -0.4654 -0.8850
vn -0.0111 0.8764 -0.4815
vn -0.0111 -0.8829 0.4695
vn 0.0000 -0.3476 0.9376
vn 0.0000 0.9700 0.2430
vn -0.0001 -0.1111 -0.9938
vn 0.0000 0.9817 0.1904
vn -0.0001 -0.9802 -0.1979
vn 0.0001 -0.2460 0.9693
vn 0.0000 -0.0136 0.9999
vn 0.0000 -0.9976 0.0688
vn -0.0002 -0.1159 0.9933
vn 0.0000 0.7867 -0.6174
vn 0.0000 -0.4082 0.9129
vn 0.0000 -0.2471 -0.9690
vn 0.0000 0.9604 0.2785
vn 0.0001 -0.9516 -0.3074
vn 0.0000 -0.4846 0.8747
vn -0.0111 0.5623 0.8268
vn -0.0111 0.9903 0.1386
vn -0.0110 -0.8682 -0.4960
vn -0.0093 -0.5739 0.8189
vn -0.0189 -0.9970 -0.0744
vn -0.0423 -0.9912 -0.1256
vn -0.0034 -0.5857 0.8105
vn -0.0110 -0.3335 0.9427
vn -0.0112 -0.9779 0.2088
vn -0.0112 0.5786 -0.8156
vn -0.0110 -0.9774 -0.2112
vn -0.0111 0.9700 0.2430
vn -0.0112 -0.3476 0.9376
vn -0.0111 -0.9804 -0.1968
vn -0.0110 0.7595 -0.6505
vn -0.0110 -0.1159 0.9932
vn -0.0111 -0.0136 0.9998
vn -0.0111 -0.9970 0.0765
vn -0.0112 -0.4082 0.9128
vn -0.0113 -0.9976 0.0676
vn -0.0111 -0.4846 0.8747
vn -0.0113 -0.9515 -0.3074
vn -0.0112 -0.2471 -0.9689
vn -0.0112 0.9604 0.2784
vn 0.0000 -0.9790 0.2037
vn 0.0000 0.8222 0.5692
vn 0.0000 -0.3377 -0.9412
vn 0.0000 0.7653 0.6436
vn 0.0000 -0.7633 -0.6461
vn -0.0001 -0.9765 0.2156
vn 0.0000 -0.5134 0.8582
vn -0.0001 -0.8838 -0.4678
vn 0.0001 -0.6111 0.7915
vn 0.0000 0.7893 -0.6140
vn 0.0000 0.1175 0.9931
vn 0.0000 0.9873 -0.1586
vn 0.0000 -0.0239 -0.9997
vn -0.0001 -0.0014 1.0000
vn 0.0000 -0.9938 0.1110
vn -0.0112 -0.3377 -0.9412
vn -0.0112 0.8221 0.5692
vn -0.0111 -0.9790 0.2036
vn -0.0112 0.7653 0.6435
vn -0.0111 -0.7632 -0.6461
vn -0.0111 -0.9764 0.2156
vn -0.0111 -0.5134 0.8581
vn -0.0110 -0.8838 -0.4678
vn -0.0112 -0.6111 0.7915
vn -0.0112 0.7893 -0.6139
vn -0.0111 0.1175 0.9930
vn -0.0112 0.9873 -0.1586
vn -0.0111 -0.0241 -0.9996
vn -0.0110 -0.0014 0.9999
vn -0.0111 -0.9938 0.1110
vn 0.0000 -0.9904 0.1381
vn 0.0000 0.6964 0.7177
vn 0.0001 0.0065 -1.0000
vn 0.0000 0.6507 0.7594
vn -0.0001 -0.8843 0.4669
vn -0.0001 -0.6617 -0.7498
vn -0.0001 -0.9902 0.1397
vn 0.0001 0.0941 -0.9956
vn 0.0000 -0.8604 0.5097
vn 0.0000 -0.5179 0.8554
vn 0.0000 -0.8577 -0.5141
vn 0.0000 -0.5881 0.8088
vn -0.0001 0.2498 -0.9683
vn -0.0001 0.9725 0.2330
vn 0.0000 -0.9580 -0.2867
vn -0.0113 0.0065 -0.9999
vn -0.0112 0.6963 0.7176
vn -0.0112 -0.9904 0.1380
vn -0.0113 0.6506 0.7593
vn -0.0110 -0.6616 -0.7497
vn -0.0110 -0.8843 0.4668
vn -0.0111 -0.9901 0.1396
vn -0.0113 0.0942 -0.9955
vn -0.0112 -0.8603 0.5096
vn -0.0112 -0.5179 0.8554
vn -0.0111 -0.8577 -0.5141
vn -0.0111 -0.5880 0.8088
vn -0.0110 0.2498 -0.9682
vn -0.0110 0.9724 0.2330
vn -0.0111 -0.9580 -0.2867
vn -0.0110 0.0388 -0.9992
vn -0.0113 0.6555 0.7551
vn -0.0110 -0.9973 0.0721
vn -0.0110 0.6546 0.7559
vn -0.0113 -0.6680 -0.7441
vn -0.0111 -0.8609 0.5086
vn -0.0111 -0.9903 0.1388
vn -0.0113 0.1418 -0.9898
vn -0.0111 -0.8134 0.5817
vn -0.0111 -0.3318 0.9433
vn -0.0111 -0.9225 -0.3858
vn -0.0111 -0.4122 0.9110
vn -0.0110 0.1702 -0.9853
vn -0.0111 0.9968 0.0796
vn -0.0111 -0.9900 -0.1408
vn 0.0000 -0.9974 0.0721
vn 0.0001 0.6556 0.7551
vn -0.0002 0.0387 -0.9993
vn -0.0001 0.6547 0.7559
vn 0.0000 -0.8610 0.5087
vn 0.0001 -0.6681 -0.7441
vn 0.0000 -0.9903 0.1388
vn 0.0001 0.1418 -0.9899
vn 0.0000 -0.8134 0.5817
vn 0.0000 -0.3318 0.9434
vn 0.0000 -0.9225 -0.3859
vn 0.0000 -0.4122 0.9111
vn -0.0001 0.1703 -0.9854
vn 0.0000 0.9968 0.0796
vn 0.0000 -0.9900 -0.1408
vn 0.0000 -0.3335 0.9428
vn 0.0000 0.5786 -0.8156
vn 0.0000 -0.9779 0.2089
vn 0.0000 -0.5837 0.8120
vn 0.0000 -0.5739 0.8189
vn 0.0000 0.9974 0.0726
vn 0.0000 -0.9969 -0.0793
# 292 vertex normals

vt 0.0625 -0.3555 0.0000
vt 0.0625 -0.3447 0.0000
vt 0.0537 -0.3477 0.0000
vt 0.0566 -0.3564 0.0000
vt 0.0596 -0.3828 0.0000
vt 0.0459 -0.3545 0.0000
vt 0.0488 -0.3594 0.0000
vt 0.0566 -0.3828 0.0000
vt 0.0527 -0.4160 0.0000
vt 0.0537 -0.3828 0.0000
vt 0.0625 -0.3584 0.0000
vt 0.0645 -0.3467 0.0000
vt 0.0557 -0.3467 0.0000
vt 0.0557 -0.3584 0.0000
vt 0.0605 -0.3711 0.0000
vt 0.0498 -0.3584 0.0000
vt 0.0479 -0.3467 0.0000
vt 0.0527 -0.3779 0.0000
vt 0.0557 -0.3711 0.0000
vt 0.0576 -0.3857 0.0000
vt 0.0557 -0.3857 0.0000
vt 0.0557 -0.4072 0.0000
vt 0.2949 -0.5439 0.0000
vt 0.2881 -0.5391 0.0000
vt 0.2881 -0.5654 0.0000
vt 0.3008 -0.5615 0.0000
vt 0.3340 -0.5547 0.0000
vt 0.3330 -0.5596 0.0000
vt 0.3193 -0.5703 0.0000
vt 0.3018 -0.5801 0.0000
vt 0.3545 -0.5615 0.0000
vt 0.4355 -0.2129 0.0000
vt 0.4258 -0.2227 0.0000
vt 0.4375 -0.2158 0.0000
vt 0.4463 -0.2070 0.0000
vt 0.4404 -0.2178 0.0000
vt 0.4346 -0.2285 0.0000
vt 0.4336 -0.2080 0.0000
vt 0.4229 -0.2119 0.0000
vt 0.4209 -0.2041 0.0000
vt 0.8018 -0.0566 0.0000
vt 0.7725 -0.0566 0.0000
vt 0.7725 -0.0312 0.0000
vt 0.8018 -0.0312 0.0000
vt 0.7725 -0.0068 0.0000
vt 0.8018 -0.0068 0.0000
vt 0.8252 -0.0068 0.0000
vt 0.8252 -0.0312 0.0000
vt 0.8252 -0.0566 0.0000
vt 0.8486 -0.0312 0.0000
vt 0.8486 -0.0068 0.0000
vt 0.8740 -0.0068 0.0000
vt 0.8740 -0.0312 0.0000
vt 0.8486 -0.0566 0.0000
vt 0.8740 -0.0566 0.0000
vt 0.8066 -0.0557 0.0000
vt 0.7725 -0.0557 0.0000
vt 0.8066 -0.0312 0.0000
vt 0.8320 -0.0557 0.0000
vt 0.7725 -0.0059 0.0000
vt 0.8066 -0.0059 0.0000
vt 0.8320 -0.0312 0.0000
vt 0.8320 -0.0059 0.0000
vt 0.8564 -0.0059 0.0000
vt 0.8564 -0.0312 0.0000
vt 0.8564 -0.0557 0.0000
vt 0.8721 -0.0312 0.0000
vt 0.8721 -0.0059 0.0000
vt 0.8721 -0.0557 0.0000
vt 0.7998 -0.0557 0.0000
vt 0.7979 -0.0312 0.0000
vt 0.7969 -0.0059 0.0000
vt 0.8203 -0.0059 0.0000
vt 0.8213 -0.0312 0.0000
vt 0.8232 -0.0557 0.0000
vt 0.8438 -0.0312 0.0000
vt 0.8428 -0.0059 0.0000
vt 0.8457 -0.0557 0.0000
vt 0.8789 -0.0420 0.0000
vt 0.8945 -0.0195 0.0000
vt 0.8789 -0.0195 0.0000
vt 0.9209 -0.0430 0.0000
vt 0.9570 -0.0430 0.0000
vt 0.9570 -0.0117 0.0000
vt 0.9209 -0.0117 0.0000
vt 0.8965 -0.0430 0.0000
vt 0.8965 -0.0117 0.0000
vt 0.8779 -0.0117 0.0000
vt 0.7979 -0.0527 0.0000
vt 0.7734 -0.0527 0.0000
vt 0.7734 -0.0293 0.0000
vt 0.7979 -0.0293 0.0000
vt 0.7734 -0.0059 0.0000
vt 0.7979 -0.0059 0.0000
vt 0.8223 -0.0059 0.0000
vt 0.8223 -0.0293 0.0000
vt 0.8223 -0.0527 0.0000
vt 0.8477 -0.0293 0.0000
vt 0.8477 -0.0059 0.0000
vt 0.8750 -0.0059 0.0000
vt 0.8750 -0.0293 0.0000
vt 0.8477 -0.0527 0.0000
vt 0.8750 -0.0527 0.0000
vt 0.7910 -0.0557 0.0000
vt 0.7910 -0.0312 0.0000
vt 0.8105 -0.0557 0.0000
vt 0.7910 -0.0059 0.0000
vt 0.8105 -0.0312 0.0000
vt 0.8105 -0.0059 0.0000
vt 0.7725 -0.0293 0.0000
vt 0.7725 -0.0537 0.0000
vt 0.7920 -0.0537 0.0000
vt 0.7900 -0.0293 0.0000
vt 0.7725 -0.0039 0.0000
vt 0.8125 -0.0537 0.0000
vt 0.7900 -0.0039 0.0000
vt 0.8105 -0.0293 0.0000
vt 0.8105 -0.0039 0.0000
vt 0.8350 -0.0039 0.0000
vt 0.8350 -0.0293 0.0000
vt 0.8369 -0.0537 0.0000
vt 0.8721 -0.0293 0.0000
vt 0.8721 -0.0039 0.0000
vt 0.8721 -0.0537 0.0000
# 124 texture coords

o Dragon002
g Dragon002
usemtl c1200_0
s 1
f 62/20/62 63/21/63 64/22/64 
f 64/22/64 65/23/65 62/20/62 
f 66/24/66 62/20/62 65/23/65 
f 65/23/65 64/22/64 67/25/67 
f 67/25/67 68/26/68 65/23/65 
f 69/27/69 65/23/65 68/26/68 
f 66/24/66 65/23/65 69/27/69 
f 69/27/69 70/28/70 66/24/66 
f 71/29/71 70/28/70 69/27/69 
f 69/27/69 68/26/68 71/29/71 
f 72/22/72 63/21/73 62/20/74 
f 62/20/74 73/23/75 72/22/72 
f 67/25/76 72/22/72 73/23/75 
f 66/24/77 73/23/75 62/20/74 
f 68/26/78 67/25/76 73/23/75 
f 73/23/75 66/24/77 74/27/79 
f 74/27/79 68/26/78 73/23/75 
f 74/27/79 66/24/77 70/28/80 
f 70/28/80 71/29/81 74/27/79 
f 68/26/78 74/27/79 71/29/81 
f 75/30/82 76/31/83 77/32/84 
f 77/32/84 78/33/85 75/30/82 
f 79/34/86 75/30/82 78/33/85 
f 80/35/87 78/33/85 77/32/84 
f 77/32/84 81/36/88 80/35/87 
f 78/33/85 80/35/87 82/37/89 
f 82/37/89 83/38/90 78/33/85 
f 79/34/86 78/33/85 83/38/90 
f 83/38/90 84/39/91 79/34/86 
f 85/40/92 84/39/91 83/38/90 
f 83/38/90 82/37/89 85/40/92 
f 86/41/93 84/39/91 85/40/92 
f 85/40/92 82/37/89 86/41/93 
f 87/32/94 76/31/95 75/30/96 
f 75/30/96 88/33/97 87/32/94 
f 79/34/98 88/33/97 75/30/96 
f 87/32/94 88/33/97 80/35/99 
f 80/35/99 81/36/100 87/32/94 
f 82/37/101 80/35/99 88/33/97 
f 88/33/97 89/38/102 82/37/101 
f 89/38/102 88/33/97 79/34/98 
f 79/34/98 84/39/103 89/38/102 
f 90/40/104 89/38/102 84/39/103 
f 82/37/101 89/38/102 90/40/104 
f 90/40/104 84/39/103 86/41/105 
f 86/41/105 82/37/101 90/40/104 
f 91/42/106 92/43/107 93/44/108 
f 93/44/108 94/45/109 91/42/106 
f 95/46/110 91/42/106 94/45/109 
f 94/45/109 96/47/111 95/46/110 
f 97/48/112 96/47/111 94/45/109 
f 94/45/109 93/44/108 97/48/112 
f 98/49/113 97/48/112 93/44/108 
f 96/47/111 97/48/112 99/50/114 
f 99/50/114 95/46/110 96/47/111 
f 100/44/115 92/43/116 91/42/117 
f 91/42/117 101/45/118 100/44/115 
f 95/46/119 101/45/118 91/42/117 
f 100/44/115 101/45/118 97/48/120 
f 97/48/120 98/49/121 100/44/115 
f 102/47/122 97/48/120 101/45/118 
f 101/45/118 95/46/119 102/47/122 
f 99/50/123 102/47/122 95/46/119 
f 97/48/120 102/47/122 99/50/123 
f 103/51/124 104/52/125 105/53/126 
f 105/53/126 106/54/127 103/51/124 
f 107/55/128 106/54/127 105/53/126 
f 105/53/126 108/56/129 107/55/128 
f 103/51/124 106/54/127 107/57/130 
f 107/57/130 109/58/131 103/51/124 
f 108/56/132 105/53/133 104/52/134 
f 103/51/135 109/58/136 104/52/137 
f 109/58/138 107/57/139 108/59/140 
f 110/53/141 111/52/142 112/51/143 
f 112/51/143 113/54/144 110/53/141 
f 114/55/145 110/53/141 113/54/144 
f 115/56/146 110/53/141 114/55/145 
f 114/57/147 113/54/144 112/51/143 
f 112/51/143 116/58/148 114/57/147 
f 111/52/149 110/53/150 115/56/151 
f 111/52/152 116/58/153 112/51/154 
f 115/59/155 114/57/156 116/58/157 
f 117/60/158 118/61/159 119/62/160 
f 119/62/160 120/63/161 117/60/158 
f 120/63/161 119/62/160 121/64/162 
f 121/64/162 122/65/163 120/63/161 
f 123/66/164 120/63/161 122/65/163 
f 120/63/161 123/66/164 124/67/165 
f 124/67/165 117/60/158 120/63/161 
f 125/68/166 117/60/158 124/67/165 
f 124/67/165 126/69/167 125/68/166 
f 127/70/168 126/69/167 124/67/165 
f 124/67/165 123/66/164 127/70/168 
f 126/69/167 127/70/168 128/71/169 
f 128/71/169 129/72/170 126/69/167 
f 130/73/171 126/69/167 129/72/170 
f 125/68/166 126/69/167 130/73/171 
f 130/73/171 129/72/170 131/74/172 
f 132/62/173 133/61/174 134/60/175 
f 134/60/175 135/63/176 132/62/173 
f 136/64/177 132/62/173 135/63/176 
f 135/63/176 137/65/178 136/64/177 
f 138/66/179 137/65/178 135/63/176 
f 135/63/176 139/67/180 138/66/179 
f 139/67/180 135/63/176 134/60/175 
f 134/60/175 140/68/181 139/67/180 
f 141/69/182 139/67/180 140/68/181 
f 139/67/180 141/69/182 142/70/183 
f 142/70/183 138/66/179 139/67/180 
f 143/71/184 142/70/183 141/69/182 
f 141/69/182 144/72/185 143/71/184 
f 145/73/186 144/72/185 141/69/182 
f 141/69/182 140/68/181 145/73/186 
f 146/74/187 144/72/185 145/73/186 
f 147/75/188 148/76/189 149/62/190 
f 149/62/190 150/77/191 147/75/188 
f 151/78/192 147/75/188 150/77/191 
f 150/77/191 149/62/190 152/79/193 
f 152/79/193 153/80/194 150/77/191 
f 154/81/195 150/77/191 153/80/194 
f 151/78/192 150/77/191 154/81/195 
f 154/81/195 153/80/194 155/82/196 
f 155/82/196 156/83/197 154/81/195 
f 157/84/198 154/81/195 156/83/197 
f 151/78/192 154/81/195 157/84/198 
f 157/84/198 158/85/199 151/78/192 
f 159/86/200 158/85/199 157/84/198 
f 157/84/198 160/87/201 159/86/200 
f 160/87/201 157/84/198 156/83/197 
f 158/85/199 159/86/200 161/88/202 
f 162/62/203 163/76/204 164/75/205 
f 164/75/205 165/77/206 162/62/203 
f 166/79/207 162/62/203 165/77/206 
f 167/78/208 165/77/206 164/75/205 
f 168/80/209 166/79/207 165/77/206 
f 165/77/206 169/81/210 168/80/209 
f 167/78/208 169/81/210 165/77/206 
f 170/82/211 168/80/209 169/81/210 
f 169/81/210 171/83/212 170/82/211 
f 172/84/213 171/83/212 169/81/210 
f 169/81/210 167/78/208 172/84/213 
f 173/85/214 172/84/213 167/78/208 
f 172/84/213 173/85/214 174/86/215 
f 174/86/215 175/87/216 172/84/213 
f 171/83/212 172/84/213 175/87/216 
f 176/88/217 174/86/215 173/85/214 
f 177/89/218 178/76/219 179/62/220 
f 179/62/220 180/90/221 177/89/218 
f 180/90/221 179/62/220 181/79/222 
f 181/79/222 182/91/223 180/90/221 
f 183/92/224 180/90/221 182/91/223 
f 180/90/221 183/92/224 184/93/225 
f 184/93/225 177/89/218 180/90/221 
f 185/94/226 177/89/218 184/93/225 
f 184/93/225 186/95/227 185/94/226 
f 187/96/228 186/95/227 184/93/225 
f 184/93/225 183/92/224 187/96/228 
f 188/86/229 186/95/227 187/96/228 
f 187/96/228 189/87/230 188/86/229 
f 186/95/227 188/86/229 190/88/231 
f 190/88/231 191/97/232 186/95/227 
f 185/94/226 186/95/227 191/97/232 
f 192/98/233 193/99/234 194/100/235 
f 195/101/236 196/102/237 197/103/238 
f 197/103/238 198/104/239 195/101/236 
f 199/105/240 195/101/236 198/104/239 
f 198/104/239 200/106/241 199/105/240 
f 201/107/242 199/105/240 200/106/241 
f 202/62/243 203/76/244 204/89/245 
f 204/89/245 205/90/246 202/62/243 
f 206/93/247 205/90/246 204/89/245 
f 204/89/245 207/94/248 206/93/247 
f 205/90/246 206/93/247 208/92/249 
f 208/92/249 209/91/250 205/90/246 
f 210/96/251 208/92/249 206/93/247 
f 206/93/247 211/95/252 210/96/251 
f 211/95/252 206/93/247 207/94/248 
f 207/94/248 212/97/253 211/95/252 
f 213/88/254 211/95/252 212/97/253 
f 211/95/252 213/88/254 214/86/255 
f 214/86/255 210/96/251 211/95/252 
f 210/96/251 214/86/255 215/87/256 
f 216/108/257 217/109/258 218/110/259 
f 218/110/259 219/111/260 216/108/257 
f 219/111/260 218/110/259 220/112/261 
f 220/112/261 221/113/262 219/111/260 
f 222/114/263 219/111/260 221/113/262 
f 219/111/260 222/114/263 223/115/264 
f 223/115/264 216/108/257 219/111/260 
f 224/116/265 216/108/257 223/115/264 
f 223/115/264 225/117/266 224/116/265 
f 226/118/267 225/117/266 223/115/264 
f 223/115/264 222/114/263 226/118/267 
f 225/117/266 226/118/267 227/119/268 
f 227/119/268 228/120/269 225/117/266 
f 229/121/270 225/117/266 228/120/269 
f 224/116/265 225/117/266 229/121/270 
f 229/121/270 228/120/269 230/122/271 
f 231/110/272 232/109/273 233/108/274 
f 233/108/274 234/111/275 231/110/272 
f 235/112/276 231/110/272 234/111/275 
f 234/111/275 236/113/277 235/112/276 
f 237/114/278 236/113/277 234/111/275 
f 234/111/275 238/115/279 237/114/278 
f 238/115/279 234/111/275 233/108/274 
f 233/108/274 239/116/280 238/115/279 
f 240/117/281 238/115/279 239/116/280 
f 238/115/279 240/117/281 241/118/282 
f 241/118/282 237/114/278 238/115/279 
f 242/119/283 241/118/282 240/117/281 
f 240/117/281 243/120/284 242/119/283 
f 244/121/285 243/120/284 240/117/281 
f 240/117/281 239/116/280 244/121/285 
f 245/122/286 243/120/284 244/121/285 
f 246/123/287 247/76/288 248/62/289 
f 248/62/289 249/124/290 246/123/287 
f 250/125/291 246/123/287 249/124/290 
f 249/124/290 248/62/289 251/79/292 
f 251/79/292 252/126/293 249/124/290 
f 253/127/294 249/124/290 252/126/293 
f 250/125/291 249/124/290 253/127/294 
f 253/127/294 252/126/293 254/128/295 
f 254/128/295 255/82/296 253/127/294 
f 256/81/297 253/127/294 255/82/296 
f 250/125/291 253/127/294 256/81/297 
f 256/81/297 257/78/298 250/125/291 
f 258/86/299 257/78/298 256/81/297 
f 256/81/297 259/87/300 258/86/299 
f 259/87/300 256/81/297 255/82/296 
f 257/78/298 258/86/299 260/88/301 
f 261/62/302 262/76/303 263/123/304 
f 263/123/304 264/124/305 261/62/302 
f 265/79/306 261/62/302 264/124/305 
f 266/125/307 264/124/305 263/123/304 
f 267/126/308 265/79/306 264/124/305 
f 264/124/305 268/127/309 267/126/308 
f 266/125/307 268/127/309 264/124/305 
f 269/128/310 267/126/308 268/127/309 
f 268/127/309 270/82/311 269/128/310 
f 271/81/312 270/82/311 268/127/309 
f 268/127/309 266/125/307 271/81/312 
f 272/78/313 271/81/312 266/125/307 
f 271/81/312 272/78/313 273/86/314 
f 273/86/314 274/87/315 271/81/312 
f 270/82/311 271/81/312 274/87/315 
f 275/88/316 273/86/314 272/78/313 
f 276/129/317 277/130/318 278/131/319 
f 278/131/319 279/132/320 276/129/317 
f 280/133/321 276/129/317 279/132/320 
f 281/134/322 279/132/320 278/131/319 
f 282/135/323 280/133/321 279/132/320 
f 279/132/320 283/136/324 282/135/323 
f 281/134/322 283/136/324 279/132/320 
f 284/137/325 282/135/323 283/136/324 
f 283/136/324 285/138/326 284/137/325 
f 286/139/327 285/138/326 283/136/324 
f 283/136/324 281/134/322 286/139/327 
f 287/140/328 286/139/327 281/134/322 
f 286/139/327 287/140/328 288/141/329 
f 288/141/329 289/142/330 286/139/327 
f 285/138/326 286/139/327 289/142/330 
f 290/143/331 288/141/329 287/140/328 
f 291/131/332 292/130/333 293/129/334 
f 293/129/334 294/132/335 291/131/332 
f 295/134/336 291/131/332 294/132/335 
f 294/132/335 293/129/334 296/133/337 
f 296/133/337 297/135/338 294/132/335 
f 298/136/339 294/132/335 297/135/338 
f 295/134/336 294/132/335 298/136/339 
f 298/136/339 297/135/338 299/137/340 
f 299/137/340 300/138/341 298/136/339 
f 301/139/342 298/136/339 300/138/341 
f 295/134/336 298/136/339 301/139/342 
f 301/139/342 302/140/343 295/134/336 
f 303/141/344 302/140/343 301/139/342 
f 301/139/342 304/142/345 303/141/344 
f 304/142/345 301/139/342 300/138/341 
f 302/140/343 303/141/344 305/143/346 
f 306/105/347 307/107/348 308/106/349 
f 308/106/349 309/104/350 306/105/347 
f 310/101/351 306/105/347 309/104/350 
f 309/104/350 311/103/352 310/101/351 
f 312/102/353 310/101/351 311/103/352 
# 283 faces

#
# object Dragon003
#

v  20.0431 0.4336 2.2251
v  20.0431 0.4700 2.2371
v  20.0431 0.4477 2.2668
v  20.0431 0.4111 2.2539
v  20.0431 0.2922 1.7979
v  20.0431 0.2853 1.8318
v  20.0431 0.2324 1.8214
v  20.0449 0.3554 1.7243
v  20.0449 0.3995 1.7427
v  20.0449 0.4125 1.6921
v  20.0449 0.3692 1.6721
v  20.0449 0.2853 1.8318
v  20.0449 0.2922 1.7979
v  20.0449 0.2324 1.8214
v  20.0431 0.4125 1.6921
v  20.0437 0.3998 1.7425
v  20.0431 0.3554 1.7243
v  20.0431 0.3692 1.6721
v  20.0449 0.3432 1.7262
v  20.0449 0.2530 1.7348
v  20.0449 0.2948 1.7088
v  20.0449 0.3735 1.6955
v  20.0449 0.3269 1.6755
v  20.0449 0.3937 1.6470
v  20.0449 0.3472 1.6262
v  20.0449 0.4028 1.5944
v  20.0449 0.3548 1.5735
v  20.0431 0.2530 1.7348
v  20.0431 0.3046 1.7499
v  20.0431 0.3432 1.7262
v  20.0431 0.2948 1.7088
v  20.0431 0.3735 1.6955
v  20.0431 0.3269 1.6755
v  20.0431 0.3937 1.6470
v  20.0431 0.3472 1.6262
v  20.0431 0.4028 1.5944
v  20.0431 0.3548 1.5735
v  20.0449 0.2353 2.4836
v  20.0440 0.2463 2.4703
v  20.0440 0.2711 2.3736
v  20.0449 0.2704 2.3805
v  20.0431 0.2353 2.4836
v  20.0431 0.2704 2.3805
# 43 vertices

vn -0.0111 -0.9804 -0.1968
vn -0.0111 0.9840 0.1777
vn -0.0111 -0.9802 -0.1979
vn -0.0111 0.9761 0.2171
vn -0.0113 0.5731 -0.8194
vn -0.0112 -0.9244 0.3812
vn -0.0112 0.8230 0.5679
vn 0.0000 0.9910 -0.1337
vn 0.0000 -0.9901 0.1403
vn 0.0000 0.9948 -0.1020
vn 0.0000 -0.9954 0.0954
vn 0.0000 -0.9245 0.3812
vn 0.0000 0.5731 -0.8195
vn 0.0000 0.8231 0.5679
vn -0.0020 0.9945 -0.1051
vn -0.0064 0.9957 -0.0926
vn -0.0023 0.9904 -0.1383
vn -0.0111 -0.9954 0.0954
vn -0.0111 -0.9946 0.1031
vn -0.0112 0.9912 0.1322
vn -0.0112 -0.8389 0.5442
vn -0.0111 -0.3791 0.9253
vn -0.0110 -0.3634 0.9316
vn -0.0110 0.2174 0.9760
vn -0.0110 0.2493 0.9684
vn -0.0110 0.9791 -0.2033
vn -0.0111 -0.9732 0.2296
vn 0.0001 0.8715 0.4905
vn -0.0001 -0.8683 -0.4961
vn 0.0000 -0.8484 0.5294
vn 0.0000 -0.8389 0.5443
vn 0.0000 -0.3792 0.9253
vn 0.0000 -0.3634 0.9316
vn 0.0000 0.2174 0.9761
vn 0.0000 0.2493 0.9684
vn -0.0001 0.9791 -0.2033
vn 0.0000 -0.9733 0.2296
vn 0.7928 -0.5581 0.2449
vn 0.6979 0.6702 -0.2524
vn 0.9078 -0.2071 0.3647
vn 0.4882 0.5945 -0.6390
vn -0.7986 -0.5515 0.2412
vn -0.4974 0.5829 -0.6425
vn 0.7123 -0.2441 0.6581
vn 0.8403 0.3384 -0.4235
# 45 vertex normals

vt 0.7979 -0.0312 0.0000
vt 0.7969 -0.0059 0.0000
vt 0.7725 -0.0059 0.0000
vt 0.7725 -0.0312 0.0000
vt 0.8965 -0.0430 0.0000
vt 0.8779 -0.0117 0.0000
vt 0.8779 -0.0430 0.0000
vt 0.9570 -0.0430 0.0000
vt 0.9570 -0.0117 0.0000
vt 0.9951 -0.0117 0.0000
vt 0.9951 -0.0430 0.0000
vt 0.8945 -0.0195 0.0000
vt 0.8789 -0.0420 0.0000
vt 0.8945 -0.0420 0.0000
vt 0.9160 -0.0195 0.0000
vt 0.9160 -0.0420 0.0000
vt 0.9463 -0.0195 0.0000
vt 0.9463 -0.0420 0.0000
vt 0.9785 -0.0195 0.0000
vt 0.9785 -0.0420 0.0000
vt 0.8789 -0.0195 0.0000
vt 0.8760 -0.0596 0.0000
vt 0.8984 -0.0596 0.0000
vt 0.8984 -0.0039 0.0000
vt 0.8760 -0.0039 0.0000
# 25 texture coords

o Dragon003
g Dragon003
usemtl c1200_0
s 1
f 313/144/354 314/145/355 315/146/356 
f 315/146/356 316/147/357 313/144/354 
f 317/148/358 318/149/359 319/150/360 
f 320/151/361 321/152/362 322/153/363 
f 322/153/363 323/154/364 320/151/361 
f 324/149/365 325/148/366 326/150/367 
f 327/153/368 328/152/369 329/151/370 
f 329/151/370 330/154/371 327/153/368 
f 331/155/372 332/156/373 333/157/374 
f 333/157/374 334/158/375 331/155/372 
f 334/158/375 333/157/374 335/159/376 
f 335/159/376 336/160/377 334/158/375 
f 336/160/377 335/159/376 337/161/378 
f 337/161/378 338/162/379 336/160/377 
f 338/162/379 337/161/378 339/163/380 
f 340/156/381 341/164/382 342/155/383 
f 342/155/383 343/157/384 340/156/381 
f 343/157/384 342/155/383 344/158/385 
f 344/158/385 345/159/386 343/157/384 
f 345/159/386 344/158/385 346/160/387 
f 346/160/387 347/161/388 345/159/386 
f 347/161/388 346/160/387 348/162/389 
f 348/162/389 349/163/390 347/161/388 
f 350/165/391 351/166/392 352/167/393 
f 352/167/393 353/168/394 350/165/391 
f 354/165/395 355/168/396 352/167/397 
f 352/167/397 351/166/398 354/165/395 
# 27 faces

#
# object Dragon004
#

v  20.4971 0.3032 1.1521
v  20.3641 0.2858 1.1511
v  20.4055 0.2054 1.1346
v  20.4675 0.1765 1.1240
v  20.5215 0.2417 1.1203
v  20.6408 0.3165 1.0965
v  20.5743 0.3335 1.0936
v  20.5971 0.3278 1.1560
v  20.6567 0.2580 1.1033
v  20.5583 0.2824 1.1120
v  20.5607 0.3327 1.1897
v  20.5748 0.1652 1.0911
v  20.5462 0.0875 1.0683
v  20.6334 0.1258 1.0925
v  20.7002 0.1706 1.0920
v  20.6209 0.0911 1.0017
v  20.5320 0.0197 0.9715
v  20.5767 0.0476 0.8622
v  20.4447 -0.0189 0.8751
v  20.4998 0.0651 0.7928
v  20.5649 0.1372 0.8085
v  20.4463 0.1285 0.7619
v  20.7023 0.1398 0.8599
v  20.6911 0.1195 0.9130
v  20.6883 0.1233 0.9895
v  20.7542 0.2148 1.0267
v  20.7439 0.2802 1.1060
v  20.7027 0.3225 1.0746
v  20.7607 0.2790 1.0699
v  20.7828 0.3351 1.0409
v  20.8216 0.2873 1.0472
v  20.8115 0.1690 0.9777
v  20.7567 0.1684 0.9688
v  20.7570 0.1311 0.9893
v  20.7740 0.1542 0.8919
v  20.8405 0.2117 0.9423
v  20.8040 0.1604 0.8324
v  20.7435 0.1429 0.7177
v  20.6528 0.1345 0.7697
v  20.5359 0.1734 0.7141
v  20.4345 0.1698 0.6929
v  20.4377 0.1945 0.6756
v  20.5374 0.2303 0.6738
v  20.6130 0.1710 0.6922
v  20.6926 0.1804 0.6432
v  20.8172 0.1450 0.6708
v  20.8790 0.1668 0.7878
v  20.7677 0.1819 0.5921
v  20.6724 0.2774 0.6033
v  20.5977 0.2541 0.6429
v  20.5440 0.2905 0.6990
v  20.4599 0.2864 0.7202
v  20.3685 0.2815 0.6829
v  20.5961 0.2823 0.6464
v  20.7486 0.2912 0.5374
v  20.8935 0.2028 0.5306
v  20.8775 0.3067 0.4825
v  20.9230 0.2313 0.8876
v  20.8840 0.2978 1.0130
v  20.8494 0.3350 0.9486
v  20.7821 0.3788 0.9531
v  20.8455 0.3998 0.9348
v  20.8754 0.3780 0.8590
v  20.9215 0.3409 0.8940
v  20.7769 0.3570 0.6043
v  20.9008 0.3576 0.5405
v  20.9115 0.3958 0.6026
v  20.6686 0.3577 0.6943
v  20.5847 0.3618 0.7473
v  20.7096 0.3852 0.7418
v  20.6298 0.3950 0.7969
v  20.5420 0.3791 0.7690
v  20.4757 0.3220 0.7547
v  20.4235 0.3773 0.7848
v  20.3135 0.3882 0.7519
v  20.3165 0.4035 0.8339
v  20.4631 0.3957 0.8596
v  20.4540 0.3759 0.7875
v  20.4881 0.4009 0.7569
v  20.5369 0.3806 0.8470
v  20.5327 0.3920 0.9273
v  20.4934 0.4026 0.9364
v  20.3277 0.4195 0.9080
v  20.3121 0.4420 0.9556
v  20.4687 0.4006 1.0167
v  20.5645 0.3688 1.0187
v  20.6244 0.3714 0.9923
v  20.5757 0.4191 0.9100
v  20.6241 0.3904 0.8909
v  20.5719 0.4268 0.8130
v  20.6747 0.4349 0.8506
v  20.7088 0.3981 0.9258
v  20.6619 0.4197 0.9619
v  20.6953 0.3717 1.0255
v  20.6691 0.3865 1.0630
v  20.6254 0.3500 1.0825
v  20.7574 0.3972 1.0229
v  20.7568 0.4125 0.8799
v  20.7277 0.3930 0.8201
v  20.7793 0.4235 0.7681
v  20.8050 0.3859 0.8312
v  20.8462 0.4112 0.7886
v  20.8212 0.3931 0.7307
v  20.8572 0.4155 0.7041
v  20.8779 0.3939 0.7593
v  20.9186 0.4019 0.8743
v  20.9072 0.4162 0.7477
v  20.8825 0.4003 0.6750
v  20.9100 0.4279 0.6530
v  20.5168 0.3619 1.0699
v  20.4247 0.3501 1.1076
v  20.3615 0.3870 1.0729
v  20.5409 0.4164 1.0421
v  19.6433 -0.0189 0.8751
v  19.7266 0.0050 0.7257
v  19.7417 -0.0548 0.6915
v  19.6971 -0.0877 0.8509
v  19.6812 -0.0149 1.0466
v  19.6254 0.0341 1.0549
v  19.7122 -0.1391 0.9711
v  19.7149 -0.0295 1.1260
v  19.6942 0.0953 1.1656
v  19.6205 0.1765 1.1240
v  19.7952 -0.0546 1.2035
v  19.7540 0.1889 1.1910
v  19.7101 0.1912 1.1651
v  19.8012 0.1460 1.2721
v  19.7731 0.2916 1.1953
v  19.8358 0.2584 1.2684
v  19.8114 0.3273 1.1919
v  19.7239 0.2858 1.1511
v  19.8806 0.3346 1.2500
v  19.8667 0.3822 1.2011
v  19.8802 0.4051 1.1693
v  19.7798 0.3686 1.1223
v  19.6825 0.2054 1.1346
v  19.6695 0.2068 1.1529
v  19.6865 0.3359 1.2056
v  19.6276 0.2608 1.1940
v  19.8526 0.4132 0.4797
v  19.7930 0.2804 0.6136
v  19.7745 0.3882 0.7519
v  19.8035 0.4926 0.8904
v  19.8380 0.4953 0.8618
v  19.7907 0.4703 0.7807
v  19.7780 0.4504 0.8659
v  19.7212 0.4592 0.7606
v  19.6675 0.5129 0.7088
v  19.7110 0.4813 0.7967
v  19.8912 0.4734 1.0439
v  19.8852 0.5034 0.9879
v  19.7171 0.5414 0.9974
v  19.8305 0.4609 1.0597
v  19.8419 0.4722 1.0002
v  19.8952 0.4439 1.1022
v  19.9449 0.4995 1.0161
v  19.9048 0.5335 0.8957
v  19.7373 0.5519 0.8064
v  19.7759 0.4420 0.9556
v  19.9420 0.5283 0.9473
v  19.7501 0.6009 0.8758
v  19.8147 0.6602 0.8994
v  19.5864 0.5064 0.8154
v  19.7781 0.4244 1.0034
v  19.7817 0.4156 1.0798
v  19.7099 0.4765 1.0802
v  19.8064 0.4269 1.1232
v  19.9497 0.4438 1.1277
v  19.9420 0.4729 1.0671
v  19.7783 0.5929 0.9773
v  19.7271 -0.0174 1.2423
v  19.6327 0.1002 1.1621
v  19.7100 0.0626 1.2793
v  19.7658 0.4855 1.1302
v  19.8999 0.4026 1.2041
v  19.7715 0.4035 0.8339
v  19.7707 0.4309 0.7315
v  19.7774 0.4207 0.6972
v  19.8373 0.4448 0.6830
v  19.6763 0.4725 0.8808
v  19.7603 0.4195 0.9080
v  19.8039 0.4469 0.6132
v  19.6995 0.4638 0.8130
v  19.5909 0.3032 1.1521
v  19.5665 0.2417 1.1203
v  19.4909 0.3278 1.1560
v  19.5137 0.3335 1.0936
v  19.4472 0.3165 1.0965
v  19.4313 0.2580 1.1033
v  19.5297 0.2824 1.1120
v  19.5273 0.3327 1.1897
v  19.5132 0.1652 1.0911
v  19.5418 0.0875 1.0683
v  19.4546 0.1258 1.0925
v  19.3878 0.1706 1.0920
v  19.4671 0.0911 1.0017
v  19.5560 0.0197 0.9715
v  19.5113 0.0476 0.8622
v  19.3969 0.1195 0.9130
v  19.3997 0.1233 0.9895
v  19.3338 0.2148 1.0267
v  19.3441 0.2802 1.1060
v  19.3853 0.3225 1.0746
v  19.3273 0.2790 1.0699
v  19.3052 0.3351 1.0409
v  19.2664 0.2873 1.0472
v  19.2765 0.1690 0.9777
v  19.3313 0.1684 0.9688
v  19.3310 0.1311 0.9893
v  19.3140 0.1542 0.8919
v  19.3857 0.1398 0.8599
v  19.5231 0.1372 0.8085
v  19.5882 0.0651 0.7928
v  19.6682 0.0308 0.7706
v  19.6417 0.1285 0.7619
v  19.7153 0.1083 0.6834
v  19.6535 0.1698 0.6929
v  19.5521 0.1734 0.7141
v  19.4352 0.1345 0.7697
v  19.3445 0.1429 0.7177
v  19.2840 0.1604 0.8324
v  19.2475 0.2117 0.9423
v  19.2040 0.2978 1.0130
v  19.2386 0.3350 0.9486
v  19.1446 0.3053 0.9166
v  19.1650 0.2313 0.8876
v  19.2090 0.1668 0.7878
v  19.2708 0.1450 0.6708
v  19.3954 0.1804 0.6432
v  19.4750 0.1710 0.6922
v  19.5506 0.2303 0.6738
v  19.6503 0.1945 0.6756
v  19.7340 0.1686 0.6183
v  19.7195 0.2815 0.6829
v  19.6281 0.2864 0.7202
v  19.5440 0.2905 0.6990
v  19.4903 0.2541 0.6429
v  19.4156 0.2774 0.6033
v  19.3203 0.1819 0.5921
v  19.1945 0.2028 0.5306
v  19.3394 0.2912 0.5374
v  19.4919 0.2823 0.6464
v  19.2105 0.3067 0.4825
v  19.1665 0.3409 0.8940
v  19.1694 0.4019 0.8743
v  19.1503 0.3773 0.7943
v  19.2126 0.3780 0.8590
v  19.2101 0.3939 0.7593
v  19.1808 0.4162 0.7477
v  19.1442 0.4007 0.7094
v  19.2055 0.4003 0.6750
v  19.1780 0.4279 0.6530
v  19.2308 0.4155 0.7041
v  19.1765 0.3958 0.6026
v  19.3111 0.3570 0.6043
v  19.1872 0.3576 0.5405
v  19.4194 0.3577 0.6943
v  19.5033 0.3618 0.7473
v  19.3784 0.3852 0.7418
v  19.2668 0.3931 0.7307
v  19.2418 0.4112 0.7886
v  19.2830 0.3859 0.8312
v  19.3087 0.4235 0.7681
v  19.3603 0.3930 0.8201
v  19.4582 0.3950 0.7969
v  19.5460 0.3791 0.7690
v  19.6123 0.3220 0.7547
v  19.6645 0.3773 0.7848
v  19.6340 0.3759 0.7875
v  19.5999 0.4009 0.7569
v  19.5511 0.3806 0.8470
v  19.5161 0.4268 0.8130
v  19.4639 0.3904 0.8909
v  19.4133 0.4349 0.8506
v  19.3792 0.3981 0.9258
v  19.3312 0.4125 0.8799
v  19.3059 0.3788 0.9531
v  19.2425 0.3998 0.9348
v  19.3306 0.3972 1.0229
v  19.3927 0.3717 1.0255
v  19.4261 0.4197 0.9619
v  19.4636 0.3714 0.9923
v  19.5123 0.4191 0.9100
v  19.5553 0.3920 0.9273
v  19.6249 0.3957 0.8596
v  19.4189 0.3865 1.0630
v  19.4626 0.3500 1.0825
v  19.5235 0.3688 1.0187
v  19.5946 0.4026 0.9364
v  19.6193 0.4006 1.0167
v  19.7265 0.3870 1.0729
v  19.6633 0.3501 1.1076
v  19.5712 0.3619 1.0699
v  19.5471 0.4164 1.0421
v  19.8070 -0.6301 0.3906
v  19.7954 -0.6308 0.4434
v  19.7942 -0.6393 0.3918
v  19.7883 -0.6731 0.3060
v  19.7988 -0.6151 0.3899
v  19.7860 -0.6243 0.3912
v  19.7756 -0.6352 0.3171
# 301 vertices

vn -0.9121 0.3796 -0.1551
vn 0.8984 -0.3683 0.2393
vn -0.5767 0.7884 0.2142
vn -0.7804 0.4689 0.4138
vn 0.4367 -0.7528 -0.4926
vn -0.7863 0.2868 -0.5472
vn -0.0551 -0.0024 0.9985
vn 0.0902 -0.6878 -0.7203
vn -0.8895 -0.3122 -0.3337
vn -0.0640 0.8554 -0.5140
vn -0.9162 0.3615 0.1729
vn -0.4322 -0.7843 0.4451
vn 0.2525 0.8224 0.5099
vn -0.9706 0.1824 -0.1568
vn 0.6918 0.7220 0.0064
vn -0.7408 -0.6612 -0.1186
vn -0.1476 -0.9811 0.1248
vn -0.5858 -0.8101 -0.0228
vn -0.6374 0.6343 0.4375
vn 0.5568 -0.8046 -0.2065
vn 0.8335 0.5522 0.0191
vn 0.7028 0.1828 -0.6875
vn 0.4598 0.6190 -0.6367
vn -0.8969 -0.4132 0.1575
vn 0.5242 0.7908 -0.3161
vn -0.5177 -0.3495 0.7809
vn 0.3574 0.3348 -0.8719
vn 0.7270 0.1795 0.6627
vn -0.2806 -0.1460 -0.9487
vn 0.7450 -0.0573 -0.6645
vn 0.8358 0.1707 -0.5219
vn 0.2660 0.2264 0.9370
vn -0.6746 -0.0305 0.7376
vn 0.8475 0.3843 0.3662
vn -0.3509 -0.7373 -0.5772
vn -0.7657 -0.1341 0.6291
vn -0.4714 0.8719 -0.1326
vn 0.5591 0.3063 -0.7704
vn -0.4268 0.7285 -0.5358
vn -0.6465 -0.6046 -0.4652
vn -0.8182 0.1590 -0.5526
vn -0.3348 -0.6293 0.7014
vn -0.6010 0.7286 0.3285
vn 0.6185 0.5023 -0.6043
vn 0.3806 0.5493 0.7440
vn -0.5525 -0.1924 -0.8110
vn 0.8722 0.0673 0.4844
vn -0.2999 0.3509 -0.8871
vn -0.0197 -0.8446 0.5350
vn 0.9665 -0.1284 -0.2222
vn 0.7855 -0.1886 0.5894
vn 0.8744 -0.4198 0.2435
vn -0.8265 0.4650 -0.3174
vn 0.6917 -0.5726 0.4401
vn 0.4943 0.4276 -0.7568
vn 0.1382 0.4437 0.8854
vn -0.0404 0.8140 -0.5795
vn 0.7948 -0.5543 0.2469
vn -0.5201 -0.3784 0.7657
vn 0.3345 -0.3910 -0.8574
vn 0.8139 0.0831 -0.5750
vn 0.9762 -0.2142 0.0337
vn 0.5272 -0.8276 -0.1924
vn 0.9055 -0.1891 0.3798
vn -0.9741 0.1361 0.1804
vn 0.8388 -0.1639 0.5192
vn -0.7605 -0.6438 -0.0845
vn -0.0620 -0.2488 -0.9666
vn 0.3886 -0.2726 0.8802
vn -0.5677 0.1566 0.8082
vn -0.5528 -0.2693 -0.7886
vn -0.2868 0.7033 -0.6505
vn 0.9125 -0.3624 0.1899
vn 0.5554 -0.0382 -0.8307
vn -0.5922 0.2575 0.7635
vn -0.8885 0.2374 0.3928
vn -0.0125 -0.4388 -0.8985
vn 0.1451 -0.1053 -0.9838
vn -0.3061 0.5101 0.8038
vn -0.1614 -0.1410 -0.9768
vn 0.0360 -0.1534 -0.9875
vn 0.2987 -0.0027 -0.9543
vn 0.6186 0.7365 0.2736
vn -0.0093 -0.1943 -0.9809
vn -0.9516 0.3008 0.0627
vn -0.9645 0.2642 -0.0044
vn -0.6815 -0.0610 -0.7293
vn 0.8228 0.3312 -0.4619
vn -0.6284 0.7662 -0.1343
vn -0.9673 0.1178 -0.2245
vn 0.7352 0.5765 -0.3565
vn 0.2477 0.7154 -0.6533
vn 0.8372 -0.0379 0.5456
vn -0.4437 0.4904 0.7501
vn -0.0187 -0.9846 0.1737
vn 0.7439 0.4697 -0.4754
vn 0.0765 0.2439 -0.9668
vn -0.9938 -0.0550 -0.0963
vn 0.4659 0.3920 -0.7933
vn 0.5524 -0.4796 0.6818
vn -0.9766 0.0681 0.2039
vn -0.0928 0.0307 0.9952
vn -0.8991 0.0910 0.4282
vn 0.6305 -0.7728 -0.0728
vn 0.8192 0.4017 0.4094
vn 0.2814 -0.7741 0.5671
vn -0.2934 -0.8296 -0.4751
vn -0.6301 0.0778 0.7726
vn 0.6937 -0.6329 -0.3439
vn -0.8955 0.4363 0.0882
vn -0.5831 -0.4137 -0.6992
vn 0.7114 -0.5384 0.4516
vn -0.5058 -0.2169 -0.8349
vn -0.3292 -0.5580 -0.7617
vn -0.5023 0.4168 0.7576
vn -0.3242 -0.6916 0.6455
vn -0.4355 0.2773 0.8564
vn -0.3631 -0.5641 -0.7416
vn 0.8060 0.3790 0.4546
vn -0.4387 -0.5856 0.6816
vn -0.6895 0.2488 0.6802
vn -0.3232 -0.9253 -0.1985
vn 0.7895 -0.5708 -0.2255
vn 0.5442 0.6390 -0.5436
vn 0.2874 -0.8538 -0.4340
vn -0.7430 -0.4680 0.4784
vn 0.0684 -0.9587 -0.2760
vn -0.5230 -0.4281 0.7371
vn -0.6378 -0.0616 0.7678
vn 0.9850 0.1660 -0.0479
vn 0.2172 0.9604 0.1743
vn 0.6141 0.4951 -0.6146
vn -0.1978 -0.9217 -0.3336
vn 0.9886 -0.0938 0.1178
vn -0.7428 0.2049 0.6374
vn 0.2081 0.0075 0.9781
vn 0.4216 0.3127 -0.8512
vn 0.3867 0.1049 -0.9162
vn -0.5875 -0.1197 0.8003
vn -0.6007 0.6510 -0.4640
vn -0.0281 -0.8965 -0.4421
vn -0.5290 0.7049 -0.4725
vn 0.5558 -0.6382 -0.5327
vn 0.7217 -0.3686 0.5858
vn 0.2006 -0.8609 0.4676
vn -0.2676 0.9310 0.2483
vn -0.0468 -0.6416 -0.7656
vn 0.4880 0.2936 0.8220
vn 0.7000 0.6329 0.3308
vn 0.4948 -0.3117 0.8112
vn -0.0890 0.9087 0.4079
vn -0.6108 -0.7156 -0.3389
vn -0.3960 0.8679 -0.2999
vn 0.4410 0.1919 0.8768
vn -0.8516 -0.5237 0.0221
vn -0.6996 0.6277 -0.3413
vn 0.2275 0.4798 -0.8474
vn 0.3948 0.4385 0.8074
vn 0.2168 0.5109 0.8318
vn 0.3810 0.7576 0.5299
vn 0.3163 -0.8513 0.4186
vn 0.5947 0.7940 0.1265
vn -0.9073 -0.3853 -0.1684
vn 0.3781 -0.9179 0.1207
vn -0.4808 0.8767 0.0166
vn 0.4591 -0.1899 -0.8678
vn 0.9214 0.3462 0.1764
vn 0.8612 -0.4822 -0.1606
vn 0.4613 0.3141 0.8298
vn 0.4546 -0.1448 -0.8788
vn 0.6578 0.7173 0.2298
vn -0.8518 -0.1369 0.5057
vn 0.8701 0.2577 0.4202
vn 0.6259 -0.7790 0.0360
vn -0.3259 0.7570 0.5663
vn -0.6776 0.0835 0.7307
vn 0.4098 -0.8278 -0.3832
vn 0.7123 -0.3059 -0.6318
vn -0.9178 -0.0728 -0.3902
vn 0.2182 0.9202 0.3249
vn -0.1070 -0.9689 -0.2230
vn -0.0603 -0.6009 -0.7971
vn -0.0163 0.9868 0.1612
vn 0.3881 -0.3263 -0.8619
vn -0.2065 0.2043 -0.9569
vn 0.7122 0.3628 0.6010
vn -0.1529 -0.9360 -0.3170
vn -0.2659 0.9249 0.2719
vn -0.2468 0.8824 -0.4005
vn -0.8775 -0.1104 -0.4668
vn -0.6198 0.2115 0.7557
vn 0.7117 0.3885 0.5853
vn 0.3714 -0.3256 -0.8695
vn -0.3559 -0.7670 0.5339
vn 0.0319 0.8674 0.4967
vn 0.1111 0.7383 -0.6652
vn -0.3866 0.8219 -0.4183
vn 0.8128 0.2367 0.5323
vn -0.3909 0.3410 -0.8549
vn -0.8323 0.1283 -0.5393
vn -0.8326 0.4349 -0.3431
vn 0.9751 0.2204 -0.0238
vn 0.4709 -0.8235 0.3165
vn -0.0414 -0.3322 0.9423
vn 0.7191 0.4904 0.4924
vn 0.7017 -0.3111 0.6409
vn -0.3906 0.0380 0.9198
vn -0.0051 -0.1402 0.9901
vn -0.7047 0.6960 -0.1379
vn -0.3579 0.5214 -0.7746
vn 0.6180 -0.4120 -0.6695
vn 0.8866 0.1354 -0.4423
vn 0.7449 0.5847 0.3213
vn -0.1903 0.2412 0.9516
vn 0.4585 -0.6404 -0.6161
vn 0.2622 -0.7579 0.5974
vn 0.7887 0.2504 0.5615
vn -0.7531 -0.0366 -0.6569
vn -0.7107 0.5578 0.4287
vn -0.2756 -0.3380 -0.8999
vn -0.2532 0.5142 -0.8194
vn -0.6147 0.7651 0.1917
vn -0.6583 -0.1022 -0.7458
vn -0.3575 0.1612 0.9199
vn 0.8286 -0.5389 0.1515
vn -0.2327 0.4158 -0.8792
vn -0.4077 -0.2481 -0.8788
vn -0.9016 -0.4156 0.1203
vn 0.7382 0.5977 0.3128
vn 0.3967 0.8721 0.2864
vn -0.3880 -0.1247 0.9132
vn 0.3566 0.7680 -0.5320
vn 0.4427 0.8725 -0.2068
vn -0.8583 0.4745 0.1955
vn 0.4041 0.0877 0.9105
vn -0.0393 -0.6081 -0.7929
vn 0.0392 -0.3629 -0.9310
vn 0.5637 0.0021 0.8260
vn -0.4287 -0.1301 -0.8940
vn 0.0248 -0.1088 0.9938
vn -0.6994 0.0715 0.7112
vn 0.6257 0.6285 0.4620
vn -0.8713 0.3533 0.3406
vn 0.1256 0.5532 0.8235
vn -0.1930 0.7827 0.5917
vn 0.8916 0.0324 -0.4516
vn -0.8115 0.0762 -0.5794
vn 0.7515 -0.5520 -0.3613
vn 0.7719 -0.2263 0.5941
vn 0.6611 0.6738 -0.3299
vn -0.8336 -0.0636 0.5487
vn 0.1653 -0.7249 0.6687
vn 0.1100 0.8277 0.5503
vn 0.5153 0.8067 -0.2893
vn 0.0561 0.6427 0.7640
vn -0.4050 0.4964 -0.7678
vn 0.8237 -0.4448 0.3516
vn 0.4592 0.3250 0.8268
vn 0.6208 0.1020 -0.7773
vn -0.9834 0.1101 -0.1440
vn 0.8279 -0.5387 -0.1564
vn 0.2487 0.0948 0.9639
vn 0.2094 -0.4021 -0.8913
vn 0.3230 0.3049 0.8959
vn 0.8501 -0.1162 -0.5137
vn 0.2198 0.6204 -0.7529
vn -0.8665 -0.4971 0.0464
vn 0.7512 -0.3884 0.5337
vn 0.0145 0.7350 -0.6779
vn 0.0540 0.5906 -0.8052
vn 0.1002 -0.5368 0.8378
vn -0.2905 0.8957 -0.3367
vn 0.7073 -0.6884 0.1608
vn 0.3900 -0.5785 0.7164
vn -0.3679 -0.2224 -0.9029
vn -0.6483 -0.5760 -0.4978
vn 0.5718 -0.2227 0.7896
vn -0.3703 -0.6905 0.6214
vn -0.0727 -0.3028 0.9503
vn -0.2353 -0.0367 -0.9712
vn -0.9745 0.2076 0.0853
vn 0.7385 -0.6326 -0.2333
vn -0.8075 -0.3035 -0.5058
vn 0.0148 -0.0570 -0.9983
vn 0.4683 -0.5128 -0.7195
vn 0.2748 0.9307 -0.2416
vn 0.8961 -0.0375 -0.4422
vn -0.0129 -0.1364 0.9906
vn 0.4765 0.5521 -0.6842
vn 0.5846 0.7824 0.2147
vn -0.9007 -0.3576 0.2468
vn 0.9150 0.3717 -0.1567
vn 0.7714 0.4779 0.4201
vn -0.4323 -0.7596 -0.4860
vn -0.0924 -0.6896 -0.7183
vn 0.0593 0.0023 0.9982
vn 0.7836 0.2972 -0.5456
vn 0.8926 -0.3098 -0.3274
vn 0.0646 0.8514 -0.5205
vn 0.9137 0.3671 0.1743
vn 0.9708 0.1865 -0.1509
vn -0.2619 0.8182 0.5118
vn 0.4368 -0.7853 0.4387
vn -0.6853 0.7282 0.0075
vn 0.5930 -0.8051 -0.0170
vn 0.1386 -0.9824 0.1253
vn 0.7468 -0.6545 -0.1179
vn 0.6311 0.6390 0.4398
vn 0.0963 -0.9867 -0.1307
vn 0.9721 -0.1694 0.1621
vn -0.9595 0.2667 -0.0911
vn -0.7062 0.1764 -0.6857
vn -0.4700 0.6131 -0.6350
vn 0.8932 -0.4241 0.1493
vn 0.8463 0.1438 0.5130
vn 0.2110 0.2340 -0.9491
vn 0.6792 0.2849 -0.6764
vn 0.0897 0.1659 -0.9821
vn 0.6779 -0.0430 0.7339
vn -0.8511 0.3705 0.3720
vn 0.3428 -0.7418 -0.5764
vn 0.7581 -0.1339 0.6382
vn 0.4756 0.8716 -0.1192
vn -0.5638 0.3172 -0.7626
vn 0.4240 0.7399 -0.5223
vn 0.6514 -0.6056 -0.4570
vn 0.8164 0.1499 -0.5577
vn 0.3340 -0.6384 0.6935
vn 0.6008 0.7239 0.3390
vn -0.6265 0.5015 -0.5967
vn -0.2479 -0.2977 0.9219
vn -0.1080 -0.9742 0.1980
vn -0.7663 -0.0188 0.6422
vn -0.3692 -0.7135 0.5956
vn -0.9688 0.2474 0.0142
vn 0.3402 -0.3987 -0.8516
vn -0.9489 -0.0807 0.3052
vn 0.3498 0.0536 -0.9353
vn -0.7281 0.1060 -0.6773
vn 0.6918 0.3314 -0.6416
vn 0.4322 0.0274 0.9014
vn 0.1614 0.1985 0.9667
vn 0.5793 -0.4902 0.6512
vn 0.9765 -0.0302 -0.2135
vn 0.5003 0.7700 0.3960
vn -0.1789 0.6441 -0.7437
vn 0.4392 -0.7652 -0.4708
vn 0.8587 -0.1724 -0.4825
vn 0.3967 0.1510 0.9055
vn -0.0641 0.6849 -0.7258
vn 0.9743 0.1761 0.1403
vn -0.1100 0.9441 0.3108
vn -0.5363 -0.6087 0.5847
vn -0.5613 0.0119 0.8275
vn 0.3377 -0.4821 -0.8084
vn 0.7220 -0.1326 -0.6790
vn -0.3449 -0.3916 -0.8530
vn 0.2685 -0.6672 0.6948
vn -0.8028 -0.5446 0.2428
vn 0.8437 0.4858 0.2286
vn 0.1588 0.8057 -0.5707
vn -0.9098 -0.1783 0.3748
vn -0.5398 -0.8205 -0.1882
vn -0.9932 -0.1162 -0.0012
vn -0.8435 -0.1575 0.5136
vn -0.8394 -0.4303 0.3321
vn 0.0005 -0.9401 -0.3408
vn 0.6079 0.3734 0.7007
vn -0.1030 0.0814 0.9913
vn 0.8697 0.3948 -0.2963
vn -0.7890 -0.5736 -0.2200
vn -0.0144 0.4028 -0.9152
vn 0.1922 0.5403 0.8192
vn -0.1294 -0.8908 -0.4355
vn -0.4166 -0.4480 0.7910
vn -0.0534 0.4416 0.8956
vn 0.5840 0.2529 0.7714
vn -0.5641 -0.0422 -0.8247
vn 0.8860 0.2336 0.4006
vn -0.1580 -0.1125 -0.9810
vn 0.2965 0.5047 0.8108
vn 0.1513 -0.1464 -0.9776
vn -0.0465 -0.1658 -0.9851
vn -0.3074 -0.0103 -0.9515
vn -0.6237 0.7305 0.2782
vn 0.0170 -0.1998 -0.9797
vn -0.9002 0.3160 -0.2997
vn 0.2964 -0.5639 -0.7708
vn -0.1066 0.4635 -0.8797
vn -0.1460 -0.7985 0.5841
vn -0.1898 0.2308 -0.9543
vn -0.6145 -0.0449 -0.7876
vn 0.9657 0.2597 0.0013
vn 0.6811 -0.0666 -0.7292
vn 0.7392 0.1538 -0.6557
vn 0.2241 -0.1371 -0.9649
vn 0.9662 0.1271 -0.2242
vn -0.6718 -0.1233 -0.7304
vn 0.0185 -0.9836 0.1795
vn -0.7401 0.4677 -0.4832
vn 0.0030 -0.9423 -0.3348
vn -0.2294 0.4549 -0.8605
vn 0.2976 -0.8296 -0.4724
vn 0.6361 0.0807 0.7673
vn -0.2000 -0.6481 0.7349
vn 0.6692 0.6097 -0.4248
vn 0.2874 -0.9507 0.1164
vn -0.3383 -0.9124 -0.2305
vn -0.8889 -0.0726 0.4524
vn 0.5659 -0.8224 -0.0585
vn -0.8320 0.4855 0.2683
vn -0.0885 -0.7677 0.6347
vn -0.8850 0.1127 0.4517
vn -0.9691 -0.2022 -0.1412
vn -0.2331 0.7210 -0.6525
vn -0.6975 0.3898 -0.6013
vn -0.2107 0.9753 -0.0669
vn -0.4213 -0.9007 -0.1058
vn 0.8369 -0.4738 0.2740
vn -0.4113 -0.0864 0.9074
vn -0.8245 -0.4888 -0.2850
vn -0.4532 0.3958 -0.7987
vn -0.1819 -0.4565 0.8709
vn 0.9775 0.0739 0.1974
vn 0.3970 0.7119 -0.5793
vn 0.2991 -0.4894 0.8192
vn -0.8810 -0.2743 0.3854
vn -0.7298 0.6823 0.0442
vn 0.4831 0.8250 0.2933
vn -0.9725 0.2329 0.0030
vn 0.7376 -0.4669 0.4878
vn 0.0224 0.8730 -0.4872
vn 0.1913 -0.9228 -0.3344
vn 0.5233 -0.4219 0.7404
vn -0.0774 -0.9578 -0.2767
vn -0.2158 -0.0054 0.9764
vn 0.7357 0.2074 0.6448
vn -0.9894 -0.0847 0.1181
vn 0.7790 -0.0763 0.6224
vn 0.6838 -0.6887 0.2412
vn 0.0746 -0.5673 0.8201
vn 0.7133 -0.5733 -0.4031
vn 0.5478 -0.7565 -0.3573
vn 0.0635 -0.8257 0.5606
vn 0.6840 -0.5270 -0.5044
vn 0.1157 -0.6013 -0.7906
vn 0.1069 0.8669 0.4869
vn 0.1072 0.8688 0.4835
vn 0.8842 -0.2943 0.3627
# 449 vertex normals

vt 0.7598 -0.3418 0.0000
vt 0.7578 -0.3594 0.0000
vt 0.7705 -0.3672 0.0000
vt 0.7881 -0.3564 0.0000
vt 0.7881 -0.3408 0.0000
vt 0.7764 -0.3506 0.0000
vt 0.7852 -0.3359 0.0000
vt 0.7676 -0.3301 0.0000
vt 0.7588 -0.3574 0.0000
vt 0.7500 -0.3447 0.0000
vt 0.7500 -0.3262 0.0000
vt 0.7686 -0.3301 0.0000
vt 0.7588 -0.3564 0.0000
vt 0.7480 -0.3350 0.0000
vt 0.8721 -0.5400 0.0000
vt 0.8867 -0.5479 0.0000
vt 0.8965 -0.5400 0.0000
vt 0.8877 -0.5244 0.0000
vt 0.9131 -0.5273 0.0000
vt 0.8936 -0.5098 0.0000
vt 0.8828 -0.5176 0.0000
vt 0.8711 -0.5244 0.0000
vt 0.8711 -0.5078 0.0000
vt 0.8760 -0.4951 0.0000
vt 0.8594 -0.4902 0.0000
vt 0.8779 -0.4746 0.0000
vt 0.8545 -0.4785 0.0000
vt 0.8418 -0.4844 0.0000
vt 0.8457 -0.4697 0.0000
vt 0.8398 -0.5049 0.0000
vt 0.8496 -0.5078 0.0000
vt 0.8594 -0.5137 0.0000
vt 0.8516 -0.5322 0.0000
vt 0.8594 -0.5439 0.0000
vt 0.8613 -0.5547 0.0000
vt 0.8740 -0.5488 0.0000
vt 0.8525 -0.5459 0.0000
vt 0.8457 -0.5586 0.0000
vt 0.8418 -0.5488 0.0000
vt 0.8398 -0.5264 0.0000
vt 0.8457 -0.5215 0.0000
vt 0.8525 -0.5186 0.0000
vt 0.8359 -0.5166 0.0000
vt 0.8320 -0.5322 0.0000
vt 0.8262 -0.5156 0.0000
vt 0.8193 -0.5010 0.0000
vt 0.8311 -0.4932 0.0000
vt 0.8301 -0.4756 0.0000
vt 0.8369 -0.4648 0.0000
vt 0.8330 -0.4629 0.0000
vt 0.8213 -0.4707 0.0000
vt 0.8223 -0.4834 0.0000
vt 0.8125 -0.4873 0.0000
vt 0.8096 -0.5049 0.0000
vt 0.8145 -0.5205 0.0000
vt 0.8037 -0.4922 0.0000
vt 0.8037 -0.4746 0.0000
vt 0.8135 -0.4727 0.0000
vt 0.8154 -0.4658 0.0000
vt 0.8223 -0.4590 0.0000
vt 0.8271 -0.4512 0.0000
vt 0.8115 -0.4697 0.0000
vt 0.7949 -0.4775 0.0000
vt 0.7891 -0.4971 0.0000
vt 0.7803 -0.4824 0.0000
vt 0.8174 -0.5371 0.0000
vt 0.8311 -0.5508 0.0000
vt 0.8311 -0.5605 0.0000
vt 0.8398 -0.5713 0.0000
vt 0.8320 -0.5703 0.0000
vt 0.8242 -0.5713 0.0000
vt 0.8193 -0.5615 0.0000
vt 0.7998 -0.6182 0.0000
vt 0.8164 -0.6084 0.0000
vt 0.7998 -0.6074 0.0000
vt 0.8018 -0.5957 0.0000
vt 0.8164 -0.6211 0.0000
vt 0.8340 -0.6084 0.0000
vt 0.8262 -0.6240 0.0000
vt 0.8379 -0.6250 0.0000
vt 0.8477 -0.6250 0.0000
vt 0.8486 -0.6094 0.0000
vt 0.8340 -0.5967 0.0000
vt 0.8486 -0.5967 0.0000
vt 0.8584 -0.6074 0.0000
vt 0.8643 -0.6211 0.0000
vt 0.8623 -0.6289 0.0000
vt 0.8779 -0.6348 0.0000
vt 0.8789 -0.6143 0.0000
vt 0.8945 -0.6230 0.0000
vt 0.9023 -0.6182 0.0000
vt 0.8828 -0.6025 0.0000
vt 0.8730 -0.6113 0.0000
vt 0.8652 -0.6084 0.0000
vt 0.8672 -0.5986 0.0000
vt 0.8779 -0.5908 0.0000
vt 0.8877 -0.5928 0.0000
vt 0.9121 -0.6123 0.0000
vt 0.9189 -0.6064 0.0000
vt 0.9062 -0.5850 0.0000
vt 0.8838 -0.5742 0.0000
vt 0.8672 -0.5771 0.0000
vt 0.8682 -0.5889 0.0000
vt 0.8584 -0.5879 0.0000
vt 0.8584 -0.5977 0.0000
vt 0.8486 -0.5879 0.0000
vt 0.8486 -0.5801 0.0000
vt 0.8564 -0.5791 0.0000
vt 0.8564 -0.5693 0.0000
vt 0.8643 -0.5664 0.0000
vt 0.8779 -0.5586 0.0000
vt 0.8477 -0.5693 0.0000
vt 0.8398 -0.5801 0.0000
vt 0.8389 -0.5869 0.0000
vt 0.8301 -0.5869 0.0000
vt 0.8301 -0.5801 0.0000
vt 0.8223 -0.5801 0.0000
vt 0.8223 -0.5869 0.0000
vt 0.8154 -0.5859 0.0000
vt 0.8174 -0.5791 0.0000
vt 0.8184 -0.5703 0.0000
vt 0.8115 -0.5791 0.0000
vt 0.8105 -0.5869 0.0000
vt 0.8047 -0.5869 0.0000
vt 0.9404 -0.5537 0.0000
vt 0.9141 -0.5342 0.0000
vt 0.8955 -0.5488 0.0000
vt 0.9053 -0.5674 0.0000
vt 0.9404 -0.5723 0.0000
vt 0.9707 -0.5684 0.0000
vt 0.9434 -0.5908 0.0000
vt 0.8936 -0.5771 0.0000
vt 0.7773 -0.3496 0.0000
vt 0.2695 -0.9336 0.0000
vt 0.2764 -0.9736 0.0000
vt 0.2598 -0.9766 0.0000
vt 0.2520 -0.9355 0.0000
vt 0.2695 -0.8857 0.0000
vt 0.2871 -0.8936 0.0000
vt 0.2266 -0.8877 0.0000
vt 0.2598 -0.8486 0.0000
vt 0.2881 -0.8408 0.0000
vt 0.3135 -0.8711 0.0000
vt 0.2412 -0.8037 0.0000
vt 0.3115 -0.8232 0.0000
vt 0.3135 -0.8467 0.0000
vt 0.2891 -0.7812 0.0000
vt 0.3428 -0.8145 0.0000
vt 0.3184 -0.7773 0.0000
vt 0.3535 -0.7998 0.0000
vt 0.3506 -0.8457 0.0000
vt 0.3398 -0.7666 0.0000
vt 0.3525 -0.7676 0.0000
vt 0.3682 -0.7695 0.0000
vt 0.3828 -0.8311 0.0000
vt 0.3301 -0.8643 0.0000
vt 0.3184 -0.8662 0.0000
vt 0.3252 -0.8838 0.0000
vt 0.7451 -0.3281 0.0000
vt 0.7471 -0.3408 0.0000
vt 0.7676 -0.3291 0.0000
vt 0.7480 -0.3584 0.0000
vt 0.7705 -0.3711 0.0000
vt 0.7842 -0.3457 0.0000
vt 0.7686 -0.3711 0.0000
vt 0.4658 -0.6943 0.0000
vt 0.4697 -0.6738 0.0000
vt 0.4893 -0.6758 0.0000
vt 0.4854 -0.7012 0.0000
vt 0.4941 -0.6924 0.0000
vt 0.5020 -0.6885 0.0000
vt 0.2490 -0.3037 0.0000
vt 0.2285 -0.3359 0.0000
vt 0.2100 -0.3057 0.0000
vt 0.4473 -0.5254 0.0000
vt 0.4404 -0.5303 0.0000
vt 0.4492 -0.4961 0.0000
vt 0.4521 -0.5166 0.0000
vt 0.3096 -0.5879 0.0000
vt 0.2656 -0.5967 0.0000
vt 0.3096 -0.5928 0.0000
vt 0.5117 -0.4766 0.0000
vt 0.5186 -0.5010 0.0000
vt 0.4727 -0.5732 0.0000
vt 0.4941 -0.4746 0.0000
vt 0.4756 -0.4951 0.0000
vt 0.5088 -0.4512 0.0000
vt 0.4971 -0.4854 0.0000
vt 0.4961 -0.4570 0.0000
vt 0.5137 -0.4570 0.0000
vt 0.4971 -0.5186 0.0000
vt 0.4697 -0.5820 0.0000
vt 0.4717 -0.5342 0.0000
vt 0.4775 -0.5088 0.0000
vt 0.4883 -0.4912 0.0000
vt 0.5039 -0.4912 0.0000
vt 0.4736 -0.5801 0.0000
vt 0.4678 -0.5078 0.0000
vt 0.4658 -0.5342 0.0000
vt 0.4863 -0.4590 0.0000
vt 0.5020 -0.4395 0.0000
vt 0.4658 -0.4717 0.0000
vt 0.4424 -0.4219 0.0000
vt 0.4443 -0.5527 0.0000
vt 0.4316 -0.5811 0.0000
vt 0.4170 -0.5938 0.0000
vt 0.4053 -0.5811 0.0000
vt 0.4551 -0.5947 0.0000
vt 0.4561 -0.5723 0.0000
vt 0.4639 -0.4990 0.0000
vt 0.4766 -0.5674 0.0000
vt 0.4707 -0.5127 0.0000
vt 0.4717 -0.4697 0.0000
vt 0.4873 -0.4551 0.0000
vt 0.5205 -0.4746 0.0000
vt 0.5166 -0.5088 0.0000
vt 0.4941 -0.5010 0.0000
vt 0.5107 -0.4502 0.0000
vt 0.4629 -0.4893 0.0000
vt 0.4668 -0.4863 0.0000
vt 0.4922 -0.4775 0.0000
vt 0.4990 -0.4473 0.0000
vt 0.5088 -0.4600 0.0000
vt 0.5059 -0.4834 0.0000
vt 0.4707 -0.5684 0.0000
vt 0.6533 -0.3857 0.0000
vt 0.7119 -0.3691 0.0000
vt 0.7109 -0.3926 0.0000
vt 0.6113 -0.4092 0.0000
vt 0.7080 -0.4248 0.0000
vt 0.7139 -0.4600 0.0000
vt 0.6475 -0.4404 0.0000
vt 0.4775 -0.4814 0.0000
vt 0.4600 -0.4863 0.0000
vt 0.4678 -0.4863 0.0000
vt 0.4932 -0.4805 0.0000
vt 0.5137 -0.4775 0.0000
vt 0.5176 -0.5010 0.0000
vt 0.3555 -0.5986 0.0000
vt 0.3516 -0.5908 0.0000
vt 0.3154 -0.5986 0.0000
vt 0.3516 -0.6035 0.0000
vt 0.3154 -0.6016 0.0000
vt 0.3516 -0.6104 0.0000
vt 0.2676 -0.5967 0.0000
vt 0.3408 -0.5811 0.0000
vt 0.3545 -0.5957 0.0000
vt 0.3506 -0.6045 0.0000
vt 0.3428 -0.6074 0.0000
vt 0.3428 -0.6152 0.0000
vt 0.3447 -0.6055 0.0000
vt 0.3096 -0.6055 0.0000
vt 0.3389 -0.6133 0.0000
vt 0.3359 -0.5928 0.0000
vt 0.3564 -0.5732 0.0000
vt 0.3604 -0.5889 0.0000
vt 0.3604 -0.5967 0.0000
vt 0.3418 -0.5830 0.0000
vt 0.3506 -0.5908 0.0000
vt 0.3096 -0.5977 0.0000
vt 0.3545 -0.5967 0.0000
vt 0.9082 -0.4961 0.0000
vt 0.8604 -0.4678 0.0000
vt 0.8633 -0.4600 0.0000
vt 0.8486 -0.4600 0.0000
vt 0.8174 -0.5527 0.0000
vt 0.8398 -0.4541 0.0000
vt 0.8301 -0.4434 0.0000
vt 0.8115 -0.5713 0.0000
vt 0.8047 -0.5801 0.0000
vt 0.8887 -0.6406 0.0000
vt 0.9355 -0.6084 0.0000
vt 0.9609 -0.6045 0.0000
vt 0.9697 -0.5938 0.0000
vt 0.9873 -0.9736 0.0000
vt 1.0000 -1.0000 0.0000
vt 0.9854 -0.9746 0.0000
vt 0.9717 -0.9346 0.0000
vt 0.9961 -0.9736 0.0000
vt 0.9932 -0.9736 0.0000
vt 0.9883 -0.9463 0.0000
# 281 texture coords

o Dragon004
g Dragon004
usemtl c1200_1
s 1
f 356/169/399 357/170/400 358/171/401 
f 358/171/401 359/172/402 356/169/399 
f 360/173/403 356/169/399 359/172/402 
f 361/174/404 362/175/405 363/176/406 
f 363/176/406 364/177/407 361/174/404 
f 365/178/408 364/177/407 363/176/406 
f 363/176/406 362/179/409 365/178/408 
f 366/180/410 360/181/411 365/178/412 
f 365/178/412 356/182/413 366/180/410 
f 364/183/414 365/184/415 360/185/416 
f 360/185/416 367/186/417 364/183/414 
f 367/186/417 360/185/416 359/187/418 
f 359/187/418 368/188/419 367/186/417 
f 369/189/420 367/186/417 368/188/419 
f 367/186/417 369/189/420 370/190/421 
f 370/190/421 364/183/414 367/186/417 
f 371/191/422 370/190/421 369/189/420 
f 369/189/420 368/188/419 371/191/422 
f 372/192/423 371/191/422 368/188/419 
f 373/193/424 371/191/422 372/192/423 
f 372/192/423 374/194/425 373/193/424 
f 375/195/426 373/193/424 374/194/425 
f 376/196/427 373/193/424 375/195/426 
f 375/195/426 377/197/428 376/196/427 
f 373/193/424 376/196/427 378/198/429 
f 378/198/429 379/199/430 373/193/424 
f 371/191/422 373/193/424 379/199/430 
f 379/199/430 380/200/431 371/191/422 
f 370/190/421 371/191/422 380/200/431 
f 380/200/431 381/201/432 370/190/421 
f 382/202/433 370/190/421 381/201/432 
f 364/183/414 370/190/421 382/202/433 
f 382/202/433 383/203/434 364/183/414 
f 361/204/435 364/183/414 383/203/434 
f 384/205/436 383/203/434 382/202/433 
f 382/202/433 381/201/432 384/205/436 
f 385/206/437 383/203/434 384/205/436 
f 384/205/436 386/207/438 385/206/437 
f 386/207/438 384/205/436 381/201/432 
f 381/201/432 387/208/439 386/207/438 
f 388/209/440 387/208/439 381/201/432 
f 381/201/432 389/210/441 388/209/440 
f 389/210/441 381/201/432 380/200/431 
f 380/200/431 379/199/430 389/210/441 
f 388/209/440 389/210/441 379/199/430 
f 379/199/430 390/211/442 388/209/440 
f 378/198/429 390/211/442 379/199/430 
f 387/208/439 388/209/440 390/211/442 
f 390/211/442 391/212/443 387/208/439 
f 386/207/438 387/208/439 391/212/443 
f 392/213/444 391/212/443 390/211/442 
f 390/211/442 378/198/429 392/213/444 
f 393/214/445 392/213/444 378/198/429 
f 378/198/429 394/215/446 393/214/445 
f 394/215/446 378/198/429 376/196/427 
f 376/196/427 395/216/447 394/215/446 
f 395/216/447 376/196/427 377/197/428 
f 377/197/428 396/217/448 395/216/447 
f 397/218/449 395/216/447 396/217/448 
f 395/216/447 397/218/449 398/219/450 
f 398/219/450 399/220/451 395/216/447 
f 394/215/446 395/216/447 399/220/451 
f 399/220/451 393/214/445 394/215/446 
f 393/214/445 399/220/451 400/221/452 
f 400/221/452 401/222/453 393/214/445 
f 392/213/444 393/214/445 401/222/453 
f 401/222/453 402/223/454 392/213/444 
f 391/212/443 392/213/444 402/223/454 
f 403/224/455 401/222/453 400/221/452 
f 400/221/452 404/225/456 403/224/455 
f 405/226/457 404/225/456 400/221/452 
f 400/221/452 399/220/451 405/226/457 
f 398/219/450 405/226/457 399/220/451 
f 406/227/458 405/226/457 398/219/450 
f 398/219/450 407/228/459 406/227/458 
f 407/228/459 398/219/450 397/218/449 
f 397/218/449 408/229/460 407/228/459 
f 409/230/461 404/225/456 405/226/457 
f 405/226/457 406/227/458 409/230/461 
f 403/224/455 404/225/456 410/231/462 
f 410/231/462 411/232/463 403/224/455 
f 411/232/463 410/231/462 412/233/464 
f 391/212/443 402/223/454 413/234/465 
f 414/235/466 386/207/438 391/212/443 
f 415/236/467 386/207/438 414/235/466 
f 385/206/437 386/207/438 415/236/467 
f 415/236/467 416/237/468 385/206/437 
f 417/238/469 416/237/468 415/236/467 
f 415/236/467 418/239/470 417/238/469 
f 419/240/471 418/239/470 415/236/467 
f 412/241/472 420/242/473 421/243/474 
f 422/244/475 421/243/474 420/242/473 
f 420/242/473 412/241/472 410/245/476 
f 410/245/476 423/246/477 420/242/473 
f 422/244/475 420/242/473 423/246/477 
f 423/246/477 410/245/476 404/247/478 
f 404/247/478 409/248/479 423/246/477 
f 406/249/480 423/246/477 409/248/479 
f 423/246/477 406/249/480 424/250/481 
f 424/250/481 425/251/482 423/246/477 
f 422/244/475 423/246/477 425/251/482 
f 426/252/483 425/251/482 424/250/481 
f 424/250/481 427/253/484 426/252/483 
f 428/254/485 427/253/484 424/250/481 
f 424/250/481 406/249/480 428/254/485 
f 407/255/486 428/254/485 406/249/480 
f 428/254/485 407/255/486 408/256/487 
f 408/256/487 429/257/488 428/254/485 
f 429/257/488 408/256/487 430/258/489 
f 430/258/489 431/259/490 429/257/488 
f 432/260/491 429/257/488 431/259/490 
f 429/257/488 432/260/491 433/261/492 
f 433/261/492 428/254/485 429/257/488 
f 428/254/485 433/261/492 434/262/493 
f 434/262/493 427/253/484 428/254/485 
f 434/262/493 433/261/492 435/263/494 
f 435/263/494 427/253/484 434/262/493 
f 435/263/494 433/261/492 432/260/491 
f 432/260/491 436/264/495 435/263/494 
f 437/265/496 436/264/495 432/260/491 
f 432/260/491 438/266/497 437/265/496 
f 438/266/497 432/260/491 431/259/490 
f 437/265/496 438/266/497 439/267/498 
f 439/267/498 440/268/499 437/265/496 
f 441/269/500 437/265/496 440/268/499 
f 436/264/495 437/265/496 441/269/500 
f 441/269/500 442/270/501 436/264/495 
f 443/271/502 436/264/495 442/270/501 
f 435/263/494 436/264/495 443/271/502 
f 443/271/502 442/270/501 444/272/503 
f 444/272/503 435/263/494 443/271/502 
f 435/263/494 444/272/503 445/273/504 
f 445/273/504 427/253/484 435/263/494 
f 426/252/483 427/253/484 445/273/504 
f 445/273/504 444/272/503 426/252/483 
f 446/274/505 426/252/483 444/272/503 
f 444/272/503 447/275/506 446/274/505 
f 448/276/507 447/275/506 444/272/503 
f 444/272/503 442/270/501 448/276/507 
f 449/277/508 447/275/506 448/276/507 
f 448/276/507 442/270/501 449/277/508 
f 450/278/509 449/277/508 442/270/501 
f 442/270/501 451/279/510 450/278/509 
f 441/269/500 451/279/510 442/270/501 
f 450/278/509 451/279/510 383/203/434 
f 383/203/434 449/277/508 450/278/509 
f 449/277/508 383/203/434 385/206/437 
f 385/206/437 452/280/511 449/277/508 
f 447/275/506 449/277/508 452/280/511 
f 452/280/511 385/206/437 416/237/468 
f 416/237/468 447/275/506 452/280/511 
f 447/275/506 416/237/468 453/281/512 
f 453/281/512 454/282/513 447/275/506 
f 446/274/505 447/275/506 454/282/513 
f 454/282/513 426/252/483 446/274/505 
f 425/251/482 426/252/483 454/282/513 
f 454/282/513 455/283/514 425/251/482 
f 456/284/515 455/283/514 454/282/513 
f 454/282/513 453/281/512 456/284/515 
f 416/237/468 456/284/515 453/281/512 
f 456/284/515 416/237/468 417/238/469 
f 417/238/469 418/239/470 456/284/515 
f 457/285/516 456/284/515 418/239/470 
f 456/284/515 457/285/516 458/286/517 
f 458/286/517 455/283/514 456/284/515 
f 425/251/482 455/283/514 458/286/517 
f 458/286/517 422/244/475 425/251/482 
f 459/287/518 422/244/475 458/286/517 
f 458/286/517 460/288/519 459/287/518 
f 460/288/519 458/286/517 457/285/516 
f 457/285/516 418/239/470 460/288/519 
f 461/289/520 460/288/519 418/239/470 
f 418/239/470 419/240/471 461/289/520 
f 462/290/521 463/291/522 460/288/519 
f 459/287/518 460/288/519 463/291/522 
f 463/291/522 422/244/475 459/287/518 
f 422/244/475 463/291/522 464/292/523 
f 356/293/524 365/294/525 362/295/526 
f 362/295/526 465/296/527 356/293/524 
f 466/297/528 356/293/524 465/296/527 
f 357/298/529 356/293/524 466/297/528 
f 466/297/528 465/296/527 440/268/499 
f 440/268/499 467/299/530 466/297/528 
f 439/267/498 467/299/530 440/268/499 
f 440/268/499 465/296/527 468/300/531 
f 468/300/531 441/269/500 440/268/499 
f 441/269/500 468/300/531 465/296/527 
f 465/296/527 362/295/526 441/269/500 
f 451/279/510 441/269/500 362/295/526 
f 362/295/526 361/204/435 451/279/510 
f 383/203/434 451/279/510 361/204/435 
f 356/301/532 360/181/533 366/180/534 
f 469/302/535 470/303/536 471/304/537 
f 471/304/537 472/305/538 469/302/535 
f 473/306/539 469/302/535 472/305/538 
f 474/307/540 469/302/535 473/306/539 
f 473/306/539 472/305/538 475/308/541 
f 475/308/541 476/309/542 473/306/539 
f 477/310/543 473/306/539 476/309/542 
f 474/307/540 473/306/539 477/310/543 
f 477/310/543 478/311/544 474/307/540 
f 479/312/545 477/310/543 476/309/542 
f 480/313/546 481/314/547 477/310/548 
f 477/310/548 482/315/549 480/313/546 
f 483/316/550 480/313/546 482/315/549 
f 482/315/549 484/317/551 483/316/550 
f 485/318/552 483/316/550 484/317/551 
f 486/319/553 483/316/550 485/318/552 
f 485/318/552 484/317/551 487/320/554 
f 487/320/554 488/321/555 485/318/552 
f 489/322/556 485/318/552 488/321/555 
f 486/319/553 485/318/552 490/323/557 
f 481/314/558 486/319/559 491/324/560 
f 491/324/560 492/325/561 481/314/558 
f 492/325/561 491/324/560 478/326/562 
f 483/327/563 486/328/564 493/329/565 
f 493/329/566 486/328/567 481/330/568 
f 481/330/568 480/331/569 493/329/566 
f 483/332/570 493/329/571 480/333/572 
f 477/334/573 481/335/574 494/336/575 
f 494/336/575 478/337/576 477/334/573 
f 492/338/577 478/337/576 494/336/575 
f 494/336/575 481/339/578 492/338/577 
f 495/340/579 496/341/580 497/342/581 
f 498/343/582 499/344/583 500/345/584 
f 500/345/584 501/346/585 498/343/582 
f 502/347/586 503/348/587 504/349/588 
f 505/350/589 506/351/590 507/352/591 
f 507/352/591 508/353/592 505/350/589 
f 508/353/592 507/352/591 509/354/593 
f 510/355/594 505/350/589 508/353/592 
f 506/356/595 505/357/596 511/358/597 
f 506/356/598 512/359/599 513/360/600 
f 513/360/600 498/361/601 506/356/598 
f 514/362/602 506/356/598 498/361/601 
f 509/363/603 506/356/598 514/362/602 
f 506/356/604 515/364/605 516/365/606 
f 516/365/606 512/366/607 506/356/604 
f 498/361/601 513/360/600 499/367/608 
f 506/368/609 511/369/610 517/360/611 
f 517/360/611 515/370/612 506/368/609 
f 518/371/613 519/372/614 520/373/615 
f 520/373/615 508/374/616 518/371/613 
f 509/375/617 518/371/613 508/374/616 
f 518/371/618 509/376/619 514/377/620 
f 514/377/620 519/372/621 518/371/618 
f 506/378/622 509/354/623 507/352/624 
f 521/379/625 522/380/626 490/381/627 
f 490/381/627 485/382/628 521/379/625 
f 510/383/629 508/384/630 522/385/631 
f 522/385/631 489/386/632 510/383/629 
f 485/382/633 489/386/632 522/385/631 
f 522/385/631 521/379/634 485/382/633 
f 522/380/635 508/387/636 520/388/637 
f 520/388/637 490/381/638 522/380/635 
f 510/389/639 489/390/640 523/391/641 
f 523/391/641 524/392/642 510/389/639 
f 525/393/643 510/389/639 524/392/642 
f 477/394/644 479/395/645 526/396/646 
f 526/396/646 527/397/647 477/394/644 
f 527/397/647 526/396/646 528/398/648 
f 528/398/648 482/399/649 527/397/647 
f 477/400/650 527/397/647 482/399/649 
f 505/401/651 510/389/652 525/393/653 
f 525/393/653 511/402/654 505/401/651 
f 529/360/655 489/403/656 488/404/657 
f 488/404/657 530/405/658 529/360/655 
f 489/406/659 529/360/655 530/405/658 
f 531/407/660 500/408/661 532/409/662 
f 532/409/662 497/410/663 531/407/660 
f 497/410/663 532/409/662 533/411/664 
f 533/411/664 534/412/665 497/410/663 
f 535/413/666 536/414/667 514/415/668 
f 514/415/668 498/416/669 535/413/666 
f 501/417/670 535/413/666 498/416/669 
f 536/418/671 535/413/666 501/417/670 
f 531/419/672 502/420/673 500/421/674 
f 537/422/675 495/423/676 497/424/677 
f 497/424/677 534/425/678 537/422/675 
f 500/426/679 502/347/680 504/349/681 
f 504/349/681 501/427/682 500/426/679 
f 538/428/683 501/427/682 504/349/681 
f 504/349/681 503/348/684 538/428/683 
f 536/429/685 501/427/682 538/428/683 
f 502/420/686 538/428/683 503/348/684 
f 531/419/687 536/429/685 538/428/683 
f 538/428/683 502/420/686 531/419/687 
f 491/171/688 486/170/689 539/169/690 
f 539/169/690 478/172/691 491/171/688 
f 540/173/692 478/172/691 539/169/690 
f 541/176/693 542/175/694 543/174/695 
f 543/174/695 544/177/696 541/176/693 
f 545/178/697 541/176/693 544/177/696 
f 542/179/698 541/176/693 545/178/697 
f 545/178/699 540/181/700 546/180/701 
f 546/180/701 539/182/702 545/178/699 
f 540/185/703 545/184/704 544/183/705 
f 544/183/705 547/186/706 540/185/703 
f 478/187/707 540/185/703 547/186/706 
f 547/186/706 548/188/708 478/187/707 
f 474/430/709 478/187/707 548/188/708 
f 549/189/710 548/188/708 547/186/706 
f 547/186/706 550/190/711 549/189/710 
f 550/190/711 547/186/706 544/183/705 
f 549/189/710 550/190/711 551/191/712 
f 551/191/712 548/188/708 549/189/710 
f 548/188/708 551/191/712 552/192/713 
f 552/192/713 474/430/709 548/188/708 
f 469/194/714 474/430/709 552/192/713 
f 552/192/713 553/193/715 469/194/714 
f 553/193/715 552/192/713 551/191/712 
f 551/191/712 554/199/716 553/193/715 
f 555/200/717 554/199/716 551/191/712 
f 551/191/712 550/190/711 555/200/717 
f 556/201/718 555/200/717 550/190/711 
f 550/190/711 557/202/719 556/201/718 
f 557/202/719 550/190/711 544/183/705 
f 544/183/705 558/203/720 557/202/719 
f 543/204/721 558/203/720 544/183/705 
f 557/202/719 558/203/720 559/205/722 
f 559/205/722 556/201/718 557/202/719 
f 559/205/722 558/203/720 560/206/723 
f 560/206/723 561/207/724 559/205/722 
f 556/201/718 559/205/722 561/207/724 
f 561/207/724 562/208/725 556/201/718 
f 563/209/726 556/201/718 562/208/725 
f 556/201/718 563/209/726 564/210/727 
f 564/210/727 555/200/717 556/201/718 
f 554/199/716 555/200/717 564/210/727 
f 564/210/727 563/209/726 554/199/716 
f 565/211/728 554/199/716 563/209/726 
f 563/209/726 562/208/725 565/211/728 
f 554/199/716 565/211/728 566/198/729 
f 566/198/729 553/193/715 554/199/716 
f 553/193/715 566/198/729 567/196/730 
f 567/196/730 568/195/731 553/193/715 
f 469/194/714 553/193/715 568/195/731 
f 568/195/731 569/431/732 469/194/714 
f 470/432/733 469/194/714 569/431/732 
f 570/197/734 569/431/732 568/195/731 
f 568/195/731 567/196/730 570/197/734 
f 569/431/732 570/197/734 571/433/735 
f 571/433/735 470/432/733 569/431/732 
f 572/217/736 571/433/735 570/197/734 
f 570/197/734 573/216/737 572/217/736 
f 573/216/737 570/197/734 567/196/730 
f 567/196/730 574/215/738 573/216/737 
f 574/215/738 567/196/730 566/198/729 
f 566/198/729 575/214/739 574/215/738 
f 576/213/740 575/214/739 566/198/729 
f 566/198/729 565/211/728 576/213/740 
f 577/212/741 576/213/740 565/211/728 
f 565/211/728 562/208/725 577/212/741 
f 561/207/724 577/212/741 562/208/725 
f 578/235/742 577/212/741 561/207/724 
f 561/207/724 579/236/743 578/235/742 
f 560/206/723 579/236/743 561/207/724 
f 578/235/742 579/236/743 580/434/744 
f 580/434/744 577/212/741 578/235/742 
f 577/212/741 580/434/744 581/234/745 
f 581/234/745 582/223/746 577/212/741 
f 576/213/740 577/212/741 582/223/746 
f 582/223/746 583/222/747 576/213/740 
f 575/214/739 576/213/740 583/222/747 
f 583/222/747 584/221/748 575/214/739 
f 585/220/749 575/214/739 584/221/748 
f 574/215/738 575/214/739 585/220/749 
f 585/220/749 573/216/737 574/215/738 
f 573/216/737 585/220/749 586/219/750 
f 586/219/750 587/218/751 573/216/737 
f 572/217/736 573/216/737 587/218/751 
f 587/218/751 588/435/752 572/217/736 
f 571/433/735 572/217/736 588/435/752 
f 589/229/753 588/435/752 587/218/751 
f 587/218/751 590/228/754 589/229/753 
f 590/228/754 587/218/751 586/219/750 
f 586/219/750 591/227/755 590/228/754 
f 592/226/756 591/227/755 586/219/750 
f 586/219/750 585/220/749 592/226/756 
f 584/221/748 592/226/756 585/220/749 
f 593/225/757 592/226/756 584/221/748 
f 584/221/748 594/224/758 593/225/757 
f 594/224/758 584/221/748 583/222/747 
f 595/232/759 596/231/760 594/224/758 
f 593/225/757 594/224/758 596/231/760 
f 592/226/756 593/225/757 597/230/761 
f 597/230/761 591/227/755 592/226/756 
f 496/436/762 588/435/752 589/229/753 
f 598/233/763 596/231/760 595/232/759 
f 580/434/744 579/236/743 599/240/764 
f 599/240/764 600/289/765 601/437/766 
f 602/239/767 600/289/765 599/240/764 
f 599/240/764 579/236/743 602/239/767 
f 600/289/765 602/239/767 603/288/768 
f 603/288/768 601/437/766 600/289/765 
f 601/437/766 603/288/768 604/290/769 
f 604/290/769 605/438/770 601/437/766 
f 605/438/770 606/291/771 607/292/772 
f 606/291/771 605/438/770 604/290/769 
f 604/290/769 603/288/768 606/291/771 
f 608/287/773 606/291/771 603/288/768 
f 606/291/771 608/287/773 609/244/774 
f 609/244/774 607/292/772 606/291/771 
f 610/242/775 598/241/776 611/243/777 
f 611/243/777 609/244/774 610/242/775 
f 596/245/778 598/241/776 610/242/775 
f 610/242/775 612/246/779 596/245/778 
f 609/244/774 612/246/779 610/242/775 
f 593/247/780 596/245/778 612/246/779 
f 612/246/779 597/248/781 593/247/780 
f 591/249/782 597/248/781 612/246/779 
f 612/246/779 613/250/783 591/249/782 
f 614/251/784 613/250/783 612/246/779 
f 612/246/779 609/244/774 614/251/784 
f 615/286/785 614/251/784 609/244/774 
f 609/244/774 608/287/773 615/286/785 
f 603/288/768 615/286/785 608/287/773 
f 616/285/786 615/286/785 603/288/768 
f 603/288/768 602/239/767 616/285/786 
f 617/284/787 615/286/785 616/285/786 
f 616/285/786 602/239/767 617/284/787 
f 615/286/785 617/284/787 618/283/788 
f 618/283/788 614/251/784 615/286/785 
f 618/283/788 617/284/787 619/282/789 
f 619/282/789 614/251/784 618/283/788 
f 614/251/784 619/282/789 620/252/790 
f 620/252/790 613/250/783 614/251/784 
f 613/250/783 620/252/790 621/253/791 
f 621/253/791 622/254/792 613/250/783 
f 591/249/782 613/250/783 622/254/792 
f 622/254/792 590/255/793 591/249/782 
f 589/256/794 590/255/793 622/254/792 
f 622/254/792 623/257/795 589/256/794 
f 624/261/796 623/257/795 622/254/792 
f 622/254/792 625/262/797 624/261/796 
f 621/253/791 625/262/797 622/254/792 
f 626/263/798 624/261/796 625/262/797 
f 625/262/797 621/253/791 626/263/798 
f 627/273/799 626/263/798 621/253/791 
f 621/253/791 620/252/790 627/273/799 
f 628/272/800 627/273/799 620/252/790 
f 626/263/798 627/273/799 628/272/800 
f 629/274/801 628/272/800 620/252/790 
f 620/252/790 619/282/789 629/274/801 
f 630/275/802 628/272/800 629/274/801 
f 629/274/801 619/282/789 630/275/802 
f 631/281/803 630/275/802 619/282/789 
f 619/282/789 617/284/787 631/281/803 
f 632/237/804 631/281/803 617/284/787 
f 630/275/802 631/281/803 632/237/804 
f 633/238/805 632/237/804 617/284/787 
f 617/284/787 602/239/767 633/238/805 
f 579/236/743 633/238/805 602/239/767 
f 632/237/804 633/238/805 579/236/743 
f 579/236/743 560/206/723 632/237/804 
f 634/280/806 632/237/804 560/206/723 
f 630/275/802 632/237/804 634/280/806 
f 634/280/806 560/206/723 635/277/807 
f 635/277/807 630/275/802 634/280/806 
f 630/275/802 635/277/807 636/276/808 
f 636/276/808 628/272/800 630/275/802 
f 637/270/809 628/272/800 636/276/808 
f 636/276/808 635/277/807 637/270/809 
f 628/272/800 637/270/809 638/271/810 
f 638/271/810 626/263/798 628/272/800 
f 639/264/811 626/263/798 638/271/810 
f 638/271/810 637/270/809 639/264/811 
f 626/263/798 639/264/811 640/260/812 
f 640/260/812 624/261/796 626/263/798 
f 623/257/795 624/261/796 640/260/812 
f 640/260/812 531/259/813 623/257/795 
f 497/258/814 623/257/795 531/259/813 
f 589/256/794 623/257/795 497/258/814 
f 497/258/814 496/439/815 589/256/794 
f 635/277/807 560/206/723 558/203/720 
f 558/203/720 641/278/816 635/277/807 
f 637/270/809 635/277/807 641/278/816 
f 641/278/816 558/203/720 642/279/817 
f 642/279/817 637/270/809 641/278/816 
f 637/270/809 642/279/817 643/269/818 
f 643/269/818 639/264/811 637/270/809 
f 639/264/811 643/269/818 644/265/819 
f 644/265/819 640/260/812 639/264/811 
f 640/260/812 644/265/819 536/266/820 
f 536/266/820 531/259/813 640/260/812 
f 514/267/821 536/266/820 644/265/819 
f 644/265/819 645/268/822 514/267/821 
f 643/269/818 645/268/822 644/265/819 
f 514/267/821 645/268/822 646/299/823 
f 646/299/823 519/440/824 514/267/821 
f 520/441/825 519/440/824 646/299/823 
f 646/299/823 490/442/826 520/441/825 
f 486/298/827 490/442/826 646/299/823 
f 646/299/823 647/297/828 486/298/827 
f 645/268/822 647/297/828 646/299/823 
f 539/293/829 486/298/827 647/297/828 
f 647/297/828 648/296/830 539/293/829 
f 648/296/830 647/297/828 645/268/822 
f 645/268/822 649/300/831 648/296/830 
f 649/300/831 645/268/822 643/269/818 
f 643/269/818 648/296/830 649/300/831 
f 542/295/832 648/296/830 643/269/818 
f 643/269/818 642/279/817 542/295/832 
f 539/293/829 648/296/830 542/295/832 
f 543/204/721 542/295/832 642/279/817 
f 642/279/817 558/203/720 543/204/721 
f 539/293/829 542/295/832 545/294/833 
f 546/180/834 540/181/835 539/301/836 
f 650/443/837 651/444/838 652/445/839 
f 652/445/839 653/446/840 650/443/837 
f 651/444/841 650/443/842 654/447/843 
f 654/447/843 655/448/844 651/444/841 
f 656/449/845 655/448/844 654/447/843 
f 652/445/846 651/444/841 655/448/844 
f 655/448/844 653/446/847 652/445/846 
f 653/446/847 655/448/844 656/449/845 
# 516 faces

#
# object Dragon005
#

v  20.0440 -0.1904 1.6504
v  20.0440 -0.0969 1.6556
v  20.0560 -0.0700 1.6665
v  20.0440 -0.0704 1.6764
v  20.0675 -0.0840 1.6355
v  20.0440 -0.2002 1.6224
v  20.0440 -0.1118 1.6279
v  20.0440 -0.2636 1.5865
v  20.0440 -0.1405 1.5921
v  20.0824 -0.1002 1.6048
v  20.0440 -0.2236 1.5627
v  20.0440 -0.1547 1.5635
v  20.0604 -0.1286 1.5734
v  20.0440 -0.2825 1.5152
v  20.0440 -0.1852 1.5150
v  20.0615 -0.1811 1.5418
v  20.0440 -0.1773 1.5560
v  20.0440 -0.2545 1.4944
v  20.0440 -0.2035 1.4882
v  20.0536 -0.1815 1.4946
v  20.0440 -0.1777 1.5053
v  20.0440 0.3409 1.7984
v  20.0440 0.3123 1.8073
v  20.0207 0.3144 1.8219
v  20.0316 0.3522 1.8034
v  20.0437 0.3998 1.7425
v  20.0440 0.3592 1.8052
v  20.0440 0.3119 1.8305
v  20.0673 0.3144 1.8219
v  20.0564 0.3522 1.8034
v  20.0167 0.3504 1.8765
v  20.0440 0.3490 1.8827
v  20.0440 0.4056 1.8454
v  20.0299 0.4017 1.8434
v  20.0440 0.3489 1.8644
v  20.0440 0.4295 1.7908
v  20.0440 0.3874 1.8373
v  20.0713 0.3504 1.8765
v  20.0581 0.4017 1.8434
v  20.0254 0.2808 1.6148
v  20.0440 0.2810 1.6258
v  20.0440 0.3233 1.6092
v  20.0350 0.3182 1.6028
v  20.0440 0.2915 1.5963
v  20.0440 0.3717 1.5686
v  20.0626 0.2808 1.6148
v  20.0530 0.3182 1.6028
v  20.0297 0.2761 1.6531
v  20.0440 0.2737 1.6616
v  20.0440 0.3247 1.6448
v  20.0371 0.3225 1.6412
v  20.0440 0.2946 1.6368
v  20.0440 0.3694 1.6130
v  20.0583 0.2761 1.6531
v  20.0509 0.3225 1.6412
v  19.7946 -0.2613 1.0948
v  19.8863 -0.2630 1.1378
v  19.8797 -0.2459 1.1693
v  19.8718 -0.2204 1.1584
v  20.1794 0.5431 0.7803
v  20.1657 0.6021 0.6976
v  20.2766 0.5869 0.5869
v  20.1386 0.5675 0.7998
v  20.2244 0.4929 0.7335
v  20.1940 0.5275 0.8427
v  20.3762 0.5378 0.6367
v  20.2973 0.4703 0.7807
v  20.2500 0.4953 0.8618
v  20.2845 0.4926 0.8904
v  20.3100 0.4504 0.8659
v  20.2000 0.5067 0.6257
v  20.3120 0.5268 0.5437
v  20.1726 0.5448 0.6837
v  20.1614 0.5667 0.5807
v  20.1321 0.5819 0.6542
v  20.2413 0.6280 0.4048
v  20.1813 0.5611 0.4704
v  20.1887 0.5258 0.5160
v  20.1482 0.5764 0.4905
v  20.2766 0.3273 1.1919
v  20.3781 0.4765 1.0802
v  20.2816 0.4269 1.1232
v  20.2078 0.4051 1.1693
v  20.1928 0.4439 1.1022
v  20.2575 0.4609 1.0597
v  20.3222 0.4855 1.1302
v  20.1881 0.4026 1.2041
v  20.2213 0.3822 1.2011
v  20.1968 0.4734 1.0439
v  20.1431 0.4995 1.0161
v  20.3097 0.5929 0.9773
v  20.1460 0.4729 1.0671
v  20.1383 0.4438 1.1277
v  20.0983 0.6066 0.7121
v  20.0440 0.5948 0.6598
v  20.0440 0.6259 0.6819
v  20.0713 0.6298 0.7338
v  20.0910 0.5808 0.7877
v  20.0440 0.7612 0.6091
v  20.0440 0.6315 0.7591
v  20.0440 0.5778 0.8066
v  20.0840 0.5795 0.8401
v  20.1822 0.7117 0.5558
v  20.0440 0.5765 0.8710
v  20.0440 0.6750 0.8263
v  20.0440 0.6999 0.7863
v  20.1155 0.6369 0.7358
v  20.1609 0.6253 0.7453
v  20.2033 0.8447 0.4939
v  20.2307 0.8342 0.4941
v  20.2958 1.0182 0.2848
v  20.2255 0.8670 0.5093
v  20.1337 0.6459 0.7895
v  20.1423 0.5611 0.8500
v  20.1764 0.6316 0.7975
v  20.2512 0.8531 0.5114
v  20.1054 0.5500 0.9125
v  20.0928 0.5607 0.8878
v  20.1975 0.7535 0.7430
v  20.2164 0.7625 0.7614
v  20.2563 0.9011 0.5958
v  20.1972 0.7720 0.7583
v  20.0765 0.5550 0.9099
v  20.1771 0.7604 0.7409
v  20.1800 0.7284 0.8462
v  20.1832 0.5335 0.8957
v  20.2037 0.6283 0.8616
v  20.2201 0.6148 0.8680
v  20.2741 0.6729 0.8255
v  20.2291 0.6161 0.8885
v  20.1460 0.5283 0.9473
v  20.2118 0.6214 0.8897
v  20.2065 0.6103 0.9373
v  20.1071 0.5138 1.0035
v  20.2733 0.6602 0.8994
v  20.2028 0.5034 0.9879
v  20.1823 0.7295 0.9069
v  20.0802 0.5380 0.9636
v  20.1964 0.7210 0.8954
v  20.2571 0.8691 0.8226
v  20.2130 0.7250 0.9190
v  20.2654 0.7279 0.9925
v  20.0440 0.5125 0.9929
v  20.0835 0.5158 1.0202
v  20.0440 0.6288 0.9170
v  20.0656 0.6274 0.9012
v  20.0440 0.7702 0.8005
v  20.0561 0.7649 0.7906
v  20.0440 0.8580 0.6894
v  20.2708 0.6710 1.0286
v  20.0845 0.4871 1.0471
v  20.1750 0.5971 1.0116
v  20.1465 0.5301 1.1781
v  20.1039 0.4273 1.1951
v  20.0677 0.4264 1.2124
v  20.0706 0.3976 1.2452
v  20.1238 0.3950 1.2397
v  20.0440 0.4401 1.1728
v  20.0440 0.5844 1.1376
v  20.0440 0.4096 1.2323
v  20.0440 0.4698 1.2327
v  20.0440 0.4207 1.2787
v  20.0887 0.4165 1.3097
v  20.0440 0.5647 1.2966
v  20.0440 0.3979 1.3537
v  20.0653 0.5640 1.2714
v  20.0440 0.7556 1.1764
v  20.0440 0.5634 1.2566
v  20.1304 -0.2091 0.4859
v  20.0440 -0.2226 0.4919
v  20.0440 -0.1860 0.4095
v  20.1263 -0.1696 0.4032
v  20.1956 -0.1730 0.5059
v  20.0440 -0.1537 0.2162
v  20.2061 -0.1302 0.3691
v  20.1019 -0.1395 0.2072
v  20.1728 -0.0833 0.1914
v  20.2555 -0.0804 0.3603
v  20.2884 -0.1268 0.5272
v  20.3187 -0.0068 0.5482
v  20.3012 0.0512 0.3862
v  20.3047 0.0893 0.5945
v  20.2881 0.1729 0.5022
v  20.2919 0.0914 0.2372
v  20.2107 -0.0089 0.1760
v  20.2442 -0.0124 0.1137
v  20.2829 0.1106 0.1318
v  20.2983 0.1803 0.2213
v  20.2896 0.1795 0.1181
v  20.2857 0.2874 0.3952
v  20.2950 0.2804 0.6136
v  20.2840 0.2897 0.1960
v  20.2622 0.2722 0.0733
v  20.2156 0.4036 0.0334
v  20.2124 0.3572 -0.0118
v  20.2177 0.4344 0.1613
v  20.1718 0.4592 0.0302
v  20.1086 0.4635 -0.0415
v  20.0929 0.4143 -0.1169
v  20.0751 0.4545 -0.0822
v  20.1110 0.5024 0.0501
v  20.1735 0.4790 0.1618
v  20.1180 0.5243 0.1707
v  20.2145 0.4479 0.3442
v  20.2354 0.4132 0.4797
v  20.3135 0.3882 0.7519
v  20.1730 0.4998 0.3536
v  20.1822 0.5132 0.4236
v  20.1323 0.5502 0.3581
v  20.1331 0.5629 0.4065
v  20.2507 0.4448 0.6830
v  20.2109 0.4738 0.5395
v  20.1332 -0.4621 0.8722
v  20.1790 -0.4054 0.8913
v  20.1417 -0.4209 0.7979
v  20.1887 -0.4587 0.8668
v  20.0916 -0.5624 0.9321
v  20.1428 -0.4881 0.8042
v  20.1493 -0.4620 0.7441
v  20.1051 -0.5259 0.8751
v  20.2416 -0.3868 0.8700
v  20.2703 -0.3081 0.8773
v  20.2621 -0.3960 0.7747
v  20.1769 -0.4755 0.8256
v  20.2553 -0.4110 0.6872
v  20.3241 -0.3144 0.7916
v  20.3565 -0.1983 0.9239
v  20.3032 -0.3170 0.6214
v  20.2393 -0.4358 0.6501
v  20.1681 -0.4850 0.7318
v  20.1052 -0.5331 0.7697
v  20.1331 -0.4963 0.7177
v  20.1487 -0.4579 0.6522
v  20.2366 -0.3990 0.6017
v  20.1681 -0.4653 0.6380
v  20.1047 -0.5214 0.6400
v  20.1326 -0.4715 0.6256
v  20.1424 -0.4070 0.5973
v  20.2335 -0.3502 0.5627
v  20.1380 -0.4733 0.5695
v  20.1971 -0.3479 0.5348
v  20.2564 -0.2692 0.5402
v  20.3170 -0.1552 0.6312
v  20.3544 -0.1832 0.6966
v  20.3642 -0.1418 0.7491
v  20.3758 -0.1391 0.9711
v  20.3909 -0.0877 0.8509
v  20.3463 -0.0548 0.6915
v  20.3614 0.0050 0.7257
v  20.4447 -0.0189 0.8751
v  20.4068 -0.0149 1.0466
v  20.4626 0.0341 1.0549
v  20.3731 -0.0295 1.1260
v  20.3999 -0.1133 1.0999
v  20.3938 0.0953 1.1656
v  20.4675 0.1765 1.1240
v  20.2928 -0.0546 1.2035
v  20.3340 0.1889 1.1910
v  20.2868 0.1460 1.2721
v  20.3779 0.1912 1.1651
v  20.3149 0.2916 1.1953
v  20.2522 0.2584 1.2684
v  20.2642 0.2413 1.3090
v  20.1766 0.3122 1.3182
v  20.2074 0.3346 1.2500
v  20.1299 0.3451 1.3034
v  20.3641 0.2858 1.1511
v  20.3082 0.3686 1.1223
v  20.4055 0.2054 1.1346
v  20.4185 0.2068 1.1529
v  20.1393 -0.4288 0.7139
v  20.0440 -0.4630 0.6885
v  20.0440 -0.4416 0.7884
v  20.0440 -0.4300 0.6057
v  20.0440 -0.3508 0.5307
v  20.1305 -0.3068 0.5353
v  20.1025 -0.3915 0.9218
v  20.0440 -0.3939 0.9188
v  20.1957 -0.3567 0.9401
v  20.1261 -0.3507 1.0416
v  20.0440 -0.3963 1.0065
v  20.0678 -0.3676 1.0634
v  20.0594 -0.4173 1.0375
v  20.0440 -0.4197 1.0550
v  20.0440 -0.3623 1.1012
v  20.1227 -0.3325 1.1491
v  20.0828 -0.4118 1.1367
v  20.0440 -0.4097 1.1140
v  20.0965 -0.3573 1.2433
v  20.1111 -0.2783 1.2713
v  20.0440 -0.2747 1.3249
v  20.0440 -0.3469 1.3012
v  20.0662 -0.2516 1.3551
v  20.0440 -0.2725 1.3414
v  20.0963 -0.2267 1.3723
v  20.0440 -0.2429 1.3968
v  20.0769 -0.2316 1.4367
v  20.1017 -0.2023 1.4359
v  20.1553 -0.1724 1.4245
v  20.1643 -0.1986 1.3572
v  20.1777 -0.2424 1.2453
v  20.1967 -0.2710 1.1581
v  20.2179 -0.2923 1.0591
v  20.2620 -0.2969 0.9383
v  20.3095 -0.1739 1.1055
v  20.2878 -0.1717 1.1659
v  20.2689 -0.1744 1.2304
v  20.2438 -0.1197 1.3631
v  20.2131 -0.1334 1.4114
v  20.3183 -0.1143 1.2994
v  20.1925 -0.1162 1.4746
v  20.1534 -0.1439 1.4813
v  20.0992 -0.1739 1.4866
v  20.0440 -0.2189 1.4792
v  20.0745 -0.1536 1.5366
v  20.0928 -0.1277 1.5594
v  20.1553 -0.0831 1.5542
v  20.1664 -0.0626 1.5873
v  20.1495 -0.0393 1.6333
v  20.0860 -0.0448 1.6946
v  20.1280 -0.0005 1.7313
v  20.0616 -0.0454 1.7111
v  20.0440 -0.0616 1.6955
v  20.0440 -0.0440 1.7261
v  20.0440 -0.0275 1.7482
v  20.0534 -0.0991 1.7428
v  20.0440 -0.0979 1.7374
v  20.0620 -0.0158 1.7612
v  20.0843 -0.0129 1.7519
v  20.1203 0.0334 1.7924
v  20.0830 0.0127 1.7979
v  20.0660 0.0019 1.7854
v  20.0440 -0.0108 1.7712
v  20.0440 0.0161 1.8025
v  20.0819 0.0587 1.8509
v  20.1166 0.0991 1.8503
v  20.0793 0.1065 1.8956
v  20.1066 0.1369 1.8832
v  20.1059 0.1637 1.9019
v  20.0588 0.0893 1.8860
v  20.0440 0.1125 1.9094
v  20.0440 0.0956 1.8954
v  20.0440 0.0647 1.8628
v  20.0440 0.0711 1.8738
v  20.0440 0.0348 1.8341
v  20.0440 -0.1795 1.7178
v  20.0440 -0.1021 1.7475
v  20.1640 0.5466 0.8691
v  20.1718 0.5927 0.7502
v  20.2666 0.6576 0.5747
v  20.2249 -0.3756 0.9232
v  20.1372 -0.4330 0.9477
v  20.5051 -0.1629 0.9964
v  20.1226 0.2487 1.6873
v  20.1870 0.2867 1.6425
v  20.1016 0.2808 1.6615
v  20.0440 0.2932 1.6914
v  20.0440 0.3008 1.6569
v  20.1036 0.2530 1.6617
v  20.1593 0.2127 1.6998
v  20.2685 0.1515 1.6266
v  20.1941 0.1442 1.6637
v  20.1737 0.1032 1.6527
v  20.1886 0.1343 1.6212
v  20.1570 0.1826 1.6376
v  20.2283 0.1035 1.6763
v  20.1959 0.0925 1.7240
v  20.1908 0.0874 1.6924
v  20.1553 0.2417 1.6006
v  20.1369 0.2524 1.6264
v  20.2016 0.2726 1.6165
v  20.1873 0.1828 1.6889
v  20.1641 0.1545 1.7266
v  20.1788 0.0645 1.7338
v  20.1705 0.0170 1.7153
v  20.1431 0.0183 1.7082
v  20.1497 0.0121 1.7487
v  20.1595 -0.0375 1.6901
v  20.2920 0.1122 1.4255
v  20.3069 0.2297 1.3672
v  20.4055 0.2618 1.3681
v  20.2431 0.1476 1.4674
v  20.2214 -0.0694 1.4537
v  20.2054 0.0708 1.5908
v  20.2453 0.1424 1.5606
v  20.1753 0.1844 1.5922
v  20.5173 -0.0840 1.1117
v  20.2300 0.2150 1.5947
v  20.1625 0.2289 1.5539
v  20.2455 0.2587 1.5530
v  20.1456 0.2897 1.5701
v  20.1404 0.2613 1.5596
v  20.1836 -0.0137 1.5804
v  20.1821 -0.0414 1.5321
v  20.2330 -0.0310 1.5254
v  20.2520 -0.0255 1.5547
v  20.3286 -0.1008 1.5238
v  20.3137 -0.0931 1.5102
v  20.3873 -0.1491 1.4731
v  20.3304 -0.0784 1.5193
v  20.2618 0.0199 1.5419
v  20.2023 0.0690 1.5619
v  20.2807 0.0331 1.5561
v  20.2126 0.0142 1.5949
v  20.1736 0.0398 1.6118
v  20.2200 0.0733 1.5220
v  20.2413 0.0310 1.5155
v  20.2411 0.0040 1.4907
v  20.3634 0.1748 1.2978
v  20.2811 0.0761 1.3423
v  20.2424 0.3955 1.3082
v  20.2405 0.4081 1.3244
v  20.1742 0.3133 1.3779
v  20.2911 0.4622 1.2750
v  20.2559 0.3930 1.3296
v  20.1911 0.2608 1.3723
v  20.4222 0.0301 1.4212
v  20.3392 0.0166 1.4393
v  20.3422 0.0576 1.4380
v  20.2593 0.0299 1.6491
v  20.1782 0.0520 1.6761
v  20.1644 0.0017 1.6529
v  20.1828 0.0188 1.6705
v  20.2304 -0.0201 1.6249
v  20.2551 0.0568 1.6501
v  20.2758 0.1664 1.6414
v  20.1678 0.0531 1.6452
v  20.2802 0.0422 1.5788
v  20.0865 0.3427 1.5789
v  20.1297 0.4086 1.5490
v  20.1043 0.3341 1.5622
v  20.0871 0.2927 1.5469
v  20.0652 0.3034 1.5584
v  20.0606 0.3098 1.5959
v  20.0440 0.3018 1.5775
v  20.0440 0.2974 1.5890
v  20.0440 0.2931 1.6200
v  20.0847 0.3091 1.6432
v  20.1122 0.2694 1.6529
v  20.1144 0.3323 1.6188
v  20.1151 0.2721 1.6322
v  20.0918 0.2855 1.6122
v  20.2062 0.3176 1.5451
v  20.1030 0.2693 1.5869
v  20.1976 0.1876 1.5439
v  20.2775 0.1920 1.5454
v  20.2092 0.2014 1.5578
v  20.2526 0.0957 1.5425
v  20.3267 0.1106 1.5401
v  20.1387 0.3339 1.5298
v  20.1287 0.2794 1.5310
v  20.1118 0.3336 1.5852
v  20.2395 -0.0092 1.5941
v  20.1511 0.2615 1.5050
v  20.1388 0.2655 1.5210
v  20.1721 0.2353 1.5227
v  20.1798 0.2229 1.5153
v  20.2635 0.2529 1.5283
v  20.2268 -0.1348 1.5405
v  20.2427 0.1605 1.5197
v  20.3643 0.1366 1.4822
v  20.2461 0.1113 1.4926
v  20.3140 0.0218 1.4926
v  20.2706 0.0641 1.4813
v  20.3198 0.0616 1.4875
v  20.3629 -0.0052 1.4439
v  20.3287 0.0517 1.5023
v  20.2498 0.3440 1.5172
v  20.1934 0.2715 1.5301
v  20.2472 0.1737 1.4818
v  20.1723 0.2469 1.4733
v  20.3290 0.2569 1.5046
v  20.3537 0.1736 1.4331
v  20.2383 0.2288 1.4077
v  20.3248 0.3242 1.4703
v  20.2272 0.1972 1.4411
v  20.1902 0.2320 1.4484
v  20.3306 0.3831 1.3714
v  20.1484 0.3020 1.4073
v  20.1705 0.3048 1.4330
v  20.1205 0.3161 1.4487
v  20.1250 0.3019 1.4948
v  20.0723 0.3269 1.5000
v  20.1558 0.3409 1.4942
v  20.2365 0.3813 1.4742
v  20.2785 -0.0130 1.4291
v  20.3551 0.0370 1.4555
v  20.2568 -0.0663 1.4929
v  20.2914 -0.0988 1.4469
v  20.3075 -0.0817 1.4558
v  20.3528 -0.1407 1.4101
v  20.3030 -0.0813 1.4425
v  20.3697 0.0055 1.3294
v  20.2837 -0.0080 1.3328
v  20.4683 0.0687 1.2886
v  20.3910 0.0319 1.3677
v  20.2813 -0.0528 1.3676
v  20.4430 -0.1432 1.2777
v  20.3070 -0.1114 1.3869
v  20.4638 -0.1394 1.3821
v  20.4042 -0.1492 1.1665
v  20.4400 -0.1396 1.2114
v  20.5642 -0.1806 1.0468
v  20.4333 -0.1124 1.1974
v  20.3609 -0.0174 1.2423
v  20.4553 0.1002 1.1621
v  20.3780 0.0626 1.2793
v  20.4893 -0.0335 1.2453
v  20.3931 -0.0398 1.2924
v  20.3570 0.3373 1.2638
v  20.1267 0.3276 1.4187
v  20.0842 0.3484 1.3990
v  20.1355 0.4186 1.4216
v  20.0820 0.3341 1.4550
v  20.1261 0.3086 1.4001
v  20.0440 0.3547 1.3995
v  20.0440 0.4148 1.4069
v  20.0684 0.4191 1.4331
v  20.0440 0.3261 1.4783
v  20.0440 0.4248 1.4562
v  20.0440 0.5267 1.4151
v  20.0586 0.5231 1.3991
v  20.0440 0.5170 1.3900
v  20.0440 0.5942 1.3512
v  20.2173 0.4019 1.3846
v  20.0440 0.3252 1.5212
v  20.0440 0.3979 1.4786
v  20.0440 0.3373 1.5685
v  20.0596 0.3374 1.5547
v  20.0440 0.3964 1.5458
v  20.0440 0.3876 1.5255
v  20.0540 0.3930 1.5388
v  20.0440 0.4747 1.4902
v  20.1537 0.4604 1.2674
v  20.1237 0.3750 1.3143
v  20.1262 0.4167 1.3090
v  20.1308 0.4287 1.3263
v  20.1386 0.4911 1.2565
v  20.1101 0.3584 1.3689
v  20.1392 0.3189 1.3927
v  20.1471 0.3641 1.3709
v  20.1501 0.4249 1.3334
v  20.1564 0.4095 1.3196
v  20.1625 0.3588 1.3436
v  20.0869 0.4566 1.1590
v  20.1196 0.4338 1.1673
v  20.1528 0.5426 1.1438
v  20.1558 0.5392 1.1282
v  20.0926 0.4842 1.1002
v  20.2148 0.6105 1.1357
v  20.1693 0.5370 1.1502
v  20.1720 0.4538 1.1507
v  20.1938 0.4319 1.1759
v  20.2881 0.5434 1.1627
v  20.1865 0.4251 1.1978
v  20.1660 0.4475 1.1734
v  20.1830 0.4234 1.2598
v  20.2490 0.4836 1.2677
v  20.2006 0.3848 1.2680
v  20.1497 0.5417 1.0541
v  20.1507 0.5675 1.0765
v  20.2713 0.6970 1.0455
v  20.1810 0.5586 1.0860
v  20.0440 0.4823 1.0552
v  20.0440 0.6219 0.9938
v  20.1200 0.6330 0.8013
v  20.1609 0.6217 0.8108
v  20.2876 0.9934 0.4570
v  20.1449 0.6438 0.8460
v  20.1872 0.6295 0.8563
v  20.0905 0.5796 0.5668
v  20.1600 0.6529 0.4357
v  20.1442 0.6581 0.5113
v  20.1824 0.7124 0.3433
v  20.2240 0.7692 0.1428
v  20.1758 0.6602 0.4634
v  20.0993 0.5768 0.5140
v  20.1360 0.5916 0.4815
v  20.1731 0.7167 0.4595
v  20.2407 0.8069 0.1997
v  20.1928 0.7061 0.4647
v  20.0978 0.5444 0.4275
v  20.1311 0.6670 0.2394
v  20.1506 0.6772 0.2440
v  20.1577 0.7686 0.0463
v  20.1335 0.6840 0.2447
v  20.0440 0.5794 0.3775
v  20.0824 0.5555 0.3760
v  20.0440 0.6866 0.1904
v  20.0440 0.5551 0.3046
v  20.0817 0.5455 0.3205
v  20.0440 0.5417 0.2030
v  20.0810 0.5380 0.2621
v  20.0801 0.5335 0.1686
v  20.0440 0.6080 0.0274
v  20.0440 0.5409 0.0965
v  20.0782 0.5176 0.0751
v  20.0440 0.5886 -0.0441
v  20.0440 0.5043 0.0041
v  20.0440 0.6523 0.1068
v  20.0771 0.4973 0.0065
v  20.0770 0.4956 0.0019
v  20.0866 0.5355 -0.0747
v  20.1017 0.5291 -0.0815
v  20.1127 0.5639 -0.1784
v  20.0872 0.5152 -0.0834
v  20.0761 0.4764 -0.0432
v  20.0440 0.4516 -0.1086
v  20.0763 0.4668 -0.1944
v  20.0440 0.4253 -0.1457
v  20.0635 0.4589 -0.1946
v  20.0611 0.4739 -0.2543
v  20.0656 0.4763 -0.1918
v  20.0748 0.4038 -0.1720
v  20.0585 0.4351 -0.2232
v  20.0440 0.4439 -0.2234
v  20.0440 0.4098 -0.2065
v  20.0440 0.4376 -0.2875
v  20.1396 0.6083 0.2880
v  20.1190 0.6401 0.2082
v  20.1316 0.5397 0.3067
v  20.1416 0.7283 0.0848
v  20.1148 0.5677 0.2401
v  20.1307 0.5292 0.2336
v  20.1164 0.5711 0.2878
v  20.1357 0.6528 0.1530
v  20.1697 0.7228 0.0569
v  20.1493 0.6566 0.1578
v  20.1298 0.5634 0.2770
v  20.1007 0.5623 0.1721
v  20.0961 0.5674 0.2244
v  20.1186 0.6593 0.1057
v  20.1153 0.6510 0.0952
v  20.1335 0.7246 0.0056
v  20.1282 0.6542 0.1009
v  20.1231 0.5616 0.2113
v  20.1068 0.5809 0.0503
v  20.1079 0.5864 0.0921
v  20.1323 0.6712 -0.0580
v  20.1204 0.5806 0.0817
v  20.0801 0.5380 -0.0404
v  20.0898 0.5604 -0.0249
v  20.1068 0.5771 -0.1477
v  20.1071 0.5476 -0.0419
v  20.0733 0.5028 -0.1291
v  20.0440 0.4755 -0.0664
v  20.0807 0.5223 -0.1253
v  20.0971 0.5350 -0.2072
v  20.0911 0.5113 -0.1307
v  20.0440 0.5411 -0.1153
v  20.3709 0.5414 0.9974
v  20.2461 0.4722 1.0002
v  20.3121 0.4420 0.9556
v  20.3507 0.5519 0.8064
v  20.3379 0.6009 0.8758
v  20.3160 0.4618 1.2337
v  20.3063 0.4156 1.0798
v  20.5016 0.5064 0.8154
v  20.3099 0.4244 1.0034
v  20.1839 0.5135 0.2644
v  20.1592 0.5408 0.2263
v  20.2143 0.5812 0.0959
v  20.1649 0.5176 0.1628
v  20.3770 0.4813 0.7967
v  20.4205 0.5129 0.7088
v  20.3668 0.4592 0.7606
v  20.0440 -0.3244 1.4494
v  20.0591 -0.3165 1.4289
v  20.0440 -0.4162 1.3916
v  20.0440 -0.3103 1.4134
v  20.0440 -0.3366 1.3477
v  20.0440 -0.4765 0.9891
v  20.0440 -0.4926 1.2132
v  20.0756 -0.4857 1.1805
v  20.0440 -0.5641 1.1412
v  20.0629 -0.5558 1.1229
v  20.0440 -0.6401 0.9998
v  20.0604 -0.5320 1.0854
v  20.0440 -0.5272 1.0813
v  20.4015 0.3359 1.2056
v  20.4604 0.2608 1.1940
v  20.0779 0.2962 2.1449
v  20.0440 0.2874 2.1459
v  20.0674 0.2749 2.1199
v  20.0929 0.2939 2.1224
v  20.0884 0.2815 2.0944
v  20.0645 0.2485 2.0896
v  20.0480 0.2623 2.1156
v  20.0913 0.2532 2.0558
v  20.0440 0.2471 2.0929
v  20.0730 0.2199 2.0545
v  20.0440 0.2321 2.0760
v  20.1075 0.2231 2.0052
v  20.0440 0.2166 2.0597
v  20.0695 0.1770 2.0124
v  20.0440 0.1759 2.0222
v  20.1080 0.3909 1.8539
v  20.1329 0.3123 1.8958
v  20.0801 0.3489 1.8769
v  20.0911 0.3573 1.9039
v  20.1354 0.3948 1.9389
v  20.1274 0.3351 1.9780
v  20.0899 0.3595 1.9642
v  20.0440 0.3790 1.9756
v  20.0930 0.3803 1.9783
v  20.1188 0.3454 2.0162
v  20.0844 0.3713 2.0007
v  20.0440 0.3865 2.0021
v  20.1821 0.3158 1.9652
v  20.1192 0.3065 2.0206
v  20.1336 0.2696 1.9956
v  20.1345 0.2841 2.0316
v  20.1149 0.1842 2.0033
v  20.1145 0.2558 2.0401
v  20.1058 0.4255 2.0464
v  20.0928 0.3901 2.0682
v  20.0440 0.4042 2.0671
v  20.0983 0.4121 2.0205
v  20.0919 0.3901 2.0339
v  20.0799 0.3991 2.0346
v  20.1059 0.3587 1.8377
v  20.1044 0.3289 1.8588
v  20.0825 0.3306 1.8551
v  20.0918 0.3521 1.8610
v  20.0440 0.3476 1.8535
v  20.0440 0.3588 1.8567
v  20.1277 0.2989 1.8706
v  20.1854 0.2536 1.8621
v  20.1440 0.2392 1.9133
v  20.1423 0.2168 1.8899
v  20.1261 0.1739 1.9021
v  20.1142 0.1796 1.9149
v  20.1317 0.1248 1.9015
v  20.0440 0.3609 1.8749
v  20.1403 0.3093 1.7860
v  20.1275 0.2911 1.8159
v  20.0974 0.3061 1.8095
v  20.0988 0.3111 1.8257
v  20.0953 0.2837 1.7616
v  20.1174 0.2981 1.7505
v  20.1123 0.2670 1.7606
v  20.1359 0.0841 1.8271
v  20.1409 0.0155 1.8013
v  20.1426 0.0583 1.8035
v  20.1598 0.1228 1.7963
v  20.1586 0.1494 1.8263
v  20.1439 0.1804 1.8090
v  20.1926 0.1751 1.7648
v  20.1502 0.2143 1.7909
v  20.1289 0.0437 1.7993
v  20.1073 0.2858 2.0933
v  20.0999 0.2345 2.0563
v  20.1175 0.3192 2.0893
v  20.1113 0.2649 2.0621
v  20.1241 0.3017 2.0588
v  20.1326 0.3366 2.0612
v  20.1124 0.3638 2.0534
v  20.1635 0.3423 2.0490
v  20.1582 0.3281 2.0417
v  20.1165 0.3253 2.0485
v  20.1849 0.3636 2.0285
v  20.1551 0.3500 2.0392
v  20.0886 0.3992 2.0420
v  20.0440 0.3983 2.0350
v  20.1394 0.1181 1.8470
v  20.1317 0.0541 1.8291
v  20.1102 0.3521 2.1036
v  20.1082 0.3852 2.1032
v  20.1848 0.3597 2.0897
v  20.1168 0.3232 2.1139
v  20.1298 0.3552 2.1544
v  20.1181 0.3175 2.1466
v  20.1044 0.2966 2.1157
v  20.0976 0.2528 2.1119
v  20.1087 0.3868 2.1583
v  20.0777 0.4149 2.0981
v  20.0902 0.4045 2.0862
v  20.0720 0.4135 2.1404
v  20.0885 0.4292 2.0664
v  20.0440 0.4145 2.1327
v  20.0440 0.4139 2.0940
v  20.0719 0.4088 2.0895
v  20.1695 0.3555 2.0560
v  20.0984 0.2424 2.0888
v  20.1410 0.2545 1.9544
v  20.1285 0.3248 1.9434
v  20.1924 0.2589 1.9268
v  20.1492 0.2065 1.8659
v  20.1312 0.2813 1.8497
v  20.1841 0.2446 1.8368
v  20.1086 0.2279 2.0361
v  20.1349 0.1114 1.8794
v  20.1250 0.1441 1.8772
v  20.1290 0.0808 1.8592
v  20.1139 0.1942 1.9655
v  20.0781 0.1530 1.9372
v  20.0584 0.1268 1.9190
v  20.0540 0.1476 1.9412
v  20.0440 0.1271 1.9372
v  20.0440 0.1494 1.9516
v  20.0440 0.1493 1.9514
v  20.0440 0.1504 2.0018
v  20.1887 0.2631 1.8852
v  20.1326 0.2037 1.9251
v  20.1177 0.1577 1.9198
v  20.1189 0.1902 1.9320
v  20.0440 0.3731 1.8793
v  20.0440 0.3734 1.9179
v  20.1355 0.2678 1.8260
v  20.1864 0.2080 1.8196
v  20.1432 0.1907 1.8422
v  20.0440 0.3262 1.8091
v  20.0440 0.3384 1.8313
v  20.0881 0.3435 1.8052
v  20.0669 0.3279 1.8346
v  20.1259 0.1619 1.9690
v  20.0440 0.2966 1.7560
v  20.0440 0.3152 1.7778
v  20.1019 0.2833 1.7781
v  20.1446 0.2536 1.7880
v  20.1168 0.2798 1.7889
v  20.1199 0.3102 1.7708
v  20.1045 0.2994 1.7945
v  20.1709 0.1889 1.7979
v  20.0873 0.3676 1.9344
v  20.1027 0.3684 1.9058
v  20.1283 0.2085 1.9785
v  20.0440 0.3989 2.0065
v  20.0945 0.3952 2.0097
v  20.2003 0.2936 1.9953
v  20.1088 0.4173 1.9725
v  20.0840 0.3991 2.0043
v  20.0764 0.3909 1.9986
v  20.0782 0.4430 2.3367
v  20.0440 0.4488 2.3328
v  20.0440 0.4411 2.4021
v  20.0839 0.4412 2.3837
v  20.0745 0.4377 2.4314
v  20.1033 0.4288 2.4266
v  20.1476 0.4582 2.3571
v  20.1401 0.4342 2.3573
v  20.1267 0.4531 2.3453
v  20.1348 0.4667 2.3530
v  20.1475 0.4861 2.3494
v  20.1615 0.4812 2.3528
v  20.1525 0.4955 2.3540
v  20.1688 0.4978 2.3556
v  20.1293 0.4736 2.3637
v  20.1167 0.4569 2.3636
v  20.1061 0.4521 2.4031
v  20.1299 0.4823 2.3815
v  20.1459 0.4925 2.3689
v  20.1501 0.4864 2.3822
v  20.1237 0.4448 2.3804
v  20.1463 0.4084 2.3649
v  20.1740 0.4106 2.3188
v  20.1499 0.3813 2.3699
v  20.1851 0.3702 2.3294
v  20.1416 0.4054 2.4185
v  20.1339 0.4123 2.4022
v  20.1351 0.4491 2.4109
v  20.1289 0.4596 2.4145
v  20.1204 0.4435 2.4249
v  20.1260 0.4278 2.4281
v  20.1091 0.4115 2.4591
v  20.1258 0.4102 2.4254
v  20.1344 0.4070 2.4538
v  20.1447 0.3968 2.4434
v  20.1467 0.3835 2.4265
v  20.1535 0.3557 2.3830
v  20.1439 0.3556 2.4171
v  20.1633 0.3455 2.3603
v  20.1736 0.3414 2.3429
v  20.1636 0.3366 2.3274
v  20.1654 0.3344 2.3506
v  20.1719 0.3267 2.3437
v  20.1565 0.3106 2.3660
v  20.1688 0.3013 2.3537
v  20.1505 0.3073 2.3248
v  20.1470 0.3186 2.2706
v  20.1828 0.3315 2.2908
v  20.1410 0.3492 2.2490
v  20.1397 0.3899 2.2973
v  20.1214 0.3152 2.2465
v  20.1272 0.2963 2.3042
v  20.0949 0.2875 2.3207
v  20.1485 0.2703 2.3706
v  20.1535 0.2728 2.3938
v  20.1462 0.2860 2.3983
v  20.1359 0.3144 2.3765
v  20.1279 0.2914 2.3888
v  20.1237 0.2550 2.4453
v  20.1175 0.2746 2.4195
v  20.1346 0.3187 2.4217
v  20.1272 0.2853 2.4448
v  20.1272 0.2457 2.4441
v  20.1125 0.2438 2.4716
v  20.1034 0.2539 2.4623
v  20.1167 0.2715 2.4622
v  20.1112 0.2677 2.4731
v  20.0996 0.2479 2.4825
v  20.1045 0.2402 2.4929
v  20.1082 0.2669 2.4942
v  20.0990 0.2430 2.5009
v  20.1075 0.2387 2.5005
v  20.0960 0.2430 2.5044
v  20.1085 0.2288 2.4988
v  20.1176 0.2347 2.4722
v  20.1196 0.2340 2.4416
v  20.1373 0.2564 2.4022
v  20.0888 0.2625 2.3821
v  20.0777 0.2378 2.4368
v  20.0440 0.2598 2.3817
v  20.0440 0.2313 2.4523
v  20.0440 0.2869 2.3221
v  20.0440 0.2920 2.2750
v  20.0982 0.2943 2.2791
v  20.0440 0.2894 2.2339
v  20.0886 0.2932 2.2341
v  20.0440 0.2466 2.2000
v  20.1436 0.3051 2.1930
v  20.0781 0.2882 2.1781
v  20.0440 0.2864 2.1719
v  20.1171 0.3862 2.2455
v  20.0641 0.4243 2.2364
v  20.0764 0.4179 2.1736
v  20.0532 0.4513 2.0967
v  20.0440 0.4452 2.0952
v  20.0440 0.4675 2.0534
v  20.0440 0.4599 2.0965
v  20.0440 0.4201 2.1738
v  20.0440 0.4188 2.2146
v  20.0720 0.4414 2.2870
v  20.0440 0.4393 2.2480
v  20.1038 0.4520 2.3183
v  20.0440 0.4440 2.2877
v  20.0440 0.2501 2.5482
v  20.0505 0.2438 2.5545
v  20.0554 0.2446 2.5548
v  20.0643 0.2489 2.5445
v  20.0440 0.2445 2.5076
v  20.0679 0.2475 2.5075
v  20.0440 0.2528 2.4585
v  20.0782 0.2483 2.5427
v  20.0717 0.2435 2.5517
v  20.0737 0.2442 2.5515
v  20.0897 0.2436 2.5249
v  20.0872 0.2466 2.5396
v  20.0881 0.2431 2.5482
v  20.0911 0.2437 2.5186
v  20.0931 0.2507 2.4910
v  20.0771 0.2573 2.4592
v  20.0440 0.2770 2.4107
v  20.0877 0.2808 2.4114
v  20.0440 0.2913 2.3832
v  20.1039 0.2937 2.3876
v  20.0440 0.3103 2.3600
v  20.1075 0.3133 2.3620
v  20.0440 0.3334 2.3473
v  20.0972 0.3407 2.3458
v  20.1238 0.3380 2.3453
v  20.1262 0.3110 2.3628
v  20.1116 0.2878 2.4044
v  20.1384 0.3347 2.3711
v  20.1393 0.3458 2.3746
v  20.1321 0.3597 2.3602
v  20.1024 0.3669 2.3622
v  20.0882 0.3598 2.3513
v  20.0926 0.3420 2.3531
v  20.0920 0.2520 2.4709
v  20.0947 0.2563 2.4559
v  20.1042 0.2669 2.4359
v  20.1114 0.2609 2.4472
v  20.1079 0.2762 2.4207
v  20.1287 0.3890 2.4626
v  20.1224 0.3807 2.4742
v  20.1296 0.3799 2.4628
v  20.1361 0.3832 2.4418
v  20.1334 0.3911 2.4410
v  20.1317 0.3863 2.4337
v  20.2083 -0.2459 1.1693
v  20.2017 -0.2630 1.1378
v  20.2934 -0.2613 1.0948
v  20.2162 -0.2204 1.1584
v  20.0440 0.3819 2.3811
v  20.0440 0.3705 2.3517
v  20.0847 0.3501 2.3802
v  20.0440 0.3589 2.3813
v  20.0900 0.3351 2.3767
v  20.0799 0.3179 2.4280
v  20.0440 0.3270 2.4285
v  20.0733 0.2961 2.4750
v  20.0440 0.3031 2.4763
v  20.0833 0.3011 2.4255
v  20.0440 0.3227 2.3722
v  20.0440 0.3323 2.3546
v  20.0440 0.2915 2.4230
v  20.0748 0.2833 2.4739
v  20.0440 0.2778 2.4720
v  20.0663 0.2721 2.5233
v  20.0677 0.2823 2.5249
v  20.0440 0.2912 2.5247
v  20.0616 0.2718 2.5534
v  20.0440 0.2765 2.5615
v  20.0440 0.2636 2.5524
v  20.0587 0.2646 2.5491
v  20.0440 0.2703 2.5214
v  19.8514 -0.2716 1.1699
v  19.9067 -0.2494 1.2214
v  19.8975 -0.2263 1.2443
v  19.8892 -0.2133 1.2239
v  20.1905 -0.2263 1.2443
v  20.1813 -0.2494 1.2214
v  20.2366 -0.2716 1.1699
v  20.1988 -0.2133 1.2239
v  19.8667 -0.2395 1.2549
v  19.9180 -0.2198 1.3000
v  19.9107 -0.1964 1.3148
v  19.9060 -0.1903 1.2917
v  20.1592 0.4608 2.3121
v  20.1379 0.4857 2.3208
v  20.1148 0.4798 2.2965
v  20.1275 0.4522 2.2737
v  20.1436 0.5251 2.2578
v  20.1612 0.5366 2.2713
v  20.1761 0.5104 2.2677
v  20.1848 0.5718 2.2273
v  20.1469 0.4999 2.2472
v  20.1702 0.5578 2.2115
v  20.1896 0.6120 2.1874
v  20.1970 0.6046 2.1798
v  20.1803 0.5363 2.2004
v  20.2038 0.5492 2.2195
v  20.2086 0.6049 2.1889
v  20.1947 0.6631 2.1757
v  20.1978 0.6149 2.1941
v  20.2323 0.3395 2.2673
v  20.2198 0.3264 2.2667
v  20.3369 0.3494 2.2276
v  20.2357 0.3572 2.2521
v  20.2784 0.3882 2.2505
v  20.2637 0.4164 2.2457
v  20.1678 0.3815 2.2791
v  20.2157 0.3472 2.2484
v  20.2197 0.3906 2.2423
v  20.2741 0.4018 2.2076
v  20.3349 0.3982 2.1712
v  20.3222 0.4236 2.1704
v  20.3370 0.4363 2.1852
v  20.3539 0.4154 2.1872
v  20.4405 0.4653 2.1136
v  20.4474 0.4728 2.1251
v  20.4776 0.5074 2.1078
v  20.4375 0.4828 2.1234
v  20.4345 0.4787 2.1151
v  20.0440 0.2510 2.5595
v  20.0518 0.2453 2.5643
v  20.0440 0.2387 2.5623
v  20.0440 0.2544 2.5708
v  20.0440 0.2407 2.5693
v  20.0516 0.2506 2.5763
v  20.0440 0.2470 2.5805
v  20.0493 0.2623 2.5837
v  20.0440 0.2649 2.5807
v  20.0440 0.2755 2.5877
v  20.0440 0.2601 2.5876
v  20.1903 0.3216 2.1353
v  20.2111 0.3052 2.1503
v  20.2851 0.3425 2.0724
v  20.2068 0.3404 2.1449
v  20.2965 0.3492 2.0759
v  20.3066 0.3608 2.0539
v  20.3007 0.3327 2.0768
v  20.0440 0.4556 2.1876
v  20.0537 0.4501 2.1858
v  20.0440 0.4770 2.1522
v  20.1375 0.3524 2.4536
v  20.1355 0.3727 2.4583
v  20.1211 0.3521 2.4774
v  20.1365 0.3930 2.4675
v  20.1138 0.3886 2.4906
v  20.1232 0.3763 2.4897
v  20.1211 0.3690 2.4830
v  20.1121 0.3719 2.4997
v  20.1006 0.3836 2.5151
v  20.1163 0.3690 2.5210
v  20.1189 0.3619 2.5109
v  20.1204 0.3615 2.5004
v  20.1248 0.3620 2.4895
v  20.1167 0.3526 2.4877
v  20.1343 0.3446 2.4947
v  20.1114 0.3538 2.4988
v  20.1292 0.3472 2.5046
v  20.1100 0.3546 2.5090
v  20.1258 0.3483 2.5142
v  20.1115 0.3561 2.5203
v  20.1159 0.3622 2.5193
v  20.1111 0.3641 2.5329
v  20.1011 0.3735 2.5368
v  20.1010 0.3571 2.5334
v  20.0820 0.3611 2.5401
v  20.0928 0.3498 2.5687
v  20.0843 0.3558 2.5634
v  20.1030 0.3566 2.5695
v  20.0898 0.3616 2.5717
v  20.0981 0.3655 2.5724
v  20.0931 0.3774 2.5662
v  20.0896 0.3643 2.5776
v  20.0723 0.3525 2.5703
v  20.0785 0.3478 2.5861
v  20.0878 0.3627 2.5931
v  20.0777 0.3721 2.5960
v  20.0763 0.3827 2.5794
v  20.0720 0.3690 2.5981
v  20.0922 0.3974 2.5482
v  20.0953 0.4046 2.5041
v  20.0656 0.4010 2.5478
v  20.0623 0.3995 2.5811
v  20.0590 0.3850 2.6061
v  20.0605 0.3744 2.6293
v  20.0654 0.3535 2.6174
v  20.0653 0.3542 2.6038
v  20.0553 0.3461 2.5952
v  20.0699 0.3386 2.6184
v  20.0648 0.3478 2.5838
v  20.0440 0.3552 2.5749
v  20.0440 0.3464 2.5957
v  20.0440 0.3411 2.6082
v  20.0440 0.3464 2.6161
v  20.0589 0.3622 2.6265
v  20.0440 0.3745 2.6326
v  20.0440 0.3815 2.6326
v  20.0440 0.3899 2.6085
v  20.0440 0.4065 2.5814
v  20.0440 0.4140 2.5297
v  20.0650 0.4137 2.5157
v  20.0803 0.4434 2.4921
v  20.0604 0.4259 2.4766
v  20.0440 0.4273 2.4775
v  20.1437 0.2707 2.2558
v  20.1770 0.1345 2.2448
v  20.1339 0.2696 2.2450
v  20.1228 0.2627 2.2543
v  20.1344 0.2624 2.2628
v  20.0630 0.2178 2.4937
v  20.0671 0.2253 2.4699
v  20.0794 0.1874 2.4907
v  20.0755 0.2198 2.4942
v  20.0787 0.2267 2.4715
v  20.0440 0.3648 2.5544
v  20.0440 0.3856 2.4737
v  20.0848 0.3659 2.5022
v  20.0962 0.3685 2.4504
v  20.0785 0.3451 2.6253
v  20.0784 0.2953 2.6487
v  20.0784 0.3321 2.6162
v  20.0849 0.3381 2.6209
v  20.1018 0.2356 2.5258
v  20.1061 0.2508 2.5147
v  20.1042 0.2176 2.5276
v  20.0982 0.2203 2.5451
v  20.0956 0.2375 2.5421
v  20.0819 0.2042 2.5297
v  20.0994 0.2123 2.4972
v  20.1077 0.2216 2.4703
v  20.0556 0.2029 2.5283
v  20.0549 0.2092 2.5526
v  20.0766 0.2106 2.5515
v  20.0883 0.2363 2.5579
v  20.0821 0.2403 2.5567
v  20.0738 0.2365 2.5596
v  20.0637 0.2404 2.5618
v  20.0638 0.2353 2.5656
v  20.0554 0.2371 2.5624
v  20.0440 0.2329 2.5684
v  20.0440 0.2076 2.5575
v  20.0440 0.2017 2.5415
v  20.0502 0.1940 2.5339
v  20.0440 0.1948 2.5394
v  20.0440 0.1757 2.5354
v  20.0440 0.1931 2.5282
v  20.0440 0.2017 2.5164
v  20.0440 0.2147 2.4924
v  20.0655 0.2630 2.5559
v  20.0572 0.2604 2.5647
v  20.0623 0.3151 2.5700
v  20.0655 0.2582 2.5727
v  20.0736 0.2604 2.5650
v  20.0841 0.2556 2.5490
v  20.0837 0.2508 2.5587
v  20.0802 0.2789 2.5513
v  20.0768 0.2537 2.5543
v  20.1005 0.2537 2.5337
v  20.0920 0.2547 2.5406
v  20.0964 0.2766 2.5381
v  20.1022 0.2515 2.5449
v  20.1132 0.2473 2.3185
v  20.0975 0.2521 2.5218
v  20.1053 0.2465 2.5257
v  20.1058 0.2745 2.5234
v  20.0440 0.2599 2.1265
v  20.0440 0.1638 2.1230
v  20.0440 0.1189 2.0796
v  20.0440 0.1055 2.0086
v  20.0540 0.1086 2.0039
v  20.0440 0.0430 1.9832
v  20.0440 0.1033 2.0370
v  20.0568 0.1057 2.0325
v  20.0440 -0.0139 2.0095
v  20.0440 0.1056 2.0252
v  20.0440 0.0841 1.9236
v  20.0556 0.0838 1.9166
v  20.0440 -0.0320 1.9030
v  20.0440 0.0804 1.9105
v  20.0440 0.0676 1.8929
v  20.0499 0.0693 1.8908
v  20.0440 0.0857 1.8870
v  20.0440 0.0232 1.8933
v  20.0440 0.0686 1.8876
v  20.0440 -0.0861 1.8500
v  20.0440 -0.0134 1.8429
v  20.0586 -0.0095 1.8372
v  20.0440 -0.1030 1.8050
v  20.0440 -0.0338 1.8257
v  20.0440 -0.1377 1.7731
v  20.1596 -0.0210 1.7454
v  20.0440 0.3098 1.6989
v  20.0440 0.2982 1.7289
v  20.1033 0.2505 1.7341
v  20.1184 0.2807 1.7108
v  20.1451 0.2288 1.7470
v  20.0917 0.2881 1.6944
v  20.1269 0.3245 1.6618
v  20.1647 0.1960 1.7451
v  20.2172 0.1900 1.7104
v  20.1591 0.1450 1.7529
v  20.1975 0.1338 1.7250
v  20.1680 0.1064 1.7640
v  20.1317 0.0243 1.7733
v  20.0982 0.2799 1.7333
v  20.1294 0.3068 1.7001
v  20.2228 0.1501 1.7325
v  20.1439 0.0434 1.7822
v  20.1445 0.0019 1.7724
v  20.1773 -0.1964 1.3148
v  20.1700 -0.2198 1.3000
v  20.2213 -0.2395 1.2549
v  20.1820 -0.1903 1.2917
v  19.8967 -0.2050 1.3254
v  19.9323 -0.1943 1.3639
v  19.9217 -0.1817 1.3802
v  19.9150 -0.1705 1.3654
v  20.1663 -0.1817 1.3802
v  20.1557 -0.1943 1.3639
v  20.1913 -0.2050 1.3254
v  20.1730 -0.1705 1.3654
v  20.1375 -0.2368 -0.4694
v  20.0440 -0.2759 -0.4237
v  20.0440 -0.2761 -0.6351
v  20.1310 -0.2265 -0.6256
v  20.1905 -0.1727 -0.5321
v  20.0440 -0.2559 -0.7719
v  20.1810 -0.1735 -0.6634
v  20.2470 -0.0746 -0.5899
v  20.1302 -0.2282 -0.7911
v  20.0440 -0.2592 -0.9197
v  20.1060 -0.2489 -0.9316
v  20.1842 -0.1841 -0.8122
v  20.1696 -0.1862 -0.9344
v  20.2239 -0.0748 -0.7045
v  20.2239 0.1071 -0.6604
v  20.2092 0.0725 -0.7435
v  20.2225 -0.0851 -0.8321
v  20.1990 -0.0925 -0.9427
v  20.2036 0.0561 -0.8572
v  20.1891 0.0397 -0.9565
v  20.1568 0.1161 -0.8561
v  20.1538 0.1497 -0.7430
v  20.1521 0.1967 -0.6705
v  20.2132 0.1995 -0.5865
v  20.1489 0.2669 -0.5958
v  20.0440 0.2916 -0.6166
v  20.0440 0.2679 -0.7218
v  20.0440 0.2326 -0.7036
v  20.0440 0.2258 -0.7383
v  20.0965 0.1703 -0.8360
v  20.0440 0.1932 -0.7648
v  20.0440 0.1865 -0.8064
v  20.0440 0.2018 -0.8532
v  20.0440 0.1693 -0.8372
v  20.0440 0.1966 -0.9311
v  20.0987 0.1521 -0.9024
v  20.0440 0.1588 -0.9092
v  20.0988 0.1272 -0.9652
v  20.1538 0.0854 -0.9631
v  20.1565 0.0811 -1.0842
v  20.1868 0.0364 -1.0964
v  20.0983 0.1204 -1.0328
v  20.1369 0.1309 -1.0868
v  20.0440 0.1401 -0.9714
v  20.0440 0.1728 -1.0539
v  20.0440 0.1364 -1.0353
v  20.0440 0.1704 -0.9846
v  20.0440 0.3219 -0.6368
v  20.0440 0.3256 -0.5482
v  20.1473 0.3031 -0.5256
v  20.2095 0.2803 -0.4943
v  20.1607 0.3480 -0.4416
v  20.0440 0.3617 -0.4489
v  20.0784 0.3911 -0.3312
v  20.1748 0.3792 -0.3810
v  20.0440 0.3894 -0.3512
v  20.0440 0.4043 -0.2868
v  20.1438 0.3925 -0.2966
v  20.1925 0.4020 -0.3549
v  20.2399 0.3612 -0.2401
v  20.1402 0.4012 -0.2125
v  20.2257 0.3619 -0.1595
v  20.3042 0.2992 -0.0694
v  20.3279 0.2942 -0.1486
v  20.3339 0.2653 -0.2551
v  20.2499 0.3502 -0.3476
v  20.2208 0.3807 -0.3742
v  20.3189 0.2549 -0.3615
v  20.3938 0.1915 -0.2219
v  20.4014 0.2025 -0.0998
v  20.3751 0.2045 -0.0307
v  20.3326 0.2130 0.0145
v  20.3612 0.1381 0.0265
v  20.4121 0.1376 -0.0028
v  20.4518 0.1310 -0.0723
v  20.4821 0.1364 -0.1538
v  20.4472 0.1868 -0.1624
v  20.4366 0.1812 -0.2178
v  20.3630 0.0781 0.0374
v  20.2991 0.0653 0.0270
v  20.3422 0.0086 0.0748
v  20.2919 -0.0276 0.0467
v  20.2233 -0.0363 -0.0703
v  20.2693 -0.0928 -0.0265
v  20.2660 -0.1574 -0.0863
v  20.2287 -0.0999 -0.2132
v  20.3104 -0.1250 0.0451
v  20.3460 -0.0530 0.1090
v  20.3781 -0.0213 0.1281
v  20.3947 0.0372 0.0767
v  20.4314 0.0964 0.0099
v  20.4782 0.0557 -0.0308
v  20.4930 0.0892 -0.0902
v  20.4874 0.0306 -0.1098
v  20.4449 0.0578 0.0389
v  20.5047 0.0067 -0.0050
v  20.4962 0.0130 -0.0836
v  20.4554 0.0405 0.0523
v  20.4811 -0.0172 0.1052
v  20.4166 0.0028 0.1093
v  20.4225 0.0075 0.1221
v  20.4340 -0.0468 0.1402
v  20.3973 -0.0571 0.1416
v  20.3748 -0.0953 0.1400
v  20.3372 -0.1783 0.0887
v  20.3045 -0.2090 -0.0173
v  20.3489 -0.2754 -0.0962
v  20.3022 -0.2341 -0.1822
v  20.2619 -0.1718 -0.2740
v  20.2364 -0.1206 -0.3283
v  20.3098 -0.1282 -0.4031
v  20.3739 -0.1901 -0.3481
v  20.3893 -0.2474 -0.2501
v  20.4226 -0.2890 -0.1499
v  20.4478 -0.3023 -0.0682
v  20.3760 -0.3015 -0.0413
v  20.3469 -0.2484 0.0216
v  20.3714 -0.2838 0.0617
v  20.3918 -0.3371 -0.0303
v  20.4477 -0.3207 -0.0780
v  20.3873 -0.3015 0.0830
v  20.3736 -0.2365 0.1226
v  20.3941 -0.1336 0.1725
v  20.4210 -0.1137 0.1911
v  20.4114 -0.1737 0.2048
v  20.3927 -0.2733 0.1485
v  20.4236 -0.2078 0.2250
v  20.4401 -0.1631 0.2312
v  20.4731 -0.1615 0.2394
v  20.4594 -0.1033 0.2167
v  20.4503 -0.0890 0.1740
v  20.4935 -0.0528 0.1277
v  20.5032 -0.1060 0.1791
v  20.5174 -0.1740 0.2305
v  20.5533 -0.1712 0.1716
v  20.5506 -0.2064 0.2063
v  20.5734 -0.2666 0.1600
v  20.5716 -0.2231 0.0950
v  20.5667 -0.3324 0.0485
v  20.5534 -0.1362 0.1370
v  20.5531 -0.1027 0.1020
v  20.5416 -0.0738 0.0512
v  20.5320 -0.0289 -0.0385
v  20.5089 0.0099 -0.1001
v  20.5546 -0.0888 0.0210
v  20.5650 -0.1097 -0.0133
v  20.5616 -0.0747 -0.0826
v  20.5779 -0.1106 -0.0724
v  20.5738 -0.1218 0.0177
v  20.5565 -0.1050 0.0672
v  20.5783 -0.1666 0.0166
v  20.5779 -0.1976 0.0387
v  20.5725 -0.2470 0.0564
v  20.5713 -0.2297 -0.0018
v  20.5472 -0.3143 -0.0454
v  20.5659 -0.2299 -0.0397
v  20.6100 -0.2033 -0.0743
v  20.5731 -0.1910 -0.0375
v  20.5622 -0.2017 -0.0853
v  20.5495 -0.2481 -0.0902
v  20.5200 -0.3154 -0.0695
v  20.5325 -0.2781 -0.1004
v  20.5449 -0.2168 -0.1250
v  20.5392 -0.1581 -0.1454
v  20.5173 -0.1517 -0.1826
v  20.5240 -0.2475 -0.1449
v  20.4884 -0.2771 -0.1583
v  20.4901 -0.2976 -0.0884
v  20.4845 -0.3159 -0.0773
v  20.4628 -0.2385 -0.2418
v  20.5029 -0.2029 -0.2310
v  20.4944 -0.1133 -0.2263
v  20.4727 -0.0996 -0.2873
v  20.4313 -0.1461 -0.3444
v  20.5115 -0.0951 -0.1982
v  20.5266 -0.1225 -0.1842
v  19.8856 -0.1904 1.4041
v  19.9237 -0.1641 1.4244
v  19.9153 -0.1518 1.4339
v  19.9065 -0.1481 1.4193
v  20.5471 -0.1503 -0.2183
v  20.5398 -0.1273 -0.1671
v  20.5589 0.0776 -0.1552
v  20.2797 0.2084 -0.4762
v  20.3108 0.1182 -0.5382
v  20.3366 0.1437 -0.4937
v  20.3512 0.1490 -0.3862
v  20.3748 0.1175 -0.4450
v  20.3970 0.1071 -0.3490
v  20.3916 0.0678 -0.3850
v  20.3852 0.0603 -0.4149
v  20.3824 0.0023 -0.4160
v  20.3986 -0.0223 -0.3790
v  20.3355 -0.0469 -0.4785
v  20.3699 -0.0963 -0.3968
v  20.3264 -0.0897 -0.4471
v  20.2535 -0.1122 -0.4484
v  20.3045 0.0691 -0.5583
v  20.4442 -0.0734 -0.3829
v  20.4720 -0.0603 -0.3667
v  20.4962 -0.0389 -0.4365
v  20.4292 -0.0202 -0.3201
v  20.4300 0.0393 -0.4037
v  20.4642 0.0017 -0.3598
v  20.4826 0.0544 -0.4712
v  20.4793 0.0380 -0.3338
v  20.4824 -0.0093 -0.2327
v  20.4445 0.0799 -0.2628
v  20.4318 0.1318 -0.3179
v  20.4559 0.0794 -0.3560
v  20.4341 0.0787 -0.3866
v  20.2935 0.3048 -0.5227
v  20.2858 0.3734 -0.4842
v  20.4010 0.3556 -0.5703
v  20.3422 0.3221 -0.4447
v  20.4140 0.0720 -0.5285
v  20.4893 0.0882 -0.5513
v  20.5916 -0.1742 -0.0232
v  20.5741 -0.1573 -0.0431
v  20.4709 -0.5936 -0.3130
v  20.4146 -0.6097 -0.3275
v  20.3929 -0.6860 -0.5059
v  20.4573 -0.5805 -0.3411
v  20.4317 -0.5944 -0.3644
v  20.3777 -0.5811 -0.3415
v  20.4019 -0.5919 -0.3665
v  20.4162 -0.6443 -0.3163
v  20.4834 -0.6207 -0.2793
v  20.4847 -0.5510 -0.2812
v  20.4523 -0.5700 -0.1927
v  20.4797 -0.5318 -0.2212
v  20.5035 -0.5164 -0.2680
v  20.4358 -0.5367 -0.1985
v  20.4036 -0.5407 -0.1860
v  20.4053 -0.5732 -0.1670
v  20.3673 -0.5833 -0.1893
v  20.3564 -0.5222 -0.2263
v  20.3601 -0.6160 -0.2461
v  20.3511 -0.5887 -0.2830
v  20.3694 -0.6731 -0.1907
v  20.3713 -0.6296 -0.1495
v  20.3862 -0.6956 -0.1331
v  20.4155 -0.6495 -0.1010
v  20.3799 -0.7599 -0.0549
v  20.4109 -0.6093 -0.1254
v  20.4577 -0.6172 -0.1433
v  20.4847 -0.6757 -0.2017
v  20.4655 -0.6593 -0.1109
v  20.4169 -0.7160 -0.0387
v  20.4062 -0.7408 0.0144
v  20.3540 -0.8180 0.0241
v  20.4707 -0.7188 -0.0443
v  20.4927 -0.7177 -0.1492
v  20.4341 -0.7547 -0.1709
v  20.4270 -0.6993 -0.2523
v  20.4271 -0.6776 -0.2843
v  20.4043 -0.6707 -0.2873
v  20.4114 -0.6928 -0.2607
v  20.4355 -0.7963 -0.1256
v  20.5065 -0.7646 -0.0954
v  20.5117 -0.8198 -0.0763
v  20.5272 -0.7781 -0.0358
v  20.5088 -0.7473 0.0029
v  20.4485 -0.7727 0.0006
v  20.5116 -0.7857 0.0284
v  20.5350 -0.8199 -0.0062
v  20.4994 -0.8957 -0.0477
v  20.4893 -0.8985 -0.0702
v  20.4474 -0.8520 -0.1115
v  20.3618 -0.8613 -0.0645
v  20.4068 -0.8898 -0.0807
v  20.3941 -0.9289 -0.0479
v  20.4211 -0.8857 -0.0812
v  20.4523 -0.9300 -0.0471
v  20.4453 -0.8935 -0.0232
v  20.4617 -0.8163 0.0189
v  20.4418 -0.8076 0.0391
v  20.4019 -0.7888 0.0703
v  20.3577 -0.7869 0.1207
v  20.3065 -0.8030 0.1294
v  20.3179 -0.8814 0.0583
v  20.3333 -0.7566 0.1491
v  20.2902 -0.8244 0.1671
v  20.3258 -0.8819 0.1545
v  20.2899 -0.7634 0.1486
v  20.3000 -0.7602 0.1790
v  20.3271 -0.7553 0.1793
v  20.2747 -0.7864 0.2030
v  20.2886 -0.7750 0.2065
v  20.3181 -0.7857 0.2399
v  20.3227 -0.7994 0.2478
v  20.3322 -0.8337 0.2073
v  20.3878 -0.8518 0.1536
v  20.3675 -0.8014 0.1618
v  20.3621 -0.7703 0.1936
v  20.3427 -0.7644 0.2076
v  20.4319 -0.8444 0.1002
v  20.4272 -0.8634 0.1538
v  20.3601 -0.5556 -0.2969
v  20.4135 -0.6101 -0.4448
v  20.3799 -0.5552 -0.3969
v  20.4262 -0.5904 -0.4531
v  20.3888 -0.5003 -0.3424
v  20.4389 -0.4956 -0.3906
v  20.3919 -0.4711 -0.3240
v  20.4230 -0.4435 -0.3282
v  20.3983 -0.4103 -0.2767
v  20.3599 -0.4410 -0.2595
v  20.4241 -0.3753 -0.1665
v  20.3846 -0.3925 -0.1378
v  20.4725 -0.3709 -0.1677
v  20.4638 -0.3918 -0.2775
v  20.4527 -0.4127 -0.3013
v  20.4636 -0.4309 -0.3267
v  20.4688 -0.4517 -0.3549
v  20.4460 -0.5385 -0.4098
v  20.4793 -0.5415 -0.3599
v  20.4200 -0.6739 -0.5236
v  20.4684 -0.5028 -0.3880
v  20.4823 -0.5350 -0.3116
v  20.5175 -0.4842 -0.3115
v  20.5214 -0.4217 -0.2316
v  20.4881 -0.4460 -0.3289
v  20.4945 -0.4087 -0.2544
v  20.5083 -0.3718 -0.1526
v  20.5399 -0.3753 -0.1277
v  20.5326 -0.4648 -0.1619
v  20.5570 -0.4089 -0.0457
v  20.5282 -0.4563 0.0302
v  20.5052 -0.5008 -0.1184
v  20.4569 -0.5795 -0.3650
v  20.4337 -0.6107 -0.4341
v  20.4484 -0.5061 -0.0972
v  20.4744 -0.4654 0.0450
v  20.5570 -0.3480 0.1634
v  20.5708 -0.2930 0.2325
v  20.5682 -0.2548 0.2246
v  20.5456 -0.2393 0.2592
v  20.5463 -0.2811 0.2693
v  20.5527 -0.3334 0.2362
v  20.5466 -0.3458 0.1949
v  20.4993 -0.3519 0.2402
v  20.4943 -0.2773 0.2842
v  20.4889 -0.2280 0.2800
v  20.4350 -0.2647 0.2431
v  20.4479 -0.3282 0.2302
v  20.4993 -0.3645 0.2004
v  20.4934 -0.3980 0.1704
v  20.4506 -0.3476 0.1954
v  20.4113 -0.3038 0.1750
v  20.4005 -0.3379 0.1165
v  20.4475 -0.3834 0.1566
v  20.4298 -0.4461 0.0428
v  20.3891 -0.3936 0.0178
v  20.3673 -0.4469 -0.0983
v  20.4090 -0.4999 -0.0891
v  20.4114 -0.6133 -0.4075
v  20.4172 -0.6013 -0.4173
v  20.4350 -0.6715 -0.5104
v  20.4361 -0.6005 -0.4150
v  20.4430 -0.6074 -0.4083
v  20.4317 -0.6150 -0.4028
v  20.5072 -0.4741 -0.5436
v  20.5115 -0.4495 -0.5455
v  20.5639 -0.4694 -0.6686
v  20.5201 -0.4615 -0.5371
v  20.1727 -0.1518 1.4339
v  20.1643 -0.1641 1.4244
v  20.2024 -0.1904 1.4041
v  20.1815 -0.1481 1.4193
v  20.4250 -0.8727 0.3634
v  20.4174 -0.9235 0.3812
v  20.4389 -0.9317 0.3389
v  20.4381 -0.8624 0.3297
v  20.4003 -0.8328 0.3589
v  20.4334 -0.8581 0.2716
v  20.4435 -0.9481 0.2741
v  20.3833 -0.8314 0.3079
v  20.3643 -0.8393 0.3709
v  20.3283 -0.8744 0.3215
v  20.3570 -0.8848 0.3810
v  20.3416 -0.9511 0.3588
v  20.3780 -0.9303 0.3824
v  20.3281 -0.9540 0.2449
v  20.3316 -0.8835 0.2424
v  20.3862 -0.8526 0.2178
v  20.4229 -0.8597 0.2294
v  20.4425 -0.9539 0.2311
v  20.4481 -0.9246 0.1381
v  20.4491 -0.8892 0.0615
v  20.3303 -0.9393 0.1393
v  20.3744 -0.9900 0.2263
v  20.3692 -0.9939 0.3315
v  20.3708 -0.9699 0.3667
v  20.4103 -0.9724 0.3504
v  20.4138 -0.9942 0.2908
v  20.4208 -0.9953 0.2317
v  20.3796 -0.9861 0.1241
v  20.3338 -0.9248 0.0108
v  20.3859 -0.9547 0.0167
v  20.4229 -0.9918 0.1194
v  20.4369 -0.9089 -0.0000
v  20.4461 -0.8487 0.0079
v  20.4326 -0.9141 -0.1341
v  20.4522 -0.9495 -0.0985
v  20.4519 -0.9689 -0.2137
v  20.4521 -0.9477 -0.1457
v  20.4523 -0.8978 -0.1698
v  20.4747 -0.9119 -0.1350
v  20.4527 -0.8760 -0.1308
v  20.3054 -0.7106 0.1910
v  20.2824 -0.7256 0.2241
v  20.2946 -0.6496 0.2426
v  20.2765 -0.6729 0.2637
v  20.3100 -0.7316 0.2588
v  20.2997 -0.6731 0.3060
v  20.2744 -0.6455 0.3161
v  20.2896 -0.6213 0.3061
v  20.2810 -0.6301 0.3906
v  20.2938 -0.6393 0.3918
v  20.2892 -0.6151 0.3899
v  20.2926 -0.6308 0.4434
v  20.3124 -0.6352 0.3171
v  20.3020 -0.6243 0.3912
v  20.3203 -0.6626 0.2650
v  20.3330 -0.7151 0.2256
v  20.5644 0.0666 -0.1832
v  20.4929 0.0026 -0.1804
v  20.6329 -0.1900 -0.0485
v  20.6184 -0.1289 -0.0784
v  20.5702 -0.1438 -0.0731
v  20.6028 -0.1635 -0.1429
v  20.5551 -0.1344 -0.1130
v  20.3735 -0.0757 -0.4694
v  20.5486 -0.1132 -0.1338
v  20.5889 -0.1095 -0.1716
v  20.4693 0.0401 -0.1797
v  20.4663 0.0916 -0.1578
v  20.3483 -0.1335 -0.4047
v  20.4089 -0.1252 -0.4260
v  20.3957 -0.1298 -0.3780
v  20.3736 -0.1618 -0.3794
v  20.4074 -0.7320 -0.2872
v  20.4601 -0.9059 0.0047
v  20.4688 -0.8441 0.0486
v  20.4665 -0.9260 0.0542
v  20.4705 -0.8732 0.0790
v  20.5114 -0.9438 0.0035
v  20.5361 -0.8901 -0.0225
v  20.5541 -0.8837 0.0157
v  20.5272 -0.9794 0.0686
v  20.4709 -0.9597 0.1829
v  20.4744 -0.9091 0.2012
v  20.4950 -0.9424 0.3262
v  20.4979 -0.8833 0.3210
v  20.5207 -0.9003 0.3837
v  20.5356 -0.9543 0.3882
v  20.5995 -0.9477 0.3774
v  20.6181 -0.8999 0.3671
v  20.5636 -0.9919 0.3289
v  20.5482 -1.0031 0.1773
v  20.5837 -0.9530 0.0729
v  20.6008 -0.9741 0.1774
v  20.6071 -0.9692 0.3213
v  20.6165 -0.8982 0.3037
v  20.6061 -0.9143 0.1832
v  20.5367 -0.8668 0.1949
v  20.5203 -0.8219 0.0691
v  20.5537 -0.8405 0.2987
v  20.5862 -0.8484 0.3491
v  20.5460 -0.8442 0.3542
v  20.4283 0.1313 -0.2153
v  20.4600 0.1330 -0.2056
v  20.5517 0.1483 -0.2756
v  20.5304 -0.1025 -0.2850
v  20.5981 -0.0996 -0.3482
v  20.5212 -0.0461 -0.1814
v  20.6000 0.0225 -0.1502
v  20.5287 -0.0258 -0.1335
v  20.5853 -0.1553 -0.1793
v  20.2317 0.4041 -0.4223
v  20.6196 -0.1793 -0.0835
v  20.6350 -0.1624 -0.0488
v  20.5867 -0.2669 0.0099
v  20.5543 0.2764 -0.3916
v  20.3647 0.2033 -0.3817
v  20.6121 0.1091 -0.1998
v  20.5383 -0.0554 -0.1177
v  20.5443 -0.0315 -0.0803
v  20.5752 0.0376 -0.2853
v  20.5872 0.0974 -0.3363
v  20.5976 -0.0740 -0.2088
v  20.5365 -0.0465 -0.1508
v  20.1943 -0.2083 -0.3401
v  20.1813 -0.2154 -0.1993
v  20.1377 -0.2674 -0.3042
v  20.0440 -0.2875 -0.2938
v  20.1276 -0.2665 -0.1798
v  20.0440 -0.2802 -0.1734
v  20.1047 -0.2067 -0.0875
v  20.0440 -0.2353 -0.0789
v  20.0440 -0.1677 -0.0090
v  20.0989 -0.1439 -0.0090
v  20.1705 -0.1116 -0.0221
v  20.1739 -0.1464 -0.0902
v  20.0440 0.4233 -0.2768
v  20.0584 0.4148 -0.2746
v  20.0440 0.4204 -0.3464
v  19.8941 -0.1677 1.4606
v  19.9305 -0.1497 1.4670
v  19.9247 -0.1345 1.4767
v  19.9126 -0.1307 1.4670
v  20.1633 -0.1345 1.4767
v  20.1575 -0.1497 1.4670
v  20.1939 -0.1677 1.4606
v  20.1754 -0.1307 1.4670
v  20.0440 0.1850 -1.6420
v  20.0940 0.0855 -1.5475
v  20.0440 0.0903 -1.5802
v  20.0440 0.1137 1.9441
v  20.0340 0.1476 1.9412
v  20.0384 0.1152 1.9420
v  20.0440 0.0667 1.9347
v  20.0099 0.1530 1.9372
v  20.0296 0.1268 1.9190
v  20.0087 0.1065 1.8956
v  19.9821 0.1637 1.9019
v  19.9738 0.1796 1.9149
v  19.9741 0.1942 1.9655
v  20.0185 0.1770 2.0124
v  19.9805 0.2231 2.0052
v  19.8067 -0.0528 1.3676
v  19.8442 -0.1197 1.3631
v  19.7810 -0.1114 1.3869
v  19.6242 -0.1394 1.3821
v  19.8095 -0.0130 1.4291
v  19.8666 -0.0694 1.4537
v  19.8749 -0.1334 1.4114
v  19.9059 0.3158 1.9652
v  19.9692 0.3454 2.0162
v  19.9606 0.3351 1.9780
v  19.9544 0.2696 1.9956
v  19.8636 0.4929 0.7335
v  19.7907 0.4703 0.7807
v  19.7118 0.5378 0.6367
v  19.8940 0.5275 0.8427
v  19.8380 0.4953 0.8618
v  19.7373 0.5519 0.8064
v  19.9048 0.5335 0.8957
v  19.7555 0.5894 0.7304
v  19.9086 0.5431 0.7803
v  19.9240 0.5466 0.8691
v  20.0975 0.0981 -1.3733
v  20.0440 0.1229 -1.3010
v  20.0440 0.1122 -1.2306
v  20.1000 0.1062 -1.2250
v  20.0440 0.1785 -1.2709
v  20.0440 0.1295 -1.1813
v  20.0440 0.1172 -1.1097
v  20.1006 0.1034 -1.1140
v  20.1813 0.0544 -1.1429
v  20.1742 0.0523 -1.2675
v  20.1607 0.0455 -1.3894
v  20.1970 -0.0251 -1.3826
v  20.2072 -0.0231 -1.2801
v  20.2422 -0.0230 -1.2972
v  20.2207 -0.0155 -1.1789
v  20.1886 -0.1162 -1.1916
v  20.1958 -0.1061 -1.3396
v  20.1817 -0.1160 -1.5506
v  20.1920 -0.0237 -1.5413
v  20.1563 0.0372 -1.5496
v  20.1850 -0.0346 -1.7372
v  20.1614 -0.1233 -1.7612
v  20.1111 -0.1927 -1.7786
v  20.1237 -0.2000 -1.4856
v  20.1202 -0.1921 -1.2993
v  20.1301 -0.2035 -1.1235
v  20.1940 -0.1133 -1.0585
v  20.2137 -0.0162 -1.0981
v  20.1544 -0.1997 -1.0178
v  20.1063 -0.2322 -0.9968
v  20.0440 -0.2540 -0.9780
v  20.0440 -0.2663 -0.9817
v  20.0869 -0.2345 -1.1217
v  20.0440 -0.2467 -1.0258
v  20.0795 -0.2243 -1.2280
v  20.0767 -0.2258 -1.4915
v  20.0778 -0.2183 -1.6805
v  20.0866 -0.2126 -1.7863
v  20.1129 -0.1966 -1.9102
v  20.1581 -0.1266 -1.8679
v  20.0795 -0.2250 -1.9555
v  20.0440 -0.2297 -1.8245
v  20.0440 -0.2614 -1.9958
v  20.0440 -0.2288 -1.9588
v  20.0440 -0.2308 -1.6772
v  20.0440 -0.2464 -1.6910
v  20.0440 -0.2393 -1.5245
v  20.0440 -0.2671 -1.5583
v  20.0440 -0.2438 -1.4748
v  20.0440 -0.2443 -1.2551
v  20.0440 -0.2593 -1.1781
v  20.0440 -0.2479 -1.1187
v  20.0440 -0.2761 -1.1254
v  20.2363 -0.0365 -1.8614
v  20.1411 0.0173 -1.7389
v  20.0889 0.0677 -1.6324
v  20.0854 0.0613 -1.7597
v  20.0865 0.0996 -1.4421
v  20.0440 0.0996 -1.5045
v  20.0440 0.0962 -1.4432
v  20.0440 0.1474 -1.5777
v  20.0440 0.1090 -1.5568
v  20.0440 0.1022 -1.5539
v  20.0440 0.1253 -1.7125
v  20.0440 0.0711 -1.6616
v  20.0440 0.1062 -1.8075
v  20.0440 0.0613 -1.7327
v  20.0440 0.0886 -1.8244
v  20.0440 0.2782 -1.1292
v  20.1000 0.2598 -1.1452
v  20.1003 0.1113 -1.0831
v  20.0682 0.3455 -1.2434
v  20.0440 0.3575 -1.2375
v  20.0440 0.3694 -1.3443
v  20.0440 0.3333 -1.2495
v  20.0440 0.2417 -1.1537
v  20.0440 0.1530 -1.0843
v  19.7811 0.2297 1.3672
v  19.6825 0.2618 1.3681
v  19.8449 0.1476 1.4674
v  19.8497 0.2288 1.4077
v  20.0119 0.4764 -0.0432
v  20.0008 0.5152 -0.0834
v  20.0014 0.5355 -0.0747
v  19.9753 0.5639 -0.1784
v  20.0110 0.4956 0.0019
v  20.0109 0.4973 0.0065
v  19.9863 0.5291 -0.0815
v  19.9794 0.4635 -0.0415
v  19.9770 0.5024 0.0501
v  19.8905 0.1338 1.7250
v  19.8708 0.1900 1.7104
v  19.9239 0.1545 1.7266
v  19.8921 0.0925 1.7240
v  20.0440 -0.5257 -0.9828
v  20.0440 0.1151 -1.3748
v  20.0440 0.2611 -1.4196
v  20.0440 0.1483 -1.4896
v  20.0440 0.0525 -1.7727
v  20.0830 0.0470 -1.8815
v  20.0440 0.0700 -1.9079
v  20.0440 0.0483 -1.8900
v  20.0844 0.0399 -1.9881
v  20.0440 0.0853 -2.0687
v  20.0440 0.0410 -2.0132
v  20.0440 0.0413 -2.1544
v  20.0804 0.0256 -2.1634
v  20.0745 0.0283 -2.2711
v  20.0440 0.0609 -2.3554
v  20.0440 0.0268 -2.3026
v  20.0789 0.0226 -2.4017
v  20.1329 -0.0232 -2.3032
v  20.1470 -0.0223 -2.1904
v  20.1420 -0.0005 -2.0139
v  20.1377 0.0112 -1.8558
v  20.1637 -0.0395 -1.7519
v  20.1691 -0.0422 -1.8639
v  20.1978 -0.0390 -1.9491
v  20.1526 -0.1281 -2.0092
v  20.1884 -0.0417 -2.0087
v  20.1601 -0.0472 -2.0399
v  20.1726 -0.0463 -2.1129
v  20.1664 -0.1002 -2.1493
v  20.2029 -0.1004 -2.1149
v  20.1508 -0.1515 -2.1316
v  20.1115 -0.1869 -2.1274
v  20.1019 -0.1904 -2.0196
v  20.0745 -0.2164 -2.0328
v  20.0440 -0.2354 -2.0271
v  20.0440 -0.2179 -2.0505
v  20.0440 -0.2142 -2.1134
v  20.0769 -0.2048 -2.1216
v  20.0856 -0.2178 -2.1778
v  20.1130 -0.1871 -2.1996
v  20.1764 -0.1645 -2.2120
v  20.1993 -0.1040 -2.2120
v  20.1426 -0.1253 -2.2363
v  20.1542 -0.1005 -2.3575
v  20.1822 -0.1480 -2.4370
v  20.1256 -0.1095 -2.4288
v  20.0953 -0.1714 -2.3162
v  20.0978 -0.1818 -2.2280
v  20.0750 -0.1940 -2.2201
v  20.0748 -0.1915 -2.2993
v  20.0745 -0.1956 -2.4342
v  20.0440 -0.1997 -2.3003
v  20.0440 -0.2029 -2.2056
v  20.0440 -0.2236 -2.1651
v  19.9154 0.5448 0.6837
v  19.7760 0.5268 0.5437
v  19.8880 0.5067 0.6257
v  19.9266 0.5667 0.5807
v  19.8287 0.0299 1.6491
v  19.9098 0.0520 1.6761
v  19.9449 0.0183 1.7082
v  19.9092 0.0645 1.7338
v  19.8972 0.0874 1.6924
v  19.9052 0.0188 1.6705
v  19.9236 0.0017 1.6529
v  19.9385 -0.0393 1.6333
v  19.9600 -0.0005 1.7313
v  19.8576 -0.0201 1.6249
v  19.9143 0.1032 1.6527
v  19.8939 0.1442 1.6637
v  19.8329 0.0568 1.6501
v  19.8419 0.1113 1.4926
v  19.8453 0.1605 1.5197
v  19.8408 0.1737 1.4818
v  19.7343 0.1736 1.4331
v  19.8904 0.1876 1.5439
v  19.8354 0.0957 1.5425
v  19.8680 0.0733 1.5220
v  19.8857 0.0690 1.5619
v  19.7237 0.1366 1.4822
v  19.8043 -0.0080 1.3328
v  19.8069 0.0761 1.3423
v  19.7100 0.0626 1.2793
v  19.6949 -0.0398 1.2924
v  19.7697 -0.1143 1.2994
v  19.7271 -0.0174 1.2423
v  19.5987 -0.0335 1.2453
v  19.8382 0.3440 1.5172
v  19.9255 0.2289 1.5539
v  19.9476 0.2613 1.5596
v  19.9593 0.2794 1.5310
v  19.9794 0.2279 2.0361
v  19.9967 0.2532 2.0558
v  19.9767 0.2649 2.0621
v  19.9639 0.3017 2.0588
v  19.9715 0.3253 2.0485
v  19.9535 0.2841 2.0316
v  19.9735 0.2558 2.0401
v  19.8877 0.2936 1.9953
v  19.9756 0.3638 2.0534
v  19.9961 0.3901 2.0339
v  19.9935 0.3952 2.0097
v  20.0040 0.3991 2.0043
v  19.9792 0.4173 1.9725
v  20.0116 0.3909 1.9986
v  20.0036 0.3713 2.0007
v  19.9688 0.3065 2.0206
v  19.9563 0.0541 1.8291
v  19.9714 0.0991 1.8503
v  19.9486 0.1181 1.8470
v  19.9294 0.1494 1.8263
v  19.9521 0.0841 1.8271
v  19.9448 0.1907 1.8422
v  19.9378 0.2143 1.7909
v  19.9171 0.1889 1.7979
v  19.9441 0.1804 1.8090
v  19.9434 0.2536 1.7880
v  19.9525 0.2678 1.8260
v  19.9835 0.2994 1.7945
v  19.9712 0.2798 1.7889
v  19.9906 0.3061 1.8095
v  19.9681 0.3102 1.7708
v  19.9861 0.2833 1.7781
v  19.9285 -0.0375 1.6901
v  19.9382 0.0121 1.7487
v  19.9175 0.0170 1.7153
v  19.8597 0.1035 1.6763
v  19.9007 0.1828 1.6889
v  19.9287 0.2127 1.6998
v  19.9676 0.0334 1.7924
v  19.9563 0.0243 1.7733
v  19.9284 -0.0210 1.7454
v  19.9200 0.1064 1.7640
v  19.9289 0.1450 1.7529
v  19.9233 0.1960 1.7451
v  19.9429 0.2288 1.7470
v  19.9696 0.2807 1.7108
v  19.9654 0.2487 1.6873
v  19.9847 0.2505 1.7341
v  19.9611 0.3245 1.6618
v  19.9963 0.2881 1.6944
v  19.9435 0.0019 1.7724
v  19.9591 0.0437 1.7993
v  19.9441 0.0434 1.7822
v  19.9282 0.1228 1.7963
v  19.8652 0.1501 1.7325
v  19.9757 0.2670 1.7606
v  19.9586 0.3068 1.7001
v  19.9898 0.2799 1.7333
v  19.9531 0.1114 1.8794
v  19.9457 0.2168 1.8899
v  19.9630 0.1441 1.8772
v  19.9814 0.1369 1.8832
v  19.9044 -0.0137 1.5804
v  19.8485 -0.0092 1.5941
v  19.9144 0.0398 1.6118
v  19.9202 0.0531 1.6452
v  20.0235 0.2485 2.0896
v  19.7833 0.0893 0.5945
v  19.7266 0.0050 0.7257
v  19.7153 0.1083 0.6834
v  19.7340 0.1686 0.6183
v  19.7999 0.1729 0.5022
v  19.7930 0.2804 0.6136
v  19.9058 -0.1480 -2.4370
v  19.9624 -0.1095 -2.4288
v  19.9927 -0.1714 -2.3162
v  19.9454 -0.1253 -2.2363
v  19.9338 -0.1005 -2.3575
v  19.9551 -0.0232 -2.3032
v  19.9410 -0.0223 -2.1904
v  20.0076 0.0256 -2.1634
v  20.0135 0.0283 -2.2711
v  20.0091 0.0226 -2.4017
v  20.0036 0.0399 -1.9881
v  20.0050 0.0470 -1.8815
v  20.0026 0.0613 -1.7597
v  19.9503 0.0112 -1.8558
v  19.9469 0.0173 -1.7389
v  19.9460 -0.0005 -2.0139
v  19.9154 -0.0463 -2.1129
v  19.9216 -0.1002 -2.1493
v  19.8887 -0.1040 -2.2120
v  19.9116 -0.1645 -2.2120
v  19.9372 -0.1515 -2.1316
v  19.8851 -0.1004 -2.1149
v  19.9354 -0.1281 -2.0092
v  19.9279 -0.0472 -2.0399
v  19.8996 -0.0417 -2.0087
v  19.8902 -0.0390 -1.9491
v  19.9189 -0.0422 -1.8639
v  19.9243 -0.0395 -1.7519
v  19.8517 -0.0365 -1.8614
v  19.9266 -0.1233 -1.7612
v  19.9299 -0.1266 -1.8679
v  19.9751 -0.1966 -1.9102
v  19.9861 -0.1904 -2.0196
v  19.9765 -0.1869 -2.1274
v  19.9750 -0.1871 -2.1996
v  19.9902 -0.1818 -2.2280
v  20.0132 -0.1915 -2.2993
v  20.0135 -0.1956 -2.4342
v  20.0130 -0.1940 -2.2201
v  20.0024 -0.2178 -2.1778
v  20.0111 -0.2048 -2.1216
v  20.0135 -0.2164 -2.0328
v  20.0085 -0.2250 -1.9555
v  20.0014 -0.2126 -1.7863
v  20.0102 -0.2183 -1.6805
v  19.9769 -0.1927 -1.7786
v  19.9063 -0.1160 -1.5506
v  19.9643 -0.2000 -1.4856
v  20.0113 -0.2258 -1.4915
v  20.0085 -0.2243 -1.2280
v  19.9678 -0.1921 -1.2993
v  19.8922 -0.1061 -1.3396
v  19.8994 -0.1162 -1.1916
v  19.9579 -0.2035 -1.1235
v  20.0011 -0.2345 -1.1217
v  19.9817 -0.2322 -0.9968
v  19.9336 -0.1997 -1.0178
v  19.8940 -0.1133 -1.0585
v  19.8890 -0.0925 -0.9427
v  19.9184 -0.1862 -0.9344
v  19.9820 -0.2489 -0.9316
v  19.8743 -0.0162 -1.0981
v  19.8989 0.0397 -0.9565
v  19.9012 0.0364 -1.0964
v  19.9067 0.0544 -1.1429
v  19.9315 0.0811 -1.0842
v  19.8673 -0.0155 -1.1789
v  19.8459 -0.0230 -1.2972
v  19.9138 0.0523 -1.2675
v  19.9880 0.1062 -1.2250
v  19.9874 0.1034 -1.1140
v  19.9905 0.0981 -1.3733
v  19.9273 0.0455 -1.3894
v  19.8910 -0.0251 -1.3826
v  19.8809 -0.0231 -1.2801
v  19.8960 -0.0237 -1.5413
v  19.9030 -0.0346 -1.7372
v  19.9317 0.0372 -1.5496
v  19.9940 0.0855 -1.5475
v  20.0015 0.0996 -1.4421
v  19.9991 0.0677 -1.6324
v  19.9877 0.1113 -1.0831
v  19.9880 0.2598 -1.1452
v  19.9511 0.1309 -1.0868
v  20.0198 0.3455 -1.2434
v  19.9897 0.1204 -1.0328
v  19.9342 0.0854 -0.9631
v  19.9892 0.1272 -0.9652
v  19.9893 0.1521 -0.9024
v  19.9312 0.1161 -0.8561
v  19.9915 0.1703 -0.8360
v  19.9342 0.1497 -0.7430
v  19.8788 0.0725 -0.7435
v  19.8844 0.0561 -0.8572
v  19.8655 -0.0851 -0.8321
v  19.9038 -0.1841 -0.8122
v  19.8641 -0.0748 -0.7045
v  19.8641 0.1071 -0.6604
v  19.9070 -0.1735 -0.6634
v  19.9578 -0.2282 -0.7911
v  19.9570 -0.2265 -0.6256
v  19.8975 -0.1727 -0.5321
v  19.9505 -0.2368 -0.4694
v  19.9359 0.1967 -0.6705
v  19.8748 0.1995 -0.5865
v  19.9391 0.2669 -0.5958
v  20.3685 0.2815 0.6829
v  20.4247 0.3501 1.1076
v  20.3615 0.3870 1.0729
v  20.0132 0.4038 -0.1720
v  20.0296 0.4148 -0.2746
v  19.8937 -0.2083 -0.3401
v  19.9503 -0.2674 -0.3042
v  19.9067 -0.2154 -0.1993
v  19.9604 -0.2665 -0.1798
v  19.9833 -0.2067 -0.0875
v  19.9891 -0.1439 -0.0090
v  19.9861 -0.1395 0.2072
v  19.9175 -0.1116 -0.0221
v  19.9152 -0.0833 0.1914
v  19.8438 -0.0124 0.1137
v  19.9617 -0.1696 0.4032
v  19.8819 -0.1302 0.3691
v  19.8924 -0.1730 0.5059
v  19.9576 -0.2091 0.4859
v  19.7996 -0.1268 0.5272
v  19.8325 -0.0804 0.3603
v  19.7693 -0.0068 0.5482
v  19.8773 -0.0089 0.1760
v  19.8051 0.1106 0.1318
v  19.7961 0.0914 0.2372
v  19.7868 0.0512 0.3862
v  19.7897 0.1803 0.2213
v  19.7984 0.1795 0.1181
v  19.8040 0.2897 0.1960
v  19.8258 0.2722 0.0733
v  19.8023 0.2874 0.3952
v  19.8526 0.4132 0.4797
v  19.8735 0.4479 0.3442
v  19.8703 0.4344 0.1613
v  19.8724 0.4036 0.0334
v  19.8756 0.3572 -0.0118
v  19.9162 0.4592 0.0302
v  19.9145 0.4790 0.1618
v  19.9150 0.4998 0.3536
v  19.9058 0.5132 0.4236
v  19.9557 0.5502 0.3581
v  19.9549 0.5629 0.4065
v  19.9398 0.5764 0.4905
v  19.8993 0.5258 0.5160
v  19.9951 0.4143 -0.1169
v  19.9700 0.5243 0.1707
v  20.0129 0.4545 -0.0822
v  19.8955 0.4020 -0.3549
v  19.8672 0.3807 -0.3742
v  19.8381 0.3502 -0.3476
v  19.8481 0.3612 -0.2401
v  19.9442 0.3925 -0.2966
v  19.9132 0.3792 -0.3810
v  20.0096 0.3911 -0.3312
v  19.9273 0.3480 -0.4416
v  19.9478 0.4012 -0.2125
v  19.8623 0.3619 -0.1595
v  19.7601 0.2942 -0.1486
v  19.7838 0.2992 -0.0694
v  19.7129 0.2045 -0.0307
v  19.7554 0.2130 0.0145
v  19.9407 0.3031 -0.5256
v  19.8785 0.2803 -0.4943
v  19.8083 0.2084 -0.4762
v  19.8563 0.4041 -0.4223
v  19.8022 0.3734 -0.4842
v  19.7458 0.3221 -0.4447
v  19.7945 0.3048 -0.5227
v  19.6870 0.3556 -0.5703
v  20.0260 -0.0158 1.7612
v  20.0220 0.0019 1.7854
v  20.0050 0.0127 1.7979
v  20.0061 0.0587 1.8509
v  20.0037 -0.0129 1.7519
v  20.0020 -0.0448 1.6946
v  20.0292 0.0893 1.8860
v  20.0264 -0.0454 1.7111
v  20.0346 -0.0991 1.7428
v  20.0320 -0.0700 1.6665
v  20.0205 -0.0840 1.6355
v  20.0056 -0.1002 1.6048
v  19.9216 -0.0626 1.5873
v  19.9952 -0.1277 1.5594
v  20.0276 -0.1286 1.5734
v  19.9327 -0.0831 1.5542
v  19.9346 -0.1439 1.4813
v  19.8955 -0.1162 1.4746
v  19.9327 -0.1724 1.4245
v  19.9237 -0.1986 1.3572
v  19.9917 -0.2267 1.3723
v  19.9863 -0.2023 1.4359
v  19.9888 -0.1739 1.4866
v  20.0111 -0.2316 1.4367
v  20.0218 -0.2516 1.3551
v  19.9769 -0.2783 1.2713
v  19.9103 -0.2424 1.2453
v  19.8191 -0.1744 1.2304
v  19.8913 -0.2710 1.1581
v  19.8002 -0.1717 1.1659
v  19.9653 -0.3325 1.1491
v  19.9915 -0.3573 1.2433
v  20.0052 -0.4118 1.1367
v  20.0202 -0.3676 1.0634
v  19.9619 -0.3507 1.0416
v  19.8701 -0.2923 1.0591
v  19.7785 -0.1739 1.1055
v  19.8260 -0.2969 0.9383
v  19.7315 -0.1983 0.9239
v  19.8923 -0.3567 0.9401
v  19.9855 -0.3915 0.9218
v  19.9090 -0.4054 0.8913
v  19.9463 -0.4209 0.7979
v  19.9487 -0.4288 0.7139
v  20.0286 -0.4173 1.0375
v  19.9456 -0.4070 0.5973
v  19.9393 -0.4579 0.6522
v  19.9554 -0.4715 0.6256
v  19.9575 -0.3068 0.5353
v  19.8909 -0.3479 0.5348
v  19.8316 -0.2692 0.5402
v  19.7710 -0.1552 0.6312
v  20.0294 -0.0095 1.8372
v  20.0381 0.0693 1.8908
v  20.0324 0.0838 1.9166
v  20.0150 0.2199 2.0545
v  20.0312 0.1057 2.0325
v  20.0340 0.1086 2.0039
v  20.0400 0.2623 2.1156
v  20.0206 0.2749 2.1199
v  19.9996 0.2815 2.0944
v  19.9951 0.2939 2.1224
v  20.0101 0.2962 2.1449
v  19.9444 0.3051 2.1930
v  19.9699 0.3175 2.1466
v  20.0099 0.2882 2.1781
v  19.9994 0.2932 2.2341
v  19.9898 0.2943 2.2791
v  19.9666 0.3152 2.2465
v  19.9470 0.3492 2.2490
v  19.9582 0.3552 2.1544
v  19.9410 0.3186 2.2706
v  19.9793 0.3868 2.1583
v  19.9709 0.3862 2.2455
v  19.9483 0.3899 2.2973
v  19.9052 0.3315 2.2908
v  19.9244 0.3366 2.3274
v  19.9375 0.3073 2.3248
v  19.9608 0.2963 2.3042
v  19.9931 0.2875 2.3207
v  19.9395 0.2703 2.3706
v  19.9192 0.3013 2.3537
v  19.9161 0.3267 2.3437
v  19.9144 0.3414 2.3429
v  19.9029 0.3702 2.3294
v  19.9226 0.3344 2.3506
v  19.9315 0.3106 2.3660
v  19.9345 0.2728 2.3938
v  19.9418 0.2860 2.3983
v  19.9521 0.3144 2.3765
v  19.9601 0.2914 2.3888
v  19.9643 0.2550 2.4453
v  19.9705 0.2746 2.4195
v  19.9534 0.3187 2.4217
v  19.9608 0.2853 2.4448
v  19.9608 0.2457 2.4441
v  19.9755 0.2438 2.4716
v  19.9846 0.2539 2.4623
v  19.9713 0.2715 2.4622
v  19.9768 0.2677 2.4731
v  19.9884 0.2479 2.4825
v  19.9835 0.2402 2.4929
v  19.9798 0.2669 2.4942
v  19.9890 0.2430 2.5009
v  19.9805 0.2387 2.5005
v  19.9920 0.2430 2.5044
v  19.9795 0.2288 2.4988
v  19.9704 0.2347 2.4722
v  19.9684 0.2340 2.4416
v  19.9507 0.2564 2.4022
v  19.9992 0.2625 2.3821
v  20.0103 0.2378 2.4368
v  19.9803 0.2216 2.4703
v  19.9886 0.2123 2.4972
v  20.0093 0.2267 2.4715
v  20.0125 0.2198 2.4942
v  20.0209 0.2253 2.4699
v  20.0250 0.2178 2.4937
v  20.0324 0.2029 2.5283
v  20.0061 0.2042 2.5297
v  19.9838 0.2176 2.5276
v  19.9862 0.2356 2.5258
v  19.9819 0.2508 2.5147
v  19.9898 0.2203 2.5451
v  19.9924 0.2375 2.5421
v  19.9969 0.2437 2.5186
v  19.9983 0.2436 2.5249
v  19.9997 0.2363 2.5579
v  19.9999 0.2431 2.5482
v  20.0008 0.2466 2.5396
v  20.0059 0.2403 2.5567
v  20.0142 0.2365 2.5596
v  20.0143 0.2442 2.5515
v  20.0163 0.2435 2.5517
v  20.0243 0.2404 2.5618
v  20.0242 0.2353 2.5656
v  20.0114 0.2106 2.5515
v  20.0331 0.2092 2.5526
v  20.0326 0.2371 2.5624
v  20.0326 0.2446 2.5548
v  20.0375 0.2438 2.5545
v  20.0378 0.1940 2.5339
v  19.9559 0.3597 2.3602
v  19.9441 0.3556 2.4171
v  19.9345 0.3557 2.3830
v  19.9487 0.3458 2.3746
v  19.9247 0.3455 2.3603
v  19.9496 0.3347 2.3711
v  19.9856 0.3669 2.3622
v  19.9918 0.3685 2.4504
v  19.9505 0.3524 2.4536
v  19.9669 0.3521 2.4774
v  20.0032 0.3659 2.5022
v  19.9713 0.3526 2.4877
v  19.9766 0.3538 2.4988
v  19.9780 0.3546 2.5090
v  19.9765 0.3561 2.5203
v  19.9870 0.3571 2.5334
v  20.0060 0.3611 2.5401
v  20.0037 0.3558 2.5634
v  20.0157 0.3525 2.5703
v  20.0232 0.3478 2.5838
v  20.0095 0.3478 2.5861
v  19.9748 0.2473 2.3185
v  19.9381 0.3813 2.3699
v  19.9140 0.4106 2.3188
v  19.9413 0.3835 2.4265
v  19.9525 0.3727 2.4583
v  19.9669 0.3690 2.4830
v  19.9632 0.3620 2.4895
v  19.9537 0.3446 2.4947
v  19.9676 0.3615 2.5004
v  19.9759 0.3719 2.4997
v  19.9648 0.3763 2.4897
v  19.9656 0.3807 2.4742
v  19.9515 0.3930 2.4675
v  19.9742 0.3886 2.4906
v  19.9874 0.3836 2.5151
v  19.9717 0.3690 2.5210
v  19.9691 0.3619 2.5109
v  19.9588 0.3472 2.5046
v  19.9622 0.3483 2.5142
v  19.9721 0.3622 2.5193
v  19.9769 0.3641 2.5329
v  19.9869 0.3735 2.5368
v  19.9958 0.3974 2.5482
v  19.9927 0.4046 2.5041
v  19.9789 0.4115 2.4591
v  19.9536 0.4070 2.4538
v  19.9433 0.3968 2.4434
v  19.9593 0.3890 2.4626
v  19.9546 0.3911 2.4410
v  19.9563 0.3863 2.4337
v  19.9464 0.4054 2.4185
v  19.9622 0.4102 2.4254
v  19.9541 0.4123 2.4022
v  19.9620 0.4278 2.4281
v  19.9528 0.4491 2.4109
v  19.9643 0.4448 2.3804
v  19.9417 0.4084 2.3649
v  19.9479 0.4342 2.3573
v  19.9404 0.4582 2.3571
v  19.9379 0.4864 2.3822
v  19.9265 0.4812 2.3528
v  19.9192 0.4978 2.3556
v  19.9355 0.4955 2.3540
v  19.9405 0.4861 2.3494
v  19.9587 0.4736 2.3637
v  19.9421 0.4925 2.3689
v  19.9581 0.4823 2.3815
v  19.9591 0.4596 2.4145
v  19.9676 0.4435 2.4249
v  19.9847 0.4288 2.4266
v  19.9819 0.4521 2.4031
v  19.9713 0.4569 2.3636
v  19.9532 0.4667 2.3530
v  19.9613 0.4531 2.3453
v  20.0098 0.4430 2.3367
v  20.0041 0.4412 2.3837
v  20.0077 0.4434 2.4921
v  20.0276 0.4259 2.4766
v  20.0135 0.4377 2.4314
v  20.0230 0.4137 2.5157
v  20.0224 0.4010 2.5478
v  20.0257 0.3995 2.5811
v  20.0290 0.3850 2.6061
v  20.0117 0.3827 2.5794
v  19.9949 0.3774 2.5662
v  20.0103 0.3721 2.5960
v  20.0160 0.3690 2.5981
v  20.0275 0.3744 2.6293
v  20.0291 0.3622 2.6265
v  20.0226 0.3535 2.6174
v  20.0227 0.3542 2.6038
v  20.0327 0.3461 2.5952
v  20.0181 0.3386 2.6184
v  20.0002 0.3627 2.5931
v  19.9984 0.3643 2.5776
v  19.9982 0.3616 2.5717
v  19.9899 0.3655 2.5724
v  19.9850 0.3566 2.5695
v  19.9952 0.3498 2.5687
v  19.8933 0.6631 2.1757
v  19.8902 0.6149 2.1941
v  19.8984 0.6120 2.1874
v  19.8910 0.6046 2.1798
v  19.8794 0.6049 2.1889
v  19.9077 0.5363 2.2004
v  19.9178 0.5578 2.2115
v  19.9032 0.5718 2.2273
v  19.9444 0.5251 2.2578
v  19.9268 0.5366 2.2713
v  19.9411 0.4999 2.2472
v  19.8842 0.5492 2.2195
v  19.9605 0.4522 2.2737
v  19.9119 0.5104 2.2677
v  19.9732 0.4798 2.2965
v  19.9842 0.4520 2.3183
v  19.9501 0.4857 2.3208
v  19.9288 0.4608 2.3121
v  19.9949 0.2507 2.4910
v  19.9960 0.2520 2.4709
v  19.9766 0.2609 2.4472
v  19.9838 0.2669 2.4359
v  19.9764 0.2878 2.4044
v  19.9933 0.2563 2.4559
v  20.0109 0.2573 2.4592
v  20.0201 0.2475 2.5075
v  20.0098 0.2483 2.5427
v  20.0237 0.2489 2.5445
v  20.0003 0.2808 2.4114
v  19.9841 0.2937 2.3876
v  19.9805 0.3133 2.3620
v  19.9908 0.3407 2.3458
v  19.9642 0.3380 2.3453
v  19.9618 0.3110 2.3628
v  19.9801 0.2762 2.4207
v  19.9998 0.3598 2.3513
v  19.9954 0.3420 2.3531
v  19.9536 0.2624 2.2628
v  19.9652 0.2627 2.2543
v  19.9110 0.1345 2.2448
v  19.9443 0.2707 2.2558
v  19.9541 0.2696 2.2450
v  19.9905 0.2521 2.5218
v  19.9827 0.2465 2.5257
v  19.9822 0.2745 2.5234
v  19.9875 0.2537 2.5337
v  19.9858 0.2515 2.5449
v  19.9916 0.2766 2.5381
v  19.9960 0.2547 2.5406
v  20.0039 0.2556 2.5490
v  20.0043 0.2508 2.5587
v  20.0078 0.2789 2.5513
v  20.0112 0.2537 2.5543
v  20.0144 0.2604 2.5650
v  20.0225 0.2582 2.5727
v  20.0257 0.3151 2.5700
v  20.0225 0.2630 2.5559
v  20.0308 0.2604 2.5647
v  20.0096 0.3321 2.6162
v  20.0096 0.2953 2.6487
v  20.0095 0.3451 2.6253
v  20.0031 0.3381 2.6209
v  20.0086 0.1874 2.4907
v  19.9519 0.3832 2.4418
v  19.9584 0.3799 2.4628
v  19.9980 0.3351 2.3767
v  20.0047 0.3011 2.4255
v  20.0132 0.2833 2.4739
v  20.0147 0.2961 2.4750
v  20.0217 0.2721 2.5233
v  20.0293 0.2646 2.5491
v  20.0203 0.2823 2.5249
v  20.0264 0.2718 2.5534
v  20.0081 0.3179 2.4280
v  20.0033 0.3501 2.3802
v  20.0160 0.4414 2.2870
v  20.0239 0.4243 2.2364
v  20.0116 0.4179 2.1736
v  20.0160 0.4135 2.1404
v  20.0348 0.4513 2.0967
v  20.0342 0.4501 2.1858
v  19.8977 0.3216 2.1353
v  19.8769 0.3052 2.1503
v  19.8029 0.3425 2.0724
v  19.8812 0.3404 2.1449
v  19.7915 0.3492 2.0759
v  19.7814 0.3608 2.0539
v  19.7873 0.3327 2.0768
v  20.5462 0.0875 1.0683
v  20.5320 0.0197 0.9715
v  20.4198 0.0308 0.7706
v  20.4998 0.0651 0.7928
v  20.4463 0.1285 0.7619
v  20.3727 0.1083 0.6834
v  20.3540 0.1686 0.6183
v  20.4377 0.1945 0.6756
v  20.4345 0.1698 0.6929
v  20.0362 0.2453 2.5643
v  20.0364 0.2506 2.5763
v  20.0387 0.2623 2.5837
v  19.8557 0.3395 2.2673
v  19.8682 0.3264 2.2667
v  19.7511 0.3494 2.2276
v  19.8523 0.3572 2.2521
v  19.8096 0.3882 2.2505
v  19.8243 0.4164 2.2457
v  19.9202 0.3815 2.2791
v  19.8723 0.3472 2.2484
v  19.8683 0.3906 2.2423
v  19.8139 0.4018 2.2076
v  19.7531 0.3982 2.1712
v  19.7658 0.4236 2.1704
v  19.7510 0.4363 2.1852
v  19.7341 0.4154 2.1872
v  19.6475 0.4653 2.1136
v  19.6406 0.4728 2.1251
v  19.6104 0.5074 2.1078
v  19.6505 0.4828 2.1234
v  19.6535 0.4787 2.1151
v  19.8954 0.1751 1.7648
v  19.9454 0.0583 1.8035
v  19.9471 0.0155 1.8013
v  19.9016 0.2080 1.8196
v  19.9904 0.2528 2.1119
v  19.9836 0.2966 2.1157
v  19.9712 0.3232 2.1139
v  19.9032 0.3597 2.0897
v  19.9778 0.3521 2.1036
v  19.9798 0.3852 2.1032
v  20.0103 0.4149 2.0981
v  19.9978 0.4045 2.0862
v  19.9995 0.4292 2.0664
v  20.0161 0.4088 2.0895
v  19.9822 0.4255 2.0464
v  19.9952 0.3901 2.0682
v  19.9185 0.3555 2.0560
v  19.9705 0.3192 2.0893
v  19.9807 0.2858 2.0933
v  19.9896 0.2424 2.0888
v  19.9026 0.2536 1.8621
v  19.9603 0.2989 1.8706
v  19.9551 0.3123 1.8958
v  19.9440 0.2392 1.9133
v  19.8993 0.2631 1.8852
v  19.9595 0.3248 1.9434
v  19.9969 0.3573 1.9039
v  19.9800 0.3909 1.8539
v  19.9470 0.2545 1.9544
v  19.9554 0.2037 1.9251
v  19.9703 0.1577 1.9198
v  19.9691 0.1902 1.9320
v  20.0079 0.3489 1.8769
v  20.3325 0.5894 0.7304
v  20.3885 0.4638 0.8130
v  20.3277 0.4195 0.9080
v  20.3165 0.4035 0.8339
v  20.0496 0.1152 1.9420
v  20.0265 -0.1811 1.5418
v  20.0344 -0.1815 1.4946
v  19.9559 0.5819 0.6542
v  19.8347 0.6741 0.4723
v  19.8520 0.6823 0.4645
v  19.9223 0.6021 0.6976
v  19.7525 0.7655 0.2694
v  19.8370 0.6982 0.4710
v  19.8238 0.6854 0.4828
v  19.9231 0.5176 0.1628
v  19.9041 0.5135 0.2644
v  19.8737 0.5812 0.0959
v  19.9564 0.5397 0.3067
v  19.9288 0.5408 0.2263
v  19.9573 0.5292 0.2336
v  19.8039 0.4469 0.6132
v  19.8373 0.4448 0.6830
v  19.8771 0.4738 0.5395
v  19.8497 0.4782 0.5059
v  19.8285 0.4431 0.4701
v  19.8052 0.4950 0.4567
v  19.7869 0.4799 0.4412
v  19.7412 0.5349 0.4230
v  19.7756 0.4863 0.4994
v  19.9298 0.3281 2.0417
v  19.9245 0.3423 2.0490
v  19.9031 0.3636 2.0285
v  19.9329 0.3500 2.0392
v  19.9554 0.3366 2.0612
v  19.9881 0.2345 2.0563
v  19.9994 0.3992 2.0420
v  19.9897 0.4121 2.0205
v  20.0081 0.3991 2.0346
v  19.8011 0.4487 0.6879
v  19.7774 0.4207 0.6972
v  19.7624 0.4722 0.6242
v  19.7707 0.4309 0.7315
v  19.8148 0.5229 0.3267
v  19.8342 0.4843 0.4420
v  19.8175 0.4522 0.4086
v  19.7607 0.5207 0.3511
v  19.6849 0.5544 0.3063
v  19.7438 0.5029 0.3219
v  19.7501 0.6009 0.8758
v  19.9420 0.5283 0.9473
v  19.9457 0.5611 0.8500
v  19.9494 0.5675 0.7998
v  19.9162 0.5927 0.7502
v  19.8214 0.6576 0.5747
v  19.8114 0.5869 0.5869
v  19.8467 0.6280 0.4048
v  19.9067 0.5611 0.4704
v  19.9449 0.4995 1.0161
v  19.7783 0.5929 0.9773
v  19.9420 0.4729 1.0671
v  19.9897 0.6066 0.7121
v  20.0167 0.6298 0.7338
v  19.9970 0.5808 0.7877
v  20.0040 0.5795 0.8401
v  19.9058 0.7117 0.5558
v  19.9725 0.6369 0.7358
v  19.9271 0.6253 0.7453
v  19.8847 0.8447 0.4939
v  19.8573 0.8342 0.4941
v  19.7922 1.0182 0.2848
v  19.8625 0.8670 0.5093
v  19.9543 0.6459 0.7895
v  19.9116 0.6316 0.7975
v  19.8368 0.8531 0.5114
v  19.8905 0.7535 0.7430
v  19.9952 0.5607 0.8878
v  19.9826 0.5500 0.9125
v  19.8716 0.7625 0.7614
v  19.8317 0.9011 0.5958
v  19.8908 0.7720 0.7583
v  20.0115 0.5550 0.9099
v  19.9109 0.7604 0.7409
v  19.9080 0.7284 0.8462
v  19.8975 0.7366 0.8699
v  19.8307 0.8899 0.7337
v  20.0078 0.5380 0.9636
v  19.8764 0.7291 0.8710
v  19.8843 0.6283 0.8616
v  19.8679 0.6148 0.8680
v  19.8139 0.6729 0.8255
v  19.8589 0.6161 0.8885
v  19.8762 0.6214 0.8897
v  19.9809 0.5138 1.0035
v  19.8815 0.6103 0.9373
v  19.8147 0.6602 0.8994
v  19.9057 0.7295 0.9069
v  19.8916 0.7210 0.8954
v  19.8309 0.8691 0.8226
v  19.8750 0.7250 0.9190
v  19.8226 0.7279 0.9925
v  20.0045 0.5158 1.0202
v  20.0224 0.6274 0.9012
v  20.0319 0.7649 0.7906
v  19.8172 0.6710 1.0286
v  20.0035 0.4871 1.0471
v  19.9130 0.5971 1.0116
v  20.0203 0.4264 1.2124
v  19.9841 0.4273 1.1951
v  19.9415 0.5301 1.1781
v  20.0174 0.3976 1.2452
v  19.9642 0.3950 1.2397
v  19.9993 0.4165 1.3097
v  20.0227 0.5640 1.2714
v  19.9548 -0.4621 0.8722
v  19.8993 -0.4587 0.8668
v  19.9964 -0.5624 0.9321
v  19.9452 -0.4881 0.8042
v  19.9387 -0.4620 0.7441
v  19.9829 -0.5259 0.8751
v  19.8464 -0.3868 0.8700
v  19.8177 -0.3081 0.8773
v  19.8259 -0.3960 0.7747
v  19.9111 -0.4755 0.8256
v  19.8327 -0.4110 0.6872
v  19.7639 -0.3144 0.7916
v  19.7848 -0.3170 0.6214
v  19.8487 -0.4358 0.6501
v  19.9199 -0.4850 0.7318
v  19.9828 -0.5331 0.7697
v  19.9549 -0.4963 0.7177
v  19.8514 -0.3990 0.6017
v  19.9199 -0.4653 0.6380
v  19.9833 -0.5214 0.6400
v  19.8545 -0.3502 0.5627
v  19.9500 -0.4733 0.5695
v  19.7336 -0.1832 0.6966
v  19.7238 -0.1418 0.7491
v  19.7122 -0.1391 0.9711
v  19.6971 -0.0877 0.8509
v  19.7417 -0.0548 0.6915
v  19.6881 -0.1133 1.0999
v  19.7149 -0.0295 1.1260
v  19.8631 -0.3756 0.9231
v  19.9508 -0.4330 0.9477
v  19.5829 -0.1629 0.9964
v  19.9864 0.2808 1.6615
v  19.9010 0.2867 1.6425
v  19.9844 0.2530 1.6617
v  19.8195 0.1515 1.6266
v  19.8994 0.1343 1.6212
v  19.9310 0.1826 1.6376
v  19.9511 0.2524 1.6264
v  19.9327 0.2417 1.6006
v  19.8864 0.2726 1.6165
v  19.7960 0.1122 1.4255
v  19.8427 0.1424 1.5606
v  19.8826 0.0708 1.5908
v  19.9127 0.1844 1.5922
v  20.0135 -0.1536 1.5366
v  19.7952 -0.0546 1.2035
v  19.5707 -0.0840 1.1117
v  19.8580 0.2150 1.5947
v  19.8425 0.2587 1.5530
v  19.9424 0.2897 1.5701
v  19.8550 -0.0310 1.5254
v  19.9059 -0.0414 1.5321
v  19.8360 -0.0255 1.5547
v  19.7594 -0.1008 1.5238
v  19.7743 -0.0931 1.5102
v  19.7007 -0.1491 1.4731
v  19.7576 -0.0784 1.5193
v  19.8262 0.0199 1.5419
v  19.8073 0.0331 1.5561
v  19.8754 0.0142 1.5949
v  19.8467 0.0310 1.5155
v  19.8469 0.0040 1.4907
v  19.8238 0.2413 1.3090
v  19.8012 0.1460 1.2721
v  19.7246 0.1748 1.2978
v  19.9114 0.3122 1.3182
v  19.8456 0.3955 1.3082
v  19.8475 0.4081 1.3244
v  19.7969 0.4622 1.2750
v  19.9138 0.3133 1.3779
v  19.8321 0.3930 1.3296
v  19.8969 0.2608 1.3723
v  19.8358 0.2584 1.2684
v  19.8806 0.3346 1.2500
v  19.9581 0.3451 1.3034
v  19.7458 0.0576 1.4380
v  19.7488 0.0166 1.4393
v  19.6658 0.0301 1.4212
v  19.8122 0.1664 1.6414
v  19.8078 0.0422 1.5788
v  19.9837 0.3341 1.5622
v  19.9583 0.4086 1.5490
v  20.0015 0.3427 1.5789
v  20.0009 0.2927 1.5469
v  20.0228 0.3034 1.5584
v  20.0274 0.3098 1.5959
v  20.0033 0.3091 1.6432
v  19.9758 0.2694 1.6529
v  19.9736 0.3323 1.6188
v  19.9729 0.2721 1.6322
v  19.9962 0.2855 1.6122
v  19.8818 0.3176 1.5451
v  19.9850 0.2693 1.5869
v  19.8105 0.1920 1.5454
v  19.8788 0.2014 1.5578
v  19.7613 0.1106 1.5401
v  19.9493 0.3339 1.5298
v  19.9762 0.3336 1.5852
v  19.9159 0.2353 1.5227
v  19.9492 0.2655 1.5210
v  19.9369 0.2615 1.5050
v  19.9082 0.2229 1.5153
v  19.8245 0.2529 1.5283
v  19.8612 -0.1348 1.5405
v  19.8174 0.0641 1.4813
v  19.7740 0.0218 1.4926
v  19.7682 0.0616 1.4875
v  19.7251 -0.0052 1.4439
v  19.7593 0.0517 1.5023
v  19.8946 0.2715 1.5301
v  19.7590 0.2569 1.5046
v  19.9157 0.2469 1.4733
v  19.7632 0.3242 1.4703
v  19.8608 0.1972 1.4411
v  19.8978 0.2320 1.4484
v  19.9175 0.3048 1.4330
v  19.9396 0.3020 1.4073
v  19.7574 0.3831 1.3714
v  19.9675 0.3161 1.4487
v  20.0157 0.3269 1.5000
v  19.9630 0.3019 1.4948
v  19.9322 0.3409 1.4942
v  19.8515 0.3813 1.4742
v  19.7329 0.0370 1.4555
v  19.7966 -0.0988 1.4469
v  19.8312 -0.0663 1.4929
v  19.7805 -0.0817 1.4558
v  19.7352 -0.1407 1.4101
v  19.7850 -0.0813 1.4425
v  19.7183 0.0055 1.3294
v  19.6197 0.0687 1.2886
v  19.6970 0.0319 1.3677
v  19.6450 -0.1432 1.2777
v  19.6838 -0.1492 1.1665
v  19.6480 -0.1396 1.2114
v  19.5238 -0.1806 1.0468
v  19.6547 -0.1124 1.1974
v  19.7310 0.3373 1.2638
v  19.9525 0.4186 1.4216
v  20.0037 0.3484 1.3990
v  19.9613 0.3276 1.4187
v  20.0060 0.3341 1.4550
v  19.9619 0.3086 1.4001
v  20.0196 0.4191 1.4331
v  20.0294 0.5231 1.3991
v  19.8707 0.4019 1.3846
v  20.0284 0.3374 1.5547
v  20.0340 0.3930 1.5388
v  19.9343 0.4604 1.2674
v  19.9643 0.3750 1.3143
v  19.9618 0.4167 1.3090
v  19.9572 0.4287 1.3263
v  19.9494 0.4911 1.2565
v  19.9779 0.3584 1.3689
v  19.9488 0.3189 1.3927
v  19.9409 0.3641 1.3709
v  19.9379 0.4249 1.3334
v  19.9316 0.4095 1.3196
v  19.9255 0.3588 1.3436
v  20.0011 0.4566 1.1590
v  19.9684 0.4338 1.1673
v  19.9352 0.5426 1.1438
v  19.9322 0.5392 1.1282
v  19.9954 0.4842 1.1002
v  19.9497 0.4438 1.1277
v  19.8732 0.6105 1.1357
v  19.9187 0.5370 1.1502
v  19.9160 0.4538 1.1507
v  19.8802 0.4051 1.1693
v  19.8942 0.4319 1.1759
v  19.7999 0.5434 1.1627
v  19.9015 0.4251 1.1978
v  19.8999 0.4026 1.2041
v  19.9219 0.4475 1.1734
v  19.9050 0.4234 1.2598
v  19.8390 0.4836 1.2677
v  19.8874 0.3848 1.2680
v  19.9383 0.5417 1.0541
v  19.9373 0.5675 1.0765
v  19.8167 0.6970 1.0455
v  19.9070 0.5586 1.0860
v  19.9680 0.6330 0.8013
v  19.9271 0.6217 0.8108
v  19.8004 0.9934 0.4570
v  19.9431 0.6438 0.8460
v  19.9008 0.6295 0.8563
v  19.9280 0.6529 0.4357
v  19.9975 0.5796 0.5668
v  19.9438 0.6581 0.5113
v  19.9056 0.7124 0.3433
v  19.8640 0.7692 0.1428
v  19.9122 0.6602 0.4634
v  19.9520 0.5916 0.4815
v  19.9887 0.5768 0.5140
v  19.9364 0.6026 0.5162
v  19.8845 0.6657 0.3552
v  19.8979 0.6626 0.3339
v  19.8325 0.7575 0.1318
v  19.9029 0.6734 0.3544
v  19.9671 0.6105 0.5174
v  19.9149 0.7167 0.4595
v  19.8473 0.8069 0.1997
v  19.8952 0.7061 0.4647
v  19.9569 0.6670 0.2394
v  19.9902 0.5444 0.4275
v  19.9374 0.6772 0.2440
v  19.9303 0.7686 0.0463
v  19.9545 0.6840 0.2447
v  20.0056 0.5555 0.3760
v  20.0063 0.5455 0.3205
v  20.0079 0.5335 0.1686
v  20.0070 0.5380 0.2621
v  20.0098 0.5176 0.0751
v  20.0117 0.4668 -0.1944
v  20.0245 0.4589 -0.1946
v  20.0269 0.4739 -0.2543
v  20.0224 0.4763 -0.1918
v  20.0295 0.4351 -0.2232
v  19.9484 0.6083 0.2880
v  19.9496 0.6229 0.3134
v  19.8801 0.7255 0.1051
v  19.9349 0.6098 0.3216
v  19.9690 0.6401 0.2082
v  19.9464 0.7283 0.0848
v  19.9732 0.5677 0.2401
v  19.9716 0.5711 0.2878
v  19.9523 0.6528 0.1530
v  19.9183 0.7228 0.0569
v  19.9387 0.6566 0.1578
v  19.9582 0.5634 0.2770
v  19.9873 0.5623 0.1721
v  19.9919 0.5674 0.2244
v  19.9694 0.6593 0.1057
v  19.9727 0.6510 0.0952
v  19.9545 0.7246 0.0056
v  19.9598 0.6542 0.1009
v  19.9649 0.5616 0.2113
v  19.9812 0.5809 0.0503
v  19.9801 0.5864 0.0921
v  19.9557 0.6712 -0.0580
v  19.9676 0.5806 0.0817
v  20.0079 0.5380 -0.0404
v  19.9982 0.5604 -0.0249
v  19.9812 0.5771 -0.1477
v  19.9809 0.5476 -0.0419
v  20.0147 0.5028 -0.1291
v  20.0073 0.5223 -0.1253
v  19.9909 0.5350 -0.2072
v  19.9969 0.5113 -0.1307
v  19.8667 0.3822 1.2011
v  19.7720 0.4618 1.2337
v  19.9950 0.3803 1.9783
v  19.9526 0.3948 1.9389
v  19.9981 0.3595 1.9642
v  19.9731 0.1842 2.0033
v  19.9853 0.3684 1.9058
v  20.0007 0.3676 1.9344
v  19.8956 0.2589 1.9268
v  19.9597 0.2085 1.9785
v  19.9621 0.1619 1.9690
v  19.9962 0.3521 1.8610
v  20.0055 0.3306 1.8551
v  19.9821 0.3587 1.8377
v  19.9836 0.3289 1.8588
v  19.9619 0.1739 1.9021
v  19.9563 0.1248 1.9015
v  20.0289 -0.3165 1.4289
v  20.0124 -0.4857 1.1805
v  20.0251 -0.5558 1.1229
v  20.0276 -0.5320 1.0854
v  19.9892 0.3111 1.8257
v  19.9568 0.2813 1.8497
v  19.9999 0.3435 1.8052
v  20.0211 0.3279 1.8346
v  19.9039 0.2446 1.8368
v  19.9388 0.2065 1.8659
v  19.9605 0.2911 1.8159
v  19.9477 0.3093 1.7860
v  19.9590 0.0808 1.8592
v  19.9706 0.2981 1.7505
v  19.9927 0.2837 1.7616
v  20.0184 -0.1693 -2.2504
v  20.0365 -0.1955 -2.2115
v  19.9750 -0.2061 -2.3058
v  19.9915 -0.1579 -2.2073
v  19.9975 -0.1952 -2.1900
v  20.1130 -0.2061 -2.3058
v  20.0515 -0.1955 -2.2115
v  20.0696 -0.1693 -2.2504
v  20.0965 -0.1579 -2.2073
v  20.0905 -0.1952 -2.1900
v  19.8984 -0.1389 -2.2988
v  19.9765 -0.1220 -2.2434
v  19.9744 -0.1530 -2.1894
v  19.9362 -0.1242 -2.1679
v  19.9596 -0.0868 -2.1968
v  20.1136 -0.1530 -2.1894
v  20.1115 -0.1220 -2.2434
v  20.1896 -0.1389 -2.2988
v  20.1518 -0.1242 -2.1679
v  20.1284 -0.0868 -2.1968
v  19.8752 -0.1193 -2.1845
v  19.9283 -0.0986 -2.1459
v  19.9412 -0.1212 -2.1024
v  19.9149 -0.0999 -2.0802
v  19.9183 -0.0698 -2.1072
v  20.1468 -0.1212 -2.1024
v  20.1597 -0.0986 -2.1459
v  20.2128 -0.1193 -2.1845
v  20.1731 -0.0999 -2.0802
v  20.1697 -0.0698 -2.1072
v  19.8694 -0.0469 -2.0867
v  19.9325 -0.0507 -2.0312
v  19.9250 -0.0788 -1.9783
v  19.9086 -0.0406 -1.9569
v  19.9355 -0.0122 -1.9873
v  20.1630 -0.0788 -1.9783
v  20.1555 -0.0507 -2.0312
v  20.2186 -0.0469 -2.0867
v  20.1794 -0.0406 -1.9569
v  20.1525 -0.0122 -1.9873
v  20.0440 -0.2401 -2.2092
v  20.0440 -0.2166 -2.0885
v  20.0120 -0.1905 -2.1068
v  20.0440 -0.1905 -2.1068
v  20.0760 -0.1905 -2.1068
v  20.0077 -0.1975 -1.9730
v  20.0440 -0.2501 -2.0894
v  20.0440 -0.2279 -1.9536
v  20.0440 -0.1975 -1.9730
v  20.0803 -0.1975 -1.9730
v  19.9070 -0.1636 -1.8030
v  19.9824 -0.1691 -1.7077
v  19.9349 -0.1462 -1.6907
v  19.9557 -0.1022 -1.7139
v  20.1531 -0.1462 -1.6907
v  20.1056 -0.1691 -1.7077
v  20.1810 -0.1636 -1.8030
v  20.1323 -0.1022 -1.7139
v  19.9293 0.0026 -1.5745
v  20.0001 -0.0050 -1.6251
v  19.9520 0.0256 -1.6723
v  19.9108 0.0295 -1.6417
v  19.9115 0.0488 -1.7332
v  19.9114 -0.0057 -1.6689
v  19.9411 -0.0664 -1.6096
v  20.1360 0.0256 -1.6723
v  20.0879 -0.0050 -1.6251
v  20.1587 0.0026 -1.5745
v  20.1772 0.0295 -1.6417
v  20.1765 0.0488 -1.7332
v  20.1766 -0.0057 -1.6689
v  20.1469 -0.0664 -1.6096
v  19.9043 -0.1626 -1.6891
v  19.9773 -0.1649 -1.5975
v  19.9287 -0.1444 -1.5821
v  19.9473 -0.0993 -1.6035
v  20.1593 -0.1444 -1.5821
v  20.1107 -0.1649 -1.5975
v  20.1837 -0.1626 -1.6891
v  20.1407 -0.0993 -1.6035
v  19.8837 -0.1515 -1.6039
v  19.9610 -0.1611 -1.5156
v  19.9148 -0.1363 -1.5014
v  19.9379 -0.0930 -1.5212
v  20.1732 -0.1363 -1.5014
v  20.1270 -0.1611 -1.5156
v  20.2043 -0.1515 -1.6039
v  20.1501 -0.0930 -1.5212
v  19.8631 -0.1376 -1.5238
v  19.9504 -0.1472 -1.4417
v  19.9044 -0.1224 -1.4321
v  19.9274 -0.0792 -1.4500
v  20.1836 -0.1224 -1.4321
v  20.1376 -0.1472 -1.4417
v  20.2249 -0.1376 -1.5238
v  20.1606 -0.0792 -1.4500
v  19.8262 -0.0166 -1.2214
v  19.9313 -0.0508 -1.1048
v  19.9007 0.0161 -1.0953
v  19.9519 0.0418 -1.1333
v  20.1873 0.0161 -1.0953
v  20.1567 -0.0508 -1.1048
v  20.2618 -0.0166 -1.2214
v  20.1361 0.0418 -1.1333
v  20.0076 -0.2000 -1.7484
v  20.0440 -0.2746 -1.8616
v  20.0440 -0.2317 -1.7311
v  20.0440 -0.2000 -1.7484
v  20.0804 -0.2000 -1.7484
v  20.4154 -0.9592 0.7436
v  20.4052 -0.9718 0.7267
v  20.4160 -0.9050 0.6622
v  20.3902 -0.8868 0.6827
v  20.4022 -0.9518 0.7595
v  20.4098 -1.0003 0.7786
v  20.4166 -0.8706 0.5843
v  20.3833 -0.8424 0.5947
v  20.3951 -0.9212 0.6069
v  20.4212 -0.8586 0.4923
v  20.3929 -0.9079 0.5033
v  20.4248 -0.8754 0.3510
v  20.3816 -0.8239 0.4824
v  20.3955 -0.9266 0.3613
v  20.3587 -0.8805 0.5839
v  20.3692 -0.9126 0.6614
v  20.3903 -0.9635 0.7433
v  20.3523 -0.8712 0.4930
v  20.3548 -0.8880 0.3519
v  20.3841 -0.8390 0.3423
v  20.6109 -0.9117 0.6500
v  20.5903 -0.8935 0.6773
v  20.6136 -0.9617 0.7204
v  20.6016 -0.9726 0.7026
v  20.6076 -1.0031 0.7492
v  20.5871 -0.9357 0.5900
v  20.5705 -0.9184 0.6509
v  20.6093 -0.8899 0.5684
v  20.5806 -0.8572 0.5854
v  20.5780 -0.9352 0.4869
v  20.6084 -0.8829 0.4682
v  20.6048 -0.9014 0.3523
v  20.5726 -0.8425 0.4613
v  20.5709 -0.9517 0.3728
v  20.5900 -0.9646 0.7221
v  20.6020 -0.9551 0.7389
v  20.5548 -0.8966 0.5723
v  20.5389 -0.8937 0.4744
v  20.5180 -0.9121 0.3594
v  20.5638 -0.8581 0.3403
v  19.8161 -0.1597 -0.8624
v  19.9116 -0.1626 -0.7638
v  19.8703 -0.1203 -0.7371
v  19.8935 -0.0719 -0.7660
v  20.2177 -0.1203 -0.7371
v  20.1764 -0.1626 -0.7638
v  20.2719 -0.1597 -0.8624
v  20.1945 -0.0719 -0.7660
v  19.8307 0.0449 -0.8661
v  19.9115 0.0087 -0.7845
v  19.8943 0.0754 -0.7799
v  19.9445 0.0910 -0.8053
v  20.1937 0.0754 -0.7799
v  20.1765 0.0087 -0.7845
v  20.2573 0.0449 -0.8661
v  20.1435 0.0910 -0.8053
v  19.8368 0.0539 -0.7855
v  19.9015 0.0293 -0.7029
v  19.8813 0.0919 -0.7052
v  19.9323 0.1100 -0.7274
v  20.2067 0.0919 -0.7052
v  20.1865 0.0293 -0.7029
v  20.2512 0.0539 -0.7855
v  20.1557 0.1100 -0.7274
v  19.8126 0.0830 -0.7231
v  19.8802 0.0581 -0.6274
v  19.8599 0.1233 -0.6291
v  19.9120 0.1445 -0.6576
v  20.2281 0.1233 -0.6291
v  20.2078 0.0581 -0.6274
v  20.2754 0.0830 -0.7231
v  20.1760 0.1445 -0.6576
v  19.7758 0.0794 -0.6517
v  19.8511 0.0661 -0.5454
v  19.8239 0.1236 -0.5426
v  19.8694 0.1539 -0.5817
v  20.2642 0.1236 -0.5426
v  20.2369 0.0661 -0.5454
v  20.3122 0.0794 -0.6517
v  20.2186 0.1539 -0.5817
v  20.5314 -0.2021 0.1549
v  20.5393 -0.2107 0.1155
v  20.6097 -0.2200 0.1050
v  20.5520 -0.1632 0.1534
v  20.5336 -0.1663 0.1191
v  20.5242 -0.2404 0.1944
v  20.5324 -0.2443 0.1463
v  20.6141 -0.2510 0.1330
v  20.5455 -0.1915 0.1921
v  20.5239 -0.1916 0.1523
v  20.5380 -0.1753 0.1277
v  20.5443 -0.1815 0.0965
v  20.6049 -0.1857 0.0766
v  20.5541 -0.1451 0.1255
v  20.5396 -0.1471 0.0990
v  19.8441 0.0281 -1.0216
v  19.9297 -0.0150 -0.9092
v  19.9109 0.0543 -0.9020
v  19.9659 0.0692 -0.9317
v  20.1771 0.0543 -0.9020
v  20.1583 -0.0150 -0.9092
v  20.2439 0.0281 -1.0216
v  20.1221 0.0692 -0.9317
v  19.8412 -0.1769 -1.0067
v  19.9406 -0.1764 -0.9198
v  19.8923 -0.1347 -0.8904
v  19.9170 -0.0835 -0.9159
v  20.1957 -0.1347 -0.8904
v  20.1474 -0.1764 -0.9198
v  20.2468 -0.1769 -1.0067
v  20.1710 -0.0835 -0.9159
v  20.2533 0.6741 0.4723
v  20.2360 0.6823 0.4645
v  20.3355 0.7655 0.2694
v  20.2510 0.6982 0.4710
v  20.2642 0.6854 0.4828
v  20.4117 0.4725 0.8808
v  20.2869 0.4487 0.6879
v  20.3173 0.4309 0.7315
v  20.3256 0.4722 0.6242
v  20.3106 0.4207 0.6972
v  20.2732 0.5229 0.3267
v  20.2538 0.4843 0.4420
v  20.2705 0.4522 0.4086
v  20.3273 0.5207 0.3511
v  20.4031 0.5544 0.3063
v  20.3442 0.5029 0.3219
v  20.5818 -0.1303 0.0190
v  20.0440 -0.1584 1.6892
v  20.0507 -0.1587 1.6945
v  20.0440 -0.2762 1.6641
v  20.0440 -0.1624 1.6995
v  20.0440 0.3431 1.8356
v  20.0342 0.3384 1.8422
v  20.0374 0.3558 1.8394
v  20.0440 0.3861 1.8276
v  20.0440 0.3384 1.8454
v  20.0440 0.3567 1.8414
v  20.0538 0.3384 1.8422
v  20.0506 0.3558 1.8394
v  20.0440 0.3263 1.7551
v  20.0440 0.3718 1.7118
v  20.0267 0.3188 1.7507
v  20.0440 0.2849 1.7690
v  20.0181 0.2859 1.7604
v  20.0440 0.2807 1.7450
v  20.0440 0.3332 1.7253
v  20.0339 0.3617 1.7120
v  20.0440 0.3943 1.6466
v  20.0613 0.3188 1.7507
v  20.0699 0.2859 1.7604
v  20.0541 0.3617 1.7120
v  20.0440 0.2905 1.6845
v  20.0318 0.2848 1.6982
v  20.0386 0.3199 1.6892
v  20.0440 0.3529 1.6742
v  20.0440 0.2847 1.7044
v  20.0440 0.3225 1.6924
v  20.0562 0.2848 1.6982
v  20.0494 0.3199 1.6892
v  20.1760 0.5827 0.5048
v  20.2018 0.5851 0.4380
v  20.1942 0.5661 0.4320
v  20.2290 0.5673 0.3791
v  20.2311 0.5808 0.3808
v  20.2633 0.5672 0.3470
v  20.2413 0.5729 0.3981
v  20.2165 0.5720 0.4607
v  20.1930 0.5638 0.5239
v  20.0619 0.6587 0.4452
v  20.0440 0.5914 0.5740
v  20.0440 0.6648 0.4664
v  20.0440 0.6489 0.4089
v  20.0440 0.7803 0.3243
v  20.1838 0.7311 0.5820
v  20.2851 0.9023 0.2051
v  20.2126 0.7171 0.5904
v  20.1905 0.7366 0.8699
v  20.2573 0.8899 0.7337
v  20.2116 0.7291 0.8710
v  20.0440 0.4260 1.3897
v  20.0569 0.4252 1.3813
v  20.0440 0.4983 1.3647
v  20.0440 0.4254 1.3672
v  20.0727 0.3044 1.6236
v  20.2041 -0.0853 1.4998
v  20.2780 -0.0745 1.5128
v  20.3250 -0.0833 1.4903
v  20.2813 -0.0575 1.5050
v  20.3600 -0.0959 1.3442
v  20.0617 0.5339 1.0820
v  20.0440 0.6723 0.9894
v  20.0440 0.5297 1.0568
v  20.0440 0.6219 1.0203
v  20.1209 0.6105 0.5174
v  20.1516 0.6026 0.5162
v  20.2035 0.6657 0.3552
v  20.1901 0.6626 0.3339
v  20.2555 0.7575 0.1318
v  20.1851 0.6734 0.3544
v  20.0702 0.6046 0.5994
v  20.0440 0.7222 0.5072
v  20.1384 0.6229 0.3134
v  20.2079 0.7255 0.1051
v  20.1531 0.6098 0.3216
v  20.0440 0.5114 -0.1608
v  20.0440 0.4962 -0.1076
v  20.0530 0.4905 -0.1162
v  20.0440 0.4834 -0.1232
v  20.0542 0.3353 2.6602
v  20.0440 0.3443 2.6673
v  20.0440 0.3216 2.6521
v  20.0502 0.2803 2.6990
v  20.0440 0.2841 2.7033
v  20.0440 0.2377 2.7132
v  20.0440 0.2749 2.6933
v  20.0955 0.3343 2.6035
v  20.0986 0.2549 -0.7923
v  20.0440 0.2938 -0.8366
v  20.5043 -0.3480 -0.4474
v  20.4970 -0.3570 -0.4593
v  20.5331 -0.2784 -0.5550
v  20.4952 -0.3354 -0.4465
v  20.4890 -0.3496 -0.4577
v  20.4831 -0.5443 -0.4718
v  20.4701 -0.5588 -0.4658
v  20.5178 -0.5594 -0.5729
v  20.4690 -0.5402 -0.4804
v  20.5065 -0.4109 -0.5000
v  20.4955 -0.4216 -0.5055
v  20.5468 -0.4157 -0.6203
v  20.4983 -0.3980 -0.5048
v  20.4194 -0.7304 -0.3290
v  20.4032 -0.8994 0.3488
v  19.7280 -0.0959 1.3442
v  19.9741 0.1948 -1.1445
v  20.0440 0.2100 -1.1219
v  20.0156 0.2587 -1.2038
v  20.0440 0.3100 -1.3021
v  20.0440 0.2699 -1.1977
v  20.1139 0.1948 -1.1445
v  20.0724 0.2587 -1.2038
v  20.0263 0.5339 1.0820
v  20.0727 -0.4212 -0.9517
v  20.0440 -0.4233 -0.9666
v  20.0440 -0.4199 -0.9421
v  20.0440 -0.6037 -0.9493
v  20.0440 -0.3037 -1.2146
v  20.0701 -0.2953 -1.2307
v  20.0440 -0.4162 -1.3259
v  19.9894 0.2549 -0.7923
v  20.0179 -0.2953 -1.2307
v  20.0153 -0.4212 -0.9517
v  20.0378 0.2803 2.6990
v  20.0338 0.3353 2.6602
v  19.9925 0.3343 2.6035
v  20.0373 -0.1587 1.6945
v  19.9120 0.5827 0.5048
v  19.8950 0.5638 0.5239
v  19.8715 0.5720 0.4607
v  19.8938 0.5661 0.4320
v  19.8590 0.5673 0.3791
v  19.8467 0.5729 0.3981
v  19.8247 0.5672 0.3470
v  19.8862 0.5851 0.4380
v  19.8569 0.5808 0.3808
v  20.0261 0.6587 0.4452
v  19.9042 0.7311 0.5820
v  19.8029 0.9023 0.2051
v  19.8754 0.7171 0.5904
v  20.0311 0.4252 1.3813
v  20.0153 0.3044 1.6236
v  19.8839 -0.0853 1.4998
v  19.8100 -0.0745 1.5128
v  19.7630 -0.0833 1.4903
v  19.8067 -0.0575 1.5050
v  20.0178 0.6046 0.5994
v  20.0350 0.4905 -0.1162
v  20.2383 0.4782 0.5059
v  20.2595 0.4431 0.4701
v  20.2828 0.4950 0.4567
v  20.3011 0.4799 0.4412
v  20.3468 0.5349 0.4230
v  20.3124 0.4863 0.4994
v  20.2841 0.4469 0.6132
# 3424 vertices

vn 0.7544 0.0393 -0.6552
vn -0.5938 0.4372 -0.6755
vn 0.0389 0.9537 -0.2981
vn 0.4770 0.3317 0.8139
vn -0.1151 0.4121 0.9038
vn 0.9559 0.2890 -0.0524
vn -0.8178 0.5700 0.0797
vn 0.6501 0.0779 0.7558
vn 0.9573 0.2858 0.0431
vn 0.3497 0.8927 0.2841
vn 0.9284 -0.0841 -0.3619
vn -0.2330 0.4247 -0.8748
vn -0.2652 0.9186 -0.2931
vn 0.4570 0.2627 0.8498
vn 0.9834 0.1656 -0.0736
vn -0.6677 0.2946 -0.6836
vn -0.3870 0.9135 0.1256
vn -0.0005 0.6598 0.7514
vn 0.8738 -0.2651 0.4076
vn 0.4772 0.2964 -0.8273
vn -0.4005 0.9136 0.0703
vn 0.1670 0.4042 0.8993
vn 0.6900 -0.1756 -0.7021
vn -0.3160 0.0915 -0.9443
vn 0.1644 0.6121 -0.7735
vn 0.7309 0.1794 0.6585
vn -0.7372 -0.0510 0.6738
vn -0.3773 0.8814 0.2842
vn 0.3820 -0.8945 0.2324
vn 0.5194 -0.6000 -0.6084
vn -0.1270 -0.6039 0.7869
vn -0.6943 -0.4051 -0.5949
vn 0.5506 0.8151 -0.1801
vn -0.3896 -0.8928 0.2261
vn 0.7420 -0.6665 -0.0718
vn 0.1725 -0.7514 -0.6369
vn -0.5274 -0.5997 -0.6018
vn 0.1025 -0.6061 0.7887
vn -0.4045 0.7101 0.5764
vn -0.0186 -0.4644 0.8854
vn 0.5557 -0.7778 -0.2936
vn 0.3785 0.8883 -0.2603
vn -0.8537 -0.4175 -0.3111
vn 0.9352 0.2755 0.2224
vn -0.3683 0.8848 -0.2854
vn 0.6638 -0.5843 0.4668
vn -0.4905 0.5227 0.6972
vn -0.7645 0.4685 0.4427
vn -0.0497 -0.4445 0.8944
vn -0.5665 -0.7693 -0.2954
vn -0.9387 0.2691 0.2155
vn 0.9050 -0.4243 -0.0293
vn 0.5378 -0.8245 -0.1760
vn 0.4005 -0.6539 -0.6419
vn 0.0310 -0.9928 -0.1161
vn 0.6375 0.7575 -0.1407
vn -0.3409 -0.1930 -0.9201
vn 0.4991 0.7751 -0.3874
vn -0.2784 0.4986 0.8209
vn 0.9060 0.1982 0.3741
vn 0.1254 0.7781 0.6155
vn -0.0253 -0.3725 0.9277
vn -0.0484 -0.9914 -0.1216
vn -0.5085 0.7699 -0.3857
vn 0.6252 0.7315 0.2721
vn 0.8013 -0.5923 -0.0847
vn -0.6630 -0.6071 -0.4381
vn 0.7542 0.6562 -0.0235
vn -0.5535 0.0352 -0.8321
vn 0.4779 0.8614 -0.1722
vn -0.2781 0.2029 0.9389
vn 0.9288 -0.0292 0.3693
vn -0.2360 0.8007 0.5506
vn -0.0257 -0.5159 0.8562
vn 0.6463 -0.6186 -0.4467
vn -0.4876 0.8554 -0.1748
vn 0.8449 0.4339 0.3128
vn 0.6664 -0.7160 -0.2081
vn -0.4260 -0.8702 -0.2476
vn -0.0881 -0.6869 -0.7214
vn -0.0681 -0.4067 -0.9110
vn 0.4250 -0.1403 -0.8943
vn -0.0807 -0.9066 -0.4141
vn -0.3632 -0.9250 0.1116
vn 0.6694 0.5725 -0.4735
vn 0.7471 -0.5264 -0.4059
vn 0.2371 -0.2749 0.9318
vn 0.6342 0.4427 -0.6339
vn -0.6958 0.6051 -0.3868
vn -0.8053 0.1188 0.5809
vn 0.6113 0.3794 -0.6945
vn -0.1488 0.0099 0.9888
vn -0.2624 -0.1156 -0.9580
vn -0.8123 0.5470 0.2025
vn 0.5493 0.6395 0.5379
vn -0.0332 -0.4889 0.8717
vn 0.4927 0.5113 -0.7042
vn -0.1455 0.3614 -0.9210
vn -0.7988 0.5887 0.1241
vn 0.0739 -0.0579 -0.9956
vn -0.4000 -0.3260 -0.8566
vn 0.1443 -0.9399 -0.3095
vn 0.4885 -0.5006 -0.7147
vn 0.6558 0.5605 -0.5058
vn -0.6710 -0.0774 0.7374
vn 0.5586 0.3575 -0.7485
vn -0.0345 0.9267 -0.3741
vn -0.3319 0.9137 0.2346
vn 0.4586 0.1274 -0.8794
vn -0.2377 0.4306 0.8707
vn -0.5767 -0.8067 0.1290
vn 0.2335 -0.9710 0.0516
vn -0.1880 -0.6740 0.7144
vn 0.1375 -0.9866 -0.0884
vn -0.6390 -0.6832 -0.3534
vn 0.1520 -0.7487 0.6453
vn -0.4194 0.4946 0.7612
vn 0.3491 -0.7384 0.5770
vn 0.6635 -0.6440 0.3807
vn 0.4297 -0.2162 -0.8767
vn -0.4187 0.0831 0.9043
vn 0.0381 -0.5984 -0.8003
vn -0.4516 0.8661 -0.2142
vn 0.8616 0.4757 0.1771
vn 0.3944 -0.1301 0.9097
vn -0.3659 0.7620 -0.5342
vn -0.8252 -0.4439 0.3493
vn -0.8357 -0.5291 -0.1473
vn 0.9819 0.1077 -0.1558
vn -0.6265 0.1053 -0.7723
vn -0.4461 0.3232 0.8346
vn -0.1066 0.8314 0.5454
vn 0.4195 0.4960 -0.7603
vn -0.0579 0.6518 0.7562
vn -0.5215 0.8014 -0.2928
vn 0.2468 0.7369 0.6293
vn 0.8749 0.4842 0.0046
vn 0.0068 0.5336 0.8457
vn 0.7044 0.0679 0.7065
vn 0.8773 0.3519 0.3264
vn -0.6301 0.6171 0.4714
vn -0.6378 0.7093 -0.3002
vn 0.8838 0.2040 -0.4210
vn 0.5372 0.3570 -0.7642
vn 0.2462 -0.0084 -0.9692
vn -0.4909 0.6506 0.5793
vn 0.5971 0.8006 0.0505
vn -0.2438 0.6460 0.7234
vn 0.1887 0.2744 0.9429
vn 0.9898 0.0432 0.1361
vn 0.6474 -0.7621 0.0062
vn -0.3402 0.1926 0.9204
vn -0.8447 -0.4244 0.3263
vn -0.5516 0.0396 -0.8332
vn 0.9420 -0.2329 0.2417
vn 0.6316 -0.0588 -0.7730
vn 0.6549 -0.1315 -0.7442
vn -0.0290 -0.9681 0.2487
vn 0.1771 -0.4339 -0.8834
vn 0.8988 -0.4304 -0.0837
vn -0.1787 -0.2599 0.9490
vn 0.6592 -0.6310 -0.4090
vn -0.1810 -0.9089 0.3757
vn 0.8708 -0.2691 -0.4115
vn 0.8673 -0.4697 -0.1650
vn 0.4441 -0.7230 -0.5292
vn 0.0598 -0.2924 0.9544
vn -0.0115 0.3012 -0.9535
vn 0.7447 0.4272 -0.5127
vn -0.0573 -0.9980 -0.0282
vn 0.1638 -0.8268 -0.5382
vn -0.3540 -0.5867 -0.7284
vn -0.3024 0.5421 -0.7840
vn -0.0389 0.6494 -0.7595
vn 0.1852 0.7057 0.6838
vn -0.4341 0.3072 -0.8469
vn 0.3232 0.6921 0.6454
vn -0.1872 -0.2890 -0.9388
vn 0.6148 0.7886 -0.0103
vn 0.4712 0.1877 0.8618
vn -0.8848 0.4586 -0.0827
vn 0.0969 -0.5396 0.8363
vn 0.7302 0.3612 -0.5800
vn 0.0646 -0.9541 0.2926
vn 0.3583 -0.5483 0.7556
vn 0.4362 -0.8304 -0.3466
vn -0.6183 -0.3796 -0.6882
vn 0.9383 -0.1940 -0.2861
vn 0.5508 -0.7285 -0.4073
vn -0.2971 -0.4046 0.8649
vn -0.9160 0.3912 -0.0890
vn 0.7257 0.3185 -0.6099
vn 0.9040 0.1733 -0.3908
vn 0.8975 0.3773 0.2284
vn -0.7722 -0.4649 0.4331
vn -0.9772 -0.0313 0.2100
vn -0.7777 0.6192 0.1081
vn 0.6331 0.4767 -0.6099
vn 0.8526 0.5221 -0.0216
vn -0.7110 -0.1151 -0.6937
vn 0.8743 0.3285 0.3573
vn 0.4010 -0.0685 -0.9135
vn -0.6697 -0.7299 -0.1370
vn 0.5689 0.8122 0.1291
vn -0.4406 0.8842 -0.1553
vn -0.3736 -0.9082 -0.1889
vn 0.1085 -0.5774 0.8092
vn -0.0803 0.9966 -0.0160
vn -0.1417 0.9882 -0.0580
vn 0.0154 0.7981 0.6023
vn 0.1993 0.2452 0.9488
vn -0.5398 0.8399 0.0562
vn -0.5992 0.4948 0.6294
vn -0.3502 -0.7643 -0.5415
vn -0.1394 -0.6448 0.7516
vn 0.5461 0.8374 0.0221
vn -0.4480 -0.7923 -0.4142
vn -0.5123 0.5495 0.6600
vn 0.2014 -0.8466 -0.4926
vn -0.9221 -0.3839 -0.0475
vn -0.8984 0.2545 -0.3580
vn -0.0562 -0.4873 0.8714
vn -0.4822 -0.8661 -0.1319
vn -0.9397 -0.0071 -0.3420
vn -0.1075 0.4491 0.8870
vn -0.3410 -0.9213 0.1868
vn -0.8680 -0.2040 -0.4528
vn 0.0294 -0.9809 0.1924
vn -0.9367 -0.3025 -0.1762
vn -0.6409 -0.7028 -0.3089
vn -0.2576 0.2648 0.9293
vn -0.2815 -0.9484 0.1462
vn -0.9026 0.2400 0.3575
vn -0.1788 0.7280 0.6619
vn 0.8243 0.0957 0.5580
vn 0.0118 -0.9966 0.0814
vn -0.1912 0.9509 -0.2432
vn 0.2286 0.7111 0.6649
vn 0.7309 -0.6354 0.2492
vn 0.1931 -0.1420 -0.9709
vn -0.4342 0.2634 0.8614
vn 0.7317 0.6815 -0.0138
vn 0.2286 -0.9721 0.0529
vn 0.4823 0.8473 0.2223
vn -0.9485 -0.2221 0.2259
vn 0.0055 -0.7691 0.6391
vn 0.6373 0.5588 0.5306
vn 0.0684 -0.8145 -0.5761
vn -0.2311 0.2399 0.9429
vn -0.6612 -0.0780 0.7462
vn -0.4838 -0.8735 0.0541
vn -0.3139 -0.0252 -0.9491
vn -0.6196 -0.1841 0.7630
vn 0.2473 0.9606 0.1269
vn -0.2757 -0.9551 0.1084
vn 0.6860 0.7254 0.0567
vn 0.5800 -0.5560 -0.5954
vn 0.1603 -0.8731 -0.4605
vn 0.8975 0.2721 0.3470
vn -0.0772 -0.0636 0.9950
vn -0.7986 0.1384 0.5858
vn -0.2232 -0.9559 0.1911
vn -0.4481 -0.8801 -0.1566
vn 0.9689 0.1941 -0.1537
vn 0.5494 0.7976 0.2489
vn -0.9865 0.0245 0.1620
vn 0.2787 0.7738 0.5689
vn 0.7943 0.0091 0.6075
vn -0.8389 -0.5314 0.1177
vn -0.4667 -0.2105 0.8590
vn 0.8729 -0.2545 0.4163
vn -0.1352 -0.7181 -0.6827
vn -0.0530 -0.7308 -0.6805
vn -0.9498 -0.2896 0.1182
vn 0.1406 -0.8082 0.5719
vn -0.6654 -0.3894 -0.6369
vn -0.6875 -0.1237 -0.7156
vn -0.6460 -0.7616 0.0507
vn 0.5753 0.0008 -0.8180
vn -0.8417 -0.3068 -0.4444
vn -0.1779 -0.1301 0.9754
vn 0.5309 -0.0499 0.8459
vn 0.6759 0.6420 0.3621
vn -0.4980 -0.7404 0.4514
vn -0.2030 -0.9734 0.1059
vn -0.2685 -0.1848 -0.9454
vn -0.0378 -0.5135 0.8572
vn 0.1099 0.7582 0.6427
vn -0.1148 -0.5884 0.8004
vn 0.6997 0.5348 0.4737
vn 0.0382 -0.9974 -0.0613
vn -0.3401 -0.6713 -0.6585
vn -0.1810 -0.0607 -0.9816
vn -0.4218 0.1422 -0.8955
vn 0.0193 -0.3803 -0.9247
vn 0.3454 -0.7628 0.5466
vn 0.1794 -0.5955 0.7831
vn -0.2553 -0.6388 -0.7258
vn 0.6155 -0.7592 0.2116
vn -0.5605 0.6760 -0.4785
vn -0.4576 0.4609 -0.7604
vn 0.6898 -0.6682 0.2786
vn 0.5044 -0.4434 -0.7409
vn -0.0494 0.7602 0.6478
vn -0.5627 -0.7919 -0.2373
vn 0.7100 -0.1882 -0.6786
vn -0.5087 0.6831 -0.5240
vn -0.5078 0.6491 -0.5664
vn -0.3386 0.9342 0.1123
vn -0.5011 0.8312 -0.2408
vn 0.0008 0.9859 0.1672
vn 0.8566 -0.3468 0.3822
vn 0.5486 -0.7740 -0.3161
vn 0.8316 0.1099 0.5444
vn 0.7635 -0.1490 -0.6284
vn -0.4141 0.3381 -0.8451
vn 0.6795 0.0167 0.7335
vn -0.0853 0.4831 -0.8714
vn 0.7450 0.2837 0.6038
vn 0.1650 -0.1751 -0.9706
vn -0.1306 0.5911 -0.7960
vn 0.1484 -0.8584 0.4911
vn 0.5427 -0.8296 -0.1312
vn 0.6019 -0.5376 0.5906
vn -0.1085 0.0736 0.9914
vn -0.9507 -0.0471 -0.3065
vn -0.2809 0.0757 0.9567
vn 0.4247 0.8491 0.3140
vn -0.7772 -0.0621 -0.6262
vn 0.9731 0.0067 0.2303
vn -0.1727 -0.6111 0.7725
vn 0.3264 -0.7726 -0.5446
vn 0.5810 0.8061 0.1124
vn 0.0956 0.9482 0.3030
vn 0.4038 -0.8825 0.2412
vn 0.9502 0.1441 0.2764
vn -0.2515 -0.9664 -0.0522
vn 0.9061 -0.1421 0.3984
vn 0.1484 0.9777 0.1488
vn 0.5382 0.7583 -0.3679
vn 0.2294 -0.8932 -0.3867
vn -0.4659 -0.7440 -0.4790
vn 0.5238 0.7761 -0.3511
vn 0.6205 0.7798 0.0830
vn -0.4612 -0.6232 0.6316
vn 0.8103 -0.4498 0.3756
vn 0.4304 0.8372 -0.3373
vn -0.4681 -0.1020 0.8778
vn 0.0992 0.4506 -0.8872
vn 0.1077 -0.4245 0.8990
vn 0.3118 0.9188 -0.2422
vn 0.3154 0.9192 -0.2359
vn 0.1253 0.7865 -0.6048
vn 0.4920 -0.6460 -0.5837
vn 0.6427 -0.5001 0.5804
vn -0.7567 0.1311 -0.6405
vn -0.3907 0.8864 0.2482
vn -0.0255 -0.6786 0.7341
vn -0.1749 -0.8429 -0.5089
vn 0.2921 -0.9351 -0.2006
vn -0.3592 0.3556 -0.8629
vn -0.3530 0.8911 -0.2850
vn -0.1530 -0.1262 -0.9801
vn -0.8029 -0.5728 -0.1650
vn 0.4343 -0.4664 0.7706
vn 0.0569 -0.2164 0.9746
vn -0.3382 0.4807 -0.8091
vn -0.4166 -0.8263 0.3791
vn 0.4119 0.0692 0.9086
vn -0.0162 0.0353 -0.9992
vn 0.4188 0.4626 0.7814
vn -0.0959 -0.9908 0.0957
vn 0.1094 0.9937 0.0243
vn -0.4254 0.2585 -0.8673
vn -0.4252 0.3249 -0.8448
vn 0.0113 -0.8947 -0.4466
vn 0.5188 0.7079 -0.4794
vn -0.3903 -0.0543 0.9191
vn -0.8312 0.4204 -0.3638
vn -0.2136 -0.8638 0.4563
vn 0.2545 0.9350 0.2470
vn 0.0457 -0.6323 -0.7734
vn -0.4952 0.3000 0.8153
vn 0.0754 0.8297 0.5531
vn -0.4980 -0.3261 0.8036
vn -0.6995 0.6397 0.3186
vn 0.5997 -0.7226 -0.3437
vn 0.9314 -0.2333 -0.2795
vn -0.5295 0.3364 0.7788
vn -0.9552 -0.2848 0.0811
vn 0.6790 -0.4083 0.6101
vn 0.8218 0.0228 0.5693
vn -0.4559 0.1850 0.8706
vn 0.8460 -0.5330 0.0149
vn -0.2340 0.5056 0.8304
vn -0.6007 0.7896 0.1250
vn -0.3277 -0.8501 0.4121
vn -0.3877 0.7594 0.5224
vn 0.9097 -0.3828 -0.1608
vn -0.3689 -0.9227 0.1118
vn -0.2264 0.4694 -0.8535
vn -0.4003 0.4249 0.8119
vn -0.2721 -0.0544 -0.9607
vn 0.4042 -0.8172 -0.4108
vn 0.2378 0.7496 0.6178
vn 0.0524 -0.3124 -0.9485
vn 0.8965 0.3909 0.2083
vn -0.1279 0.8068 -0.5768
vn 0.5250 -0.6787 0.5135
vn -0.0822 -0.8410 0.5348
vn 0.3023 -0.8188 -0.4880
vn -0.5623 0.7254 -0.3970
vn 0.2607 0.1610 0.9519
vn 0.8362 -0.5431 -0.0761
vn -0.7303 0.2286 -0.6438
vn 0.9137 0.3887 0.1184
vn -0.2020 0.9460 0.2537
vn -0.4378 -0.3595 0.8240
vn -0.7049 -0.0829 -0.7044
vn -0.6925 -0.2274 0.6846
vn 0.1146 -0.3150 0.9422
vn -0.8589 -0.1948 -0.4736
vn -0.8026 -0.5467 -0.2387
vn 0.0065 0.7715 -0.6361
vn -0.6216 0.7094 0.3323
vn -0.3440 0.5271 -0.7771
vn -0.7364 -0.6698 0.0956
vn -0.9379 -0.3343 -0.0922
vn -0.5967 -0.5408 -0.5929
vn 0.7642 -0.6429 0.0511
vn -0.2922 -0.6071 -0.7389
vn -0.8698 -0.3399 -0.3576
vn -0.6657 -0.3720 0.6469
vn 0.8100 -0.4453 -0.3816
vn 0.1436 -0.4475 -0.8827
vn -0.3186 -0.3405 -0.8846
vn 0.1981 -0.8138 -0.5463
vn 0.4233 -0.6373 -0.6439
vn -0.6321 0.0158 0.7747
vn 0.6481 -0.7005 0.2986
vn 0.4114 -0.8205 -0.3969
vn -0.6773 -0.5076 0.5326
vn -0.4628 0.4707 -0.7512
vn -0.5680 -0.7251 -0.3894
vn 0.1252 0.9805 0.1513
vn -0.5687 -0.6692 0.4784
vn 0.1514 -0.7269 0.6699
vn 0.7287 -0.6645 0.1655
vn 0.9135 0.0929 0.3962
vn 0.0071 -0.8897 0.4565
vn -0.7277 -0.5597 0.3965
vn -0.6375 -0.7051 -0.3106
vn 0.6315 0.6523 0.4192
vn -0.4609 -0.3620 0.8103
vn 0.1271 0.3857 0.9138
vn 0.6250 -0.0826 -0.7763
vn 0.5957 -0.1968 -0.7787
vn 0.7926 0.3838 -0.4739
vn 0.8272 0.3974 -0.3973
vn -0.1179 -0.7539 -0.6463
vn 0.0604 0.4035 0.9130
vn 0.9295 0.1928 -0.3145
vn 0.2562 0.0903 0.9624
vn 0.6424 0.6417 0.4190
vn -0.4679 -0.4153 0.7801
vn 0.2862 0.7741 0.5646
vn 0.6863 0.2417 0.6860
vn -0.5508 -0.1989 0.8106
vn 0.5792 -0.2279 -0.7827
vn 0.5296 -0.4083 -0.7435
vn -0.2065 -0.2869 0.9354
vn 0.6232 -0.7631 0.1711
vn 0.6936 -0.3869 0.6076
vn 0.1051 -0.9903 -0.0911
vn -0.4360 -0.8939 0.1042
vn 0.7336 -0.6503 -0.1972
vn -0.2846 0.9225 0.2607
vn 0.0556 -0.3256 0.9439
vn 0.6031 -0.7858 0.1369
vn 0.0927 0.4626 0.8817
vn 0.7995 0.4721 0.3715
vn 0.0696 0.3999 0.9139
vn -0.1641 -0.9050 -0.3926
vn 0.6662 -0.0812 0.7414
vn -0.2287 -0.9447 -0.2350
vn -0.5602 -0.7499 0.3517
vn 0.5965 -0.5163 -0.6145
vn 0.6047 0.2028 0.7702
vn 0.7734 0.1887 0.6051
vn -0.0723 -0.7550 0.6518
vn -0.6070 -0.6126 -0.5063
vn -0.8830 -0.4396 0.1644
vn 0.6983 0.0038 0.7158
vn 0.3357 -0.7415 0.5809
vn -0.4201 -0.8061 -0.4167
vn -0.2645 -0.9617 -0.0726
vn -0.3486 -0.7331 0.5839
vn 0.1468 -0.9878 -0.0518
vn 0.4027 -0.6994 -0.5905
vn 0.6078 0.5612 0.5618
vn -0.7533 -0.2584 -0.6048
vn -0.2241 0.7411 -0.6329
vn 0.1037 0.4634 -0.8801
vn -0.3700 0.6787 -0.6344
vn 0.8714 0.1776 0.4573
vn -0.9802 -0.1974 0.0161
vn -0.2821 0.0295 0.9589
vn -0.5606 -0.7003 -0.4420
vn -0.1372 0.3053 0.9423
vn 0.9117 0.3200 -0.2578
vn 0.7033 0.7023 -0.1104
vn 0.4300 -0.3716 -0.8228
vn 0.8704 -0.2238 0.4386
vn -0.8405 -0.3401 0.4218
vn -0.5666 -0.8183 -0.0961
vn 0.8521 0.5184 -0.0723
vn 0.6720 0.6018 -0.4316
vn -0.8905 -0.4541 0.0292
vn 0.6671 0.5611 -0.4901
vn -0.6344 0.3617 0.6832
vn 0.9463 -0.0638 0.3168
vn 0.6942 0.0740 0.7160
vn -0.0406 -0.9961 -0.0787
vn -0.0015 -0.9960 -0.0890
vn -0.5096 -0.6137 0.6031
vn -0.4733 -0.4543 0.7547
vn 0.7947 0.2156 -0.5674
vn -0.2671 -0.7689 0.5809
vn 0.5179 0.4000 0.7562
vn -0.4473 0.4772 -0.7564
vn 0.8585 -0.0697 0.5080
vn 0.9026 -0.3271 0.2799
vn -0.9254 0.3615 -0.1140
vn -0.2148 -0.4520 0.8658
vn 0.2811 0.6353 -0.7193
vn -0.0310 -0.6631 -0.7479
vn 0.3150 0.0318 0.9486
vn -0.0791 -0.7741 -0.6280
vn -0.7708 -0.1779 0.6118
vn -0.6065 0.3696 -0.7039
vn -0.1895 -0.9800 0.0604
vn 0.5042 0.6738 -0.5401
vn -0.9893 0.0669 0.1296
vn -0.3401 -0.6569 0.6729
vn 0.5158 0.4781 -0.7109
vn -0.6517 0.6257 0.4287
vn 0.9471 -0.0704 -0.3131
vn -0.6272 -0.7392 -0.2454
vn 0.3014 0.7560 -0.5811
vn -0.3046 0.5424 0.7830
vn -0.7027 -0.5985 -0.3848
vn 0.1627 -0.5861 0.7937
vn 0.6477 -0.2321 -0.7257
vn 0.0614 -0.7269 -0.6840
vn -0.5780 0.0389 0.8151
vn 0.6186 -0.3342 -0.7110
vn -0.0154 -0.3504 0.9365
vn 0.8131 -0.4389 -0.3825
vn -0.7318 0.4487 0.5130
vn -0.2771 0.6208 -0.7334
vn 0.8976 0.1874 -0.3990
vn -0.4663 0.0255 0.8842
vn -0.1513 0.5463 0.8238
vn -0.0361 -0.4853 -0.8736
vn -0.8413 -0.4995 -0.2068
vn 0.0736 0.4348 -0.8975
vn 0.0216 0.0888 -0.9958
vn 0.4960 0.8682 0.0150
vn 0.0736 0.9972 0.0130
vn 0.5483 -0.3355 -0.7660
vn -0.0091 -0.6666 -0.7453
vn 0.2378 -0.6063 -0.7588
vn 0.0235 0.1967 0.9802
vn 0.4516 -0.8838 0.1219
vn -0.5985 0.2478 -0.7619
vn -0.0826 0.9932 0.0818
vn 0.6859 0.6687 0.2869
vn -0.8430 -0.4051 0.3539
vn -0.8207 -0.3854 -0.4217
vn 0.4059 -0.0032 0.9139
vn -0.8761 -0.2471 -0.4139
vn -0.9946 0.0959 0.0407
vn 0.3768 0.8921 0.2492
vn -0.3196 0.9468 -0.0369
vn -0.6148 0.7881 -0.0297
vn 0.2513 -0.5415 -0.8023
vn 0.0400 0.9324 -0.3591
vn -0.0080 -0.2569 -0.9664
vn 0.0083 -0.4732 0.8809
vn 0.6461 0.5542 -0.5249
vn -0.8952 -0.0677 -0.4404
vn -0.9267 -0.1431 -0.3474
vn -0.4240 0.4956 0.7580
vn -0.0699 -0.9565 -0.2832
vn -0.1800 0.6788 0.7119
vn 0.3633 -0.1238 -0.9234
vn 0.7689 -0.3150 0.5565
vn -0.4284 -0.7852 -0.4471
vn -0.0276 0.4009 0.9157
vn -0.5122 0.6315 0.5821
vn 0.8769 0.4586 -0.1437
vn -0.4653 0.4249 0.7765
vn -0.9650 0.1425 -0.2202
vn -0.3850 -0.8295 0.4047
vn 0.4651 0.8735 -0.1436
vn 0.5580 -0.2582 0.7886
vn 0.0925 0.3822 0.9194
vn -0.7215 -0.5235 0.4532
vn 0.0613 -0.8785 0.4737
vn -0.7002 0.6090 0.3726
vn -0.7455 0.5768 0.3340
vn 0.0095 0.8922 -0.4516
vn -0.6464 0.7419 0.1781
vn 0.3345 0.0213 0.9422
vn 0.8866 -0.3310 0.3232
vn -0.0846 0.6613 -0.7454
vn -0.6506 -0.5333 0.5407
vn -0.8881 0.4581 -0.0370
vn -0.2312 0.7341 0.6385
vn -0.7040 -0.6004 0.3793
vn 0.2738 0.9612 -0.0328
vn -0.8067 -0.4939 0.3245
vn 0.0067 0.7937 -0.6082
vn -0.4690 -0.6517 0.5960
vn 0.8549 -0.4853 -0.1833
vn -0.2235 -0.4399 0.8698
vn -0.6493 -0.7329 0.2032
vn 0.9089 0.1163 -0.4004
vn -0.3488 0.9177 0.1899
vn 0.6417 -0.7577 -0.1192
vn 0.0412 0.9984 -0.0391
vn -0.3664 -0.5928 -0.7172
vn 0.9121 -0.3499 -0.2135
vn 0.4907 0.1909 0.8501
vn -0.4436 -0.8805 0.1672
vn -0.6484 -0.2815 -0.7074
vn -0.8988 0.4242 0.1108
vn 0.6024 0.7478 0.2792
vn -0.3465 -0.9345 0.0811
vn 0.7431 -0.6602 0.1093
vn 0.3991 0.8623 -0.3117
vn -0.0755 0.0783 0.9941
vn 0.1275 -0.8459 0.5178
vn -0.7746 -0.0695 -0.6287
vn -0.8349 -0.3810 -0.3973
vn 0.0097 -0.8502 -0.5263
vn -0.9164 0.2366 0.3229
vn -0.7607 -0.5906 0.2694
vn 0.9469 -0.1649 -0.2761
vn 0.1915 -0.8220 -0.5363
vn -0.0687 0.9749 -0.2119
vn -0.8601 0.4172 -0.2935
vn -0.6407 0.7187 0.2701
vn 0.6115 0.6644 0.4298
vn 0.4616 -0.7080 -0.5345
vn -0.2581 0.4857 -0.8352
vn -0.4440 -0.8670 -0.2262
vn 0.9532 0.2597 -0.1550
vn -0.3076 -0.9510 -0.0328
vn -0.1978 0.2114 -0.9572
vn -0.8177 -0.2101 -0.5360
vn -0.1061 0.0386 -0.9936
vn 0.4800 0.4023 -0.7796
vn 0.1628 -0.9128 0.3746
vn 0.2004 0.8069 0.5556
vn 0.1973 -0.6364 -0.7457
vn -0.7914 0.5561 0.2538
vn 0.4112 -0.3441 0.8441
vn -0.7181 -0.6794 0.1508
vn -0.5527 -0.7834 0.2843
vn 0.3109 0.4302 -0.8475
vn -0.5638 0.7084 0.4247
vn -0.2443 -0.9665 0.0782
vn 0.6887 0.5991 -0.4084
vn -0.2145 0.8978 0.3845
vn -0.4921 -0.7527 0.4373
vn -0.0827 0.1048 -0.9910
vn -0.0578 -0.8705 0.4887
vn -0.8914 0.3941 -0.2236
vn -0.3851 0.3669 -0.8468
vn -0.7916 0.5745 0.2083
vn 0.6428 -0.4694 -0.6054
vn -0.2940 -0.6675 -0.6842
vn 0.4711 -0.8806 0.0507
vn 0.5453 0.7302 0.4118
vn -0.4686 -0.1380 -0.8726
vn -0.0735 0.9749 0.2101
vn 0.8021 0.0543 -0.5948
vn -0.8990 0.3669 0.2390
vn -0.7425 0.6692 -0.0294
vn 0.8282 0.5183 0.2132
vn -0.3714 0.7513 -0.5455
vn -0.8295 0.0761 -0.5533
vn 0.4878 -0.0971 0.8675
vn -0.7291 0.1397 -0.6699
vn -0.7327 0.2157 -0.6454
vn -0.0785 0.6626 0.7448
vn -0.7989 0.1038 -0.5924
vn 0.7455 0.6342 -0.2049
vn -0.4190 -0.7171 -0.5570
vn -0.3369 0.8317 -0.4412
vn -0.5363 -0.5720 -0.6207
vn -0.9489 0.2664 0.1692
vn 0.0798 -0.9266 -0.3674
vn -0.8862 -0.2190 -0.4083
vn -0.2269 -0.2927 -0.9289
vn -0.2924 -0.7670 0.5711
vn 0.3637 -0.5486 0.7528
vn 0.9109 -0.2591 0.3210
vn 0.2120 -0.4720 0.8557
vn 0.8331 -0.5530 -0.0149
vn -0.8863 -0.1389 -0.4418
vn -0.3820 -0.7821 -0.4923
vn -0.6829 0.4957 -0.5365
vn -0.4955 -0.4320 0.7536
vn -0.2162 -0.4904 -0.8442
vn -0.4015 -0.8631 -0.3062
vn -0.4143 -0.8149 0.4053
vn 0.3202 -0.5268 0.7874
vn 0.6141 0.7812 0.1126
vn -0.7877 0.3966 -0.4714
vn -0.4383 0.6028 0.6667
vn 0.3943 0.4258 -0.8144
vn -0.8520 -0.4930 -0.1761
vn 0.3594 -0.9331 0.0150
vn -0.0854 0.7073 -0.7018
vn 0.8614 0.4597 0.2161
vn -0.2935 0.5634 -0.7723
vn -0.7247 -0.0185 -0.6888
vn -0.3681 0.2639 0.8916
vn -0.4433 0.8378 0.3188
vn -0.1262 -0.9892 0.0740
vn -0.7877 -0.4024 -0.4664
vn 0.0848 -0.5286 -0.8446
vn 0.7782 0.6273 -0.0287
vn -0.0560 0.7297 -0.6815
vn -0.8643 0.2837 -0.4154
vn 0.6807 0.1982 -0.7053
vn -0.9891 0.0869 0.1186
vn 0.1125 0.9422 0.3155
vn 0.2092 -0.5416 0.8142
vn 0.0248 0.8213 -0.5700
vn -0.0655 0.3864 0.9200
vn 0.9759 -0.1553 -0.1535
vn 0.0929 -0.8954 -0.4355
vn -0.7535 -0.6076 -0.2512
vn -0.0581 0.9215 -0.3839
vn -0.6973 -0.2959 -0.6528
vn 0.4960 0.7853 -0.3704
vn 0.5705 -0.4378 -0.6949
vn 0.9775 0.1378 -0.1597
vn -0.8047 -0.5696 0.1675
vn -0.0002 -0.9071 -0.4209
vn -0.7877 -0.5891 0.1801
vn -0.3960 -0.9181 -0.0161
vn 0.1688 0.8183 0.5495
vn -0.3906 0.7916 0.4698
vn -0.8842 -0.3616 0.2958
vn -0.4982 -0.3327 -0.8007
vn -0.4438 0.6466 0.6205
vn -0.2878 0.5745 -0.7663
vn -0.7545 -0.0706 -0.6525
vn -0.8559 -0.3881 -0.3417
vn 0.2928 0.6192 0.7286
vn -0.5142 -0.8570 0.0347
vn 0.4389 -0.4522 -0.7764
vn 0.4128 0.5017 0.7602
vn -0.9692 -0.0827 0.2319
vn -0.8655 -0.1727 -0.4703
vn -0.6872 -0.6101 0.3942
vn -0.2757 0.2587 0.9258
vn 0.8601 0.2635 -0.4368
vn -0.5121 0.8565 0.0639
vn 0.1753 0.4671 -0.8666
vn -0.3685 0.5259 -0.7666
vn -0.1432 0.8716 -0.4688
vn -0.0848 -0.0885 -0.9925
vn 0.1212 0.7293 0.6734
vn -0.2295 -0.4712 -0.8516
vn -0.7122 -0.7019 0.0128
vn -0.9122 -0.0101 -0.4097
vn -0.6647 0.6267 0.4068
vn 0.7532 0.6169 -0.2283
vn -0.3146 -0.3017 0.9000
vn 0.2575 -0.4657 -0.8467
vn -0.2824 0.8814 0.3787
vn -0.4058 -0.3339 0.8508
vn 0.9974 -0.0279 -0.0665
vn -0.8062 -0.4935 0.3264
vn -0.0191 -0.4393 -0.8981
vn 0.1201 -0.8353 0.5365
vn 0.9894 0.1431 0.0256
vn 0.4322 0.5910 -0.6811
vn 0.4163 0.0591 0.9073
vn -0.5440 -0.7431 -0.3898
vn -0.0604 -0.8268 0.5592
vn 0.9229 0.1323 0.3616
vn 0.2103 0.1029 -0.9722
vn -0.3431 0.1057 -0.9333
vn 0.7823 -0.1960 -0.5912
vn -0.5973 -0.0779 -0.7982
vn 0.8778 -0.0292 0.4782
vn 0.5184 -0.5143 -0.6833
vn -0.7477 0.2521 0.6143
vn -0.2534 0.2485 0.9349
vn -0.0446 0.6893 0.7231
vn -0.6094 -0.6765 -0.4136
vn 0.1398 -0.9738 0.1793
vn 0.7597 -0.5372 0.3664
vn -0.4553 0.7355 -0.5017
vn 0.3092 -0.4017 0.8620
vn -0.8760 0.1298 -0.4646
vn 0.9761 -0.0275 0.2158
vn -0.4418 0.0867 -0.8929
vn -0.0537 -0.5611 0.8260
vn -0.7363 0.4013 -0.5448
vn -0.0931 -0.0723 -0.9930
vn -0.7897 0.3160 -0.5258
vn -0.2247 -0.8013 -0.5545
vn -0.3431 -0.4139 -0.8432
vn -0.3612 -0.8101 0.4619
vn -0.9091 -0.1517 -0.3880
vn 0.1408 0.8090 0.5707
vn -0.3094 0.9447 0.1090
vn -0.5087 -0.8529 -0.1175
vn 0.9641 -0.2313 -0.1301
vn 0.1432 0.8064 -0.5737
vn 0.8492 0.5071 0.1472
vn 0.6565 -0.0870 -0.7493
vn -0.9613 0.2532 0.1087
vn 0.1591 0.8217 0.5472
vn -0.4955 -0.2171 -0.8411
vn -0.2642 0.4621 -0.8466
vn 0.5698 0.1467 0.8086
vn 0.9556 0.2947 0.0083
vn 0.3675 0.6797 0.6348
vn 0.3129 0.8503 0.4231
vn 0.4327 0.2115 0.8764
vn -0.9072 0.1970 0.3718
vn -0.7282 0.2952 0.6186
vn -0.3653 0.5446 0.7549
vn -0.0687 -0.1673 0.9835
vn -0.6607 0.3502 0.6640
vn 0.0225 0.9895 -0.1426
vn -0.0992 -0.9744 0.2016
vn -0.3438 0.8293 0.4405
vn 0.7385 -0.4500 0.5021
vn -0.0589 0.9725 0.2252
vn -0.2305 0.8845 0.4055
vn -0.6651 0.5839 -0.4654
vn 0.4517 0.1603 -0.8777
vn -0.5618 0.4670 -0.6829
vn 0.5025 0.8469 -0.1737
vn 0.2316 0.7933 -0.5631
vn 0.5407 -0.3279 0.7746
vn 0.0488 -0.5351 0.8434
vn -0.6339 0.3765 0.6756
vn -0.8090 -0.0607 0.5847
vn -0.5768 0.2751 -0.7692
vn -0.3706 0.9285 0.0230
vn 0.5636 0.5422 -0.6231
vn -0.1757 0.9678 -0.1805
vn -0.5734 -0.7849 -0.2347
vn -0.0429 0.2219 0.9741
vn 0.9744 -0.0886 0.2066
vn -0.9002 0.0143 -0.4353
vn 0.6368 0.6004 -0.4838
vn -0.2098 0.4628 0.8613
vn -0.8173 -0.5715 0.0739
vn 0.6341 -0.5945 0.4945
vn -0.4948 -0.7345 -0.4644
vn -0.4830 -0.1626 -0.8604
vn 0.0045 -0.0385 0.9992
vn 0.7501 0.6540 -0.0979
vn -0.1235 0.1608 -0.9792
vn -0.9186 -0.2659 -0.2924
vn -0.4940 -0.2925 -0.8188
vn -0.7006 0.6655 0.2573
vn -0.3420 0.1703 0.9241
vn -0.9897 -0.1123 -0.0892
vn -0.6972 -0.6284 -0.3451
vn -0.2926 -0.9530 0.0786
vn -0.6900 -0.7234 -0.0232
vn -0.6895 -0.5941 -0.4142
vn 0.5519 0.0194 0.8337
vn -0.6319 -0.6425 -0.4335
vn -0.7016 0.3491 0.6212
vn 0.7590 0.5893 0.2769
vn -0.6953 0.6894 0.2031
vn -0.8064 0.5748 -0.1389
vn 0.4206 0.0870 0.9031
vn 0.8757 -0.4793 -0.0588
vn 0.4790 0.1731 0.8606
vn -0.4163 -0.9091 0.0164
vn -0.3025 -0.4273 -0.8520
vn -0.5500 0.6732 -0.4943
vn 0.1802 -0.9823 -0.0515
vn 0.3642 0.9245 -0.1124
vn -0.1201 -0.8159 -0.5655
vn 0.1431 -0.4603 0.8762
vn -0.8812 0.4549 -0.1284
vn 0.7694 0.4210 -0.4804
vn -0.1378 -0.4827 0.8649
vn -0.3174 0.4817 -0.8168
vn -0.0910 -0.2990 0.9499
vn 0.7335 0.0184 -0.6795
vn -0.8469 0.5292 0.0524
vn -0.5957 -0.5001 0.6285
vn -0.0977 0.2647 0.9594
vn -0.6009 -0.7840 0.1557
vn 0.7278 -0.1651 0.6656
vn 0.3536 -0.6802 -0.6421
vn 0.9421 0.1151 0.3151
vn -0.8400 -0.2665 -0.4726
vn -0.8056 -0.0272 0.5918
vn 0.0712 0.9816 -0.1772
vn -0.7668 -0.1139 0.6317
vn 0.9597 -0.2112 0.1856
vn -0.4495 0.8337 0.3208
vn -0.7972 0.0403 0.6023
vn -0.3820 -0.5054 -0.7737
vn 0.4702 0.5986 -0.6485
vn 0.1404 0.5498 0.8234
vn 0.3618 0.5735 -0.7350
vn 0.2705 0.4886 0.8295
vn 0.7655 -0.6237 0.1581
vn 0.3393 0.5339 0.7745
vn -0.9348 -0.0869 -0.3444
vn -0.9061 0.2131 0.3655
vn 0.6284 -0.7575 -0.1772
vn -0.9534 -0.1380 0.2683
vn -0.5039 -0.6736 -0.5407
vn -0.2298 -0.9273 -0.2955
vn -0.6308 -0.2367 -0.7390
vn 0.0141 0.1840 0.9828
vn 0.5254 0.7001 0.4836
vn -0.4461 0.5515 -0.7049
vn 0.6033 -0.3740 -0.7044
vn -0.3474 0.8987 -0.2678
vn 0.3356 0.1485 0.9302
vn 0.1256 -0.7220 -0.6804
vn -0.2142 -0.6213 -0.7537
vn 0.7649 -0.4671 -0.4437
vn 0.0341 -0.6894 -0.7236
vn -0.5708 -0.7986 0.1906
vn -0.7775 -0.2277 0.5862
vn -0.1767 -0.7145 0.6769
vn 0.1775 0.0195 0.9839
vn -0.9344 0.2918 0.2045
vn -0.7606 0.5118 0.3994
vn -0.7658 -0.5370 -0.3538
vn -0.8972 0.0201 -0.4412
vn 0.8120 0.0882 -0.5769
vn -0.9516 0.1673 -0.2578
vn 0.9702 0.2292 0.0783
vn -0.8758 0.4252 0.2284
vn 0.2419 0.9469 -0.2120
vn -0.0909 -0.9918 -0.0899
vn -0.6096 0.6265 0.4856
vn 0.2216 0.8637 0.4527
vn 0.4504 0.0808 -0.8892
vn 0.0628 0.9776 0.2007
vn -0.3566 0.9211 0.1563
vn -0.0393 0.9429 -0.3307
vn -0.7121 0.5690 0.4113
vn 0.2953 -0.1135 0.9486
vn 0.8039 0.1172 -0.5831
vn 0.4208 -0.0162 -0.9070
vn -0.2798 -0.3642 -0.8883
vn -0.9713 0.1671 0.1690
vn 0.6698 0.6454 -0.3672
vn -0.8128 -0.3552 0.4617
vn -0.9571 -0.2899 0.0024
vn 0.6255 0.7790 -0.0433
vn -0.5991 0.7978 -0.0677
vn -0.5258 0.1582 0.8358
vn 0.1535 0.9057 0.3952
vn 0.0535 0.6826 0.7288
vn -0.1542 -0.9464 0.2837
vn 0.7144 -0.4169 -0.5620
vn -0.9637 0.1256 -0.2357
vn -0.5897 -0.8067 -0.0398
vn -0.0294 0.6121 -0.7903
vn -0.1784 -0.2582 -0.9495
vn -0.5891 -0.8072 -0.0389
vn 0.6778 -0.1358 0.7226
vn 0.1566 0.7809 0.6047
vn 0.3364 0.7723 0.5389
vn -0.5487 -0.0410 0.8350
vn 0.0172 -0.7304 -0.6828
vn 0.9833 -0.0590 0.1719
vn 0.2054 0.9110 -0.3577
vn 0.3001 -0.7947 0.5276
vn -0.2129 -0.9035 0.3720
vn -0.1560 0.8199 -0.5509
vn -0.6637 0.0029 0.7480
vn -0.3294 0.2803 0.9016
vn 0.1327 -0.9586 0.2519
vn -0.4425 0.5526 0.7063
vn 0.3658 0.3167 0.8751
vn -0.1992 -0.9792 0.0374
vn -0.7151 0.1456 0.6837
vn 0.2211 0.3226 0.9204
vn 0.0425 0.1729 -0.9840
vn 0.7013 -0.6126 -0.3644
vn -0.4728 -0.0368 0.8804
vn 0.5151 0.1047 -0.8507
vn 0.2943 0.2922 -0.9099
vn -0.4657 -0.0443 0.8838
vn -0.8870 0.1981 0.4172
vn 0.2704 0.1630 -0.9488
vn 0.0384 0.7918 0.6095
vn 0.6969 -0.1302 0.7053
vn -0.6896 -0.6909 0.2170
vn -0.5198 0.7436 0.4205
vn 0.0356 0.8092 0.5865
vn 0.2601 -0.7236 -0.6394
vn 0.4816 -0.6718 -0.5628
vn -0.3464 -0.9078 -0.2363
vn 0.7804 0.5548 0.2885
vn -0.8508 -0.0140 0.5253
vn -0.9860 -0.0758 -0.1484
vn -0.3650 -0.9299 0.0456
vn 0.9416 0.1471 -0.3028
vn -0.0773 -0.0791 0.9939
vn 0.1211 -0.9656 0.2301
vn 0.4638 0.8819 0.0848
vn 0.1897 -0.8567 0.4797
vn -0.7344 -0.5705 -0.3676
vn 0.3565 0.9298 0.0911
vn -0.7507 -0.3731 -0.5452
vn 0.2840 -0.9572 -0.0559
vn -0.8337 0.2260 0.5038
vn -0.4861 0.4991 0.7174
vn -0.9703 -0.0129 -0.2415
vn 0.0916 0.9887 0.1183
vn 0.9945 0.0971 0.0384
vn -0.9029 0.4103 0.1284
vn -0.4487 -0.8333 0.3229
vn -0.6211 -0.6966 0.3591
vn -0.9958 0.0773 -0.0488
vn -0.7301 0.6739 -0.1132
vn -0.4778 0.6368 -0.6051
vn 0.5081 0.8524 0.1235
vn 0.2176 -0.8778 0.4268
vn -0.9252 0.0951 -0.3674
vn -0.9728 0.1745 -0.1522
vn -0.5914 0.7190 -0.3651
vn -0.9518 0.0756 -0.2971
vn -0.4554 0.5610 -0.6913
vn 0.5062 -0.8616 -0.0369
vn -0.0266 -0.6860 0.7272
vn 0.2649 -0.8199 0.5075
vn -0.4636 0.6162 -0.6366
vn 0.3895 -0.6273 0.6744
vn -0.1824 -0.0169 0.9831
vn -0.5402 -0.7284 0.4215
vn -0.9687 0.2459 -0.0337
vn -0.1493 0.4561 0.8773
vn 0.0771 -0.8574 -0.5088
vn -0.4679 -0.8645 0.1834
vn -0.6215 0.3846 0.6825
vn -0.3253 -0.9089 -0.2608
vn 0.4058 -0.0713 0.9112
vn -0.2100 -0.9736 -0.0893
vn 0.0938 0.6829 -0.7245
vn -0.9528 0.2355 -0.1918
vn 0.5393 0.7366 -0.4081
vn -0.9862 0.1360 0.0947
vn 0.6923 0.6944 0.1961
vn -0.7067 0.3276 -0.6271
vn -0.7886 0.5901 0.1728
vn 0.2345 -0.1195 -0.9647
vn 0.0936 0.4936 0.8646
vn 0.8115 0.5353 0.2343
vn -0.4308 0.6419 0.6343
vn -0.3550 -0.7093 -0.6090
vn -0.0867 0.1764 -0.9805
vn 0.7332 -0.2997 -0.6104
vn 0.7123 0.6616 0.2342
vn -0.2130 -0.9371 -0.2766
vn -0.3135 0.0449 0.9485
vn -0.8847 -0.3273 0.3319
vn -0.0907 -0.9941 0.0603
vn 0.0743 0.1403 0.9873
vn 0.5884 0.8063 0.0607
vn -0.4202 -0.6523 -0.6309
vn 0.2165 -0.8803 0.4222
vn -0.0821 -0.9673 0.2401
vn -0.7184 -0.6717 -0.1809
vn -0.5473 0.6879 -0.4767
vn -0.8267 -0.0810 0.5568
vn -0.9086 -0.2493 -0.3352
vn 0.4993 0.6058 -0.6195
vn 0.6285 0.0237 0.7774
vn -0.5340 0.8418 0.0791
vn -0.2395 -0.3969 -0.8861
vn 0.1887 0.6829 0.7057
vn -0.0032 -0.9988 0.0490
vn 0.5530 -0.0655 -0.8306
vn 0.9069 -0.3873 -0.1658
vn -0.8288 -0.3891 -0.4020
vn -0.4759 -0.7381 0.4783
vn 0.3183 0.8605 0.3977
vn 0.9807 0.1219 0.1528
vn 0.6009 -0.7353 -0.3135
vn -0.1528 -0.9599 0.2349
vn 0.9673 -0.2106 0.1414
vn 0.0744 -0.3896 0.9180
vn 0.7624 0.4406 -0.4739
vn 0.5732 -0.0679 -0.8166
vn -0.1880 0.2054 -0.9605
vn -0.3194 -0.3992 -0.8594
vn -0.2039 -0.4574 -0.8656
vn 0.4472 0.2226 0.8663
vn 0.0696 0.5699 -0.8188
vn 0.0911 -0.5073 -0.8569
vn 0.9441 0.1155 0.3087
vn 0.8619 0.4977 0.0966
vn -0.9777 -0.2043 -0.0492
vn 0.4664 -0.8846 -0.0056
vn -0.4037 0.7594 0.5102
vn 0.5393 0.8405 0.0530
vn -0.1534 -0.9094 0.3866
vn -0.4311 -0.5388 0.7237
vn 0.9332 0.2488 -0.2592
vn -0.0177 -0.2558 0.9666
vn -0.4346 0.8908 -0.1329
vn -0.5072 -0.8539 -0.1164
vn 0.1108 -0.7620 0.6380
vn 0.7620 -0.4611 -0.4547
vn -0.8976 -0.1183 0.4247
vn 0.8077 -0.3129 -0.4997
vn 0.5777 -0.0315 -0.8157
vn 0.1244 0.5004 -0.8568
vn -0.6405 -0.5284 -0.5573
vn 0.2828 -0.6818 0.6746
vn 0.9744 -0.1887 0.1221
vn 0.4816 -0.8427 0.2405
vn -0.7549 -0.4493 0.4778
vn -0.8578 0.3188 0.4033
vn 0.1342 0.3193 -0.9381
vn 0.6496 0.2591 -0.7147
vn -0.4284 -0.0872 0.8994
vn -0.1328 -0.8471 0.5146
vn 0.1011 -0.5685 -0.8165
vn -0.8231 0.1274 -0.5535
vn 0.4344 0.4946 0.7527
vn 0.5298 -0.8071 -0.2607
vn -0.1977 -0.4836 -0.8527
vn 0.8788 0.4650 -0.1074
vn 0.7027 -0.1210 -0.7012
vn 0.3784 -0.8884 0.2600
vn -0.5727 0.6878 0.4459
vn 0.9302 -0.1023 -0.3525
vn -0.2635 0.6824 -0.6818
vn 0.3658 0.8857 -0.2857
vn 0.8233 0.0261 -0.5670
vn -0.7322 0.6803 0.0327
vn -0.7414 0.6702 -0.0345
vn 0.2150 0.0152 -0.9765
vn -0.5469 0.7504 -0.3713
vn 0.9368 -0.3494 -0.0158
vn 0.3737 -0.5395 -0.7545
vn -0.2549 0.9637 -0.0800
vn 0.9644 0.0701 0.2551
vn -0.2422 -0.7425 -0.6245
vn 0.9046 -0.3910 -0.1696
vn 0.6587 -0.4026 -0.6356
vn -0.2947 0.7987 0.5246
vn 0.9855 0.0505 -0.1619
vn 0.2059 0.4457 0.8712
vn 0.9926 -0.1190 0.0247
vn 0.3725 -0.4951 -0.7850
vn -0.1450 0.4295 -0.8914
vn 0.1952 0.8694 0.4540
vn -0.8123 -0.2392 -0.5320
vn -0.2092 0.3765 0.9025
vn -0.1869 -0.9609 0.2041
vn 0.8762 -0.4778 -0.0625
vn -0.5322 -0.0102 -0.8465
vn -0.1194 -0.3930 0.9118
vn 0.2801 -0.7741 -0.5678
vn -0.0510 0.5110 -0.8581
vn 0.3883 0.7288 0.5639
vn -0.6241 -0.6717 -0.3991
vn -0.6845 0.6925 0.2276
vn 0.0550 -0.1624 0.9852
vn -0.2135 -0.8196 -0.5317
vn -0.7399 -0.6676 0.0827
vn -0.8919 -0.4496 0.0482
vn 0.3561 -0.4702 -0.8075
vn 0.5129 -0.0517 0.8569
vn -0.2012 -0.9563 0.2120
vn 0.6978 -0.6555 -0.2889
vn 0.5287 0.7805 -0.3337
vn 0.1149 0.9339 0.3385
vn 0.6449 0.2234 0.7309
vn -0.3697 -0.0930 -0.9245
vn -0.3716 -0.1118 0.9216
vn -0.3830 0.5305 0.7562
vn 0.5240 -0.8447 -0.1091
vn 0.9369 0.3429 -0.0682
vn 0.7070 -0.7072 0.0010
vn 0.9865 -0.1158 -0.1155
vn -0.8799 -0.3060 0.3635
vn 0.1704 0.7163 0.6767
vn -0.0543 0.2677 0.9620
vn 0.9563 -0.2402 -0.1665
vn 0.0091 -0.9970 0.0772
vn -0.7221 -0.3612 0.5900
vn 0.5320 -0.8466 0.0148
vn 0.0276 -0.7898 -0.6127
vn -0.1015 -0.8494 0.5180
vn 0.7479 0.6621 -0.0473
vn -0.3006 -0.2452 -0.9217
vn 0.5461 -0.7123 0.4409
vn -0.0672 -0.9948 0.0764
vn -0.9419 -0.0320 -0.3343
vn -0.6498 0.0928 0.7544
vn 0.7679 0.5678 0.2966
vn -0.3461 -0.9335 0.0935
vn -0.4642 -0.4018 0.7893
vn 0.5894 0.2114 -0.7797
vn -0.3877 -0.7142 0.5828
vn -0.8253 0.4828 -0.2930
vn 0.4880 0.8727 -0.0131
vn 0.5445 -0.2679 -0.7948
vn 0.8091 -0.5877 0.0017
vn 0.9124 -0.3816 0.1478
vn -0.6250 -0.7286 -0.2801
vn 0.9778 0.1993 0.0650
vn 0.8677 0.2515 0.4288
vn 0.5780 -0.8117 0.0846
vn -0.6356 0.6298 0.4465
vn 0.3717 -0.7063 -0.6025
vn 0.3592 0.3456 -0.8669
vn -0.7712 0.6305 -0.0883
vn -0.7240 -0.5601 -0.4027
vn -0.5153 0.6890 -0.5097
vn 0.4104 0.8315 -0.3745
vn -0.0208 0.0799 -0.9966
vn -0.5255 0.1905 -0.8292
vn -0.0369 -0.9886 -0.1459
vn -0.7162 -0.6970 -0.0356
vn 0.0264 0.9971 0.0711
vn -0.2149 -0.9722 -0.0926
vn -0.5198 0.8357 -0.1771
vn -0.3589 0.7348 -0.5756
vn 0.7804 -0.2024 0.5916
vn -0.1983 0.9613 -0.1912
vn -0.7109 -0.2166 -0.6691
vn -0.1135 0.9696 0.2168
vn 0.9382 0.2635 0.2242
vn 0.6035 -0.1447 0.7841
vn 0.9124 -0.1828 0.3662
vn -0.4600 -0.8572 0.2316
vn -0.6537 -0.7152 -0.2473
vn -0.1102 -0.5212 0.8463
vn -0.3742 -0.8236 -0.4262
vn -0.7584 0.3397 -0.5563
vn -0.1101 -0.7682 -0.6307
vn -0.7201 0.6917 -0.0546
vn 0.7236 0.5150 0.4595
vn -0.9063 -0.0648 -0.4177
vn 0.8981 -0.4390 -0.0260
vn 0.1213 -0.8869 0.4458
vn -0.9017 -0.1337 -0.4112
vn -0.0233 -0.3400 0.9401
vn -0.5049 -0.8492 0.1545
vn -0.6898 -0.0082 -0.7240
vn 0.1571 -0.7829 -0.6020
vn 0.8264 0.5261 -0.2009
vn 0.7596 0.5725 0.3087
vn 0.5279 0.2664 0.8064
vn -0.8901 -0.4453 0.0970
vn -0.0295 -0.8026 -0.5957
vn 0.6282 0.2094 0.7494
vn -0.1181 0.7341 -0.6687
vn 0.3559 -0.7752 0.5219
vn -0.3695 -0.3247 -0.8707
vn -0.0305 0.8620 0.5060
vn -0.7062 0.3797 0.5976
vn 0.8238 0.1234 -0.5533
vn -0.7265 0.4845 0.4873
vn 0.0444 -0.3433 0.9382
vn -0.4823 -0.8185 0.3122
vn -0.9759 0.2157 -0.0344
vn 0.3703 0.5260 -0.7656
vn 0.8409 0.4285 -0.3305
vn -0.8131 0.2265 0.5362
vn 0.3764 0.8203 -0.4307
vn 0.4048 0.3332 -0.8515
vn -0.7086 -0.3302 0.6236
vn 0.7077 0.6959 -0.1218
vn -0.6512 -0.3746 0.6600
vn 0.7419 0.0486 0.6687
vn 0.2032 0.9790 0.0164
vn -0.5968 -0.7870 -0.1565
vn 0.0506 -0.1852 -0.9814
vn 0.0542 -0.4115 0.9098
vn -0.0683 0.8163 -0.5736
vn -0.9055 0.4163 -0.0829
vn 0.6460 0.6039 0.4669
vn 0.4061 -0.2340 -0.8834
vn -0.4053 0.8730 0.2713
vn -0.7295 0.6030 0.3228
vn 0.9003 -0.4212 0.1099
vn 0.4096 -0.1380 -0.9018
vn -0.5631 -0.0091 0.8263
vn -0.0504 -0.3634 -0.9303
vn -0.0411 -0.1165 0.9923
vn 0.2420 0.4229 -0.8733
vn -0.8346 -0.5303 0.1491
vn 0.3705 0.1525 0.9162
vn 0.1840 -0.4463 -0.8757
vn -0.6047 0.0148 0.7963
vn 0.2554 0.5049 -0.8246
vn 0.1751 -0.5536 0.8142
vn -0.2451 0.0750 0.9666
vn -0.8132 -0.2442 -0.5282
vn -0.8054 0.2393 0.5423
vn 0.7449 -0.0417 -0.6658
vn 0.7140 0.5492 0.4343
vn 0.3237 0.0850 0.9423
vn 0.0132 0.6778 -0.7351
vn 0.5854 -0.6594 0.4717
vn -0.1847 0.0567 -0.9812
vn -0.8943 0.2812 -0.3480
vn 0.7267 -0.3691 0.5793
vn 0.2916 0.4357 -0.8515
vn 0.6397 -0.5183 0.5676
vn -0.7163 0.6962 0.0467
vn 0.9120 0.4044 0.0686
vn -0.3180 -0.3303 0.8887
vn 0.3490 0.1646 -0.9226
vn 0.8734 -0.1117 -0.4740
vn 0.2371 0.8814 -0.4085
vn 0.2586 0.9270 0.2718
vn -0.5319 0.8335 0.1497
vn 0.4144 0.3609 0.8355
vn 0.5014 -0.7267 0.4696
vn -0.3825 0.2160 0.8984
vn 0.8298 -0.0803 -0.5523
vn 0.9791 0.1779 -0.0983
vn 0.1231 -0.6635 -0.7380
vn 0.9357 -0.1071 -0.3362
vn 0.0964 0.2399 -0.9660
vn -0.3990 0.9005 -0.1729
vn 0.4069 0.8209 0.4007
vn 0.4862 -0.8463 0.2176
vn 0.8007 0.0235 -0.5986
vn -0.5968 0.0628 0.7999
vn 0.7330 -0.1542 0.6625
vn 0.4269 0.8707 0.2443
vn 0.4300 0.1384 0.8921
vn 0.2572 -0.7354 0.6269
vn -0.3666 -0.9223 -0.1223
vn -0.6533 0.4728 -0.5913
vn 0.2445 -0.6653 0.7054
vn -0.3432 -0.0689 0.9367
vn 0.8995 -0.2627 0.3490
vn -0.1687 -0.9849 -0.0386
vn 0.7581 0.6521 0.0050
vn -0.3828 0.6997 -0.6032
vn 0.8523 -0.1512 0.5008
vn -0.6360 -0.7708 0.0360
vn -0.8649 0.2750 0.4199
vn -0.8695 -0.4692 -0.1546
vn -0.6508 0.7258 0.2228
vn -0.4639 -0.1437 -0.8741
vn -0.4619 0.3016 0.8341
vn 0.9176 -0.0634 -0.3925
vn -0.2058 0.9247 0.3202
vn -0.4098 -0.8281 -0.3825
vn -0.7186 -0.2969 -0.6289
vn 0.3079 0.7682 0.5614
vn 0.6800 0.0696 0.7299
vn -0.9143 0.3594 0.1866
vn -0.4707 -0.1905 -0.8615
vn 0.4886 0.8725 0.0044
vn -0.8923 -0.3802 0.2434
vn -0.1040 0.0109 0.9945
vn 0.9336 0.2928 -0.2065
vn 0.2465 0.7483 0.6159
vn 0.7520 0.6451 0.1351
vn 0.5973 0.6297 0.4966
vn 0.7346 -0.6048 -0.3076
vn 0.4583 0.8859 0.0713
vn -0.0115 -0.9161 -0.4007
vn 0.4521 0.8483 0.2757
vn -0.1419 0.0773 0.9869
vn 0.6200 -0.1135 -0.7764
vn 0.3039 -0.9280 -0.2157
vn -0.6429 -0.7626 0.0719
vn -0.5140 -0.6603 0.5475
vn 0.7044 -0.6986 0.1260
vn 0.5889 -0.7735 -0.2343
vn -0.5952 0.1716 -0.7850
vn -0.6359 -0.0888 0.7666
vn -0.8130 -0.1715 0.5565
vn 0.3805 -0.9242 -0.0320
vn -0.9359 0.1090 -0.3350
vn 0.3602 -0.0400 -0.9320
vn -0.9563 0.0950 0.2766
vn 0.5209 0.1165 -0.8456
vn -0.6021 0.7779 -0.1797
vn -0.9421 0.2489 -0.2249
vn 0.3551 0.8290 0.4321
vn 0.5295 0.8431 0.0941
vn 0.4658 -0.7510 0.4681
vn -0.4789 -0.6975 0.5330
vn 0.0389 -0.9621 0.2698
vn -0.6413 -0.7643 -0.0685
vn -0.4979 -0.7948 0.3471
vn 0.4175 0.9030 0.1018
vn -0.6669 -0.6274 0.4019
vn -0.9155 -0.3539 0.1912
vn 0.2830 -0.6665 -0.6897
vn -0.9770 -0.1458 -0.1558
vn 0.5744 -0.7786 -0.2527
vn -0.9648 0.0489 -0.2583
vn -0.8075 -0.2758 -0.5214
vn 0.1521 -0.8993 -0.4101
vn -0.8300 0.5189 0.2045
vn -0.5859 -0.4317 0.6858
vn -0.4061 0.4210 0.8111
vn 0.8328 0.5181 -0.1950
vn -0.6845 -0.4245 0.5927
vn -0.4666 -0.5742 -0.6728
vn 0.2608 -0.4177 -0.8703
vn -0.7923 -0.0659 -0.6066
vn 0.0969 0.9909 0.0930
vn -0.9567 -0.2836 0.0656
vn -0.7208 0.4969 0.4833
vn -0.8343 0.4802 -0.2708
vn 0.2589 -0.8328 -0.4893
vn 0.1534 -0.9722 0.1770
vn 0.3459 -0.9381 0.0188
vn 0.5943 -0.8016 -0.0647
vn -0.9827 -0.0957 0.1588
vn -0.0545 -0.5313 0.8454
vn -0.2540 0.6676 0.6998
vn -0.5730 0.3706 -0.7310
vn -0.0625 -0.7363 -0.6737
vn 0.1207 0.9641 0.2366
vn -0.9158 0.3960 0.0670
vn 0.6739 0.0889 -0.7334
vn -0.6835 0.2225 -0.6952
vn -0.1482 -0.6689 -0.7285
vn -0.4304 -0.2908 0.8545
vn -0.6016 -0.7985 -0.0211
vn -0.2587 -0.0647 0.9638
vn 0.0292 0.9795 0.1991
vn -0.2917 -0.9564 -0.0153
vn 0.0142 -0.9972 0.0733
vn -0.4800 -0.8732 -0.0844
vn -0.7750 -0.2544 0.5785
vn -0.8011 0.2311 0.5522
vn -0.2950 0.1895 0.9365
vn 0.2798 0.9415 0.1878
vn -0.0553 -0.5052 -0.8612
vn -0.0040 -0.1808 0.9835
vn -0.2811 -0.7706 -0.5719
vn 0.6227 -0.6642 -0.4135
vn -0.5752 -0.3369 0.7454
vn -0.2743 -0.5584 0.7829
vn -0.2056 -0.9773 0.0502
vn 0.4305 -0.8329 -0.3479
vn -0.1639 -0.9478 -0.2735
vn -0.8154 0.0751 0.5740
vn -0.3732 -0.6247 0.6859
vn -0.7372 0.4651 -0.4902
vn -0.8971 0.3408 0.2811
vn 0.9186 0.1363 -0.3709
vn -0.9206 -0.1913 0.3404
vn -0.8829 -0.4671 0.0484
vn -0.7968 -0.4473 -0.4062
vn -0.9321 -0.1578 -0.3260
vn -0.9564 -0.1109 0.2702
vn -0.1977 -0.2905 0.9362
vn 0.1077 -0.3162 0.9426
vn -0.0269 0.9893 -0.1431
vn -0.7856 -0.5655 -0.2510
vn -0.8664 0.4039 0.2936
vn 0.6221 0.1256 -0.7728
vn -0.3547 0.6522 0.6699
vn 0.4957 0.0473 -0.8672
vn -0.6014 0.2147 0.7695
vn 0.0092 -0.0322 0.9994
vn -0.1702 0.2501 0.9531
vn -0.4990 -0.8656 0.0410
vn -0.2665 0.7823 -0.5630
vn 0.2316 -0.2608 -0.9372
vn -0.4846 -0.0250 0.8744
vn 0.5937 -0.1402 0.7924
vn -0.2938 0.6805 -0.6712
vn -0.4679 0.6123 0.6373
vn -0.8451 -0.2694 0.4618
vn -0.5959 -0.1993 -0.7780
vn -0.1025 0.9851 0.1382
vn -0.7356 -0.0199 0.6771
vn 0.9441 0.3295 -0.0110
vn 0.4819 0.6541 0.5831
vn -0.5802 0.3237 0.7474
vn -0.5668 -0.3736 0.7343
vn -0.5064 0.8334 -0.2215
vn -0.9161 0.1321 0.3785
vn -0.3600 -0.5044 0.7848
vn -0.3477 0.4457 0.8249
vn -0.8336 -0.0425 -0.5507
vn 0.2577 0.9312 0.2577
vn -0.3930 0.9065 -0.1540
vn 0.2338 0.3502 -0.9070
vn -0.9778 -0.1983 0.0671
vn 0.2607 0.6544 0.7098
vn -0.1308 0.9250 0.3567
vn -0.4493 0.8403 0.3035
vn -0.0875 0.9373 -0.3374
vn 0.7785 0.6269 -0.0309
vn 0.1752 -0.9060 0.3853
vn -0.5932 -0.1025 0.7985
vn -0.9502 0.2223 -0.2184
vn 0.2095 0.9734 -0.0923
vn -0.2449 -0.9500 -0.1935
vn 0.2935 -0.7948 0.5312
vn -0.3919 -0.3525 0.8498
vn 0.0181 -0.3167 -0.9484
vn 0.2238 0.3512 0.9091
vn 0.4615 0.8869 0.0211
vn 0.9063 0.1698 -0.3870
vn 0.7516 -0.1711 -0.6370
vn 0.6705 0.7314 0.1249
vn 0.1664 -0.4461 -0.8794
vn -0.8580 -0.3338 -0.3905
vn 0.2522 0.9677 -0.0033
vn 0.5312 -0.5969 -0.6012
vn -0.5892 0.6804 -0.4358
vn -0.3096 0.3196 0.8955
vn 0.1222 -0.5793 0.8059
vn 0.3378 -0.0046 0.9412
vn -0.1219 -0.2272 0.9662
vn 0.4208 -0.8277 -0.3714
vn -0.8851 0.1137 0.4513
vn 0.0521 0.1166 0.9918
vn -0.9625 -0.0018 0.2713
vn 0.4954 -0.7847 0.3725
vn 0.5671 0.6314 0.5288
vn -0.4944 -0.0884 0.8647
vn 0.7032 -0.6948 0.1509
vn -0.3339 -0.0889 0.9384
vn 0.0901 0.4181 0.9039
vn -0.6276 0.7481 0.2155
vn 0.4814 -0.5244 0.7023
vn 0.7414 0.5395 0.3990
vn 0.5725 0.6011 0.5575
vn -0.3024 0.0790 0.9499
vn -0.2163 -0.5316 -0.8189
vn -0.7895 -0.4513 0.4160
vn 0.9121 0.3938 -0.1139
vn 0.1611 -0.3988 -0.9028
vn -0.8496 -0.5228 0.0699
vn 0.8944 -0.2723 0.3549
vn -0.6945 -0.4847 0.5318
vn 0.8528 -0.3264 0.4077
vn -0.1388 -0.9781 0.1553
vn 0.9054 -0.2436 0.3478
vn 0.9639 0.2194 0.1507
vn -0.4181 -0.7611 0.4959
vn 0.6336 -0.7585 0.1522
vn -0.4397 0.8178 0.3713
vn 0.7188 -0.6953 0.0019
vn -0.2355 0.1945 -0.9522
vn -0.9044 0.4188 0.0815
vn -0.8134 0.4104 0.4122
vn 0.5053 0.8604 0.0656
vn 0.1695 -0.7653 -0.6210
vn 0.0741 -0.9885 -0.1315
vn -0.0672 0.3723 0.9257
vn 0.5200 0.4851 -0.7030
vn -0.6774 -0.5514 0.4869
vn 0.3276 0.9446 -0.0207
vn 0.0345 -0.7509 -0.6595
vn -0.9970 0.0063 -0.0769
vn 0.8819 -0.3450 0.3214
vn 0.4548 0.0100 -0.8905
vn -0.4531 0.5130 -0.7290
vn -0.3863 0.3959 0.8331
vn -0.8405 0.1383 -0.5239
vn -0.9004 -0.3543 -0.2524
vn -0.8525 0.0505 -0.5203
vn 0.1327 -0.0792 -0.9880
vn -0.0847 0.8714 0.4832
vn -0.7309 0.6804 -0.0543
vn -0.9922 -0.1235 -0.0142
vn 0.1160 -0.9118 -0.3938
vn 0.3278 -0.9428 -0.0607
vn 0.0846 -0.9296 -0.3588
vn -0.7455 -0.1267 0.6543
vn -0.0996 -0.9530 0.2861
vn -0.4112 -0.2799 0.8675
vn 0.3569 -0.8124 -0.4611
vn 0.5322 0.0799 -0.8428
vn -0.0139 0.9359 0.3519
vn 0.8921 0.1638 0.4212
vn -0.4309 0.0080 -0.9024
vn 0.5931 -0.7705 -0.2335
vn 0.6542 -0.7563 -0.0028
vn 0.4177 -0.3933 -0.8191
vn 0.4065 -0.7310 -0.5480
vn -0.0393 0.5336 0.8448
vn 0.0746 -0.9731 0.2178
vn -0.8525 0.4794 -0.2083
vn -0.6388 0.6966 0.3266
vn -0.0347 0.9821 -0.1849
vn 0.3796 -0.6764 0.6311
vn -0.3019 -0.4093 -0.8610
vn 0.6039 0.0888 -0.7921
vn 0.2142 0.9302 0.2980
vn 0.5680 0.1275 -0.8131
vn -0.8645 0.2323 -0.4457
vn 0.7446 -0.5657 0.3542
vn -0.4737 -0.8198 0.3218
vn 0.2256 0.7318 0.6431
vn -0.5952 -0.7073 0.3815
vn 0.1598 -0.9857 -0.0538
vn -0.0600 -0.2607 0.9636
vn -0.5253 0.3843 -0.7592
vn -0.4971 -0.7251 0.4766
vn -0.6494 0.2868 -0.7043
vn 0.8167 -0.1303 -0.5622
vn 0.3758 -0.3489 -0.8585
vn 0.0425 -0.1492 -0.9879
vn 0.0164 0.9381 0.3460
vn -0.8509 0.2214 0.4763
vn -0.7124 -0.5121 -0.4799
vn -0.1087 0.9936 -0.0307
vn 0.9732 -0.1173 -0.1979
vn 0.2132 0.8097 -0.5467
vn 0.6736 -0.1675 -0.7198
vn -0.4322 0.8560 -0.2836
vn -0.4370 -0.7114 0.5504
vn -0.9203 0.2779 0.2753
vn 0.4021 0.0363 -0.9149
vn 0.1764 0.9284 -0.3271
vn -0.6953 0.2966 0.6546
vn -0.7870 0.5260 0.3224
vn -0.9547 0.1682 0.2454
vn -0.1997 0.8410 0.5029
vn 0.2567 -0.8745 -0.4116
vn 0.6303 0.6017 -0.4906
vn -0.1740 -0.9468 -0.2708
vn 0.5645 -0.4314 -0.7037
vn -0.3721 0.7864 -0.4931
vn -0.2348 -0.7346 -0.6365
vn 0.0372 0.1216 0.9919
vn -0.0263 0.3861 0.9221
vn -0.3001 -0.0780 0.9507
vn 0.4837 0.3052 0.8203
vn 0.6476 -0.7101 -0.2765
vn 0.7745 0.5252 0.3526
vn 0.1326 0.2195 0.9666
vn -0.4654 0.8036 -0.3709
vn 0.5164 0.0380 -0.8555
vn -0.2744 0.5793 0.7675
vn -0.8408 0.1361 0.5240
vn 0.6184 -0.6422 -0.4530
vn -0.6307 0.7475 0.2085
vn -0.2888 -0.3228 0.9013
vn -0.3167 0.8329 0.4538
vn -0.9087 0.2660 0.3218
vn -0.9998 0.0188 -0.0080
vn 0.0740 -0.9881 -0.1348
vn 0.1051 -0.9901 0.0926
vn -0.0292 0.8001 0.5991
vn 0.6596 -0.5008 -0.5605
vn -0.8136 -0.5757 0.0819
vn -0.6350 0.5039 -0.5855
vn 0.9039 0.3548 0.2388
vn -0.8153 -0.4566 -0.3560
vn -0.5848 0.2371 0.7757
vn -0.9261 0.0315 0.3759
vn 0.5110 -0.1041 -0.8532
vn 0.2950 -0.1260 -0.9472
vn -0.4205 -0.1550 -0.8940
vn -0.3399 0.9026 0.2642
vn -0.7146 0.0103 0.6995
vn -0.0635 -0.3709 0.9265
vn -0.1528 -0.6737 -0.7231
vn -0.0730 0.6783 0.7312
vn -0.2886 -0.7023 0.6508
vn 0.2204 0.5101 0.8314
vn -0.0023 -0.8691 -0.4946
vn 0.7981 -0.5337 0.2797
vn -0.1862 -0.8218 -0.5385
vn 0.4898 0.6719 -0.5555
vn -0.4833 -0.5628 0.6706
vn -0.2797 -0.5322 0.7991
vn -0.7225 -0.6819 0.1141
vn -0.7072 -0.7058 0.0414
vn -0.8209 0.5558 -0.1310
vn -0.1826 0.4187 0.8896
vn 0.0571 0.7818 0.6210
vn 0.5984 0.6230 -0.5037
vn -0.2678 0.3621 0.8928
vn 0.4403 0.8932 0.0917
vn 0.3752 -0.6339 -0.6763
vn -0.4023 0.7364 -0.5439
vn -0.7338 -0.5185 -0.4390
vn 0.7509 0.6599 0.0262
vn 0.2749 -0.6412 -0.7164
vn -0.7291 0.1172 0.6743
vn -0.5693 0.3704 -0.7340
vn -0.0394 0.0591 0.9975
vn -0.1863 -0.0377 0.9818
vn -0.2124 -0.0325 -0.9766
vn -0.5109 0.7894 -0.3403
vn 0.0941 -0.8167 -0.5693
vn 0.0059 -0.3557 0.9346
vn -0.6979 0.6052 0.3830
vn 0.9928 -0.0691 -0.0976
vn 0.1321 -0.9178 0.3744
vn -0.4432 -0.8688 -0.2207
vn 0.7677 -0.3241 0.5528
vn -0.8390 -0.5296 0.1249
vn -0.8046 -0.5899 0.0681
vn -0.7527 -0.3103 -0.5807
vn 0.8257 -0.0736 -0.5592
vn -0.0146 -0.6032 0.7975
vn -0.0826 0.2560 -0.9631
vn -0.5890 -0.6191 0.5194
vn 0.0382 -0.7520 0.6580
vn 0.0512 -0.6044 0.7950
vn 0.1196 -0.9783 -0.1690
vn -0.6181 -0.7120 0.3332
vn -0.7293 -0.4449 0.5198
vn 0.8348 0.5348 -0.1310
vn 0.2408 0.8866 0.3950
vn 0.3915 -0.6353 0.6657
vn 0.0882 0.9949 -0.0481
vn 0.1716 0.5031 0.8470
vn -0.3212 -0.8876 -0.3300
vn -0.0980 -0.0969 -0.9905
vn 0.7731 -0.2943 0.5619
vn -0.1214 -0.4519 -0.8838
vn 0.6811 0.0056 -0.7321
vn -0.7655 -0.6430 0.0219
vn 0.3324 -0.7054 -0.6261
vn -0.6784 0.7340 -0.0317
vn -0.0909 0.8776 0.4707
vn -0.5653 -0.4582 0.6859
vn -0.7087 0.6759 0.2020
vn -0.1788 -0.9829 -0.0432
vn -0.2911 0.9462 0.1412
vn -0.4642 0.1009 0.8800
vn 0.4357 0.7978 -0.4168
vn -0.4457 -0.1833 0.8762
vn 0.1183 -0.6279 -0.7692
vn 0.3858 -0.9003 -0.2015
vn -0.4814 0.1766 0.8585
vn 0.4516 -0.7989 0.3972
vn -0.6410 -0.1489 -0.7530
vn 0.8240 0.5094 0.2482
vn 0.4942 0.6241 -0.6052
vn -0.5611 0.7792 0.2794
vn 0.5346 -0.3862 0.7517
vn -0.3515 0.7127 0.6071
vn -0.5515 -0.6938 0.4631
vn -0.8863 -0.2819 0.3674
vn -0.8765 -0.1003 -0.4708
vn -0.4690 -0.1202 0.8750
vn -0.1404 -0.3972 -0.9069
vn 0.3642 -0.9230 -0.1245
vn 0.4473 0.8413 -0.3036
vn -0.4645 -0.5349 0.7058
vn 0.3786 -0.9099 0.1694
vn 0.8395 -0.2631 0.4755
vn 0.6717 -0.5361 0.5113
vn 0.5615 -0.7307 -0.3884
vn 0.1716 0.9816 -0.0839
vn 0.2390 0.8254 -0.5115
vn 0.7390 -0.2877 0.6092
vn 0.6242 -0.7453 0.2343
vn -0.9451 -0.1458 0.2925
vn 0.4481 0.0629 0.8918
vn -0.0579 0.9629 -0.2634
vn -0.7587 -0.1990 0.6203
vn 0.5933 -0.5336 0.6027
vn 0.0159 -0.9333 -0.3588
vn 0.8862 -0.3063 -0.3476
vn 0.2171 0.9723 -0.0862
vn -0.5303 -0.7879 0.3130
vn 0.4048 0.6261 0.6664
vn -0.9290 -0.3348 0.1575
vn 0.9301 -0.0848 -0.3574
vn -0.7278 -0.4591 0.5094
vn -0.8305 -0.1057 -0.5469
vn -0.8149 -0.1004 -0.5708
vn -0.7572 -0.1996 -0.6219
vn -0.7132 -0.1539 -0.6838
vn 0.0554 0.0096 -0.9984
vn -0.6043 -0.4351 0.6675
vn 0.6226 0.1448 -0.7690
vn -0.7792 0.2332 -0.5817
vn -0.7019 0.5903 -0.3987
vn 0.7275 0.1635 0.6664
vn -0.5381 -0.5729 -0.6182
vn -0.6367 0.0561 -0.7691
vn -0.7142 0.4425 -0.5423
vn -0.5403 -0.5682 -0.6207
vn -0.1909 -0.0788 -0.9784
vn -0.4913 0.4135 0.7666
vn -0.5266 0.6869 -0.5009
vn 0.7964 -0.3241 -0.5106
vn -0.8614 -0.0131 0.5077
vn -0.5681 0.5992 -0.5641
vn -0.2708 -0.2612 0.9265
vn -0.5755 -0.6377 0.5120
vn -0.0227 -0.6704 -0.7416
vn 0.4571 -0.5383 -0.7080
vn 0.0675 0.6108 0.7889
vn -0.6684 0.4161 0.6165
vn -0.7456 0.4605 0.4817
vn -0.7751 -0.0920 -0.6251
vn 0.2188 -0.0427 -0.9748
vn -0.3480 -0.5634 -0.7493
vn -0.6977 0.1610 -0.6980
vn 0.4023 0.2112 0.8908
vn 0.9302 0.2625 0.2567
vn 0.6355 0.0308 0.7715
vn -0.2521 -0.4729 0.8443
vn -0.4003 0.8715 0.2832
vn 0.1178 0.9690 -0.2171
vn -0.6018 -0.4720 0.6442
vn -0.7071 0.0712 0.7035
vn 0.7316 0.1313 -0.6690
vn -0.8293 0.0163 0.5586
vn 0.8516 -0.5209 0.0585
vn -0.0807 0.9459 -0.3142
vn -0.2809 0.5657 -0.7753
vn 0.9405 -0.1048 -0.3233
vn -0.7776 0.0526 0.6266
vn -0.5394 0.7420 0.3981
vn -0.9311 0.2863 0.2259
vn -0.2984 -0.0209 0.9542
vn 0.5128 -0.6360 0.5767
vn -0.9253 0.3402 -0.1677
vn -0.9130 -0.0395 0.4061
vn 0.2092 -0.1885 0.9595
vn -0.9101 0.1072 0.4002
vn -0.2379 -0.1275 0.9629
vn -0.9009 0.3165 0.2971
vn -0.2219 -0.3096 0.9246
vn -0.5621 0.5886 -0.5810
vn 0.7395 -0.4200 0.5260
vn -0.9156 -0.0479 0.3993
vn -0.1335 0.9848 0.1111
vn -0.7206 0.6909 -0.0578
vn -0.9938 0.0614 0.0927
vn -0.0499 0.3024 -0.9519
vn 0.0579 -0.7864 -0.6150
vn 0.4498 -0.8809 -0.1475
vn 0.2493 -0.6330 0.7329
vn 0.8454 -0.1858 0.5008
vn -0.3101 -0.8479 0.4301
vn 0.0784 0.8840 -0.4608
vn 0.7515 -0.4295 0.5008
vn -0.6937 0.5454 0.4705
vn 0.4336 -0.3453 0.8323
vn -0.7260 0.3905 0.5660
vn 0.7847 0.0541 0.6175
vn -0.8246 0.3038 0.4772
vn -0.9208 0.3109 0.2357
vn 0.8024 0.4638 -0.3756
vn 0.8734 -0.1899 0.4484
vn 0.7314 -0.6801 -0.0504
vn -0.3636 -0.8788 0.3090
vn 0.6218 0.5937 0.5108
vn -0.2148 0.1459 0.9657
vn 0.7724 -0.1562 -0.6157
vn -0.4080 0.7180 0.5639
vn 0.0188 -0.2473 0.9688
vn 0.5201 -0.6636 0.5377
vn 0.8902 0.0902 -0.4466
vn 0.1700 -0.9629 -0.2096
vn -0.0777 -0.8394 0.5379
vn -0.8461 -0.3419 -0.4090
vn -0.4941 -0.0108 -0.8693
vn -0.4794 -0.0537 0.8759
vn 0.7151 -0.3700 -0.5931
vn -0.1092 -0.8226 0.5581
vn 0.0034 -0.9613 0.2755
vn -0.7818 0.4470 0.4347
vn -0.6537 -0.6851 -0.3213
vn 0.0648 -0.3942 -0.9167
vn 0.0981 -0.6854 -0.7215
vn 0.4247 -0.8649 -0.2677
vn -0.4329 -0.1477 -0.8893
vn -0.6766 0.5631 -0.4744
vn 0.3683 -0.9250 0.0940
vn 0.0876 -0.9030 -0.4206
vn 0.3233 -0.8579 0.3993
vn -0.8815 -0.2054 0.4251
vn 0.7632 0.0982 0.6386
vn -0.5073 0.0151 0.8617
vn -0.9717 0.1742 0.1594
vn -0.7498 0.3376 0.5691
vn -0.5464 0.1739 -0.8192
vn 0.4161 0.8981 -0.1425
vn -0.6250 0.7326 -0.2695
vn -0.6148 0.4651 0.6370
vn -0.6056 0.7664 0.2142
vn -0.5444 0.4853 0.6842
vn -0.0258 0.7246 0.6886
vn -0.5816 -0.4922 -0.6477
vn -0.5573 -0.4696 -0.6848
vn -0.0531 -0.5718 -0.8187
vn 0.4080 -0.6504 -0.6407
vn -0.7032 -0.2625 -0.6608
vn -0.7867 0.1210 0.6054
vn -0.7045 -0.2025 -0.6801
vn -0.6466 0.1098 0.7549
vn 0.1953 -0.5860 -0.7864
vn -0.5323 0.4748 0.7009
vn -0.9332 0.0885 -0.3483
vn -0.8062 0.5695 -0.1606
vn -0.9475 0.1458 0.2846
vn -0.3092 0.3127 -0.8981
vn -0.7325 -0.1856 -0.6550
vn 0.9222 0.3289 0.2033
vn 0.1562 -0.5054 -0.8486
vn 0.4846 -0.8119 -0.3256
vn 0.6398 -0.7624 0.0969
vn 0.5311 -0.7939 -0.2961
vn -0.4887 -0.8040 -0.3389
vn -0.1452 -0.4975 -0.8552
vn -0.9258 0.3190 0.2027
vn -0.6477 -0.7558 0.0961
vn -0.5308 -0.7886 -0.3103
vn 0.9251 0.1810 0.3337
vn 0.3572 -0.5810 -0.7314
vn 0.7193 -0.6913 0.0693
vn 0.3817 -0.7446 0.5476
vn 0.6408 -0.7576 0.1243
vn -0.2275 -0.8683 -0.4408
vn 0.9721 0.2347 -0.0014
vn 0.8567 0.4676 -0.2177
vn 0.7570 -0.6383 0.1396
vn 0.4911 -0.0070 0.8711
vn -0.3724 -0.9030 -0.2143
vn 0.5765 0.0975 0.8113
vn -0.2161 -0.9691 -0.1186
vn -0.5236 -0.7960 -0.3038
vn 0.1771 -0.8768 0.4471
vn -0.2514 -0.4700 -0.8461
vn 0.1074 -0.5148 0.8506
vn 0.4331 -0.4022 0.8066
vn -0.4431 -0.5911 0.6740
vn 0.8457 0.4387 -0.3038
vn -0.2165 -0.6854 0.6952
vn 0.6999 0.6060 -0.3781
vn 0.3517 -0.2376 0.9055
vn 0.5599 0.8237 -0.0897
vn 0.9051 -0.2172 -0.3655
vn 0.4778 0.7975 -0.3683
vn -0.5725 -0.3130 -0.7578
vn 0.2068 -0.4094 -0.8886
vn -0.1699 0.9531 0.2506
vn -0.7925 -0.0495 0.6079
vn -0.8861 -0.0077 -0.4635
vn 0.4629 -0.5534 -0.6925
vn -0.0334 0.9322 -0.3604
vn 0.3954 -0.0787 -0.9151
vn 0.3583 0.7837 0.5073
vn 0.4626 0.4007 0.7908
vn -0.3030 0.3162 -0.8990
vn -0.8219 0.3069 0.4800
vn 0.0748 -0.9221 -0.3796
vn -0.6552 0.6872 -0.3138
vn 0.2909 0.9073 0.3037
vn 0.5129 0.7425 -0.4308
vn -0.4120 0.9054 -0.1024
vn 0.6123 -0.3643 -0.7017
vn -0.0674 -0.9459 -0.3174
vn -0.2979 -0.5961 -0.7456
vn 0.1886 0.9723 -0.1381
vn 0.2579 -0.8279 -0.4980
vn -0.7418 -0.3048 0.5973
vn 0.5599 0.6574 0.5043
vn 0.5663 -0.3284 -0.7560
vn 0.4754 0.6654 -0.5756
vn 0.5956 -0.4598 -0.6587
vn 0.4419 -0.8472 0.2950
vn 0.0125 -0.9945 0.1039
vn 0.6401 0.6756 -0.3659
vn -0.7912 -0.4997 -0.3527
vn -0.2668 -0.4411 0.8569
vn -0.6910 0.4038 0.5996
vn 0.2757 0.5928 0.7567
vn 0.5930 -0.2516 -0.7649
vn 0.6538 -0.7511 -0.0914
vn 0.0569 0.9036 0.4245
vn 0.3923 0.8901 -0.2318
vn 0.0241 -0.9953 -0.0937
vn -0.7991 -0.5411 0.2620
vn -0.4864 -0.8114 -0.3242
vn 0.9751 -0.0842 -0.2053
vn -0.5826 0.1815 0.7922
vn -0.1222 0.9438 -0.3072
vn -0.1224 -0.7689 0.6276
vn 0.8763 0.1530 -0.4569
vn 0.5275 0.6762 0.5143
vn -0.6360 -0.4904 -0.5958
vn -0.7949 -0.6055 -0.0384
vn 0.3008 0.4802 -0.8239
vn 0.1240 0.6843 -0.7186
vn -0.8452 -0.5244 0.1031
vn 0.6151 -0.7867 -0.0527
vn 0.2846 0.6790 -0.6768
vn -0.0444 -0.6241 0.7801
vn -0.6664 -0.2942 -0.6851
vn -0.0234 -0.7914 0.6109
vn -0.5038 -0.8638 -0.0080
vn 0.1576 0.7189 -0.6770
vn 0.6311 0.1626 0.7585
vn -0.1159 -0.8115 0.5727
vn 0.3321 0.2748 -0.9023
vn 0.7858 -0.5980 -0.1578
vn 0.3719 -0.2332 -0.8985
vn 0.1778 0.9812 0.0748
vn 0.8677 0.4317 0.2465
vn -0.5826 -0.8107 0.0584
vn 0.3017 -0.8328 0.4641
vn 0.6475 0.4028 -0.6469
vn 0.8761 0.3817 0.2946
vn -0.0010 0.6605 -0.7508
vn 0.6876 -0.2173 -0.6928
vn -0.6594 -0.4649 0.5908
vn -0.6168 0.7584 0.2107
vn -0.0634 0.6719 0.7379
vn -0.1056 0.3472 0.9318
vn -0.4168 -0.9022 -0.1113
vn -0.6566 0.6983 -0.2851
vn 0.8362 0.3947 0.3807
vn -0.4674 -0.8837 0.0235
vn -0.7127 0.1058 0.6934
vn 0.4440 -0.0377 -0.8952
vn -0.2729 0.1299 0.9532
vn 0.7052 -0.3157 0.6349
vn -0.6434 0.4976 0.5818
vn 0.5630 -0.4200 0.7118
vn -0.0607 -0.6859 0.7251
vn -0.6801 -0.7262 0.1004
vn 0.6451 -0.1999 -0.7375
vn -0.0100 0.8745 -0.4849
vn -0.3136 0.9212 -0.2305
vn 0.3008 -0.5677 0.7663
vn 0.0432 -0.2439 0.9688
vn 0.6483 0.6417 -0.4098
vn 0.6743 0.1836 -0.7152
vn -0.7611 0.3857 0.5215
vn 0.1024 -0.7720 0.6273
vn 0.5064 -0.7154 -0.4814
vn -0.4678 -0.1356 -0.8734
vn -0.0481 -0.1221 -0.9914
vn -0.7046 0.6665 0.2437
vn 0.0377 0.2907 -0.9561
vn -0.6773 0.6767 0.2886
vn -0.5549 0.4296 0.7124
vn -0.6993 0.7027 0.1309
vn 0.2174 0.7307 0.6471
vn -0.0982 -0.8808 0.4632
vn -0.1473 -0.5797 -0.8014
vn 0.4130 -0.9048 0.1040
vn 0.7982 0.4946 -0.3439
vn 0.5903 -0.4108 -0.6948
vn -0.1119 -0.9829 0.1463
vn 0.4959 0.8476 0.1888
vn -0.9410 0.3315 -0.0683
vn -0.7077 -0.5380 0.4579
vn -0.3834 -0.5043 0.7737
vn -0.9997 -0.0004 0.0226
vn 0.7286 -0.6722 -0.1318
vn -0.1177 0.1034 -0.9877
vn 0.8703 0.4752 0.1299
vn -0.8393 -0.0034 -0.5436
vn -0.2862 -0.0979 -0.9532
vn -0.9982 -0.0354 0.0480
vn 0.1826 -0.4214 0.8883
vn 0.4125 -0.8866 -0.2093
vn -0.8033 0.3682 -0.4681
vn -0.5327 0.8056 0.2594
vn 0.9748 -0.1210 -0.1874
vn 0.5145 -0.6047 -0.6080
vn -0.0789 0.6503 -0.7556
vn -0.7139 0.5042 -0.4860
vn -0.3841 0.8478 0.3657
vn -0.3215 -0.3294 0.8878
vn 0.7830 0.2797 -0.5556
vn -0.5821 0.2396 -0.7770
vn -0.7974 -0.0524 0.6012
vn 0.7493 -0.0720 -0.6583
vn -0.8653 -0.0047 -0.5012
vn -0.7606 0.1773 0.6245
vn -0.1240 0.0930 0.9879
vn 0.7800 -0.2845 -0.5574
vn -0.9497 -0.2369 0.2046
vn -0.8078 0.3653 0.4627
vn -0.4154 0.6092 0.6755
vn -0.5922 0.3750 0.7132
vn -0.5626 0.4629 0.6850
vn -0.0506 0.6716 -0.7392
vn -0.3912 -0.8855 -0.2507
vn -0.2391 0.2085 -0.9483
vn -0.7519 0.1322 0.6459
vn 0.0541 0.3597 -0.9315
vn -0.1811 0.1624 -0.9700
vn 0.5991 0.1585 0.7848
vn -0.4730 -0.8715 -0.1296
vn -0.7104 -0.0697 0.7004
vn -0.8792 -0.2115 0.4269
vn -0.4191 -0.8961 -0.1459
vn 0.2314 -0.4271 -0.8741
vn -0.7745 0.6143 -0.1510
vn 0.2279 -0.5352 -0.8134
vn 0.8868 -0.4371 0.1501
vn 0.8640 -0.3605 -0.3516
vn -0.9302 -0.1353 0.3411
vn -0.5756 -0.4609 0.6755
vn 0.7871 -0.5936 -0.1676
vn -0.4354 -0.8622 -0.2588
vn 0.5177 0.8380 -0.1724
vn -0.3533 0.1057 -0.9295
vn -0.7085 -0.6780 0.1957
vn 0.8585 0.2425 -0.4518
vn 0.8848 -0.4510 -0.1167
vn -0.0703 0.7678 -0.6368
vn -0.9133 -0.3985 -0.0837
vn -0.7889 0.6124 0.0510
vn -0.0395 0.3788 -0.9246
vn 0.8953 -0.4053 -0.1849
vn 0.7881 -0.4302 0.4402
vn 0.3172 -0.4288 0.8459
vn -0.7982 -0.3508 0.4898
vn -0.9492 0.3074 0.0667
vn -0.8449 0.1014 -0.5252
vn 0.3875 0.0454 -0.9207
vn -0.7108 0.2633 -0.6523
vn -0.9229 0.3850 -0.0112
vn -0.8598 -0.0582 0.5072
vn 0.1152 -0.5967 0.7942
vn -0.4288 0.5700 0.7009
vn 0.1344 0.2582 -0.9567
vn 0.1632 0.3268 -0.9309
vn -0.5540 -0.0127 0.8324
vn 0.8645 -0.3701 0.3401
vn -0.3450 -0.2880 0.8933
vn 0.4485 0.0200 -0.8936
vn -0.7238 0.2877 -0.6271
vn 0.5451 -0.2786 0.7908
vn 0.5948 -0.4876 0.6391
vn -0.0704 0.0510 0.9962
vn 0.5227 -0.3675 0.7693
vn 0.2202 0.4144 -0.8830
vn -0.0331 0.7577 0.6517
vn -0.9895 -0.0053 0.1447
vn 0.4847 -0.8701 0.0889
vn -0.6861 0.6605 0.3050
vn -0.3482 -0.6043 -0.7166
vn -0.5496 -0.2541 -0.7959
vn 0.6047 0.0025 -0.7964
vn 0.5082 0.7937 0.3344
vn -0.0219 0.3037 0.9525
vn 0.3157 0.9368 0.1510
vn -0.5319 -0.7092 -0.4627
vn -0.5854 0.8079 0.0675
vn 0.1402 -0.6708 -0.7282
vn 0.3644 0.4351 0.8233
vn 0.2428 0.6243 -0.7425
vn -0.5597 -0.0403 -0.8277
vn -0.7866 -0.2026 -0.5833
vn 0.2983 -0.9534 0.0454
vn 0.0968 0.9569 -0.2740
vn -0.0243 -0.2765 -0.9607
vn -0.4607 0.6033 0.6510
vn -0.1195 0.6566 0.7447
vn -0.8001 0.2864 0.5271
vn -0.7587 0.1972 0.6209
vn -0.3185 -0.1497 -0.9360
vn -0.8166 -0.1684 0.5521
vn -0.6078 -0.6896 0.3938
vn -0.5951 0.0033 -0.8037
vn -0.3373 -0.5532 -0.7617
vn -0.2987 0.8311 0.4691
vn -0.3506 -0.8039 -0.4804
vn 0.4564 -0.4813 0.7484
vn 0.1478 0.9532 -0.2638
vn -0.8159 -0.4540 0.3579
vn 0.3736 0.6741 -0.6372
vn 0.6631 0.3876 0.6404
vn -0.5045 0.4254 0.7514
vn -0.8387 -0.4089 0.3597
vn -0.5703 0.3139 -0.7591
vn 0.1615 -0.9351 0.3155
vn 0.5662 0.3496 0.7465
vn -0.5291 0.3095 0.7901
vn -0.9043 -0.2801 -0.3222
vn -0.6682 0.7440 0.0045
vn -0.5640 -0.6963 0.4439
vn 0.1651 -0.7010 0.6938
vn -0.6449 0.2568 0.7198
vn 0.0431 -0.7515 0.6583
vn 0.4682 -0.3127 0.8265
vn 0.2264 -0.6918 -0.6857
vn -0.0629 -0.6767 -0.7336
vn -0.6247 -0.4067 -0.6666
vn 0.6535 0.0151 -0.7568
vn -0.0916 0.7432 -0.6627
vn -0.2170 -0.2766 0.9362
vn -0.5673 0.1548 0.8088
vn 0.9255 -0.3780 -0.0239
vn 0.5857 -0.8008 -0.1250
vn -0.8263 -0.0472 0.5612
vn 0.4215 -0.6655 -0.6160
vn 0.5614 -0.2044 -0.8019
vn 0.9624 0.1813 0.2022
vn -0.9006 0.3415 -0.2690
vn -0.7023 0.7118 -0.0130
vn -0.8006 -0.1584 -0.5779
vn 0.0732 0.4058 0.9110
vn -0.8222 -0.4514 0.3468
vn 0.9162 -0.3855 -0.1095
vn -0.8127 -0.5817 0.0338
vn 0.4836 -0.0228 -0.8750
vn -0.5682 -0.1621 0.8067
vn -0.1980 0.4698 -0.8603
vn -0.5993 -0.0044 -0.8005
vn -0.3884 -0.9115 -0.1352
vn 0.8225 0.5224 0.2250
vn 0.6710 -0.6591 -0.3396
vn 0.6350 0.3592 0.6840
vn -0.4824 0.5661 -0.6685
vn -0.4007 0.6494 -0.6463
vn -0.3382 0.7268 0.5978
vn 0.5373 -0.8426 -0.0361
vn 0.1501 -0.3176 -0.9363
vn 0.0595 -0.8640 0.4999
vn -0.6862 0.0317 -0.7268
vn -0.9457 0.2410 0.2179
vn -0.7019 0.0117 0.7122
vn -0.6336 -0.7576 0.1567
vn 0.9957 0.0921 0.0014
vn 0.3346 0.3065 -0.8911
vn 0.7640 -0.5881 0.2654
vn 0.0492 0.9612 -0.2714
vn -0.8734 0.2783 0.3997
vn 0.8456 -0.1450 -0.5138
vn -0.9664 -0.2563 -0.0199
vn 0.7250 -0.6583 -0.2027
vn -0.4142 -0.2751 0.8676
vn 0.3717 -0.8976 0.2369
vn 0.1796 -0.1856 -0.9661
vn -0.4935 -0.1831 -0.8503
vn 0.5297 -0.7972 0.2895
vn -0.5020 -0.8197 -0.2758
vn 0.3045 -0.9515 0.0433
vn 0.7285 -0.5625 0.3909
vn 0.3059 -0.9278 0.2134
vn 0.5120 -0.8352 -0.2006
vn -0.8845 0.1733 0.4332
vn -0.1435 -0.8978 -0.4163
vn -0.7117 0.2562 -0.6541
vn -0.0540 -0.9762 -0.2102
vn 0.1647 0.1587 0.9735
vn 0.5132 0.3097 0.8005
vn 0.7996 -0.5814 -0.1507
vn -0.1592 -0.9738 -0.1624
vn 0.9844 -0.0295 0.1734
vn -0.0658 -0.9905 -0.1207
vn -0.7865 0.2761 0.5524
vn 0.1876 0.3401 0.9215
vn -0.2982 -0.5682 -0.7670
vn 0.0698 -0.9975 0.0120
vn -0.6176 0.7811 0.0922
vn -0.1651 0.1741 0.9708
vn -0.3666 -0.8463 -0.3865
vn 0.2605 0.1247 0.9574
vn -0.7508 0.3342 0.5698
vn 0.8121 0.4317 -0.3926
vn 0.8828 -0.1568 0.4429
vn 0.7258 -0.3082 0.6150
vn 0.1993 -0.7127 -0.6725
vn 0.7487 0.6623 -0.0267
vn 0.9594 0.1832 0.2143
vn -0.4846 0.7945 -0.3660
vn -0.1444 0.3646 0.9199
vn 0.3610 0.8339 -0.4175
vn 0.4559 0.2681 0.8487
vn -0.3609 -0.7660 0.5320
vn -0.5332 -0.8371 -0.1223
vn -0.6563 0.1994 -0.7277
vn 0.7543 -0.4697 0.4587
vn 0.2921 0.8644 -0.4092
vn -0.4075 0.6902 0.5979
vn -0.5122 -0.7170 0.4729
vn -0.8005 0.0290 0.5987
vn -0.5536 0.6791 -0.4820
vn 0.8159 -0.2882 0.5012
vn -0.2764 0.7012 -0.6572
vn -0.5372 0.7163 -0.4454
vn 0.3148 0.7675 0.5584
vn -0.1037 -0.7662 0.6341
vn -0.7333 0.3413 0.5880
vn -0.6276 0.7359 -0.2542
vn 0.8645 0.0468 -0.5005
vn -0.3849 -0.6853 -0.6183
vn -0.3555 0.1512 -0.9224
vn 0.0974 0.7643 0.6374
vn -0.4709 -0.7178 0.5129
vn -0.8580 0.1512 0.4909
vn -0.5509 0.5912 -0.5890
vn 0.9094 -0.0074 0.4158
vn -0.3693 -0.7332 -0.5709
vn 0.9370 0.2245 0.2678
vn -0.0440 0.3527 -0.9347
vn 0.0613 0.8504 -0.5225
vn -0.6436 0.6960 0.3184
vn 0.2652 0.6072 -0.7490
vn 0.0429 0.6976 0.7152
vn -0.4549 -0.7328 0.5060
vn -0.5954 -0.3234 0.7354
vn -0.5486 0.4663 -0.6940
vn 0.9807 0.1665 -0.1025
vn -0.4830 0.7081 -0.5151
vn -0.3157 0.4111 0.8552
vn 0.7163 -0.0622 -0.6950
vn -0.3861 0.8262 -0.4102
vn 0.5287 0.5244 0.6674
vn 0.7273 0.0778 -0.6819
vn 0.7371 0.6335 -0.2355
vn -0.7539 0.2906 0.5892
vn -0.2563 -0.1346 0.9572
vn 0.0645 0.0601 0.9961
vn -0.8648 0.0045 0.5020
vn -0.5049 0.4452 0.7395
vn -0.8065 0.3443 -0.4807
vn 0.4433 -0.2980 -0.8454
vn 0.0151 0.4662 -0.8846
vn 0.8624 0.2528 -0.4385
vn -0.2573 -0.5010 -0.8263
vn 0.2114 -0.5438 -0.8122
vn -0.1944 -0.7753 0.6009
vn 0.2214 0.9695 -0.1051
vn -0.3094 0.6702 0.6746
vn 0.6443 0.3444 -0.6828
vn 0.5880 0.8050 -0.0792
vn 0.4919 -0.8212 0.2892
vn 0.8887 0.4485 -0.0955
vn 0.1050 -0.9701 -0.2189
vn 0.3685 -0.9274 -0.0648
vn 0.0174 -0.9114 0.4112
vn 0.5495 -0.8352 -0.0236
vn -0.6936 -0.6651 0.2767
vn -0.3362 -0.4021 0.8516
vn -0.8469 -0.1740 0.5025
vn -0.5210 -0.7118 -0.4711
vn 0.6518 -0.1517 -0.7431
vn -0.1733 0.6219 0.7637
vn -0.9616 0.1066 0.2531
vn 0.1408 0.3486 0.9266
vn -0.6610 0.5156 -0.5451
vn -0.3021 -0.6715 0.6766
vn -0.0906 0.4147 0.9054
vn 0.2642 0.1384 -0.9545
vn -0.5645 0.8190 0.1028
vn 0.2643 0.5421 -0.7977
vn -0.3196 0.5345 -0.7824
vn -0.8235 -0.5229 -0.2200
vn 0.3835 -0.8741 -0.2981
vn 0.0713 -0.9657 0.2497
vn 0.1845 0.6993 0.6906
vn -0.9478 -0.1430 -0.2851
vn 0.0121 0.1658 0.9861
vn -0.7231 0.4159 0.5516
vn 0.8363 -0.2549 0.4854
vn -0.1954 -0.9238 -0.3292
vn 0.3631 -0.7748 0.5176
vn 0.0467 -0.4358 0.8988
vn -0.1524 -0.8920 -0.4256
vn 0.3895 0.9127 -0.1237
vn 0.6438 -0.6460 -0.4100
vn -0.0100 0.6166 0.7872
vn -0.8322 -0.5500 0.0702
vn -0.7211 -0.6905 0.0563
vn -0.3526 -0.5734 -0.7395
vn -0.9263 0.1736 0.3345
vn -0.3877 -0.7443 0.5438
vn -0.6456 -0.7552 0.1135
vn 0.8931 0.4301 0.1318
vn 0.2383 -0.5758 -0.7821
vn 0.4180 -0.7601 -0.4975
vn 0.7012 -0.7114 0.0458
vn 0.4906 -0.8305 -0.2636
vn -0.4346 -0.7421 -0.5103
vn -0.2245 -0.5706 -0.7900
vn -0.8991 0.4178 0.1306
vn -0.7088 -0.7038 0.0476
vn -0.4892 -0.8261 -0.2797
vn 0.3415 0.5082 0.7906
vn -0.2024 -0.3971 0.8952
vn -0.3920 -0.5463 -0.7402
vn -0.7868 -0.3526 -0.5065
vn 0.4350 0.4529 0.7783
vn -0.4668 -0.5248 -0.7118
vn -0.5881 -0.8030 0.0962
vn -0.0802 0.2034 0.9758
vn -0.8441 -0.1596 -0.5119
vn -0.2652 -0.6547 -0.7079
vn -0.3550 0.2861 0.8900
vn 0.2733 0.8135 -0.5133
vn -0.2320 -0.2702 0.9344
vn 0.1011 0.9032 -0.4171
vn 0.1223 0.6028 0.7885
vn 0.3618 -0.2450 0.8995
vn -0.0979 0.3816 0.9191
vn 0.0392 -0.5412 0.8400
vn -0.0960 -0.2898 -0.9523
vn -0.3174 0.7394 -0.5938
vn 0.7103 -0.7008 -0.0660
vn 0.4817 -0.6048 -0.6341
vn -0.2766 -0.1324 -0.9518
vn 0.4780 0.6306 0.6114
vn -0.6831 0.7279 0.0585
vn 0.5245 0.8475 0.0813
vn -0.4586 0.8290 -0.3201
vn 0.1605 0.5204 -0.8387
vn -0.2065 0.6047 -0.7692
vn 0.6702 -0.7077 -0.2236
vn 0.0464 0.7914 0.6096
vn -0.4486 0.6081 0.6549
vn -0.6387 0.6007 -0.4808
vn -0.3817 0.6382 -0.6686
vn -0.8590 0.0736 -0.5067
vn -0.3128 -0.1234 -0.9418
vn 0.1637 0.5396 -0.8259
vn -0.8484 0.5060 -0.1556
vn -0.2420 0.4771 0.8449
vn -0.4390 0.6575 0.6123
vn 0.5221 -0.5680 -0.6363
vn -0.7749 0.6263 0.0850
vn 0.9935 -0.1102 -0.0270
vn -0.0583 0.7347 0.6758
vn 0.2269 0.5812 -0.7815
vn 0.0512 0.8974 -0.4382
vn -0.5840 -0.7870 0.1987
vn -0.2817 0.8307 -0.4802
vn -0.7335 0.6551 0.1811
vn -0.6968 -0.5393 0.4729
vn -0.7614 0.6280 -0.1612
vn -0.4634 0.6160 -0.6370
vn 0.4056 0.4361 0.8033
vn -0.4381 0.5714 0.6939
vn 0.4567 0.6065 0.6508
vn 0.9877 -0.1336 0.0815
vn -0.7431 0.2018 -0.6381
vn -0.9365 0.1815 0.2999
vn -0.9551 0.1778 0.2368
vn -0.7484 0.1628 -0.6430
vn -0.6935 0.7197 -0.0313
vn 0.0267 0.1999 -0.9795
vn -0.9753 0.1241 -0.1825
vn -0.2134 -0.7862 -0.5799
vn -0.8917 0.1967 0.4076
vn -0.8919 -0.1323 -0.4325
vn -0.4913 -0.0437 -0.8699
vn 0.1588 -0.3596 0.9195
vn -0.8581 0.3108 -0.4087
vn 0.0776 -0.4483 0.8905
vn 0.8599 -0.0196 -0.5102
vn 0.4912 -0.8659 -0.0948
vn 0.3712 -0.9255 -0.0750
vn -0.1156 -0.1334 -0.9843
vn -0.4293 0.4794 0.7654
vn -0.6833 0.5819 -0.4409
vn -0.1494 0.8828 0.4454
vn -0.6871 0.7221 0.0803
vn -0.3481 0.8798 -0.3237
vn -0.1650 0.9788 -0.1215
vn 0.6871 0.4072 -0.6018
vn 0.8705 -0.4712 -0.1424
vn 0.3838 -0.8555 -0.3477
vn 0.7854 -0.2225 -0.5777
vn 0.6881 -0.4318 -0.5831
vn 0.9607 -0.2764 0.0249
vn 0.4259 -0.7928 -0.4359
vn -0.0584 0.2244 -0.9727
vn -0.8625 0.0756 0.5003
vn 0.2859 0.2957 0.9115
vn 0.7476 0.4309 -0.5054
vn 0.7921 0.1782 0.5838
vn -0.0983 0.6575 0.7470
vn 0.1876 0.9528 0.2385
vn -0.1428 0.5922 0.7930
vn 0.2337 -0.2332 0.9439
vn 0.4075 0.8780 0.2510
vn -0.3443 -0.7480 -0.5674
vn -0.5239 0.1303 -0.8418
vn -0.6622 -0.0603 -0.7469
vn -0.1890 0.8492 -0.4932
vn -0.2101 0.7504 -0.6268
vn 0.2763 0.5723 -0.7721
vn 0.1131 -0.9675 0.2263
vn -0.5758 -0.4958 -0.6501
vn -0.6001 0.7904 -0.1231
vn 0.2676 -0.5513 0.7903
vn 0.1067 0.7007 0.7054
vn -0.4997 0.6836 -0.5319
vn -0.5162 -0.4947 0.6992
vn 0.7766 0.2154 0.5920
vn 0.2735 -0.9368 0.2180
vn 0.1585 -0.7149 0.6810
vn 0.0593 -0.8833 0.4651
vn 0.4418 -0.6341 0.6346
vn 0.4513 0.1055 0.8861
vn 0.4599 -0.8877 -0.0238
vn -0.4629 0.8603 -0.2134
vn 0.4441 0.0075 0.8960
vn 0.3026 -0.0579 0.9514
vn 0.2160 -0.9595 -0.1811
vn 0.8543 -0.4712 0.2196
vn -0.1082 -0.3433 -0.9330
vn -0.8355 0.4952 0.2383
vn -0.8593 0.5065 0.0707
vn -0.7479 -0.6637 -0.0060
vn -0.0326 -0.2571 0.9658
vn -0.1753 -0.5927 -0.7861
vn -0.4626 0.7612 0.4545
vn 0.9552 -0.2531 0.1534
vn 0.1600 0.9034 0.3979
vn -0.6732 0.6846 0.2794
vn 0.2982 -0.3760 0.8773
vn -0.6076 -0.3656 -0.7051
vn -0.5253 0.5256 -0.6692
vn 0.6154 -0.2952 0.7309
vn -0.4418 0.8550 -0.2716
vn 0.8667 0.3069 0.3932
vn -0.6839 -0.4545 -0.5707
vn 0.9852 -0.1334 -0.1079
vn 0.0235 -0.9896 0.1418
vn 0.8105 0.0921 0.5784
vn 0.4507 0.3078 -0.8379
vn -0.1684 -0.5104 0.8433
vn -0.8317 0.4328 0.3479
vn 0.5244 -0.4595 -0.7168
vn -0.3333 0.8270 0.4527
vn -0.2328 0.5849 0.7770
vn 0.0006 0.7271 -0.6865
vn -0.0656 0.3529 -0.9334
vn -0.0654 -0.4338 0.8986
vn -0.4004 0.8114 -0.4258
vn 0.6050 -0.6431 0.4694
vn -0.0438 0.3064 -0.9509
vn -0.0957 0.7491 -0.6555
vn 0.0795 0.3551 -0.9314
vn 0.4819 -0.5486 0.6833
vn -0.2562 -0.0454 0.9656
vn 0.0586 0.5334 -0.8438
vn 0.1110 -0.3976 -0.9108
vn -0.1587 0.7799 0.6054
vn 0.3505 0.4120 -0.8411
vn 0.2201 -0.1085 -0.9694
vn 0.0775 0.7089 -0.7011
vn 0.3238 0.9399 0.1084
vn 0.1194 0.7753 -0.6203
vn -0.1392 -0.8419 -0.5213
vn -0.8685 -0.0970 0.4861
vn 0.6378 -0.3727 -0.6741
vn 0.1791 0.8588 -0.4800
vn -0.3302 0.9406 0.0795
vn 0.5844 0.7092 0.3944
vn -0.7326 -0.0816 0.6757
vn 0.0516 -0.3713 0.9271
vn -0.4016 -0.1327 -0.9061
vn -0.1827 0.9781 -0.0997
vn 0.4598 0.2646 0.8477
vn 0.2780 0.7027 -0.6549
vn 0.8373 0.3515 0.4188
vn -0.5687 -0.0635 -0.8201
vn -0.8198 -0.4225 0.3865
vn -0.4019 -0.7372 -0.5431
vn 0.0100 -0.4330 -0.9013
vn -0.9467 -0.2881 -0.1442
vn -0.9465 -0.3226 0.0091
vn -0.6996 -0.6195 -0.3561
vn -0.2455 0.8626 -0.4422
vn -0.1619 0.3825 -0.9097
vn -0.2560 0.5873 -0.7678
vn -0.7580 -0.5344 -0.3740
vn 0.4527 -0.0693 0.8890
vn -0.0999 0.8324 -0.5451
vn 0.6617 -0.4482 0.6010
vn 0.8825 0.4544 0.1216
vn 0.1287 -0.3356 -0.9332
vn 0.9459 -0.2791 -0.1656
vn 0.6552 -0.5656 0.5009
vn 0.8576 -0.3824 -0.3439
vn -0.0983 -0.0467 0.9941
vn 0.3055 -0.1965 -0.9317
vn -0.1221 -0.8440 0.5222
vn -0.8798 0.0886 0.4670
vn -0.9813 -0.1912 -0.0199
vn 0.2057 -0.9206 -0.3320
vn -0.9018 0.3062 0.3048
vn 0.7790 0.5770 0.2453
vn -0.7696 -0.4404 0.4623
vn 0.3511 0.5580 -0.7519
vn 0.1082 -0.9916 -0.0713
vn -0.9439 0.2607 -0.2027
vn -0.3943 0.6154 -0.6826
vn 0.6474 -0.5429 0.5350
vn 0.3910 0.7151 0.5794
vn -0.5401 -0.2819 -0.7930
vn -0.3285 0.7627 -0.5571
vn 0.0012 -0.8518 -0.5239
vn -0.5761 0.4315 0.6942
vn -0.1216 0.4243 0.8973
vn -0.4230 0.3750 -0.8249
vn 0.0019 -0.9856 -0.1690
vn -0.4020 -0.8673 0.2936
vn 0.2992 -0.7704 0.5629
vn -0.4176 -0.7475 0.5167
vn 0.5816 0.6718 -0.4587
vn 0.0121 0.9986 0.0522
vn 0.8362 0.2767 -0.4735
vn 0.7767 0.5946 0.2079
vn 0.7070 0.0748 0.7032
vn 0.6580 0.0465 -0.7516
vn -0.9877 -0.0049 -0.1562
vn 0.0657 -0.7309 0.6793
vn -0.3895 0.6874 -0.6130
vn 0.5962 0.7518 0.2817
vn -0.3144 -0.8484 0.4259
vn -0.5336 -0.8324 0.1499
vn -0.1866 0.9258 0.3286
vn -0.5355 -0.0270 0.8441
vn -0.8321 -0.5499 0.0725
vn -0.2205 -0.9025 0.3700
vn -0.7528 -0.2622 -0.6038
vn -0.7895 0.5386 -0.2943
vn 0.6596 0.4754 0.5822
vn 0.4040 -0.6844 -0.6069
vn 0.4406 0.3306 -0.8346
vn 0.2893 -0.3889 -0.8747
vn 0.2228 0.9711 -0.0853
vn -0.3380 -0.3182 0.8857
vn -0.5724 -0.7566 0.3162
vn -0.7885 0.0056 0.6150
vn -0.3583 0.9120 -0.1999
vn -0.1306 -0.1086 -0.9855
vn -0.2555 0.1736 0.9511
vn 0.6130 0.2087 -0.7620
vn 0.9724 0.2184 0.0826
vn 0.9165 0.0896 -0.3899
vn -0.3011 0.9279 -0.2201
vn -0.6340 -0.7533 0.1748
vn 0.2678 -0.9230 0.2764
vn -0.4512 0.8924 0.0082
vn 0.6951 -0.7043 -0.1443
vn 0.9187 0.2692 -0.2891
vn -0.5073 -0.4585 0.7297
vn -0.7059 0.6469 0.2885
vn 0.0836 -0.7385 0.6691
vn -0.3678 0.7009 -0.6111
vn -0.5255 -0.8019 0.2842
vn -0.9865 -0.1534 0.0565
vn 0.1225 0.0317 -0.9920
vn -0.6037 0.3000 -0.7386
vn -0.3264 0.8033 0.4982
vn -0.6855 -0.7253 0.0627
vn 0.7831 0.6064 -0.1379
vn -0.1984 -0.9316 0.3044
vn -0.8239 -0.1613 0.5433
vn 0.6303 0.5952 -0.4985
vn 0.9290 -0.1512 -0.3377
vn -0.5536 -0.2873 -0.7817
vn 0.9731 0.0194 -0.2294
vn -0.5169 -0.8308 -0.2064
vn 0.4134 -0.7350 0.5374
vn -0.1485 0.0618 -0.9870
vn 0.2327 -0.8563 0.4612
vn -0.4993 -0.1576 -0.8520
vn -0.5603 -0.3406 -0.7550
vn -0.0499 0.6209 0.7823
vn -0.5481 -0.0053 0.8364
vn -0.6233 0.7700 0.1365
vn -0.2472 0.6597 -0.7097
vn -0.6943 0.7195 0.0150
vn 0.0620 0.2205 0.9734
vn 0.7881 0.0535 0.6133
vn 0.2654 -0.6403 0.7208
vn -0.7452 0.6666 -0.0159
vn 0.7480 -0.2043 0.6315
vn 0.3240 -0.3354 -0.8846
vn 0.0306 -0.2108 0.9771
vn 0.5584 -0.8199 -0.1266
vn 0.8705 0.4540 0.1900
vn -0.2696 0.0091 0.9629
vn -0.5696 -0.6626 -0.4864
vn 0.5158 0.1201 -0.8482
vn 0.2837 0.7372 -0.6132
vn -0.6107 -0.0744 0.7884
vn 0.0331 -0.3223 -0.9461
vn -0.9758 0.1852 0.1161
vn 0.6850 -0.0142 -0.7284
vn 0.2722 -0.7267 0.6307
vn -0.4039 -0.5596 -0.7237
vn 0.4739 -0.3113 0.8237
vn 0.1396 0.8607 0.4896
vn 0.3149 -0.5181 0.7953
vn 0.2118 0.9739 0.0813
vn 0.2725 0.7310 -0.6257
vn -0.0148 -0.3659 0.9305
vn -0.7141 0.2576 -0.6509
vn -0.0371 0.7455 -0.6654
vn -0.0205 -0.9489 0.3148
vn 0.0354 0.1857 -0.9820
vn -0.2175 0.9733 0.0730
vn -0.6559 0.7194 -0.2284
vn 0.9304 0.0432 0.3640
vn 0.6794 -0.1030 -0.7265
vn 0.3700 0.8800 -0.2979
vn 0.7962 -0.2718 -0.5406
vn -0.1977 0.1747 0.9646
vn -0.3846 -0.0704 0.9204
vn -0.0763 0.0775 0.9941
vn 0.6897 0.7194 0.0824
vn -0.5400 0.0189 0.8414
vn 0.0651 -0.3121 -0.9478
vn -0.7041 0.7101 0.0032
vn -0.9700 0.1950 0.1449
vn -0.9135 0.3925 -0.1073
vn -0.2199 -0.6576 0.7206
vn -0.0039 0.4996 -0.8663
vn -0.5520 -0.7193 0.4218
vn -0.0848 0.6091 0.7885
vn -0.7188 -0.5502 -0.4249
vn -0.0162 -0.8804 0.4739
vn -0.6887 -0.0616 -0.7224
vn -0.1396 0.9901 0.0145
vn -0.8220 -0.5456 -0.1633
vn -0.3917 -0.4372 0.8096
vn -0.5950 -0.5270 -0.6068
vn 0.1730 0.8115 -0.5581
vn -0.4407 -0.2893 0.8497
vn 0.8057 -0.5915 -0.0313
vn -0.1702 0.3409 0.9246
vn 0.6664 0.6408 -0.3812
vn 0.3724 0.0994 0.9227
vn -0.3219 -0.6065 -0.7271
vn 0.7144 0.6730 -0.1914
vn -0.6618 0.0713 0.7463
vn 0.7123 0.1280 0.6901
vn -0.1442 0.2180 0.9652
vn -0.7156 0.0167 0.6983
vn 0.2842 0.9539 -0.0965
vn -0.4724 0.4100 0.7802
vn 0.1762 0.9249 0.3369
vn 0.8258 0.5607 -0.0601
vn 0.5309 -0.4557 -0.7145
vn -0.1273 0.0416 0.9910
vn 0.8403 -0.4412 -0.3151
vn 0.9899 0.1386 -0.0301
vn 0.4698 0.5537 0.6875
vn 0.9593 0.2474 0.1363
vn -0.9048 -0.2524 0.3429
vn -0.3542 -0.8152 -0.4582
vn -0.0764 0.1405 -0.9871
vn -0.4772 -0.2453 -0.8439
vn -0.6218 -0.4596 0.6342
vn 0.1901 0.5706 -0.7989
vn -0.4636 -0.8518 0.2441
vn 0.9207 -0.3407 0.1902
vn 0.1007 0.9699 0.2219
vn 0.3380 -0.1911 -0.9215
vn 0.2533 -0.9153 0.3131
vn -0.9510 0.2130 0.2240
vn 0.5682 0.8183 -0.0871
vn -0.6953 0.4281 0.5773
vn -0.7513 0.3555 0.5561
vn 0.1097 -0.2474 -0.9627
vn 0.6580 0.0034 0.7530
vn 0.4328 -0.0816 -0.8978
vn 0.7803 -0.6172 -0.1012
vn 0.3698 -0.9222 -0.1130
vn 0.4425 -0.7967 -0.4116
vn -0.6679 0.4956 0.5552
vn -0.7930 0.3989 0.4604
vn -0.9744 -0.2222 -0.0336
vn 0.5648 -0.3427 -0.7507
vn 0.8984 0.2952 0.3250
vn -0.7192 -0.4005 -0.5678
vn 0.9211 0.3606 -0.1470
vn -0.8874 -0.0351 -0.4596
vn 0.9290 0.2778 -0.2447
vn -0.3276 0.9237 0.1986
vn -0.2328 -0.0729 -0.9698
vn -0.8121 0.0931 -0.5761
vn -0.7009 -0.1126 0.7043
vn -0.7631 0.2991 -0.5729
vn 0.4763 0.8683 -0.1383
vn -0.9551 0.0987 0.2794
vn -0.1686 0.8966 0.4095
vn -0.0186 0.5710 0.8207
vn 0.4657 -0.8765 -0.1218
vn -0.1673 -0.4572 -0.8735
vn 0.2669 -0.8561 0.4425
vn -0.5160 -0.6426 0.5663
vn -0.2273 -0.1565 -0.9612
vn -0.4545 0.5520 -0.6991
vn 0.8624 -0.1921 0.4684
vn 0.4662 0.3545 -0.8105
vn 0.6967 0.0380 0.7164
vn 0.6209 0.1016 0.7773
vn -0.7286 0.6727 0.1290
vn -0.0104 -0.0212 -0.9997
vn 0.2814 -0.9017 -0.3283
vn -0.7732 0.6340 -0.0178
vn -0.2647 -0.0466 -0.9632
vn -0.3018 -0.4563 0.8371
vn 0.0242 0.3184 -0.9476
vn 0.3067 0.9179 0.2517
vn -0.9774 -0.2085 0.0343
vn -0.6223 -0.4740 0.6229
vn -0.7165 -0.4065 0.5669
vn -0.0071 0.3712 -0.9285
vn -0.2574 0.2070 -0.9439
vn 0.7137 0.5188 -0.4706
vn 0.3672 0.7026 0.6095
vn 0.9471 0.3121 -0.0742
vn 0.3922 -0.8513 -0.3485
vn 0.1516 -0.3862 -0.9099
vn 0.8674 -0.1714 0.4671
vn 0.7066 0.4383 0.5554
vn -0.7166 -0.5051 0.4810
vn -0.2436 0.5925 0.7678
vn -0.3355 -0.8373 -0.4316
vn 0.2336 -0.8745 -0.4250
vn -0.3676 0.8534 0.3695
vn -0.3754 0.7543 -0.5386
vn -0.8046 0.4427 0.3958
vn 0.1132 0.6622 -0.7407
vn -0.6569 0.3914 0.6444
vn -0.8767 -0.4721 0.0923
vn 0.9109 0.1054 -0.3989
vn -0.3578 0.7237 -0.5902
vn 0.5080 0.4955 -0.7046
vn 0.9760 -0.1781 -0.1252
vn 0.9094 -0.0655 0.4107
vn 0.9123 0.2647 0.3126
vn 0.9227 -0.2588 0.2857
vn -0.3280 -0.5182 -0.7899
vn -0.3460 0.8183 0.4591
vn -0.4096 0.6452 0.6450
vn -0.6496 0.4360 -0.6229
vn -0.4265 0.8605 -0.2787
vn 0.2821 -0.6764 0.6804
vn -0.1931 0.9695 0.1512
vn -0.4574 0.7389 0.4948
vn -0.5057 0.0865 -0.8583
vn -0.2052 -0.2068 -0.9566
vn -0.2162 -0.9675 0.1312
vn 0.5037 -0.7332 0.4568
vn -0.2797 -0.9470 -0.1577
vn 0.5331 0.2412 0.8110
vn 0.4923 -0.4065 0.7696
vn 0.2820 -0.9533 -0.1083
vn 0.1255 -0.2047 -0.9707
vn 0.3306 0.8242 -0.4598
vn -0.6083 -0.6567 0.4457
vn -0.3548 0.3582 0.8636
vn -0.0025 0.9843 0.1764
vn 0.5704 0.7977 0.1957
vn 0.1651 0.5413 0.8245
vn -0.4453 -0.7566 -0.4789
vn 0.6663 -0.5794 -0.4694
vn -0.3110 0.5419 0.7808
vn 0.4251 0.3658 -0.8279
vn 0.3028 -0.9418 -0.1462
vn -0.5687 0.0130 -0.8225
vn -0.3725 -0.3184 0.8717
vn 0.3516 -0.1876 -0.9172
vn -0.9292 -0.0640 0.3640
vn -0.0586 -0.5539 -0.8305
vn -0.5504 -0.4431 -0.7077
vn 0.8724 -0.4569 0.1739
vn 0.7832 0.2068 -0.5863
vn 0.3641 -0.9302 -0.0465
vn 0.8115 -0.0555 0.5817
vn -0.4455 -0.8934 0.0577
vn 0.2533 0.7882 0.5609
vn -0.3990 -0.2464 0.8832
vn -0.4894 -0.1440 0.8601
vn 0.4895 -0.4159 -0.7665
vn 0.4219 -0.3610 -0.8317
vn -0.6564 -0.7537 -0.0317
vn -0.9427 -0.2828 -0.1768
vn -0.1140 -0.3332 -0.9359
vn -0.8866 0.4462 0.1219
vn -0.6642 -0.5632 0.4915
vn -0.8520 -0.3821 -0.3580
vn -0.4127 0.5221 -0.7464
vn -0.7041 0.6623 0.2562
vn -0.3059 0.9228 0.2341
vn -0.8368 0.4535 0.3068
vn -0.9521 -0.2488 -0.1778
vn -0.0553 -0.4924 0.8686
vn -0.3000 0.8264 0.4765
vn -0.6705 -0.6966 -0.2555
vn 0.6894 -0.3016 -0.6586
vn 0.0611 -0.9872 0.1475
vn 0.3165 0.4174 -0.8518
vn 0.4123 0.8492 0.3299
vn 0.0775 0.9167 0.3919
vn 0.7294 -0.6294 -0.2680
vn -0.2303 -0.7874 0.5718
vn -0.3584 -0.2802 0.8905
vn -0.7651 0.2676 -0.5856
vn -0.1464 0.4905 0.8591
vn -0.2431 0.0101 0.9699
vn -0.8111 0.2268 0.5392
vn 0.1802 0.4159 -0.8914
vn -0.1071 -0.3407 0.9341
vn -0.7762 0.1827 -0.6035
vn 0.7947 0.2208 -0.5654
vn -0.2581 0.9051 0.3379
vn 0.2077 0.9198 0.3329
vn 0.2798 0.3678 -0.8868
vn 0.2690 0.3466 -0.8986
vn -0.1306 -0.4681 -0.8740
vn 0.4879 0.8451 -0.2186
vn -0.7644 0.1905 -0.6160
vn 0.5656 0.5729 0.5932
vn -0.9804 0.0805 -0.1797
vn 0.3467 0.9234 -0.1646
vn 0.8031 -0.0005 0.5959
vn 0.7360 -0.6453 0.2048
vn 0.0088 0.0829 -0.9965
vn 0.6944 -0.6681 -0.2674
vn 0.2350 0.1852 0.9542
vn 0.0763 -0.2295 0.9703
vn 0.3393 0.8478 0.4076
vn -0.4702 -0.4174 -0.7776
vn -0.6932 0.4265 -0.5810
vn 0.3030 -0.8931 0.3326
vn 0.1120 -0.7709 -0.6271
vn 0.0396 -0.3068 0.9510
vn 0.1989 -0.0299 0.9796
vn 0.4066 0.3062 0.8608
vn 0.6040 0.5582 0.5688
vn 0.6194 -0.1242 0.7752
vn -0.9939 0.0611 0.0917
vn 0.2797 -0.4291 0.8589
vn 0.2842 0.8433 0.4562
vn 0.8015 0.3932 0.4506
vn -0.0531 0.8844 -0.4637
vn 0.1227 -0.0858 0.9887
vn 0.4846 -0.8733 -0.0510
vn -0.4337 0.5051 -0.7462
vn -0.0268 0.5729 -0.8192
vn -0.7279 0.6349 0.2589
vn -0.5037 0.6225 0.5990
vn -0.3317 0.1862 0.9248
vn 0.1742 -0.9737 -0.1470
vn -0.4525 -0.1490 0.8792
vn -0.5057 0.1451 -0.8504
vn 0.9980 0.0594 -0.0203
vn -0.3719 0.6989 -0.6109
vn -0.8281 -0.3664 -0.4243
vn 0.4109 -0.0261 -0.9113
vn 0.0356 -0.4321 0.9011
vn 0.3798 -0.2727 -0.8839
vn 0.8858 0.3883 -0.2543
vn 0.5128 -0.4252 0.7458
vn 0.6352 -0.6578 -0.4047
vn 0.7785 -0.5796 -0.2410
vn 0.2478 0.7495 0.6139
vn 0.0165 -0.7645 0.6444
vn 0.3130 0.1875 -0.9311
vn 0.5291 0.6937 -0.4887
vn -0.4881 -0.4885 0.7232
vn 0.8720 -0.4830 -0.0801
vn 0.5335 -0.3826 -0.7543
vn 0.6872 -0.6155 0.3858
vn -0.0699 -0.5742 0.8157
vn 0.0957 -0.9935 0.0611
vn 0.7044 -0.7093 -0.0283
vn 0.1402 -0.8120 -0.5665
vn -0.7864 -0.6174 0.0201
vn -0.7773 -0.5981 -0.1951
vn -0.1684 -0.9577 0.2333
vn -0.6839 0.5243 0.5073
vn 0.0911 -0.8993 -0.4277
vn -0.0719 -0.8180 0.5706
vn -0.1129 0.8723 0.4757
vn -0.0023 0.9837 -0.1798
vn -0.5319 0.0245 -0.8465
vn -0.1073 0.7144 -0.6915
vn -0.1380 -0.5796 -0.8031
vn 0.5336 0.3800 0.7556
vn -0.5026 0.0298 -0.8640
vn -0.3968 -0.5507 0.7343
vn -0.5493 0.7991 0.2444
vn 0.3850 0.6135 -0.6895
vn -0.0098 0.9880 0.1541
vn -0.1739 -0.6621 0.7290
vn -0.2008 -0.9001 0.3866
vn 0.5724 0.5499 -0.6083
vn -0.1773 0.6045 0.7766
vn -0.1291 0.7623 -0.6342
vn -0.2401 -0.7324 -0.6371
vn 0.9917 -0.0996 -0.0819
vn -0.6820 0.5065 -0.5276
vn -0.9740 -0.0367 -0.2234
vn -0.1649 0.7224 -0.6715
vn -0.0921 -0.9907 0.1000
vn 0.8015 -0.5649 0.1960
vn 0.0423 0.8706 -0.4901
vn 0.6511 0.4499 -0.6112
vn -0.9438 -0.0687 0.3232
vn -0.8832 -0.0012 -0.4691
vn 0.8202 0.2528 -0.5132
vn 0.6386 -0.4798 -0.6016
vn -0.0434 0.6214 -0.7823
vn 0.6457 0.7630 0.0303
vn -0.6499 0.4876 -0.5830
vn 0.1272 0.2309 -0.9646
vn -0.7950 -0.0216 0.6062
vn -0.7407 -0.6613 -0.1186
vn 0.5535 -0.7157 0.4260
vn -0.3099 -0.7982 -0.5166
vn -0.8152 0.0545 0.5766
vn -0.3210 -0.7955 -0.5140
vn -0.6652 0.7231 0.1861
vn 0.5464 0.3281 -0.7706
vn -0.5380 -0.2942 -0.7900
vn 0.7102 0.1514 -0.6875
vn -0.1419 -0.7209 -0.6783
vn -0.0760 -0.8553 -0.5125
vn -0.7750 -0.6156 0.1430
vn -0.5268 0.4305 -0.7329
vn -0.6186 0.0668 -0.7829
vn -0.3318 0.8243 0.4587
vn 0.9682 0.1501 -0.2003
vn 0.0609 -0.7423 0.6673
vn -0.5592 0.7669 -0.3150
vn 0.1688 -0.8899 -0.4237
vn -0.3309 0.8931 -0.3048
vn 0.7689 -0.5952 -0.2333
vn -0.0811 -0.9204 -0.3824
vn -0.0820 0.1088 -0.9907
vn 0.5409 -0.7208 0.4334
vn -0.2877 0.5155 0.8071
vn -0.4936 0.5910 -0.6380
vn 0.7959 0.6015 0.0695
vn -0.7378 -0.5228 -0.4271
vn -0.3129 -0.6774 -0.6657
vn -0.7982 0.0871 0.5961
vn -0.0694 -0.9281 -0.3657
vn 0.7348 -0.5068 0.4507
vn -0.8943 0.1305 -0.4280
vn 0.6401 -0.1265 0.7578
vn 0.5911 0.0423 -0.8055
vn -0.4720 0.3949 -0.7882
vn 0.9035 0.3869 -0.1842
vn -0.2975 0.1915 -0.9353
vn 0.5752 -0.4111 0.7073
vn 0.6651 0.3055 0.6814
vn 0.1905 -0.5619 0.8050
vn -0.5715 -0.0754 -0.8171
vn -0.3657 0.0411 0.9298
vn 0.0950 -0.0456 0.9944
vn 0.6332 -0.7457 -0.2071
vn -0.7217 -0.0669 0.6890
vn 0.4095 -0.8257 -0.3879
vn 0.6733 -0.7392 0.0158
vn 0.9602 -0.0410 -0.2762
vn 0.8568 0.3380 -0.3894
vn 0.4987 -0.4551 0.7377
vn -0.6211 -0.7634 0.1773
vn -0.6102 0.5560 0.5644
vn -0.3389 -0.9345 0.1088
vn -0.7830 -0.2891 -0.5508
vn -0.0168 -0.4393 0.8982
vn 0.6670 -0.3951 0.6317
vn 0.6929 -0.6633 0.2826
vn -0.2023 -0.6957 -0.6893
vn 0.6396 -0.3878 -0.6637
vn -0.0297 -0.9876 -0.1540
vn 0.6118 0.7897 -0.0456
vn 0.2355 0.7298 0.6419
vn -0.0803 -0.5635 0.8222
vn -0.5403 0.7041 -0.4608
vn 0.7852 0.2316 0.5743
vn 0.6204 -0.2554 -0.7416
vn 0.1339 -0.6433 0.7538
vn 0.1768 -0.4053 -0.8969
vn 0.2301 -0.4948 0.8380
vn 0.6521 -0.3855 -0.6527
vn -0.4178 0.6630 -0.6213
vn -0.1670 -0.2628 -0.9503
vn -0.3179 0.2241 -0.9213
vn -0.7341 0.4111 -0.5405
vn 0.4203 0.5427 0.7272
vn -0.5784 0.5843 -0.5692
vn 0.1123 0.8226 0.5575
vn -0.7017 -0.2900 0.6508
vn -0.0658 -0.7240 0.6867
vn -0.2456 0.3193 0.9153
vn 0.6367 -0.2955 -0.7123
vn -0.1542 -0.9305 0.3323
vn -0.8349 -0.5458 0.0709
vn 0.0170 0.8470 -0.5314
vn -0.9213 0.2422 0.3042
vn -0.8897 0.0866 0.4483
vn -0.5140 0.3151 0.7978
vn -0.0516 -0.1117 0.9924
vn 0.7144 -0.5226 0.4654
vn -0.4456 -0.1701 -0.8789
vn 0.2063 -0.9127 0.3527
vn 0.1303 -0.0183 -0.9913
vn 0.3886 -0.9191 0.0653
vn -0.8173 -0.0044 0.5762
vn -0.3296 -0.0743 0.9412
vn -0.7799 0.1188 0.6146
vn 0.2747 0.7038 -0.6551
vn 0.7564 -0.5764 -0.3092
vn -0.0287 0.9428 0.3322
vn -0.6440 -0.7598 0.0891
vn -0.8174 0.1226 -0.5629
vn -0.3092 0.0240 -0.9507
vn -0.4037 0.4346 -0.8051
vn -0.3623 0.1293 0.9230
vn 0.4890 -0.7488 -0.4474
vn 0.5866 0.1763 0.7905
vn -0.6800 0.0613 -0.7306
vn -0.3103 -0.3504 -0.8837
vn 0.2950 -0.9486 -0.1145
vn -0.4190 0.0238 0.9077
vn -0.6653 -0.2565 -0.7011
vn -0.6023 0.1839 0.7768
vn -0.9040 0.4192 -0.0840
vn 0.5005 -0.3167 -0.8057
vn -0.7773 0.4209 -0.4677
vn 0.9910 0.0350 0.1294
vn 0.9267 -0.1685 -0.3359
vn -0.5927 0.7843 -0.1832
vn -0.4552 -0.0935 -0.8855
vn -0.9052 -0.4116 -0.1059
vn 0.8960 0.1607 -0.4139
vn -0.7032 0.3729 0.6054
vn 0.0228 -0.1125 -0.9934
vn -0.0912 -0.8359 0.5413
vn -0.4064 -0.4295 -0.8065
vn -0.6343 -0.4275 0.6441
vn -0.3435 -0.6693 -0.6588
vn -0.2522 -0.6627 -0.7051
vn -0.9501 0.2921 -0.1095
vn -0.9762 -0.1710 -0.1333
vn -0.9473 0.0186 0.3199
vn 0.7268 0.5574 -0.4013
vn 0.6667 -0.7371 0.1101
vn -0.9691 0.2370 -0.0690
vn -0.1537 0.4350 0.8872
vn 0.9083 -0.1161 0.4018
vn -0.8615 0.1775 0.4757
vn 0.8691 0.4828 0.1079
vn -0.0746 -0.2886 0.9545
vn 0.6174 -0.1545 -0.7713
vn -0.5821 0.6486 0.4904
vn 0.8596 -0.2884 -0.4219
vn 0.1170 -0.9199 -0.3744
vn -0.1331 0.9904 0.0378
vn -0.0126 -0.7898 0.6132
vn 0.5134 0.6058 -0.6078
vn 0.5167 -0.2557 0.8171
vn -0.0358 -0.8336 -0.5512
vn -0.9865 0.0950 0.1334
vn -0.3206 0.5902 0.7408
vn 0.5029 -0.5113 -0.6969
vn 0.4750 0.7079 -0.5227
vn -0.8279 -0.1735 0.5334
vn 0.9621 -0.2726 -0.0119
vn -0.3278 -0.9447 -0.0047
vn 0.5509 -0.2229 -0.8042
vn -0.1826 0.9804 -0.0739
vn 0.6668 0.0847 -0.7404
vn -0.2040 0.9111 0.3582
vn 0.8779 -0.4784 -0.0224
vn -0.3200 0.8674 -0.3810
vn -0.6809 -0.5614 -0.4704
vn -0.1037 -0.9780 -0.1808
vn 0.5289 -0.7356 0.4233
vn -0.8298 0.5076 0.2319
vn -0.4823 0.3059 -0.8209
vn 0.8601 -0.3768 -0.3440
vn -0.6216 0.7118 0.3271
vn -0.1944 0.4604 -0.8662
vn 0.7325 0.5856 -0.3471
vn -0.9881 0.1345 -0.0745
vn 0.1989 0.6083 -0.7684
vn 0.4699 -0.0204 0.8825
vn 0.0406 -0.7380 -0.6736
vn 0.1050 0.4136 -0.9044
vn -0.3135 0.5378 0.7826
vn -0.9527 0.0769 0.2940
vn -0.5124 -0.3626 0.7784
vn -0.9351 0.3296 -0.1300
vn -0.7435 -0.6080 0.2785
vn 0.1597 -0.1341 -0.9780
vn 0.6510 0.6930 -0.3099
vn -0.7959 0.5138 -0.3203
vn 0.8219 0.3683 -0.4345
vn -0.7682 -0.2786 0.5764
vn -0.7271 -0.5246 -0.4428
vn 0.9385 -0.0209 -0.3447
vn -0.4314 0.2251 -0.8736
vn -0.8175 -0.1717 0.5498
vn 0.6513 0.6396 -0.4082
vn 0.5913 0.4871 -0.6428
vn -0.4691 0.6638 0.5825
vn 0.0561 -0.1628 -0.9851
vn 0.0776 0.8816 -0.4655
vn -0.7142 -0.6597 0.2338
vn 0.5068 0.6208 0.5982
vn 0.3348 -0.0452 -0.9412
vn 0.8037 0.5284 -0.2734
vn 0.1852 -0.8650 -0.4663
vn 0.5481 0.3545 0.7576
vn -0.2951 -0.8405 -0.4545
vn 0.0272 0.7980 -0.6021
vn -0.7159 -0.6678 0.2041
vn 0.4077 0.3885 0.8264
vn -0.4514 0.5810 -0.6773
vn 0.6454 -0.3292 0.6892
vn 0.4406 0.7116 -0.5473
vn 0.4567 0.7932 -0.4028
vn 0.3284 -0.0221 -0.9443
vn -0.6797 -0.1826 0.7104
vn -0.9189 -0.0498 -0.3913
vn -0.7745 -0.2071 0.5977
vn -0.8360 -0.4342 0.3354
vn -0.3995 -0.5844 0.7063
vn -0.2178 -0.7317 0.6459
vn -0.4598 -0.3151 0.8302
vn -0.4873 -0.3403 0.8042
vn -0.3842 0.3104 0.8695
vn 0.7590 0.5226 -0.3883
vn 0.1626 0.4122 0.8965
vn 0.0150 -0.1193 0.9927
vn 0.6423 -0.4980 0.5826
vn -0.5218 -0.4296 0.7370
vn -0.4222 0.5054 0.7525
vn -0.6207 -0.6388 0.4546
vn 0.1585 -0.5824 0.7973
vn -0.6998 0.2974 -0.6495
vn 0.8758 0.4744 -0.0889
vn -0.4124 -0.8897 -0.1958
vn 0.8978 0.4405 0.0030
vn -0.0862 -0.3225 -0.9426
vn 0.7897 -0.4745 -0.3889
vn 0.8444 -0.4994 0.1938
vn 0.6279 -0.3928 -0.6719
vn -0.7840 -0.4789 -0.3949
vn 0.0988 -0.3169 -0.9433
vn -0.9010 0.4339 0.0006
vn -0.8492 -0.4953 0.1833
vn -0.6186 -0.3906 -0.6817
vn 0.9017 -0.3339 -0.2747
vn 0.7237 -0.4858 0.4902
vn -0.2318 -0.8708 -0.4335
vn -0.5775 -0.5197 -0.6296
vn 0.4445 -0.8730 -0.2008
vn -0.3459 0.6306 -0.6948
vn 0.6069 -0.7850 0.1238
vn 0.8912 0.3747 0.2556
vn -0.6355 -0.5850 0.5040
vn -0.8454 -0.3367 0.4146
vn -0.7018 -0.1676 -0.6923
vn -0.9035 0.2414 -0.3542
vn -0.8877 -0.2844 0.3621
vn 0.1709 0.4693 -0.8664
vn 0.8429 -0.5314 0.0842
vn -0.6248 0.4129 0.6627
vn -0.1698 -0.4049 -0.8985
vn -0.9179 0.3837 -0.1015
vn -0.5759 0.5879 0.5681
vn 0.1992 -0.5398 -0.8179
vn 0.2917 0.0702 0.9539
vn 0.2887 0.0685 0.9550
vn -0.8592 0.3765 0.3463
vn -0.0141 0.2773 -0.9607
vn -0.9775 -0.2107 0.0045
vn -0.0217 -0.3498 -0.9366
vn 0.3014 0.0729 0.9507
vn 0.2402 -0.9195 -0.3113
vn -0.0096 0.1703 0.9853
vn 0.6247 -0.2399 -0.7431
vn 0.9545 -0.1294 0.2686
vn 0.5076 -0.6658 -0.5469
vn -0.6316 -0.7582 -0.1619
vn 0.9019 0.2186 0.3726
vn -0.3341 0.5175 0.7878
vn 0.9297 -0.0867 -0.3580
vn -0.2154 0.3473 0.9127
vn -0.7612 -0.1669 -0.6267
vn -0.8936 0.1736 -0.4140
vn -0.4750 0.8796 0.0247
vn 0.2339 -0.1377 -0.9625
vn 0.0174 -0.4896 0.8718
vn -0.5469 0.6325 0.5485
vn 0.8067 0.5504 0.2152
vn 0.3570 0.1839 -0.9158
vn 0.7311 0.6582 -0.1796
vn 0.0601 0.7478 -0.6612
vn -0.6471 -0.1046 0.7552
vn 0.2740 0.6074 -0.7456
vn 0.7396 0.5324 0.4118
vn -0.0223 0.9023 0.4306
vn -0.5989 0.7087 -0.3730
vn -0.3744 0.8535 -0.3623
vn -0.1842 0.8844 0.4289
vn -0.2892 0.2700 -0.9184
vn 0.3809 -0.4213 0.8230
vn -0.3134 0.9482 0.0514
vn -0.0076 0.4917 -0.8707
vn 0.5959 -0.5245 0.6081
vn 0.5965 0.7960 -0.1029
vn -0.0735 0.6833 0.7264
vn 0.0760 0.6385 0.7658
vn -0.7210 0.5226 0.4550
vn -0.6637 0.4218 -0.6177
vn -0.7979 0.6011 -0.0444
vn 0.3211 -0.6700 -0.6693
vn -0.1456 0.0959 -0.9847
vn -0.2058 -0.5287 -0.8235
vn -0.6192 0.1161 0.7766
vn -0.3992 0.8927 -0.2091
vn -0.1740 -0.0877 -0.9808
vn -0.0717 0.3449 0.9359
vn -0.0116 -0.0295 0.9995
vn 0.0178 -0.8667 0.4985
vn 0.4813 -0.6822 0.5504
vn 0.1111 0.3137 -0.9430
vn -0.3570 -0.9091 0.2145
vn 0.6184 0.7667 0.1724
vn -0.8877 -0.4194 0.1899
vn -0.7794 -0.6245 -0.0498
vn -0.7462 -0.6473 0.1553
vn 0.1695 0.4408 0.8814
vn -0.0692 -0.9516 -0.2994
vn 0.5171 -0.5716 -0.6371
vn 0.6489 -0.7468 -0.1457
vn -0.3000 0.7062 -0.6413
vn -0.2779 -0.4654 0.8404
vn 0.1175 0.6026 -0.7894
vn -0.2465 -0.2637 0.9326
vn 0.1252 0.2515 0.9597
vn -0.7792 -0.4295 0.4565
vn -0.1940 -0.3133 0.9296
vn 0.9303 -0.3661 0.0225
vn 0.1504 0.2061 0.9669
vn -0.4927 -0.6972 0.5207
vn 0.2563 0.0014 -0.9666
vn -0.1759 -0.0091 0.9844
vn -0.2531 -0.1793 0.9507
vn -0.9346 -0.3332 0.1246
vn -0.7853 -0.6063 -0.1251
vn 0.7566 0.6485 -0.0835
vn -0.9265 -0.3516 0.1342
vn -0.4277 -0.5558 0.7128
vn 0.2465 -0.9690 -0.0144
vn -0.5338 0.6592 0.5296
vn -0.4367 -0.3796 -0.8156
vn -0.4903 0.1414 -0.8600
vn 0.5492 -0.5438 -0.6345
vn 0.6307 -0.7705 0.0930
vn -0.1968 -0.6812 0.7051
vn -0.2912 -0.8783 0.3792
vn -0.5598 -0.8269 -0.0537
vn -0.2976 -0.6270 -0.7199
vn -0.0975 -0.7656 -0.6359
vn 0.3232 0.5314 0.7831
vn 0.0869 -0.0553 0.9947
vn 0.7753 -0.4275 0.4649
vn -0.9408 0.2787 -0.1930
vn 0.7796 -0.6231 -0.0635
vn -0.9212 -0.1147 0.3717
vn -0.3746 0.5870 0.7177
vn -0.1829 0.3594 0.9151
vn 0.5313 0.8161 -0.2273
vn -0.8771 -0.4736 -0.0801
vn -0.6155 -0.7860 0.0588
vn -0.2905 0.8859 0.3617
vn 0.8480 0.5072 0.1538
vn -0.6543 0.6287 0.4202
vn -0.4408 -0.5432 -0.7146
vn -0.9593 0.1144 -0.2581
vn 0.9188 0.3866 -0.0796
vn -0.4323 0.6558 0.6189
vn -0.6043 -0.7116 0.3584
vn -0.6941 0.4352 0.5734
vn -0.7607 -0.1431 0.6331
vn -0.8615 -0.4665 0.2005
vn -0.6309 0.5515 -0.5458
vn -0.5139 -0.4070 0.7551
vn -0.3766 0.5087 0.7742
vn 0.7329 0.6802 -0.0139
vn -0.0817 -0.6787 -0.7298
vn -0.5816 -0.6209 -0.5256
vn -0.2464 0.1943 0.9495
vn 0.6497 -0.7465 -0.1437
vn -0.3457 -0.1617 0.9243
vn 0.3555 -0.2494 0.9008
vn 0.3337 0.8365 0.4346
vn 0.2422 0.8765 0.4160
vn 0.0468 0.9710 0.2344
vn -0.7446 -0.4354 0.5059
vn -0.1423 -0.2199 -0.9651
vn 0.6192 -0.6730 -0.4046
vn -0.4017 0.7247 0.5599
vn -0.0869 -0.8891 0.4493
vn 0.1261 -0.3883 0.9129
vn 0.5348 0.5477 0.6435
vn 0.1350 0.4390 -0.8883
vn 0.5230 -0.0086 -0.8523
vn -0.2689 -0.7732 -0.5743
vn 0.8034 -0.2401 -0.5449
vn -0.2099 0.8705 0.4452
vn 0.0582 0.5120 -0.8570
vn -0.4057 0.7135 0.5712
vn 0.3274 0.2332 0.9157
vn -0.3776 0.6458 -0.6636
vn 0.3332 0.4892 0.8060
vn 0.8451 -0.1703 0.5068
vn 0.3483 0.3746 -0.8593
vn -0.9265 0.1528 0.3439
vn -0.8494 0.3422 0.4017
vn -0.9790 -0.1326 -0.1549
vn -0.5291 -0.8447 -0.0806
vn 0.9272 0.0807 0.3657
vn 0.9348 0.1547 0.3197
vn -0.9106 0.2461 0.3320
vn -0.4173 -0.5594 0.7161
vn 0.4373 0.8993 -0.0027
vn -0.1134 0.6431 0.7573
vn -0.3686 -0.0143 0.9295
vn 0.6052 -0.3339 -0.7226
vn 0.9183 -0.3613 -0.1617
vn -0.6539 -0.4203 0.6291
vn 0.7468 -0.6648 -0.0180
vn 0.7991 -0.3831 0.4633
vn -0.3647 -0.8825 -0.2971
vn 0.9061 0.2753 0.3212
vn 0.2234 0.3401 -0.9135
vn 0.9457 0.3251 -0.0006
vn -0.8260 0.5462 -0.1393
vn -0.8445 0.1599 0.5112
vn -0.3095 0.8946 -0.3222
vn 0.1612 0.4665 -0.8697
vn -0.7857 0.2410 0.5697
vn 0.5762 0.8160 0.0457
vn 0.1718 0.5034 -0.8468
vn -0.4316 0.5462 0.7179
vn -0.8897 0.3610 -0.2796
vn -0.5804 0.2505 0.7748
vn 0.6074 0.7939 0.0279
vn 0.6453 0.1775 -0.7430
vn -0.3131 -0.1329 0.9404
vn -0.3045 -0.0699 -0.9499
vn 0.4921 -0.8422 0.2202
vn -0.0745 0.1681 0.9829
vn -0.5782 0.3829 -0.7205
vn 0.4394 0.4173 0.7955
vn 0.3486 -0.0622 -0.9352
vn 0.0987 0.4449 0.8901
vn 0.6006 -0.6235 -0.5006
vn -0.0714 0.9886 -0.1327
vn 0.2642 0.9570 -0.1194
vn -0.5886 -0.0768 -0.8048
vn -0.4430 -0.8965 -0.0097
vn -0.6545 -0.7464 -0.1208
vn -0.1162 -0.6483 0.7524
vn 0.1096 0.8756 -0.4705
vn -0.5032 0.7644 0.4031
vn 0.2929 0.7316 -0.6156
vn -0.9148 -0.3261 -0.2383
vn 0.2366 0.4408 0.8659
vn -0.4773 -0.2093 0.8535
vn -0.5412 -0.5980 -0.5911
vn -0.9525 -0.2631 0.1536
vn 0.3797 0.5185 0.7662
vn -0.2921 -0.6313 0.7184
vn -0.4639 -0.3896 -0.7956
vn -0.5299 -0.5439 -0.6506
vn -0.5337 -0.4699 0.7032
vn 0.7174 0.2028 -0.6664
vn -0.2543 0.5138 0.8194
vn -0.9116 -0.4073 -0.0550
vn -0.9669 0.2127 -0.1410
vn -0.5625 -0.4102 0.7179
vn 0.5329 -0.8311 0.1591
vn 0.3567 -0.9339 0.0262
vn -0.7219 -0.0479 0.6903
vn 0.4684 -0.8625 -0.1917
vn -0.4950 -0.4027 0.7700
vn -0.2432 -0.7584 -0.6047
vn -0.6960 -0.5871 -0.4133
vn 0.7458 0.2058 -0.6335
vn -0.2469 0.1184 0.9618
vn -0.5108 0.0088 0.8597
vn -0.7382 -0.4227 0.5258
vn -0.6811 -0.3929 -0.6178
vn -0.7249 0.2184 0.6533
vn -0.4952 -0.4857 -0.7203
vn 0.2238 0.4320 0.8737
vn -0.4605 0.1399 -0.8766
vn -0.5542 0.3697 -0.7458
vn 0.6700 -0.0774 0.7383
vn -0.6453 0.5615 -0.5179
vn 0.0267 0.9260 -0.3766
vn 0.3204 0.9195 0.2276
vn 0.7921 0.5519 0.2609
vn 0.5536 0.7176 0.4225
vn -0.3016 0.4228 -0.8546
vn 0.5421 -0.7827 0.3057
vn 0.7227 -0.6737 0.1543
vn -0.4033 -0.3556 0.8432
vn 0.1979 0.9012 0.3855
vn -0.7021 0.5882 -0.4014
vn 0.2341 -0.9687 0.0822
vn 0.4776 -0.7601 0.4406
vn 0.0722 0.1047 -0.9919
vn 0.0507 -0.8637 0.5015
vn 0.8901 0.4015 -0.2156
vn 0.3723 0.3752 -0.8489
vn 0.2731 -0.6555 -0.7041
vn -0.6313 -0.4781 -0.6106
vn 0.7963 0.5665 0.2118
vn -0.4694 -0.8802 0.0707
vn -0.5406 0.7285 0.4207
vn 0.4630 -0.1246 -0.8775
vn 0.0564 -0.1716 0.9835
vn 0.0850 -0.9751 0.2049
vn -0.0371 0.9894 -0.1401
vn 0.6612 0.3423 0.6675
vn -0.4212 0.2090 0.8826
vn 0.3548 0.5365 0.7657
vn 0.7293 0.2875 0.6209
vn 0.9018 0.2052 0.3802
vn -0.2122 0.1185 -0.9700
vn -0.7884 -0.2038 -0.5804
vn 0.3324 0.1149 -0.9361
vn 0.0537 -0.8340 0.5492
vn 0.5435 -0.7500 -0.3770
vn -0.4290 0.0568 0.9015
vn -0.9192 0.1224 0.3744
vn -0.2126 0.8589 0.4660
vn -0.4570 0.0927 -0.8846
vn 0.8686 0.4282 0.2495
vn 0.9417 -0.2329 -0.2429
vn 0.6041 0.6204 0.5002
vn 0.0832 -0.9914 -0.1007
vn 0.9538 0.1695 -0.2479
vn -0.9742 0.2145 0.0695
vn 0.8812 0.1160 -0.4583
vn 0.0410 -0.5618 0.8263
vn 0.4498 0.0787 -0.8897
vn -0.9780 -0.0271 0.2070
vn 0.2700 -0.7047 0.6562
vn -0.7926 -0.5356 0.2915
vn -0.0157 -0.8768 -0.4805
vn -0.2345 0.5027 0.8320
vn 0.1396 -0.6790 -0.7208
vn 0.3321 0.9020 0.2759
vn 0.0533 -0.3652 0.9294
vn 0.0596 0.6710 0.7391
vn 0.7207 0.0140 0.6931
vn -0.3086 -0.1246 -0.9430
vn 0.4081 -0.1551 -0.8997
vn 0.9205 0.0363 0.3890
vn 0.9389 0.1241 0.3209
vn -0.8140 -0.4659 -0.3470
vn 0.6581 0.0129 -0.7529
vn -0.9481 -0.0072 -0.3180
vn 0.4791 -0.5652 0.6716
vn 0.7142 -0.6903 0.1158
vn 0.1743 0.9821 0.0715
vn 0.8246 0.5508 -0.1288
vn 0.1746 0.4304 0.8856
vn 0.1974 -0.8272 -0.5261
vn -0.5010 0.6673 -0.5510
vn 0.2833 -0.0751 0.9561
vn -0.6469 -0.7147 -0.2660
vn -0.4919 0.2934 0.8197
vn 0.1620 -0.9521 -0.2592
vn 0.0091 0.3803 0.9248
vn -0.5755 -0.4354 -0.6922
vn -0.2678 -0.8747 -0.4039
vn -0.6382 0.6005 -0.4817
vn 0.3569 0.7933 -0.4932
vn 0.2484 -0.7354 -0.6305
vn -0.0503 0.1284 0.9904
vn 0.6847 0.3010 0.6638
vn 0.7776 0.5344 0.3313
vn -0.5901 -0.6827 -0.4310
vn -0.1853 0.9246 -0.3328
vn 0.9520 0.1759 0.2504
vn 0.4296 -0.7166 0.5494
vn -0.5116 0.0421 0.8582
vn 0.4261 0.8544 -0.2974
vn -0.2151 0.8029 -0.5560
vn -0.6726 -0.1517 -0.7243
vn 0.5538 -0.1305 -0.8224
vn 0.1788 0.6818 0.7093
vn -0.7628 -0.3143 0.5651
vn 0.0568 -0.9631 -0.2631
vn 0.8855 0.1243 -0.4476
vn 0.4117 0.4963 0.7643
vn 0.9317 -0.1204 -0.3426
vn -0.3730 -0.1251 -0.9194
vn -0.0164 -0.4844 0.8747
vn -0.0063 -0.2576 -0.9662
vn -0.6579 0.5465 -0.5181
vn 0.9934 0.1038 0.0483
vn -0.0551 0.9320 -0.3583
vn 0.6142 0.7890 -0.0145
vn 0.3014 0.9532 -0.0253
vn -0.2616 -0.5319 -0.8054
vn -0.3846 0.8925 0.2357
vn 0.8512 -0.1768 0.4942
vn 0.5144 -0.7178 -0.4692
vn 0.6824 -0.6762 0.2777
vn 0.3401 -0.3830 0.8589
vn -0.5531 -0.8330 -0.0099
vn -0.1130 -0.9732 -0.2002
vn -0.0269 -0.9060 0.4224
vn -0.3765 -0.9250 -0.0505
vn -0.8879 0.4522 -0.0843
vn -0.4878 -0.8194 0.3009
vn -0.5900 0.8051 -0.0604
vn -0.6559 0.3470 -0.6704
vn 0.2978 0.6700 0.6801
vn -0.0322 0.4708 -0.8817
vn 0.5288 -0.5885 0.6116
vn -0.2330 0.9663 -0.1098
vn 0.8103 0.3373 -0.4792
vn 0.1982 -0.7763 0.5984
vn 0.1319 -0.7386 0.6611
vn 0.7291 0.0098 -0.6843
vn -0.8652 0.2493 -0.4351
vn -0.2237 -0.5342 -0.8152
vn -0.5582 0.8297 -0.0008
vn 0.7268 0.4166 0.5461
vn -0.8312 -0.2580 0.4924
vn 0.9515 -0.1402 -0.2737
vn -0.4402 0.8775 -0.1902
vn -0.3919 -0.8753 -0.2834
vn -0.0197 0.1725 0.9848
vn 0.1904 -0.9273 -0.3223
vn -0.0848 -0.9634 0.2544
vn 0.8236 -0.5272 -0.2092
vn -0.2779 0.5429 -0.7925
vn 0.3074 0.5342 -0.7875
vn -0.2768 0.1389 -0.9508
vn 0.5466 0.8313 0.1014
vn 0.9579 0.1075 0.2663
vn 0.2991 -0.6743 0.6752
vn 0.3251 -0.6704 -0.6670
vn -0.4609 -0.5378 0.7059
vn 0.3226 0.0057 -0.9465
vn 0.6643 0.5082 -0.5482
vn 0.0855 0.4269 0.9003
vn 0.4864 -0.0787 0.8702
vn -0.1041 0.4143 0.9042
vn 0.3340 -0.0810 0.9391
vn -0.6972 -0.6982 0.1622
vn 0.2794 0.2581 0.9248
vn -0.8688 0.2561 -0.4238
vn 0.9697 -0.0759 0.2324
vn 0.6952 -0.6045 0.3890
vn 0.8681 -0.1624 -0.4690
vn -0.4461 -0.4603 -0.7676
vn -0.4165 0.4868 0.7678
vn 0.3527 -0.9357 -0.0093
vn -0.5852 0.5979 0.5478
vn 0.8574 0.4364 0.2729
vn -0.9071 0.4186 0.0438
vn 0.2029 -0.4214 -0.8839
vn -0.7829 0.1153 0.6114
vn -0.1838 0.0317 0.9825
vn -0.2766 0.8280 0.4878
vn -0.0516 -0.0068 -0.9986
vn 0.7258 -0.0553 0.6857
vn 0.2324 -0.7514 -0.6176
vn 0.4826 -0.4045 0.7768
vn -0.7521 -0.5748 0.3226
vn -0.3691 -0.9291 0.0229
vn -0.4666 -0.8593 -0.2096
vn 0.2920 -0.0695 -0.9539
vn 0.6550 0.7449 0.1268
vn 0.7731 0.2855 -0.5664
vn -0.6544 -0.7562 0.0030
vn 0.3016 -0.1326 0.9442
vn -0.9559 0.2925 0.0248
vn 0.7203 0.1958 0.6655
vn -0.5616 -0.4559 0.6904
vn 0.3806 0.0076 0.9247
vn -0.7090 0.6893 -0.1488
vn 0.6586 0.0308 0.7518
vn -0.7133 0.1984 -0.6722
vn -0.4074 -0.4060 0.8180
vn 0.3642 -0.2936 0.8838
vn -0.6984 0.4245 -0.5763
vn 0.8200 0.5568 -0.1325
vn 0.5940 -0.1214 0.7952
vn -0.4552 -0.6776 0.5776
vn -0.4512 0.4178 0.7886
vn 0.7729 0.6093 -0.1771
vn -0.0857 -0.6627 -0.7440
vn -0.3018 0.7294 -0.6140
vn 0.9664 0.1458 -0.2119
vn 0.0838 0.9962 0.0246
vn -0.5560 0.5859 -0.5895
vn 0.7517 0.2298 0.6181
vn 0.0760 -0.2331 -0.9695
vn -0.1115 0.3548 -0.9283
vn 0.8188 0.4670 -0.3339
vn 0.7546 0.6314 -0.1785
vn 0.1472 0.5353 0.8318
vn -0.1146 0.5685 -0.8147
vn -0.1027 0.4380 0.8931
vn -0.6036 -0.6174 -0.5044
vn -0.2785 0.9535 -0.1155
vn 0.6457 -0.7550 -0.1143
vn -0.6518 0.5836 0.4842
vn 0.5942 -0.4761 -0.6482
vn -0.1317 -0.1024 0.9860
vn -0.8934 0.4489 0.0188
vn -0.6661 0.6422 -0.3794
vn 0.5000 0.0083 0.8660
vn -0.4525 0.2643 0.8517
vn 0.1882 -0.5124 0.8379
vn 0.9338 0.3499 0.0751
vn -0.7715 0.2273 -0.5943
vn 0.6877 0.0750 -0.7221
vn 0.9484 -0.2714 0.1638
vn 0.3254 -0.1573 -0.9324
vn -0.2833 0.9307 -0.2313
vn -0.8624 -0.0647 -0.5021
vn -0.6878 0.2000 0.6978
vn -0.4898 0.5753 0.6551
vn -0.8154 -0.1222 -0.5658
vn 0.9217 -0.3609 0.1425
vn 0.2873 -0.4814 -0.8281
vn 0.5363 0.0294 0.8435
vn -0.6174 0.4233 0.6631
vn 0.9257 -0.3399 -0.1659
vn 0.7803 -0.6147 -0.1154
vn 0.3054 -0.2184 0.9268
vn -0.5102 0.6359 0.5791
vn -0.7645 0.6400 -0.0764
vn 0.3445 -0.9126 0.2201
vn 0.0312 -0.1196 0.9923
vn 0.8824 -0.4261 0.1996
vn 0.7416 -0.4015 -0.5375
vn 0.2097 0.4586 0.8635
vn -0.3621 -0.4306 -0.8267
vn -0.8509 -0.3328 0.4065
vn 0.6640 0.0080 0.7477
vn -0.5379 0.5982 0.5940
vn -0.0369 0.3359 -0.9412
vn -0.2513 -0.0123 -0.9678
vn -0.4451 0.5169 -0.7313
vn -0.1297 0.8926 -0.4317
vn -0.0387 0.1684 0.9850
vn 0.7363 -0.6566 0.1637
vn 0.8431 -0.3178 -0.4337
vn 0.0336 0.6190 0.7846
vn -0.6072 -0.4429 -0.6596
vn 0.2467 0.6582 0.7113
vn 0.2560 -0.0996 -0.9615
vn -0.1184 0.2403 0.9635
vn -0.3486 0.8217 -0.4508
vn -0.2109 0.6134 -0.7611
vn 0.2665 -0.4668 0.8432
vn 0.2298 -0.2680 0.9356
vn 0.7699 -0.4379 0.4642
vn -0.1119 -0.8508 -0.5134
vn -0.2167 0.9711 0.0999
vn 0.3526 0.6790 0.6439
vn 0.2879 0.7125 -0.6398
vn -0.5291 -0.5675 -0.6309
vn 0.6601 0.4344 -0.6129
vn -0.6592 -0.7393 -0.1373
vn 0.1475 -0.3657 -0.9190
vn 0.6123 0.1012 0.7841
vn -0.4520 -0.7464 -0.4884
vn -0.4749 -0.5372 -0.6970
vn 0.7137 0.5322 0.4555
vn 0.2404 0.3118 -0.9192
vn -0.6992 -0.6373 0.3240
vn 0.5183 -0.4560 0.7235
vn -0.6099 0.2358 -0.7565
vn -0.3931 -0.4206 0.8176
vn -0.0392 -0.5590 0.8283
vn -0.3271 -0.6593 -0.6770
vn 0.1318 0.0999 -0.9862
vn 0.2018 -0.5198 -0.8301
vn -0.0297 -0.8670 0.4975
vn 0.0604 0.8821 -0.4671
vn -0.4933 -0.6797 0.5428
vn -0.7846 -0.6153 -0.0765
vn 0.9175 -0.1112 0.3818
vn -0.8422 -0.0915 0.5313
vn 0.1563 0.5963 -0.7874
vn 0.4854 -0.5537 0.6766
vn -0.8163 -0.5367 -0.2134
vn 0.0056 0.7714 -0.6363
vn -0.7840 -0.4236 0.4537
vn -0.0690 0.0735 -0.9949
vn -0.1018 -0.0543 0.9933
vn -0.3296 0.5242 0.7852
vn 0.6038 0.2257 0.7645
vn 0.9406 0.2865 -0.1822
vn -0.0292 0.1298 -0.9911
vn 0.8099 -0.3425 0.4762
vn 0.3294 0.5185 -0.7891
vn 0.6228 0.0836 0.7779
vn 0.5490 -0.1655 0.8193
vn 0.0178 0.7669 -0.6415
vn -0.8074 -0.3792 0.4520
vn -0.7538 -0.6564 -0.0297
vn 0.1599 0.4856 -0.8594
vn 0.6126 -0.7547 0.2348
vn 0.9059 0.2538 0.3389
vn -0.6044 -0.3208 -0.7293
vn 0.3563 -0.0129 0.9343
vn 0.5315 0.2073 -0.8213
vn 0.5376 -0.1779 0.8242
vn 0.4989 0.8003 -0.3326
vn 0.9779 -0.1289 -0.1648
vn 0.3601 0.5308 -0.7672
vn 0.5997 -0.5795 0.5519
vn 0.0215 0.7007 -0.7131
vn 0.8682 0.4340 0.2406
vn 0.2625 -0.9579 -0.1162
vn 0.9249 0.1455 0.3512
vn -0.2097 -0.9713 0.1125
vn -0.9905 -0.1368 0.0106
vn -0.1758 0.7163 -0.6753
vn 0.6222 0.5546 -0.5526
vn 0.9801 0.1661 0.1089
vn 0.7556 -0.1384 0.6402
vn 0.4768 -0.6246 0.6185
vn -0.8811 0.4707 -0.0456
vn 0.8011 0.2750 0.5316
vn -0.4754 -0.8713 0.1219
vn -0.7831 -0.3994 -0.4767
vn 0.6816 0.4486 0.5781
vn 0.1767 0.5565 -0.8118
vn -0.3585 -0.2347 0.9036
vn 0.3357 -0.1707 0.9264
vn -0.6417 -0.7534 -0.1433
vn 0.7691 0.6348 0.0736
vn 0.0452 0.7325 0.6793
vn -0.9945 -0.1037 -0.0172
vn 0.2277 0.4794 0.8476
vn 0.6953 0.3073 -0.6497
vn -0.6758 -0.0132 -0.7369
vn 0.3656 -0.5274 0.7669
vn 0.1209 0.6340 -0.7638
vn 0.2369 -0.4742 0.8479
vn -0.7785 0.0268 -0.6270
vn -0.3897 0.2244 0.8932
vn 0.1306 -0.6509 0.7479
vn -0.6425 -0.4032 0.6517
vn 0.9172 0.1273 -0.3775
vn -0.3884 0.6368 -0.6661
vn 0.1937 -0.5882 0.7852
vn -0.7424 -0.1307 0.6571
vn -0.1479 0.0062 -0.9890
vn -0.4853 -0.5909 -0.6444
vn -0.4607 -0.8558 0.2352
vn 0.3807 0.5659 -0.7314
vn 0.3043 0.7470 -0.5911
vn 0.4313 0.6688 0.6055
vn -0.5341 -0.5639 -0.6299
vn -0.0533 -0.5437 0.8376
vn 0.3726 -0.8294 -0.4163
vn 0.2149 -0.2748 0.9372
vn 0.7491 -0.6479 -0.1380
vn 0.3432 0.2860 0.8947
vn 0.2645 -0.5110 0.8179
vn -0.5975 0.1333 0.7907
vn -0.6070 0.7947 -0.0073
vn 0.3884 0.1427 0.9104
vn 0.0889 -0.0620 0.9941
vn -0.6152 0.3879 -0.6864
vn -0.0257 0.1455 0.9890
vn -0.7567 0.5976 -0.2650
vn -0.3537 0.5077 0.7856
vn -0.3808 0.6927 -0.6125
vn 0.9353 -0.0891 -0.3424
vn 0.2652 -0.1185 -0.9569
vn -0.4890 0.6360 0.5970
vn 0.6720 0.7389 0.0494
vn -0.1591 -0.2605 -0.9523
vn 0.1818 -0.1700 0.9685
vn -0.9644 0.0246 -0.2634
vn 0.5759 -0.0262 0.8171
vn -0.1375 0.5555 -0.8201
vn 0.8708 -0.4896 -0.0449
vn 0.2007 0.9781 -0.0544
vn -0.6614 0.3875 0.6422
vn 0.8127 0.4973 0.3037
vn 0.5757 0.3387 -0.7442
vn 0.7344 0.6782 0.0266
vn 0.8816 -0.2922 0.3706
vn -0.2885 -0.4959 0.8191
vn -0.7903 0.5524 -0.2651
vn 0.0612 0.8987 -0.4342
vn -0.7343 -0.4806 0.4794
vn 0.6285 -0.7745 0.0717
vn -0.1700 -0.5827 0.7947
vn -0.6704 -0.3596 -0.6491
vn -0.3726 -0.7050 0.6034
vn 0.6920 0.3008 -0.6562
vn 0.3359 0.9206 -0.1993
vn 0.8608 0.2184 0.4597
vn -0.4500 0.3682 -0.8136
vn 0.5323 -0.8445 0.0592
vn -0.4197 0.3877 0.8207
vn 0.9942 -0.0352 -0.1012
vn 0.0299 0.1929 0.9808
vn -0.8503 0.3572 0.3866
vn -0.6163 0.3627 0.6990
vn 0.9155 -0.0582 -0.3981
vn -0.5029 0.5148 0.6943
vn -0.7548 0.5559 0.3481
vn -0.7470 0.6406 -0.1779
vn -0.9351 0.1697 0.3112
vn -0.6073 -0.2457 -0.7555
vn 0.8084 -0.0622 -0.5854
vn 0.3738 0.3109 0.8738
vn -0.1469 0.1839 -0.9719
vn -0.1768 0.4115 0.8941
vn -0.4264 0.2080 0.8803
vn 0.1697 -0.4506 0.8764
vn 0.1665 -0.1319 0.9772
vn -0.7786 0.0951 0.6202
vn -0.8529 0.0575 -0.5190
vn -0.7568 0.6195 -0.2086
vn -0.5432 -0.0519 0.8380
vn 0.6336 -0.7717 0.0542
vn 0.9469 -0.2999 0.1160
vn 0.1078 0.0832 -0.9907
vn 0.4789 -0.7530 0.4513
vn 0.4047 -0.5528 -0.7285
vn 0.1917 -0.9760 0.1033
vn -0.1011 -0.8933 -0.4380
vn -0.0534 -0.9972 -0.0522
vn 0.3258 -0.6742 -0.6628
vn -0.1664 0.1893 0.9677
vn 0.0625 -0.6855 0.7254
vn 0.0242 -0.5140 0.8574
vn -0.1212 0.7574 0.6416
vn 0.1011 -0.5804 0.8080
vn 0.4099 0.1419 -0.9010
vn 0.0305 -0.2891 -0.9568
vn 0.2417 -0.6410 -0.7285
vn 0.2555 0.8880 0.3823
vn 0.2705 0.6335 0.7249
vn 0.6299 0.6828 0.3701
vn 0.3221 0.9397 0.1149
vn -0.0533 -0.0303 0.9981
vn -0.2630 0.4169 0.8701
vn 0.5443 0.6850 -0.4843
vn 0.1921 -0.3827 -0.9037
vn 0.5003 0.6959 -0.5152
vn -0.8636 -0.3405 0.3718
vn -0.5553 -0.7650 -0.3262
vn -0.8375 0.1160 0.5340
vn -0.7645 -0.1368 -0.6299
vn 0.4046 0.3534 -0.8434
vn -0.6883 0.0204 0.7252
vn -0.5107 -0.4249 -0.7474
vn 0.0356 0.7653 0.6427
vn -0.7064 -0.1720 -0.6866
vn 0.5004 0.6623 -0.5577
vn 0.5723 -0.7836 -0.2418
vn 0.2073 -0.7865 -0.5818
vn 0.4136 0.4812 0.7729
vn -0.7507 -0.5981 0.2806
vn -0.7710 -0.5366 0.3430
vn -0.4283 -0.1188 -0.8958
vn 0.9534 0.1752 0.2458
vn -0.7625 -0.1511 -0.6291
vn -0.9887 -0.1308 0.0733
vn -0.0145 0.2014 -0.9794
vn -0.8659 -0.4633 0.1886
vn 0.9342 0.3192 -0.1593
vn -0.7608 -0.5323 -0.3712
vn 0.5017 -0.0357 -0.8643
vn 0.8604 0.3202 -0.3965
vn -0.0806 -0.4320 0.8983
vn -0.4579 -0.4810 0.7477
vn -0.2226 -0.2866 0.9318
vn -0.8675 -0.0138 -0.4972
vn 0.0297 0.7737 0.6328
vn -0.9042 -0.1866 -0.3843
vn -0.8148 -0.1525 -0.5593
vn -0.8408 -0.2001 -0.5031
vn -0.8130 -0.2976 -0.5004
vn 0.4088 -0.1100 -0.9060
vn 0.4342 0.5790 0.6901
vn 0.7222 0.6685 0.1777
vn 0.1641 -0.2713 0.9484
vn 0.1860 0.9033 -0.3867
vn 0.4055 0.5449 -0.7339
vn -0.7851 0.2594 0.5624
vn 0.6309 -0.4236 0.6500
vn 0.9767 -0.1750 -0.1246
vn 0.9534 0.2850 -0.0994
vn 0.2446 -0.6626 -0.7079
vn 0.3432 -0.6762 -0.6519
vn 0.5845 0.3019 -0.7531
vn 0.3210 0.8006 0.5059
vn -0.9153 0.2708 -0.2981
vn 0.4061 0.4359 -0.8032
vn 0.3964 -0.4596 0.7947
vn 0.4614 0.8872 0.0074
vn 0.7920 0.5367 0.2910
vn 0.6372 -0.7491 0.1813
vn -0.2838 -0.9188 0.2744
vn 0.5121 -0.4511 0.7309
vn -0.0862 -0.7416 0.6653
vn 0.8100 -0.5328 -0.2449
vn 0.8238 -0.5619 0.0753
vn 0.0228 0.6142 0.7888
vn -0.6503 -0.6352 -0.4168
vn 0.1651 -0.8933 -0.4181
vn -0.0574 -0.4269 0.9025
vn -0.3525 -0.7748 0.5248
vn -0.4046 0.9066 -0.1201
vn -0.0796 0.0522 0.9955
vn 0.2665 -0.1347 0.9544
vn 0.7499 0.3042 0.5874
vn -0.8680 0.1692 0.4669
vn -0.8828 0.0934 0.4604
vn -0.8641 -0.2288 0.4484
vn 0.5597 0.4219 0.7132
vn -0.6584 0.1349 0.7405
vn -0.8591 0.5080 -0.0619
vn -0.2531 -0.4914 -0.8334
vn -0.7073 0.6993 -0.1031
vn 0.8518 -0.3810 0.3595
vn 0.5506 -0.7079 -0.4424
vn -0.9151 0.3179 -0.2479
vn -0.6802 0.5968 -0.4257
vn 0.8851 -0.4632 0.0447
vn -0.6768 0.5555 -0.4832
vn 0.6267 0.3600 0.6911
vn -0.9431 -0.0756 0.3238
vn -0.0948 -0.9217 -0.3762
vn -0.3954 0.3772 0.8375
vn -0.8398 0.4035 0.3633
vn 0.0803 0.1102 -0.9907
vn 0.2849 0.0141 0.9584
vn -0.4888 -0.0084 -0.8723
vn -0.3132 -0.9442 0.1015
vn -0.5322 0.5016 0.6820
vn 0.7462 -0.2635 -0.6113
vn 0.3607 0.6839 -0.6342
vn -0.6652 0.6238 0.4103
vn 0.9787 0.2041 -0.0200
vn -0.4130 -0.7023 -0.5798
vn -0.5541 -0.3067 -0.7739
vn 0.3077 -0.9500 -0.0532
vn 0.8116 0.4676 -0.3503
vn 0.4069 -0.8129 -0.4167
vn 0.5973 -0.6208 -0.5078
vn -0.6917 -0.0081 0.7222
vn -0.3474 0.5425 0.7648
vn -0.4007 -0.1106 -0.9095
vn -0.7703 0.1760 0.6129
vn -0.0583 0.9708 0.2326
vn -0.6009 0.1883 0.7769
vn 0.8791 -0.4487 0.1608
vn 0.5471 -0.7588 0.3535
vn -0.5075 0.8432 0.1774
vn -0.6021 -0.5235 -0.6029
vn 0.1498 -0.9098 -0.3872
vn -0.2487 -0.6536 -0.7148
vn -0.6608 -0.0931 0.7447
vn 0.1722 0.5351 -0.8270
vn -0.0738 0.3858 0.9196
vn -0.7999 0.4637 0.3809
vn 0.3607 -0.7729 -0.5220
vn 0.5376 -0.2157 0.8152
vn 0.7747 -0.5874 0.2341
vn -0.2924 0.7628 0.5767
vn 0.4573 0.4187 0.7846
vn 0.7526 -0.6302 0.1906
vn 0.4643 -0.4273 0.7758
vn -0.2143 0.1839 0.9593
vn -0.6160 -0.1542 -0.7725
vn -0.5377 -0.4143 -0.7343
vn -0.6390 0.6346 0.4347
vn -0.4616 0.2067 -0.8627
vn -0.9086 0.0848 0.4090
vn 0.1284 -0.9229 -0.3630
vn -0.6081 -0.2007 -0.7681
vn -0.6442 0.6322 0.4306
vn -0.6828 0.2278 0.6942
vn 0.7189 -0.6922 0.0633
vn -0.2610 0.0733 0.9625
vn 0.3847 -0.1626 0.9086
vn -0.1472 0.9761 0.1596
vn -0.9923 0.1167 -0.0417
vn 0.2426 0.2826 -0.9281
vn -0.1888 0.7883 -0.5856
vn 0.4437 0.4695 -0.7634
vn -0.8957 -0.0160 -0.4443
vn 0.7137 0.7003 -0.0098
vn 0.1371 -0.9329 -0.3331
vn -0.0175 0.9990 0.0414
vn -0.5189 0.0414 -0.8538
vn -0.8365 0.3909 -0.3840
vn -0.0644 0.3891 0.9189
vn 0.1010 -0.7575 -0.6449
vn -0.9345 0.1866 -0.3032
vn -0.1509 -0.4542 -0.8780
vn 0.6068 0.0979 0.7888
vn -0.8083 -0.4547 -0.3740
vn -0.0988 -0.3160 0.9436
vn -0.7840 0.3764 0.4936
vn 0.4482 -0.3611 0.8178
vn -0.7890 -0.0343 0.6134
vn -0.4280 0.6840 -0.5907
vn 0.6240 0.0120 0.7813
vn -0.4703 0.7024 -0.5343
vn 0.7322 0.2345 -0.6395
vn 0.1893 0.9486 0.2537
vn -0.9450 0.3075 -0.1112
vn -0.9194 0.3763 0.1147
vn -0.8839 -0.1046 0.4559
vn -0.0132 0.7697 -0.6383
vn 0.6163 0.7139 0.3325
vn 0.0813 -0.9959 0.0385
vn 0.7429 -0.6638 0.0861
vn 0.9371 -0.3336 -0.1027
vn 0.5882 -0.5354 -0.6061
vn -0.7632 -0.6449 0.0405
vn 0.2854 -0.6205 -0.7304
vn -0.7441 0.6285 -0.2266
vn 0.6975 0.2997 -0.6509
vn 0.7295 -0.6821 0.0513
vn 0.3894 -0.4989 0.7743
vn 0.7085 0.1619 -0.6869
vn 0.3111 0.4015 0.8614
vn -0.6886 -0.3145 -0.6534
vn 0.4534 -0.8894 -0.0589
vn -0.2764 0.6049 -0.7468
vn 0.5852 -0.3280 0.7416
vn 0.8581 0.5080 0.0754
vn 0.0880 -0.9854 0.1460
vn -0.7527 0.5508 0.3606
vn 0.8619 0.4346 0.2611
vn 0.2979 -0.9117 -0.2829
vn -0.0725 0.8513 -0.5196
vn -0.4002 -0.8567 0.3255
vn -0.5532 -0.6951 -0.4592
vn 0.8335 -0.5496 0.0576
vn 0.3460 0.1458 -0.9268
vn 0.8516 0.1534 0.5012
vn 0.8942 0.3641 0.2604
vn 0.1883 -0.9759 -0.1100
vn -0.4203 -0.6124 0.6696
vn -0.4849 -0.4547 -0.7471
vn 0.9153 -0.0796 -0.3948
vn 0.5241 0.7240 -0.4485
vn 0.7258 0.3445 0.5955
vn 0.8770 0.3317 -0.3477
vn 0.3292 -0.2700 0.9048
vn -0.4510 -0.7275 0.5170
vn -0.6885 -0.4933 -0.5316
vn 0.3492 -0.9327 -0.0900
vn -0.3065 0.8615 -0.4049
vn 0.7939 0.0278 0.6074
vn 0.8980 0.0849 0.4318
vn 0.7061 -0.0246 0.7077
vn -0.4587 0.6895 0.5605
vn -0.5542 -0.3361 -0.7615
vn -0.2322 -0.9636 0.1324
vn -0.3805 0.8315 -0.4047
vn 0.5241 -0.8429 -0.1218
vn 0.9076 0.0608 0.4155
vn -0.0026 -0.9836 0.1803
vn 0.1338 0.3528 0.9261
vn 0.4136 -0.3089 0.8565
vn 0.8550 0.4693 0.2207
vn -0.2108 -0.7114 -0.6705
vn 0.6923 0.7210 -0.0279
vn -0.2042 0.1563 -0.9664
vn -0.8220 0.4247 -0.3794
vn 0.3671 -0.8655 -0.3409
vn -0.4663 0.8368 0.2869
vn -0.3216 0.5197 0.7915
vn -0.9321 -0.3160 -0.1768
vn -0.6027 0.6147 0.5088
vn -0.4667 0.8808 0.0801
vn -0.6324 -0.1216 -0.7651
vn 0.6275 -0.7745 0.0798
vn -0.2633 0.5262 0.8086
vn -0.7553 0.6392 0.1449
vn -0.9388 0.2854 -0.1928
vn -0.2455 0.7423 0.6234
vn 0.8883 -0.3917 0.2399
vn -0.9616 -0.1343 -0.2392
vn -0.7387 -0.6081 -0.2906
vn -0.3790 0.2691 0.8854
vn 0.6961 0.5916 -0.4068
vn 0.5304 -0.5823 -0.6162
vn 0.7066 0.4457 -0.5496
vn 0.5727 0.0321 -0.8191
vn 0.5311 0.0894 0.8426
vn -0.8148 -0.3095 -0.4902
vn 0.2834 0.9333 -0.2204
vn 0.9197 -0.2994 0.2539
vn -0.7250 -0.3112 0.6144
vn -0.0460 0.0070 -0.9989
vn -0.7258 -0.0617 -0.6851
vn 0.5387 -0.6989 0.4704
vn 0.1773 0.2714 -0.9460
vn 0.1778 -0.0786 -0.9809
vn -0.5030 0.6057 -0.6165
vn 0.4793 0.4165 0.7725
vn 0.5166 0.6986 -0.4950
vn 0.3466 0.7203 0.6009
vn 0.5560 0.7832 0.2783
vn -0.1286 -0.6315 -0.7647
vn 0.6040 -0.4890 -0.6293
vn 0.8876 -0.2942 0.3544
vn 0.8792 -0.1051 -0.4647
vn 0.4589 -0.1259 0.8795
vn 0.3178 0.9236 0.2145
vn 0.5751 -0.5553 0.6008
vn 0.4325 -0.1790 0.8837
vn 0.3131 -0.8940 -0.3206
vn -0.3877 -0.9021 -0.1892
vn -0.4658 -0.7892 0.4002
vn -0.1301 0.6138 -0.7787
vn -0.3820 -0.9170 -0.1149
vn -0.4421 0.8416 -0.3104
vn 0.4682 -0.5411 0.6986
vn -0.3946 -0.9023 0.1737
vn -0.8397 -0.2600 0.4768
vn -0.6786 -0.5323 0.5062
vn -0.5667 -0.7273 -0.3872
vn -0.1890 0.9787 -0.0802
vn -0.2536 0.8267 -0.5023
vn -0.7399 -0.2831 0.6102
vn -0.6297 -0.7421 0.2297
vn 0.9422 -0.1476 0.3007
vn -0.4515 0.0683 0.8897
vn 0.0465 0.9628 -0.2662
vn 0.7502 -0.2063 0.6282
vn -0.5955 -0.5251 0.6080
vn -0.0287 -0.9347 -0.3542
vn -0.8898 -0.3054 -0.3392
vn -0.2316 0.9692 -0.0836
vn 0.5203 -0.7918 0.3200
vn -0.4150 0.6259 0.6603
vn 0.9242 -0.3436 0.1667
vn -0.9274 -0.0857 -0.3641
vn 0.1999 0.1163 -0.9729
vn 0.5840 0.2391 0.7757
vn 0.6686 0.5476 -0.5031
vn 0.3253 -0.1528 -0.9332
vn 0.8218 -0.1621 0.5462
vn -0.6487 0.0203 -0.7608
vn -0.8486 0.0018 -0.5291
vn 0.6033 -0.6897 0.4003
vn -0.8683 0.0115 -0.4959
vn -0.7601 -0.1933 -0.6204
vn -0.9004 0.2160 -0.3777
vn 0.6277 -0.1924 0.7543
vn -0.7692 0.6347 0.0747
vn 0.5574 0.5404 0.6303
vn 0.6756 -0.1329 0.7252
vn -0.3113 -0.9491 0.0472
vn 0.7780 -0.2095 -0.5923
vn 0.0119 -0.2890 -0.9573
vn 0.4429 0.6085 0.6584
vn -0.2520 0.6209 -0.7423
vn -0.3614 0.4477 0.8179
vn 0.5654 -0.0338 -0.8241
vn -0.0899 0.1177 -0.9890
vn -0.4610 -0.4639 0.7565
vn -0.1549 0.9506 -0.2689
vn 0.8124 -0.4539 0.3661
vn -0.3694 0.6805 -0.6328
vn -0.6737 0.3759 0.6363
vn 0.5029 0.4363 0.7462
vn 0.8346 -0.4089 0.3691
vn 0.5740 0.3098 -0.7580
vn 0.9804 -0.0366 -0.1935
vn -0.8361 -0.0221 -0.5482
vn -0.1682 -0.9328 0.3186
vn -0.5748 0.3367 0.7458
vn 0.5262 0.3222 0.7870
vn -0.1854 -0.9763 0.1116
vn -0.1186 0.2258 -0.9669
vn -0.5737 0.5189 -0.6337
vn -0.9712 0.0634 -0.2296
vn 0.6384 0.2499 0.7280
vn -0.3480 -0.3896 -0.8527
vn 0.7830 0.5032 0.3656
vn -0.7901 0.2437 0.5624
vn 0.8437 -0.3375 -0.4175
vn 0.4838 -0.0109 -0.8751
vn 0.0903 -0.8427 0.5308
vn -0.8876 0.0840 -0.4529
vn -0.1745 -0.9657 -0.1923
vn -0.7247 -0.6874 -0.0476
vn 0.2054 0.1560 0.9662
vn -0.6324 0.5785 0.5152
vn 0.3591 -0.8759 0.3223
vn -0.0221 -0.2530 0.9672
vn 0.3995 0.7233 0.5633
vn -0.7774 -0.1663 -0.6066
vn -0.5325 -0.6517 0.5402
vn -0.4578 0.0201 -0.8888
vn 0.3310 -0.1535 0.9311
vn -0.4869 -0.5299 -0.6943
vn -0.5728 -0.1645 -0.8030
vn 0.3567 -0.2806 0.8911
vn -0.5359 -0.2764 0.7977
vn -0.5924 -0.4773 0.6491
vn 0.5617 -0.0025 0.8273
vn 0.5545 0.1459 0.8193
vn -0.1580 0.3329 -0.9296
vn -0.1275 0.2658 -0.9556
vn 0.4330 0.5760 0.6934
vn -0.1088 -0.5941 0.7970
vn 0.8637 -0.0549 0.5010
vn -0.3805 0.0503 -0.9234
vn -0.6652 -0.3309 -0.6693
vn 0.9491 0.3096 0.0574
vn 0.0261 0.0224 -0.9994
vn -0.8937 -0.4041 -0.1950
vn -0.3248 -0.4253 0.8448
vn -0.7937 -0.4310 0.4293
vn 0.8690 0.2747 0.4115
vn -0.8430 -0.1382 -0.5199
vn -0.0469 0.9617 -0.2701
vn -0.3396 0.3079 -0.8888
vn -0.7699 -0.5822 0.2613
vn -0.4518 0.7909 -0.4126
vn 0.2737 0.9514 0.1411
vn -0.7531 -0.6289 0.1931
vn -0.1019 0.9941 -0.0384
vn -0.0027 0.3122 -0.9500
vn 0.4543 0.0973 0.8855
vn 0.7033 0.1060 0.7029
vn -0.4585 -0.0308 -0.8882
vn 0.2610 0.1241 0.9573
vn -0.6426 -0.1745 -0.7461
vn 0.4682 0.2534 0.8465
vn 0.0562 -0.1239 -0.9907
vn 0.7089 0.6645 0.2364
vn -0.0283 0.2943 -0.9553
vn -0.4890 -0.5639 -0.6655
vn -0.9700 -0.2288 -0.0819
vn 0.1679 0.8940 -0.4155
vn -0.6503 -0.1987 -0.7332
vn 0.0876 0.5402 -0.8369
vn -0.9061 -0.1546 -0.3937
vn -0.6839 0.1858 -0.7055
vn 0.7526 0.3953 0.5266
vn -0.1180 -0.7654 0.6327
vn 0.7679 0.5623 -0.3067
vn 0.5617 0.4329 0.7051
vn 0.7038 0.6996 0.1235
vn -0.2160 0.7254 0.6536
vn 0.0884 -0.8766 0.4731
vn 0.1391 -0.5898 -0.7955
vn -0.8020 0.4934 -0.3368
vn -0.4254 -0.8987 0.1064
vn -0.5130 -0.6789 -0.5252
vn 0.5161 0.8154 0.2623
vn 0.6685 0.7428 -0.0378
vn -0.3994 -0.5251 -0.7515
vn 0.6212 -0.6077 -0.4947
vn 0.0652 -0.6954 0.7156
vn -0.5541 -0.4284 0.7138
vn -0.7018 -0.3148 0.6390
vn 0.7790 0.5332 0.3299
vn -0.2150 0.2726 0.9378
vn -0.1379 0.9474 -0.2889
vn 0.8919 -0.1452 0.4283
vn 0.6482 -0.4351 0.6249
vn -0.8229 -0.1496 -0.5481
vn -0.7832 -0.2376 -0.5746
vn -0.2487 0.8805 0.4035
vn 0.7199 -0.4421 0.5351
vn 0.4044 -0.8831 0.2380
vn 0.6084 -0.7140 0.3464
vn 0.8432 -0.5247 0.1166
vn -0.7047 -0.7084 -0.0399
vn 0.4559 -0.8601 -0.2289
vn 0.5569 -0.3456 0.7553
vn -0.0859 -0.8093 -0.5811
vn 0.7942 -0.6022 0.0805
vn 0.1977 -0.4406 -0.8756
vn -0.9143 0.0621 -0.4003
vn 0.8632 0.0713 -0.4999
vn 0.5864 0.5013 -0.6363
vn 0.5888 -0.6241 0.5136
vn -0.6095 0.6048 -0.5126
vn -0.5245 0.8058 0.2750
vn 0.1766 0.8175 0.5481
vn 0.6919 0.6145 0.3791
vn -0.0218 -0.3526 0.9355
vn -0.8215 -0.0775 -0.5649
vn 0.0187 -0.6098 0.7924
vn 0.3544 -0.8753 -0.3290
vn 0.8961 0.0518 0.4408
vn 0.1718 0.1660 -0.9710
vn -0.5951 0.1538 0.7888
vn -0.5423 0.5012 -0.6743
vn 0.1594 0.5005 -0.8510
vn -0.7739 -0.3215 0.5456
vn -0.8000 -0.1574 0.5789
vn 0.9794 0.1543 0.1305
vn 0.7618 0.3135 -0.5669
vn -0.6799 -0.6860 0.2591
vn -0.9095 -0.3277 0.2557
vn 0.3790 -0.0005 0.9254
vn -0.4660 -0.4917 -0.7355
vn -0.9090 -0.3505 -0.2257
vn -0.4190 -0.7236 0.5485
vn 0.9984 -0.0202 0.0521
vn -0.4234 -0.8824 -0.2053
vn 0.7167 0.5101 -0.4756
vn 0.0128 0.9782 -0.2072
vn -0.7824 -0.3015 -0.5450
vn 0.9152 -0.3244 -0.2392
vn 0.3141 -0.3328 0.8892
vn -0.7783 0.2821 -0.5610
vn 0.5651 0.2472 -0.7871
vn 0.7924 -0.0518 0.6078
vn 0.0376 -0.7004 0.7127
vn -0.8262 -0.1204 -0.5503
vn -0.3309 0.8475 0.4151
vn -0.9647 -0.0342 -0.2612
vn 0.2765 -0.1007 -0.9557
vn 0.4693 -0.3471 0.8119
vn 0.8382 -0.0146 -0.5452
vn -0.8734 0.4717 0.1212
vn 0.9399 0.3325 -0.0773
vn 0.3841 -0.4942 0.7799
vn 0.9994 0.0075 0.0332
vn 0.7006 -0.5457 0.4598
vn -0.4964 0.8482 0.1845
vn -0.5849 -0.4149 -0.6970
vn 0.1085 -0.9822 0.1536
vn -0.9085 -0.2182 -0.3564
vn -0.4770 0.7951 -0.3744
vn -0.8513 0.4344 -0.2943
vn 0.1742 0.8921 0.4170
vn -0.5582 0.8234 -0.1020
vn -0.7035 0.5965 -0.3863
vn -0.0034 0.7483 0.6634
vn 0.2456 -0.4716 -0.8469
vn 0.2248 -0.9001 0.3733
vn 0.5191 -0.7972 -0.3081
vn -0.1078 -0.5080 0.8546
vn -0.3478 -0.2508 0.9034
vn -0.5811 0.1017 0.8074
vn -0.4306 -0.4148 0.8016
vn -0.5623 0.1445 0.8142
vn 0.3629 -0.9063 -0.2166
vn -0.7633 -0.6305 0.1409
vn -0.8537 0.4755 -0.2124
vn -0.1769 -0.8704 0.4594
vn 0.2213 -0.8691 -0.4424
vn -0.9704 0.2414 0.0098
vn -0.3529 0.7863 0.5071
vn 0.4034 0.9081 -0.1122
vn -0.5062 0.7442 -0.4359
vn 0.6546 0.6919 -0.3045
vn -0.6206 -0.3579 -0.6977
vn 0.8154 0.3104 0.4886
vn -0.2981 0.9051 0.3031
vn 0.2925 0.3147 -0.9030
vn -0.4562 0.4002 0.7948
vn -0.0660 -0.9236 -0.3776
vn 0.0211 0.9330 -0.3593
vn -0.4625 -0.5478 -0.6971
vn 0.5631 -0.3152 -0.7639
vn -0.3996 -0.0746 -0.9136
vn 0.8828 -0.0172 -0.4694
vn 0.7881 -0.0396 0.6142
vn 0.1550 0.9523 0.2630
vn -0.2015 -0.4039 -0.8923
vn 0.1650 0.1562 0.9738
vn 0.7423 0.3405 0.5771
vn -0.2600 0.1132 0.9590
vn 0.3546 -0.8513 -0.3867
vn -0.1848 0.3295 0.9259
vn 0.6074 0.7890 0.0922
vn -0.0727 -0.9973 0.0069
vn 0.2881 -0.5712 -0.7686
vn -0.5130 0.3181 0.7973
vn -0.8043 -0.5752 -0.1489
vn -0.1602 0.1532 0.9751
vn 0.1384 -0.8978 -0.4181
vn 0.0492 -0.9754 -0.2150
vn 0.7062 0.2600 -0.6585
vn -0.3078 -0.9505 0.0425
vn 0.8808 0.1744 0.4402
vn -0.5181 -0.8311 -0.2023
vn -0.3117 -0.9262 0.2123
vn -0.7355 -0.5483 0.3980
vn 0.1552 -0.9736 -0.1671
vn 0.7806 0.2838 0.5569
vn 0.0623 -0.9900 -0.1262
vn -0.9829 -0.0263 0.1824
vn 0.8288 0.3028 0.4706
vn 0.9231 0.3110 0.2263
vn 0.7306 0.3909 0.5598
vn -0.9066 0.3657 -0.2108
vn 0.6966 0.5474 0.4638
vn -0.7782 0.0566 0.6254
vn -0.5086 -0.6341 0.5825
vn -0.4275 -0.3362 0.8392
vn -0.3456 0.1547 -0.9255
vn 0.3048 -0.0148 0.9523
vn -0.7510 -0.4200 0.5095
vn 0.9332 0.2870 0.2161
vn -0.9377 -0.1028 -0.3319
vn -0.8532 -0.5191 0.0513
vn 0.7833 0.0543 0.6193
vn 0.5328 0.7526 0.3869
vn 0.5960 -0.4732 0.6488
vn 0.0689 0.9485 -0.3092
vn 0.2694 0.5593 -0.7840
vn -0.6447 0.3278 0.6906
vn -0.8931 -0.3981 -0.2096
vn -0.1296 0.9644 -0.2304
vn 0.3920 0.8712 0.2956
vn -0.6470 0.3792 0.6615
vn -0.7940 0.2500 0.5541
vn -0.2042 -0.1939 0.9595
vn -0.7752 0.3262 0.5409
vn 0.2426 -0.1314 0.9612
vn -0.7783 0.4402 0.4478
vn 0.0432 0.9712 -0.2342
vn 0.3357 -0.8784 0.3402
vn -0.7354 -0.4258 0.5272
vn 0.9160 -0.0566 0.3972
vn 0.1314 0.9860 0.1030
vn 0.7186 0.6923 -0.0654
vn 0.9949 0.0594 0.0814
vn 0.7497 -0.0792 0.6570
vn -0.8718 -0.1845 0.4538
vn 0.0458 0.2966 -0.9539
vn -0.0626 -0.7802 -0.6223
vn -0.4555 -0.8760 -0.1588
vn -0.2555 -0.6371 0.7272
vn -0.8503 -0.1767 0.4957
vn 0.3212 -0.8440 0.4294
vn -0.0937 0.8841 -0.4579
vn -0.5214 0.8367 -0.1678
vn 0.7004 -0.6893 0.1856
vn -0.7853 -0.5942 -0.1738
vn -0.8681 -0.3475 -0.3544
vn 0.3400 0.0975 -0.9354
vn 0.5680 -0.4496 0.6893
vn 0.4254 -0.8676 -0.2574
vn 0.9274 -0.1417 0.3461
vn 0.4242 -0.8912 -0.1605
vn -0.2426 -0.4365 -0.8664
vn 0.8790 -0.2173 0.4244
vn 0.4643 -0.8759 -0.1315
vn 0.7019 -0.0599 0.7097
vn 0.7653 0.6244 -0.1564
vn -0.2440 -0.5390 -0.8062
vn -0.8854 -0.4413 0.1459
vn 0.4175 -0.2813 0.8641
vn -0.7340 -0.6512 -0.1928
vn 0.9700 -0.2396 -0.0408
vn -0.3730 -0.8990 0.2295
vn -0.1921 -0.1876 -0.9633
vn 0.4943 -0.1876 -0.8488
vn -0.5449 -0.7867 0.2901
vn 0.4996 -0.8205 -0.2776
vn 0.6933 0.0149 0.7205
vn -0.9957 0.0924 -0.0078
vn 0.6251 -0.7647 0.1561
vn 0.9465 0.2301 0.2264
vn 0.6964 0.0822 -0.7129
vn -0.0558 -0.8641 0.5002
vn -0.5390 -0.8412 -0.0425
vn -0.0554 -0.8893 -0.4540
vn 0.4043 0.6544 -0.6389
vn 0.3298 0.7308 0.5976
vn 0.5563 -0.1602 0.8154
vn -0.4767 -0.0252 -0.8787
vn 0.8047 -0.5927 0.0342
vn 0.2026 0.4755 -0.8561
vn 0.5979 -0.0077 -0.8015
vn 0.3873 -0.9113 -0.1398
vn -0.1002 -0.6899 -0.7170
vn -0.6794 -0.6494 -0.3416
vn -0.6406 0.3550 0.6809
vn 0.4888 0.5700 -0.6605
vn 0.8961 0.3493 -0.2739
vn -0.9150 -0.3899 -0.1034
vn 0.8190 -0.4528 0.3525
vn -0.0759 0.4116 0.9082
vn 0.7931 -0.1646 -0.5864
vn 0.7064 0.7077 -0.0070
vn -0.5575 -0.2036 -0.8048
vn -0.9633 0.1701 0.2078
vn -0.4282 -0.6617 -0.6155
vn -0.5961 0.6069 -0.5258
vn -0.9302 -0.3661 -0.0257
vn 0.8221 -0.0504 0.5671
vn 0.0964 0.7461 -0.6588
vn 0.5643 0.1614 0.8096
vn 0.2115 -0.2634 0.9412
vn 0.5576 -0.2582 -0.7889
vn -0.5987 0.0054 -0.8010
vn -0.2333 0.4140 -0.8799
vn 0.3570 -0.5994 -0.7164
vn 0.6755 0.6715 0.3047
vn 0.0417 0.7603 0.6483
vn 0.0721 0.0650 0.9953
vn -0.5215 -0.3767 0.7656
vn 0.9882 0.0076 0.1527
vn -0.4863 -0.8680 0.1008
vn -0.3283 0.9321 0.1532
vn 0.0096 0.3043 0.9525
vn -0.5175 0.7903 0.3280
vn 0.5234 -0.7147 -0.4639
vn -0.1472 -0.6691 -0.7285
vn 0.5752 0.8149 0.0707
vn 0.7891 0.6127 0.0439
vn 0.0432 0.3851 -0.9219
vn 0.0756 0.7668 -0.6375
vn 0.9128 -0.4013 -0.0763
vn -0.8574 0.2401 -0.4551
vn -0.8884 -0.4440 -0.1167
vn 0.1961 -0.0371 0.9799
vn 0.5097 0.7872 -0.3472
vn 0.2031 -0.0315 -0.9787
vn -0.9959 0.0060 -0.0903
vn 0.7233 0.1170 0.6805
vn 0.7819 0.0322 0.6225
vn 0.6484 0.4890 0.5835
vn -0.3150 -0.5578 0.7679
vn -0.4250 0.8955 -0.1321
vn -0.4054 -0.6568 -0.6358
vn 0.0491 -0.4584 0.8874
vn -0.8523 0.1344 -0.5054
vn 0.4274 -0.0070 0.9040
vn -0.3184 -0.8555 0.4084
vn -0.9386 0.2759 -0.2073
vn 0.7716 -0.3985 0.4958
vn -0.8248 0.4768 -0.3038
vn 0.7803 0.1173 0.6144
vn -0.7651 0.3308 -0.5524
vn -0.7259 -0.4936 -0.4790
vn 0.6377 0.1077 0.7627
vn -0.7881 0.0636 -0.6123
vn 0.5473 0.1949 -0.8139
vn -0.7387 0.6737 0.0214
vn 0.6966 0.1354 0.7045
vn 0.4448 0.0170 -0.8955
vn 0.0713 -0.0152 -0.9973
vn -0.7449 -0.5751 0.3382
vn -0.8673 -0.2127 0.4501
vn -0.9464 -0.1570 0.2821
vn -0.3651 0.0467 -0.9298
vn 0.8008 -0.2096 0.5611
vn -0.9211 -0.3353 0.1978
vn -0.3840 0.0833 0.9196
vn -0.0907 -0.7227 -0.6852
vn 0.8860 -0.2055 0.4157
vn 0.3590 -0.5642 -0.7435
vn -0.9325 0.2622 0.2484
vn -0.4099 0.2114 0.8873
vn -0.0238 0.1437 0.9893
vn -0.7338 -0.1543 -0.6616
vn -0.7206 -0.3824 -0.5783
vn -0.8190 -0.4496 0.3564
vn -0.7930 -0.3147 -0.5216
vn 0.8651 -0.0047 0.5016
vn -0.4863 0.5845 -0.6495
vn 0.5549 0.6048 -0.5712
vn -0.8071 0.1658 0.5666
vn 0.2783 0.0233 0.9602
vn 0.3240 0.8470 -0.4215
vn -0.7712 0.6284 0.1020
vn 0.8626 -0.5036 -0.0482
vn -0.2168 -0.9587 0.1841
vn 0.4063 -0.9062 -0.1170
vn 0.9637 0.1055 -0.2452
vn -0.7309 -0.6428 0.2294
vn 0.6494 0.7021 -0.2923
vn 0.5407 0.8351 -0.1010
vn 0.7271 -0.0842 0.6813
vn -0.3796 -0.2245 -0.8975
vn -0.7809 -0.5997 -0.1748
vn -0.3434 0.2749 -0.8981
vn -0.1793 0.9801 0.0847
vn -0.8654 0.4409 0.2383
vn 0.5800 -0.8123 0.0615
vn -0.3028 -0.8297 0.4689
vn -0.6481 0.3880 -0.6553
vn -0.8822 0.3749 0.2848
vn -0.0074 0.6544 -0.7561
vn -0.6946 -0.2126 -0.6873
vn 0.6555 -0.4662 0.5941
vn 0.6119 0.7606 0.2168
vn 0.8499 0.5269 -0.0062
vn -0.7902 -0.0209 0.6124
vn 0.9547 0.2778 -0.1066
vn 0.9800 0.1338 -0.1470
vn 0.3621 0.3097 0.8792
vn 0.3628 -0.7041 0.6104
vn 0.7871 0.1733 0.5920
vn -0.2932 -0.9386 0.1817
vn 0.6936 0.5645 -0.4474
vn 0.8312 0.5354 -0.1496
vn 0.2116 -0.9636 0.1635
vn 0.9019 0.4292 0.0495
vn -0.4658 0.7731 -0.4305
vn 0.2662 0.8252 0.4983
vn 0.6961 -0.4969 -0.5183
vn -0.7174 0.3868 -0.5794
vn 0.1338 -0.0210 0.9908
vn 0.7661 0.5127 0.3877
vn -0.2845 -0.8267 -0.4855
vn 0.9688 0.1706 0.1797
vn 0.7878 -0.6146 -0.0409
vn 0.8404 -0.5319 0.1042
vn -0.7327 -0.6735 0.0978
vn -0.5839 0.5529 0.5944
vn -0.3812 0.9201 0.0897
vn 0.8385 -0.4498 0.3075
vn -0.3798 0.5699 -0.7287
vn 0.4949 -0.8689 -0.0054
vn -0.6744 -0.3251 0.6630
vn 0.7433 -0.6585 0.1174
vn -0.1443 -0.2893 -0.9463
vn -0.1974 0.9690 -0.1483
vn 0.2974 -0.6089 -0.7354
vn 0.0632 -0.9523 -0.2985
vn -0.2588 -0.8374 -0.4814
vn 0.7369 -0.3109 0.6003
vn -0.5484 0.6579 0.5161
vn -0.5684 -0.3307 -0.7534
vn -0.4931 0.6568 -0.5704
vn -0.6116 -0.4525 -0.6490
vn -0.4476 -0.8454 0.2914
vn -0.0268 -0.9939 0.1066
vn -0.6301 0.6867 -0.3625
vn 0.7847 -0.5097 -0.3528
vn 0.2706 -0.4321 0.8603
vn 0.6875 0.4109 0.5988
vn -0.2640 0.5901 0.7629
vn -0.5902 -0.2577 -0.7651
vn -0.6612 -0.7453 -0.0856
vn -0.0564 0.8969 0.4386
vn -0.3955 0.8900 -0.2269
vn -0.0394 -0.9957 -0.0843
vn 0.8008 -0.5419 0.2551
vn 0.4852 -0.8176 -0.3101
vn -0.9737 -0.0869 -0.2107
vn 0.5722 0.1812 0.7998
vn 0.1086 0.9459 -0.3056
vn 0.1255 -0.7721 0.6230
vn -0.8790 0.1457 -0.4539
vn -0.5245 0.6699 0.5256
vn 0.6403 -0.4773 -0.6019
vn 0.7746 0.4582 0.4359
vn 0.6432 -0.6890 -0.3339
vn -0.0134 -0.9603 0.2786
vn 0.4655 -0.0462 0.8838
vn 0.0917 -0.8224 0.5615
vn -0.7220 -0.3734 -0.5825
vn 0.2782 0.1991 0.9397
vn -0.2935 0.9370 0.1896
vn 0.8031 0.2228 0.5526
vn 0.7683 -0.2476 0.5903
vn -0.0277 -0.9963 0.0813
vn 0.4696 -0.8787 -0.0856
vn 0.4115 -0.2934 0.8629
vn -0.1015 0.9948 0.0065
vn 0.0589 -0.4945 -0.8672
vn -0.0380 0.9798 0.1965
vn 0.0123 -0.1847 0.9827
vn 0.2635 -0.0705 0.9621
vn 0.5956 -0.8032 -0.0125
vn -0.2881 -0.6312 -0.7202
vn -0.7585 0.6509 0.0308
vn 0.7417 -0.5129 -0.4323
vn 0.9571 0.1516 0.2471
vn 0.5793 0.6112 0.5392
vn -0.3902 0.7897 0.4734
vn 0.4180 0.7080 0.5692
vn -0.3466 0.4821 0.8046
vn 0.3896 0.6374 -0.6648
vn -0.3310 0.2448 0.9113
vn 0.7430 -0.0188 0.6690
vn -0.9451 0.3267 0.0004
vn 0.8364 -0.2767 0.4731
vn 0.1072 0.9850 0.1355
vn -0.4876 0.6427 0.5909
vn 0.5834 -0.1986 -0.7875
vn -0.6053 -0.1436 0.7830
vn 0.2831 0.6860 -0.6703
vn 0.4901 -0.0300 0.8711
vn 0.2830 0.7801 -0.5580
vn -0.2374 -0.2457 -0.9398
vn 0.4552 0.6129 0.6458
vn 0.5690 0.3266 0.7547
vn 0.5742 -0.3694 0.7306
vn 0.5011 0.8398 -0.2090
vn 0.9088 0.1382 0.3937
vn 0.3543 -0.5079 0.7852
vn -0.1221 0.4660 -0.8763
vn -0.8349 -0.1901 -0.5165
vn -0.2633 0.9288 0.2607
vn 0.3811 0.9123 -0.1501
vn -0.7003 0.4213 0.5763
vn 0.9761 -0.2023 0.0797
vn -0.2712 0.6516 0.7084
vn 0.1137 0.9298 0.3500
vn 0.4376 0.8425 0.3142
vn 0.0768 0.9374 -0.3398
vn -0.7738 0.6333 -0.0124
vn -0.1866 -0.9018 0.3897
vn 0.5833 -0.1029 0.8057
vn 0.9463 0.2264 -0.2307
vn -0.2145 0.9726 -0.0897
vn 0.2288 -0.9551 -0.1880
vn -0.2893 -0.7890 0.5420
vn 0.4008 -0.3483 0.8474
vn -0.0278 -0.3187 -0.9474
vn 0.4120 0.7372 -0.5356
vn -0.3865 -0.6211 -0.6818
vn -0.4528 0.8865 0.0949
vn 0.4246 0.8237 0.3758
vn -0.5180 0.8524 0.0709
vn 0.8124 0.4163 0.4084
vn 0.8993 0.4276 0.0920
vn 0.2406 0.2068 -0.9483
vn -0.7257 -0.6880 0.0018
vn -0.1857 -0.7689 -0.6118
vn -0.0869 -0.9874 -0.1320
vn 0.0583 0.3639 0.9296
vn -0.5343 0.4814 -0.6948
vn 0.6881 -0.5529 0.4699
vn -0.3284 0.9444 -0.0166
vn -0.0456 -0.7554 -0.6536
vn 0.9959 0.0131 -0.0898
vn -0.8863 -0.3427 0.3114
vn 0.8838 0.0711 -0.4625
vn -0.2602 -0.8726 0.4133
vn -0.3283 0.8435 0.4251
vn 0.8417 0.1457 -0.5199
vn 0.0248 0.9079 0.4184
vn -0.7476 0.5320 0.3975
vn -0.2665 0.6155 -0.7417
vn 0.6052 0.7091 -0.3618
vn 0.2783 0.2685 -0.9222
vn 0.1906 0.8891 0.4162
vn 0.3741 0.8586 -0.3505
vn 0.8048 -0.2990 -0.5128
vn -0.7372 -0.6313 -0.2407
vn 0.9732 0.2062 0.1020
vn -0.0037 -0.0572 -0.9984
vn -0.4777 -0.5095 -0.7157
vn -0.2847 0.9266 -0.2456
vn -0.8910 -0.0362 -0.4525
vn 0.0088 -0.1302 0.9914
vn -0.4742 0.5644 -0.6757
vn -0.0632 0.7408 -0.6687
vn -0.7231 0.6638 -0.1909
vn -0.3668 0.1854 -0.9116
vn 0.6362 -0.1075 0.7640
vn 0.3293 0.6352 -0.6986
vn 0.6861 0.2019 0.6989
vn -0.3774 -0.7613 0.5272
vn -0.6152 -0.7792 0.1198
vn 0.1411 0.1016 -0.9848
vn 0.9520 0.0488 0.3022
vn -0.0534 0.9550 -0.2917
vn 0.3059 -0.3262 0.8944
vn 0.8149 0.3044 -0.4933
vn 0.3813 -0.8850 -0.2672
vn -0.3420 -0.5898 0.7315
vn 0.7717 0.6356 -0.0220
vn 0.1034 0.4008 0.9103
vn -0.3623 0.8848 0.2932
vn 0.7699 0.6273 0.1170
vn 0.0539 -0.7820 -0.6209
vn 0.2527 0.9238 -0.2876
vn -0.7033 -0.6802 -0.2066
vn 0.8430 0.5287 -0.0993
vn -0.0556 -0.9131 -0.4038
vn 0.3730 0.9184 0.1318
vn 0.0166 -0.6573 0.7535
vn 0.8149 0.5784 0.0357
vn 0.9045 0.0668 -0.4212
vn 0.3891 0.9181 0.0755
vn 0.7244 -0.6812 0.1056
vn 0.9026 0.2803 0.3267
vn 0.7898 -0.6133 -0.0096
vn -0.1816 0.6095 -0.7717
vn 0.3684 -0.4099 0.8344
vn 0.8217 0.2122 -0.5290
vn 0.4871 -0.8709 -0.0652
vn -0.5299 -0.8416 -0.1045
vn -0.3520 -0.4832 0.8016
vn -0.6940 -0.6510 -0.3075
vn -0.4827 -0.6452 0.5922
vn -0.9736 0.2066 0.0972
vn -0.1492 -0.6853 0.7128
vn -0.2956 -0.6586 0.6920
vn -0.0043 -0.6682 -0.7440
vn 0.7977 0.0770 0.5981
vn -0.2579 0.9082 0.3296
vn 0.4577 0.2318 -0.8584
vn 0.3121 -0.3300 0.8909
vn -0.3393 0.1791 -0.9235
vn 0.8889 0.2822 -0.3608
vn 0.2574 0.3479 -0.9015
vn -0.5972 -0.6541 0.4642
vn -0.6447 -0.5050 0.5739
vn -0.3193 0.0981 0.9426
vn 0.6081 -0.4384 -0.6618
vn 0.7139 0.6989 0.0437
vn -0.2830 0.4316 -0.8565
vn -0.9113 0.4084 0.0516
vn -0.0223 0.6847 -0.7285
vn -0.2784 0.0105 0.9604
vn 0.6833 0.1729 0.7094
vn -0.3533 -0.3428 0.8704
vn -0.3474 -0.2229 0.9108
vn -0.3249 0.9345 -0.1452
vn 0.9320 -0.3298 -0.1505
vn 0.4256 -0.8497 0.3113
vn 0.8466 -0.5046 -0.1695
vn 0.4276 -0.7633 0.4844
vn 0.9074 0.4089 -0.0971
vn 0.5102 -0.2952 0.8078
vn -0.9620 0.2574 0.0907
vn 0.6238 -0.1352 0.7698
vn 0.8944 0.3408 0.2897
vn -0.9145 0.1505 -0.3755
vn 0.1466 -0.9513 -0.2713
vn 0.9317 -0.2930 -0.2149
vn 0.9204 -0.1975 0.3374
vn 0.8772 -0.4769 0.0557
vn 0.7987 -0.4385 -0.4121
vn 0.9300 -0.1737 -0.3239
vn 0.3819 -0.6196 0.6857
vn 0.8009 -0.0042 0.5988
vn 0.1910 -0.9797 0.0617
vn -0.4407 -0.8337 -0.3326
vn 0.2525 -0.5554 0.7923
vn 0.2626 -0.7801 -0.5679
vn 0.5835 -0.3378 0.7386
vn -0.6288 -0.6655 -0.4021
vn -0.3626 -0.8204 0.4421
vn 0.0160 0.9904 -0.1370
vn -0.1141 -0.3036 0.9459
vn 0.1829 -0.2905 0.9392
vn 0.7838 -0.5707 -0.2450
vn 0.8662 0.3971 0.3034
vn -0.6567 0.1010 0.7474
vn 0.5310 -0.0697 -0.8445
vn -0.4864 0.0609 -0.8716
vn 0.2680 0.3755 0.8872
vn -0.6103 0.6162 -0.4979
vn -0.0455 0.7769 0.6280
vn 0.2988 -0.9249 -0.2352
vn -0.8496 0.1561 -0.5038
vn 0.6493 0.7382 -0.1831
vn 0.0306 -0.0007 0.9995
vn -0.1151 0.4449 0.8882
vn 0.2360 0.2384 0.9421
vn 0.6375 0.5526 0.5368
vn -0.7378 0.6541 0.1668
vn -0.5007 -0.3697 -0.7827
vn 0.3986 -0.1017 -0.9115
vn -0.9772 -0.1791 0.1141
vn 0.6336 0.0639 0.7710
vn -0.1041 -0.0271 -0.9942
vn 0.0386 0.4243 -0.9047
vn 0.1814 -0.2319 -0.9557
vn -0.2354 0.9718 0.0139
vn 0.6445 0.7506 -0.1457
vn 0.6981 -0.6656 -0.2641
vn -0.2182 0.7008 0.6791
vn -0.5107 0.5824 -0.6325
vn -0.2152 0.9766 0.0054
vn 0.1200 -0.2898 0.9495
vn -0.8285 0.4490 -0.3345
vn -0.5160 -0.0499 0.8551
vn -0.3076 0.9309 0.1971
vn 0.2739 -0.0926 0.9573
vn 0.4599 0.4807 -0.7466
vn -0.2748 0.6271 -0.7289
vn 0.9239 0.3620 -0.1242
vn -0.9013 -0.3221 0.2898
vn 0.2015 -0.4520 0.8690
vn -0.8663 -0.0623 0.4956
vn 0.1910 -0.5423 0.8182
vn 0.0964 -0.9725 -0.2118
vn 0.7884 0.6030 -0.1214
vn 0.6848 0.5920 0.4250
vn 0.2477 0.3701 -0.8953
vn -0.6440 0.4468 -0.6210
vn -0.2353 -0.2600 0.9365
vn -0.7528 -0.5151 -0.4098
vn 0.6979 0.6109 -0.3740
vn 0.1499 0.0255 0.9884
vn -0.6222 0.3838 -0.6823
vn 0.7972 0.1166 0.5923
vn -0.5049 0.5128 -0.6944
vn 0.4414 -0.3098 -0.8421
vn 0.3496 -0.7936 0.4979
vn 0.1560 0.3697 -0.9160
vn 0.1737 -0.6768 0.7153
vn -0.2433 -0.9679 0.0626
vn 0.5671 -0.8111 0.1429
vn -0.1672 -0.7460 0.6447
vn 0.6518 -0.6758 -0.3441
vn -0.1530 -0.9849 -0.0805
vn 0.4327 0.4902 0.7566
vn -0.4287 -0.1994 -0.8812
vn -0.6728 -0.6376 0.3752
vn -0.3546 -0.7309 0.5832
vn -0.8740 0.4858 -0.0116
vn -0.1564 0.6355 0.7561
vn -0.1193 0.9552 0.2709
vn -0.2813 0.4967 0.8210
vn 0.1140 0.8795 0.4621
vn 0.6338 0.7171 -0.2898
vn -0.2636 -0.0040 -0.9646
vn 0.9304 0.2432 0.2743
vn 0.4950 0.6536 0.5725
vn -0.8045 -0.4613 -0.3741
vn -0.8477 0.5294 0.0331
vn -0.9911 0.0429 0.1263
vn 0.8402 -0.4259 0.3356
vn 0.3428 0.2074 0.9162
vn -0.6544 -0.7560 0.0138
vn -0.6271 -0.0449 -0.7777
vn 0.4518 -0.7927 0.4093
vn 0.2554 0.7439 -0.6176
vn 0.7157 -0.6744 -0.1816
vn 0.5475 0.2234 0.8064
vn -0.8761 -0.2695 -0.3998
vn 0.1672 -0.9111 0.3767
vn -0.6519 -0.6319 -0.4192
vn -0.8724 -0.4645 -0.1522
vn -0.4366 -0.7221 -0.5366
vn -0.0539 -0.2947 0.9541
vn 0.0020 0.2917 -0.9565
vn -0.7520 0.4086 -0.5172
vn 0.0502 -0.9981 -0.0350
vn -0.1644 -0.8284 -0.5354
vn 0.3456 -0.5900 -0.7297
vn 0.2958 0.5517 -0.7799
vn 0.0323 0.6400 -0.7677
vn -0.1981 0.7054 0.6806
vn 0.4246 0.3087 -0.8511
vn -0.3328 0.6911 0.6415
vn -0.9023 -0.4208 -0.0934
vn -0.1922 -0.4336 -0.8804
vn 0.1858 -0.2653 0.9461
vn -0.4807 0.1833 0.8575
vn -0.6150 0.7884 -0.0179
vn 0.1813 -0.2836 -0.9417
vn 0.8808 0.4669 -0.0787
vn -0.0886 -0.5399 0.8371
vn -0.7311 0.3544 -0.5830
vn -0.0629 -0.9566 0.2847
vn -0.3664 -0.5406 0.7573
vn -0.4294 -0.8305 -0.3549
vn 0.6161 -0.3741 -0.6932
vn -0.8864 -0.2897 0.3611
vn -0.5598 -0.7186 -0.4127
vn -0.7345 -0.6786 0.0093
vn 0.7237 -0.6077 -0.3271
vn -0.0920 -0.4123 0.9064
vn 0.1406 0.9386 -0.3151
vn 0.7889 -0.5486 -0.2768
vn 0.9404 -0.1744 -0.2920
vn 0.0198 -0.7238 -0.6897
vn -0.1301 0.5726 -0.8095
vn -0.8993 0.1876 -0.3950
vn -0.7207 0.3189 -0.6156
vn 0.9196 0.3816 -0.0933
vn -0.9044 0.3666 0.2185
vn 0.7677 -0.4678 0.4379
vn 0.9748 -0.0265 0.2215
vn 0.7699 0.6272 0.1177
vn -0.6343 0.4680 -0.6154
vn -0.8550 0.5172 -0.0371
vn 0.7141 -0.1277 -0.6883
vn -0.8767 0.3298 0.3501
vn -0.5630 0.8152 0.1358
vn 0.6621 -0.7364 -0.1389
vn -0.3990 -0.0567 -0.9152
vn 0.2351 0.9637 -0.1266
vn -0.2233 -0.9433 0.2454
vn -0.0180 0.7921 0.6101
vn 0.1437 0.9883 -0.0512
vn 0.0679 0.9977 -0.0088
vn -0.2106 -0.8482 -0.4861
vn 0.5047 0.5487 0.6665
vn 0.4526 -0.7930 -0.4079
vn 0.9226 -0.3837 -0.0397
vn 0.8966 0.2637 -0.3558
vn 0.0526 -0.4938 0.8680
vn 0.4739 -0.8710 -0.1298
vn 0.9418 -0.0086 -0.3361
vn 0.1148 0.4460 0.8876
vn 0.1363 -0.6377 0.7581
vn 0.3386 -0.7715 -0.5387
vn -0.5462 0.8371 0.0299
vn -0.1150 0.5829 0.8044
vn 0.8640 -0.2067 -0.4591
vn 0.3353 -0.9241 0.1835
vn 0.9384 -0.3026 -0.1667
vn 0.6353 -0.7073 -0.3099
vn 0.8995 0.2418 0.3638
vn 0.2751 -0.9507 0.1435
vn 0.2652 0.2639 0.9274
vn -0.0140 -0.9960 0.0883
vn 0.3297 0.9334 -0.1414
vn -0.7487 -0.2272 -0.6228
vn 0.1739 0.9554 -0.2386
vn -0.7376 -0.6280 0.2482
vn -0.4262 -0.6317 -0.6475
vn 0.7082 0.6984 -0.1039
vn 0.4242 0.2673 0.8652
vn 0.9189 0.3569 0.1679
vn 0.9493 -0.2265 0.2178
vn -0.4913 0.8456 0.2087
vn -0.2514 -0.9654 0.0687
vn -0.0054 -0.7765 0.6301
vn -0.6430 0.5432 0.5400
vn -0.0837 -0.8102 -0.5801
vn 0.2402 0.2413 0.9403
vn 0.6595 -0.0837 0.7470
vn 0.6258 -0.1906 0.7564
vn 0.3082 -0.0135 -0.9512
vn 0.4862 -0.8721 0.0557
vn -0.2513 0.9582 0.1368
vn 0.2692 -0.9547 0.1268
vn -0.6900 0.7225 0.0445
vn 0.9138 -0.1808 0.3637
vn 0.8123 0.2721 0.5159
vn -0.5851 -0.5559 -0.5905
vn -0.7072 0.6982 -0.1114
vn 0.7993 0.1468 0.5827
vn 0.7046 -0.6728 0.2255
vn 0.2581 0.5564 0.7898
vn 0.2171 -0.9561 0.1967
vn -0.2360 0.3478 -0.9074
vn 0.9884 0.0230 0.1500
vn 0.8344 -0.5369 0.1246
vn 0.3275 0.9342 -0.1416
vn -0.1805 -0.0213 -0.9833
vn 0.4568 -0.2103 0.8643
vn 0.4974 0.8664 0.0452
vn 0.7535 -0.4600 0.4697
vn -0.5750 -0.3891 0.7197
vn -0.1684 -0.1618 -0.9723
vn -0.7539 0.2866 0.5911
vn 0.0786 0.4946 -0.8656
vn 0.1206 0.6010 -0.7901
vn -0.1596 -0.8529 0.4971
vn -0.5534 -0.8219 -0.1351
vn -0.6090 -0.5253 0.5943
vn 0.0939 0.0744 0.9928
vn -0.4380 0.8439 0.3098
vn 0.2782 0.0668 0.9582
vn 0.9533 -0.0290 -0.3006
vn 0.7748 -0.0600 -0.6293
vn -0.9716 -0.0086 0.2366
vn 0.1647 -0.6196 0.7674
vn -0.3421 -0.7698 -0.5389
vn -0.5865 0.8007 0.1218
vn -0.9518 0.1277 0.2790
vn -0.4146 -0.8802 0.2309
vn -0.1037 0.9460 0.3071
vn -0.1550 0.9750 0.1595
vn -0.9024 -0.1583 0.4008
vn 0.2523 -0.9667 -0.0434
vn -0.5584 0.7478 -0.3591
vn -0.2426 -0.8944 -0.3758
vn 0.4501 -0.7508 -0.4835
vn -0.5264 0.7694 -0.3619
vn -0.6249 0.7751 0.0929
vn 0.4663 -0.6306 0.6204
vn -0.8054 -0.4535 0.3816
vn -0.4428 0.8338 -0.3296
vn 0.4594 -0.1132 0.8810
vn -0.1135 0.4497 -0.8859
vn -0.1274 -0.4333 0.8922
vn -0.3158 0.9140 -0.2548
vn -0.3239 0.9188 -0.2257
vn -0.1321 0.7858 -0.6043
vn -0.4772 -0.6472 -0.5945
vn -0.6343 -0.5062 0.5843
vn 0.7484 0.1163 -0.6530
vn 0.3799 0.8907 0.2495
vn 0.0286 -0.6845 0.7284
vn 0.1820 -0.8355 -0.5185
vn -0.2904 -0.9363 -0.1977
vn 0.3430 0.3458 -0.8734
vn 0.3468 0.8923 -0.2891
vn 0.1502 -0.1190 -0.9815
vn 0.8000 -0.5732 -0.1776
vn -0.4450 -0.4701 0.7622
vn -0.0692 -0.2198 0.9731
vn 0.3269 0.4842 -0.8116
vn -0.1330 0.9539 0.2692
vn -0.2807 0.8975 -0.3401
vn -0.4542 -0.0644 0.8886
vn -0.4339 0.4587 0.7755
vn 0.0823 -0.9925 0.0899
vn -0.0370 -0.4594 0.8874
vn 0.4147 0.2667 -0.8700
vn -0.0357 0.9960 -0.0822
vn 0.8227 0.4295 -0.3724
vn -0.3012 -0.8238 -0.4803
vn -0.2483 0.7513 0.6114
vn -0.4184 -0.8119 -0.4071
vn 0.2601 -0.0547 -0.9640
vn -0.0701 -0.3119 -0.9475
vn -0.9046 0.3779 0.1973
vn 0.1206 0.8079 -0.5769
vn -0.3156 -0.8151 -0.4858
vn 0.0753 -0.8495 0.5221
vn -0.5249 -0.6833 0.5076
vn -0.8343 -0.5469 -0.0699
vn -0.2676 0.1626 0.9497
vn 0.5549 0.7274 -0.4037
vn 0.0629 -0.7768 -0.6266
vn -0.3175 0.0183 0.9481
vn 0.0133 -0.6676 -0.7444
vn 0.7701 -0.1867 0.6100
vn 0.5957 0.3685 -0.7137
vn 0.1898 -0.9793 0.0704
vn -0.5110 0.6701 -0.5383
vn -0.5039 0.4906 -0.7109
vn 0.3375 -0.6671 0.6641
vn 0.9882 0.0673 0.1373
vn 0.6337 0.6324 0.4456
vn -0.9522 -0.0758 -0.2959
vn 0.6187 -0.7428 -0.2558
vn 0.6970 -0.6059 -0.3834
vn 0.2986 0.5365 0.7893
vn -0.3093 0.7536 -0.5800
vn -0.0574 -0.7218 -0.6897
vn -0.6463 -0.2425 -0.7236
vn -0.1801 -0.5843 0.7913
vn 0.4943 -0.0722 -0.8663
vn -0.4131 -0.6869 0.5980
vn 0.0071 -0.3401 0.9404
vn 0.2603 0.6276 -0.7337
vn 0.7337 0.4573 0.5025
vn -0.8150 -0.4276 -0.3911
vn 0.1589 0.5477 0.8215
vn 0.4503 0.0241 0.8925
vn -0.8994 0.1759 -0.4003
vn 0.0378 -0.4758 -0.8787
vn -0.0168 0.0696 -0.9974
vn -0.0844 0.4445 -0.8918
vn 0.8453 -0.4948 -0.2017
vn -0.4962 0.8682 -0.0074
vn -0.0836 0.9964 0.0115
vn -0.5524 -0.3226 -0.7686
vn -0.0129 0.1901 0.9817
vn -0.2519 -0.6073 -0.7535
vn 0.0258 -0.6672 -0.7445
vn -0.4653 -0.8772 0.1186
vn -0.6830 0.6806 0.2651
vn 0.0695 0.9932 0.0930
vn 0.5916 0.2409 -0.7694
vn 0.8387 -0.4104 0.3580
vn 0.8220 -0.3909 -0.4142
vn -0.3912 -0.0009 0.9203
vn 0.8680 -0.2540 -0.4267
vn 0.5215 0.6273 0.5784
vn 0.0300 0.4163 0.9087
vn 0.4169 -0.7902 -0.4491
vn -0.8780 0.4615 -0.1266
vn -0.4706 0.8732 -0.1264
vn 0.3711 -0.8354 0.4055
vn 0.9674 0.1425 -0.2092
vn -0.5641 -0.2424 0.7893
vn -0.5968 -0.4475 -0.6661
vn 0.1200 -0.9399 -0.3197
vn 0.2737 0.9237 0.2682
vn -0.4535 0.7615 -0.4630
vn -0.0351 0.9970 -0.0685
vn -0.2475 -0.2147 0.9448
vn -0.6834 -0.3970 0.6127
vn -0.7124 -0.1987 -0.6731
vn -0.3710 0.7913 -0.4860
vn -0.0719 -0.8749 0.4790
vn 0.7164 -0.5368 0.4457
vn -0.1062 0.3719 0.9222
vn 0.6910 0.6162 0.3779
vn 0.7523 0.5697 0.3310
vn -0.0237 0.8936 -0.4482
vn 0.6354 0.7541 0.1662
vn -0.3430 0.0091 0.9393
vn 0.6396 -0.5463 0.5408
vn 0.0982 0.6594 -0.7453
vn -0.8908 -0.3148 0.3276
vn 0.7106 -0.5933 0.3783
vn 0.2365 0.7406 0.6290
vn 0.8918 0.4515 -0.0293
vn -0.2660 0.9639 -0.0136
vn 0.8044 -0.4938 0.3302
vn 0.0121 0.7900 -0.6130
vn 0.4590 -0.6595 0.5954
vn 0.6429 -0.7399 0.1978
vn 0.2246 -0.4559 0.8612
vn -0.8524 -0.4981 -0.1591
vn -0.9102 0.1071 -0.4001
vn 0.3453 0.9215 0.1777
vn -0.6502 -0.7487 -0.1291
vn -0.0449 0.9986 -0.0272
vn 0.3641 -0.5842 -0.7254
vn -0.9057 -0.3612 -0.2220
vn -0.4943 0.1558 0.8552
vn 0.4331 -0.8845 0.1737
vn 0.6541 -0.2697 -0.7067
vn 0.3565 -0.9310 0.0784
vn -0.6135 0.7354 0.2878
vn 0.9016 0.4173 0.1137
vn -0.7580 -0.6415 0.1180
vn -0.4097 0.8577 -0.3107
vn 0.0675 0.0574 0.9961
vn -0.1178 -0.8395 0.5305
vn 0.7676 -0.0630 -0.6378
vn 0.8287 -0.3790 -0.4119
vn -0.0244 -0.8515 -0.5238
vn -0.9480 -0.1428 -0.2845
vn 0.7527 -0.6029 0.2643
vn 0.9156 0.2448 0.3189
vn -0.2056 -0.8218 -0.5315
vn 0.0597 0.9773 -0.2032
vn 0.8629 0.4070 -0.2997
vn 0.6384 0.7257 0.2566
vn 0.2549 0.4692 -0.8455
vn -0.4748 -0.6969 -0.5376
vn -0.6115 0.6599 0.4365
vn 0.4371 -0.8674 -0.2377
vn 0.3117 -0.9497 -0.0314
vn -0.9534 0.2698 -0.1354
vn 0.1891 0.2204 -0.9569
vn -0.4805 0.3967 -0.7821
vn 0.0943 0.0492 -0.9943
vn 0.8171 -0.2244 -0.5311
vn 0.1809 0.4745 -0.8615
vn -0.1960 -0.7513 0.6302
vn 0.5163 0.3439 0.7843
vn 0.9530 -0.2889 0.0910
vn 0.4432 0.7561 0.4816
vn -0.8146 0.0359 0.5789
vn -0.2082 -0.6251 -0.7522
vn -0.2046 0.7994 0.5649
vn -0.1502 -0.9122 0.3812
vn 0.9016 0.3598 0.2401
vn -0.7961 0.0645 -0.6017
vn 0.0730 0.9760 0.2050
vn 0.7318 0.6803 -0.0410
vn -0.8305 0.5192 0.2017
vn 0.3616 0.7601 -0.5399
vn 0.7363 0.1375 -0.6625
vn -0.4947 -0.0815 0.8652
vn 0.8332 0.0814 -0.5470
vn 0.7264 0.2120 -0.6538
vn 0.0873 0.6729 0.7346
vn 0.8004 0.1170 -0.5880
vn 0.3228 0.8374 -0.4410
vn 0.4308 -0.7146 -0.5511
vn -0.7544 0.6266 -0.1954
vn -0.0898 -0.9239 -0.3720
vn 0.9536 0.2534 0.1626
vn 0.5290 -0.5804 -0.6191
vn 0.8920 -0.2147 -0.3979
vn 0.2332 -0.2993 -0.9252
vn 0.2938 -0.7748 0.5598
vn -0.2258 -0.4656 0.8557
vn -0.9052 -0.2675 0.3303
vn -0.3520 -0.5450 0.7610
vn 0.3858 -0.7854 -0.4841
vn 0.8832 -0.1558 -0.4423
vn -0.8398 -0.5428 -0.0075
vn 0.6768 0.5044 -0.5362
vn 0.4925 -0.4412 0.7502
vn 0.2029 -0.4903 -0.8476
vn 0.0630 0.1185 0.9910
vn 0.0879 0.6729 0.7345
vn 0.9601 -0.2656 0.0874
vn 0.4243 0.6009 0.6774
vn -0.4244 -0.2811 -0.8607
vn 0.3508 -0.7830 0.5137
vn -0.4045 0.4418 -0.8008
vn -0.3700 -0.9287 0.0251
vn 0.8460 -0.5035 -0.1755
vn 0.0736 0.7139 -0.6964
vn -0.8639 0.4583 0.2088
vn 0.3529 0.2602 0.8987
vn 0.7290 -0.0311 -0.6838
vn 0.2992 0.5670 -0.7675
vn 0.7901 -0.4067 -0.4586
vn 0.1091 -0.9912 0.0749
vn 0.4257 0.8408 0.3343
vn -0.0781 -0.5314 -0.8435
vn -0.7834 0.6209 -0.0275
vn 0.0473 0.7226 -0.6896
vn 0.9893 0.0803 0.1222
vn -0.6707 0.2088 -0.7117
vn 0.8637 0.2766 -0.4213
vn -0.1155 0.9355 0.3338
vn -0.2184 -0.5418 0.8116
vn -0.0350 0.8160 -0.5769
vn 0.0661 0.4018 0.9133
vn 0.7589 -0.6021 -0.2482
vn -0.1040 -0.8903 -0.4434
vn -0.9725 -0.1620 -0.1673
vn 0.0551 0.9248 -0.3764
vn 0.6877 -0.2982 -0.6619
vn -0.5053 0.7776 -0.3741
vn -0.5758 -0.4235 -0.6993
vn -0.0048 -0.9054 -0.4245
vn 0.7970 -0.5778 0.1758
vn -0.9754 0.1389 -0.1713
vn 0.7818 -0.5938 0.1905
vn 0.3796 -0.9250 -0.0166
vn -0.1767 0.8195 0.5452
vn 0.4970 -0.3311 -0.8021
vn 0.2614 0.1294 -0.9565
vn 0.3925 0.7966 0.4597
vn 0.4471 0.6541 0.6101
vn 0.2829 0.5828 -0.7618
vn 0.7468 -0.0753 -0.6608
vn 0.8522 -0.3999 -0.3375
vn -0.3032 0.6200 0.7236
vn 0.5066 -0.8617 0.0286
vn 0.3696 0.5384 -0.7573
vn -0.1732 0.4824 -0.8587
vn 0.4951 0.8667 0.0612
vn 0.1340 0.8722 -0.4704
vn 0.0914 -0.0906 -0.9917
vn -0.1029 0.7228 0.6833
vn 0.2141 -0.4740 -0.8541
vn 0.6516 0.6353 0.4145
vn 0.9049 -0.0046 -0.4255
vn 0.6990 -0.7143 0.0353
vn -0.7631 0.6082 -0.2186
vn 0.3273 -0.3038 0.8948
vn -0.2724 -0.4702 -0.8395
vn -0.9980 -0.0329 -0.0536
vn 0.4052 -0.3182 0.8571
vn 0.2649 0.8856 0.3815
vn -0.1139 -0.8351 0.5381
vn 0.0099 -0.4494 -0.8933
vn 0.8083 -0.4845 0.3345
vn -0.9915 0.1287 0.0212
vn -0.4437 0.5956 -0.6696
vn -0.5020 -0.5169 -0.6934
vn -0.8759 -0.0440 0.4805
vn 0.5921 -0.0791 -0.8020
vn 0.7488 0.2598 0.6098
vn 0.0484 0.6931 0.7192
vn 0.2343 0.2643 0.9355
vn 0.6031 -0.6838 -0.4107
vn 0.4495 0.7359 -0.5063
vn -0.7463 -0.5517 0.3725
vn -0.3128 -0.4144 0.8547
vn -0.1267 -0.9741 0.1874
vn 0.7953 0.2993 -0.5272
vn 0.1017 -0.0695 -0.9924
vn 0.7423 0.3820 -0.5505
vn 0.2320 -0.7917 -0.5652
vn 0.3276 -0.4117 -0.8504
vn -0.1482 0.8020 0.5786
vn 0.9072 -0.1683 -0.3855
vn 0.3453 -0.8157 0.4641
vn 0.2937 0.9502 0.1047
vn -0.1378 0.8019 -0.5813
vn -0.9635 -0.2265 -0.1424
vn 0.4953 -0.8611 -0.1148
vn 0.9642 0.2449 0.1019
vn -0.6489 -0.0777 -0.7569
vn -0.8604 0.4910 0.1369
vn -0.1789 0.8118 0.5559
vn 0.4966 -0.2248 -0.8384
vn 0.2754 0.4518 -0.8486
vn -0.5627 0.1638 0.8103
vn -0.3246 0.8500 0.4149
vn -0.3507 0.6861 0.6374
vn -0.9522 0.3044 0.0239
vn 0.5558 0.4663 -0.6882
vn -0.4395 0.1655 -0.8829
vn 0.6706 0.5790 -0.4638
vn -0.5035 0.8433 -0.1878
vn -0.0661 -0.5287 0.8462
vn -0.5503 -0.3307 0.7667
vn -0.2285 0.8011 -0.5532
vn 0.6215 0.3781 0.6861
vn 0.3792 0.9251 0.0180
vn 0.5879 0.2761 -0.7603
vn 0.8131 -0.0726 0.5776
vn -0.5626 0.5469 -0.6199
vn 0.1701 0.9714 -0.1656
vn -0.9747 -0.0673 0.2130
vn 0.0510 0.2174 0.9747
vn 0.5697 -0.7888 -0.2309
vn 0.8982 0.0040 -0.4395
vn -0.6268 0.5996 -0.4975
vn 0.1981 0.4659 0.8624
vn 0.8116 -0.5785 0.0822
vn -0.6358 -0.5860 0.5023
vn 0.0023 -0.0458 0.9989
vn 0.4702 -0.1727 -0.8655
vn 0.4958 -0.7386 -0.4568
vn -0.7527 0.6523 -0.0891
vn 0.4915 -0.2849 -0.8230
vn 0.9141 -0.2822 -0.2912
vn 0.1344 0.1575 -0.9783
vn 0.9901 -0.1161 -0.0786
vn 0.3432 0.1842 0.9210
vn 0.6979 0.6695 0.2545
vn 0.6932 -0.6329 -0.3448
vn 0.2931 -0.9523 0.0853
vn 0.6779 -0.7349 -0.0195
vn 0.6780 -0.6045 -0.4181
vn -0.5447 0.0206 0.8384
vn -0.7560 0.5873 0.2889
vn 0.7084 0.3513 0.6121
vn 0.6328 -0.6458 -0.4272
vn 0.6984 0.6794 0.2250
vn 0.8028 0.5777 -0.1479
vn -0.4125 0.0950 0.9060
vn 0.4055 -0.9138 0.0209
vn -0.4911 0.1686 0.8546
vn -0.8697 -0.4914 -0.0454
vn 0.3173 -0.4299 -0.8453
vn 0.5567 0.6725 -0.4877
vn -0.1733 -0.9842 -0.0375
vn -0.3630 0.9272 -0.0926
vn 0.1127 -0.8093 -0.5765
vn -0.1503 -0.4439 0.8834
vn 0.8723 0.4687 -0.1396
vn -0.7753 0.4081 -0.4821
vn 0.1445 -0.4727 0.8693
vn -0.7320 0.0091 -0.6812
vn 0.1036 -0.2967 0.9493
vn 0.3156 0.4853 -0.8154
vn 0.8451 0.5308 0.0640
vn 0.5941 -0.4896 0.6382
vn 0.0937 0.2773 0.9562
vn 0.5956 -0.7895 0.1484
vn -0.7323 -0.1544 0.6632
vn -0.3583 -0.6835 -0.6359
vn -0.9386 0.1106 0.3268
vn -0.0506 0.9836 -0.1732
vn 0.8046 -0.0437 0.5922
vn 0.8395 -0.2593 -0.4776
vn 0.7720 -0.1158 0.6250
vn -0.9612 -0.1879 0.2018
vn 0.4371 0.8364 0.3309
vn 0.7924 0.0366 0.6089
vn 0.3873 -0.5132 -0.7659
vn -0.4728 0.5819 -0.6617
vn -0.1390 0.5636 0.8143
vn -0.7746 -0.6110 0.1634
vn -0.2749 0.4743 0.8363
vn -0.3553 0.5833 -0.7305
vn -0.6060 -0.3640 -0.7073
vn 0.4366 0.5592 -0.7048
vn -0.5209 0.6995 0.4893
vn 0.3379 0.9044 -0.2607
vn -0.3296 0.1578 0.9308
vn -0.1375 -0.7351 -0.6639
vn 0.2167 -0.6122 -0.7604
vn -0.7590 -0.4694 -0.4511
vn -0.0228 -0.6864 -0.7269
vn 0.5782 -0.7944 0.1861
vn 0.0493 0.9376 -0.3442
vn 0.3412 0.9276 0.1521
vn -0.0706 0.9752 0.2099
vn -0.8116 0.1170 -0.5724
vn -0.3006 -0.0972 0.9488
vn 0.7005 0.5730 0.4254
vn -0.4064 -0.0190 -0.9135
vn 0.2630 -0.3638 -0.8936
vn 0.7565 0.5074 0.4126
vn 0.0778 0.3653 0.9276
vn -0.9895 0.1366 -0.0464
vn 0.8044 -0.3618 0.4712
vn -0.6643 0.6423 -0.3823
vn 0.9721 0.1700 0.1618
vn 0.9558 -0.2937 0.0116
vn -0.6220 0.7823 -0.0332
vn -0.1674 0.9069 0.3867
vn 0.5220 0.1421 0.8410
vn 0.5930 0.8030 -0.0599
vn -0.7143 -0.4037 -0.5717
vn 0.1466 -0.9456 0.2903
vn -0.0592 0.6882 0.7231
vn 0.1649 -0.2570 -0.9522
vn -0.3332 0.7729 0.5399
vn 0.9600 0.1323 -0.2467
vn 0.5835 -0.8115 -0.0322
vn 0.3176 0.9291 0.1893
vn 0.1740 0.9825 -0.0669
vn -0.1694 0.2541 -0.9522
vn -0.1512 -0.2609 -0.9535
vn 0.5398 -0.0397 0.8409
vn -0.5915 -0.3299 0.7358
vn 0.8180 -0.4276 0.3848
vn 0.2074 -0.9047 0.3722
vn -0.3143 -0.7869 0.5311
vn -0.2054 0.9172 -0.3414
vn 0.1653 0.8135 -0.5575
vn 0.6608 -0.0063 0.7505
vn 0.4288 0.5618 0.7074
vn -0.1387 -0.9575 0.2527
vn 0.3338 0.2722 0.9025
vn 0.7107 0.1533 0.6866
vn 0.1934 -0.9803 0.0397
vn -0.3579 0.3127 0.8798
vn -0.7021 -0.6058 -0.3743
vn -0.0539 0.1738 -0.9833
vn -0.9962 -0.0183 -0.0856
vn 0.4770 -0.0242 0.8786
vn 0.7211 -0.6537 -0.2296
vn 0.4094 0.8946 0.1794
vn 0.4707 -0.0378 0.8815
vn 0.8837 0.2104 0.4181
vn -0.2805 0.1675 -0.9451
vn 0.6842 -0.6938 0.2248
vn 0.2365 0.9397 -0.2469
vn -0.2979 0.2770 -0.9135
vn 0.5097 0.7481 0.4248
vn 0.9519 -0.1910 0.2396
vn -0.3964 -0.0551 -0.9164
vn 0.0599 -0.5666 0.8218
vn 0.3366 -0.9117 -0.2358
vn 0.9212 0.1462 0.3606
vn 0.3708 -0.9277 0.0439
vn 0.9839 -0.0787 -0.1603
vn 0.8429 -0.0191 0.5377
vn -0.9474 0.1460 -0.2849
vn 0.0791 -0.0867 0.9931
vn -0.1296 -0.9625 0.2385
vn 0.7310 -0.5686 -0.3773
vn -0.2049 -0.8499 0.4854
vn -0.4579 0.8857 0.0770
vn -0.3551 0.9295 0.0998
vn 0.7380 -0.3802 -0.5574
vn -0.2898 -0.9554 -0.0567
vn 0.8306 0.2275 0.5082
vn -0.7882 -0.4486 0.4212
vn 0.9736 -0.0170 -0.2275
vn -0.0977 0.9875 0.1237
vn -0.9937 0.1045 0.0412
vn 0.8986 0.4198 0.1280
vn 0.4439 -0.8320 0.3327
vn 0.6133 -0.6986 0.3686
vn 0.9957 0.0848 -0.0380
vn 0.7214 0.6824 -0.1181
vn 0.4839 0.6304 -0.6070
vn -0.5039 0.8564 0.1128
vn -0.2355 -0.8749 0.4232
vn 0.9223 0.1043 -0.3722
vn 0.9712 0.1677 -0.1693
vn 0.4493 0.5666 -0.6908
vn -0.3702 0.2098 0.9050
vn 0.5895 0.7175 -0.3711
vn -0.5134 -0.8569 -0.0456
vn 0.0231 -0.6816 0.7314
vn -0.2732 -0.8241 0.4962
vn 0.4576 0.6262 -0.6313
vn -0.3880 -0.6286 0.6740
vn 0.1699 -0.0082 0.9854
vn 0.5455 -0.7261 0.4186
vn 0.9680 0.2501 -0.0215
vn 0.1396 0.4660 0.8737
vn -0.0923 -0.8573 -0.5064
vn 0.3188 -0.9100 -0.2652
vn 0.6309 0.3892 0.6712
vn 0.4573 -0.8689 0.1894
vn -0.4165 -0.0729 0.9062
vn 0.2155 -0.9731 -0.0811
vn -0.0829 0.6875 -0.7214
vn 0.9526 0.2407 -0.1863
vn -0.5501 0.7233 -0.4174
vn 0.9856 0.1344 0.1025
vn -0.6881 0.6959 0.2057
vn 0.6960 0.3291 -0.6382
vn -0.0859 0.4858 0.8698
vn -0.2263 -0.1098 -0.9679
vn 0.7848 0.5956 0.1713
vn 0.4408 0.8730 -0.2087
vn 0.4302 0.6233 0.6530
vn 0.3531 -0.7139 -0.6046
vn 0.0749 0.1824 -0.9804
vn -0.7434 -0.2891 -0.6031
vn -0.0615 -0.7868 0.6141
vn 0.2067 -0.9392 -0.2741
vn 0.3184 0.0515 0.9466
vn -0.0806 0.1550 0.9846
vn 0.0818 -0.9948 0.0604
vn 0.8870 -0.3305 0.3225
vn -0.2155 -0.8837 0.4154
vn 0.4117 -0.6521 -0.6366
vn -0.5936 0.8020 0.0670
vn 0.0746 -0.9708 0.2280
vn 0.7210 -0.6701 -0.1765
vn 0.5464 0.6943 -0.4684
vn 0.8109 -0.0822 0.5794
vn 0.9021 -0.2578 -0.3461
vn -0.4991 0.6002 -0.6250
vn 0.2350 -0.3952 -0.8880
vn 0.5319 0.8440 0.0694
vn -0.2454 0.9642 -0.1008
vn 0.8341 -0.2853 0.4720
vn 0.5919 0.3003 0.7480
vn -0.9654 -0.2116 0.1522
vn 0.1372 -0.9621 0.2355
vn -0.5927 -0.7380 -0.3227
vn -0.0673 -0.3917 0.9176
vn -0.7651 0.4244 -0.4842
vn -0.5692 -0.0763 -0.8187
vn 0.1898 0.1992 -0.9614
vn 0.3102 -0.3954 -0.8646
vn 0.1968 -0.4636 -0.8639
vn -0.4591 0.2172 0.8614
vn -0.0688 0.5580 -0.8270
vn 0.3213 -0.5878 0.7425
vn -0.0884 -0.5013 -0.8607
vn -0.8660 0.4899 0.1001
vn -0.9106 -0.3746 -0.1748
vn -0.5655 -0.0685 -0.8219
vn 0.8316 -0.3924 -0.3931
vn 0.1117 -0.8693 0.4814
vn -0.3274 0.8565 0.3989
vn 0.4695 -0.7421 0.4784
vn 0.4006 0.7684 0.4990
vn -0.4795 -0.8775 0.0019
vn 0.9776 -0.2070 -0.0379
vn 0.4166 -0.5413 0.7304
vn 0.1430 -0.9087 0.3921
vn -0.5537 0.8311 0.0515
vn -0.9376 0.2422 -0.2495
vn 0.0210 -0.2537 0.9671
vn 0.4227 0.8965 -0.1326
vn 0.4955 -0.8620 -0.1070
vn -0.1256 -0.7570 0.6412
vn -0.7527 -0.4720 -0.4590
vn -0.2005 -0.7379 -0.6444
vn 0.8926 -0.1208 0.4344
vn 0.9367 -0.2405 0.2544
vn -0.0882 -0.1728 -0.9810
vn 0.4086 0.5497 0.7286
vn 0.4248 0.0925 -0.9005
vn -0.4610 -0.4306 -0.7759
vn 0.2545 -0.2953 0.9209
vn -0.6066 -0.3316 0.7225
vn -0.6512 0.7420 -0.1591
vn -0.5096 0.8127 0.2826
vn -0.8690 -0.3836 -0.3126
vn 0.3553 -0.9235 -0.1444
vn -0.6825 -0.3136 -0.6601
vn -0.2919 -0.6796 0.6730
vn -0.4393 0.4846 -0.7564
vn -0.1359 0.4911 -0.8604
vn -0.9723 -0.1959 0.1277
vn 0.7548 -0.4400 0.4865
vn -0.4885 -0.8387 0.2406
vn 0.8521 0.3242 0.4108
vn -0.6555 0.2419 -0.7154
vn -0.1242 0.3075 -0.9434
vn -0.0909 -0.5716 -0.8155
vn 0.1251 -0.8457 0.5187
vn 0.4186 -0.0895 0.9038
vn 0.8177 0.1313 -0.5604
vn -0.4196 0.5000 0.7576
vn -0.5370 -0.7987 -0.2714
vn 0.1852 -0.4842 -0.8552
vn -0.8839 0.4552 -0.1078
vn -0.7081 -0.1243 -0.6951
vn -0.3844 -0.8863 0.2583
vn 0.2641 0.6904 -0.6735
vn -0.9281 -0.0972 -0.3593
vn 0.2008 0.0178 -0.9795
vn 0.9221 0.3748 0.0961
vn -0.0732 0.8798 -0.4697
vn 0.7293 0.6827 0.0440
vn 0.5472 0.7541 -0.3633
vn 0.9765 0.0133 -0.2149
vn -0.2221 0.0438 -0.9740
vn 0.7053 -0.5275 0.4736
vn 0.1625 0.9279 -0.3355
vn 0.2412 -0.7375 -0.6308
vn -0.9666 0.0692 0.2468
vn -0.1105 -0.2589 -0.9596
vn 0.6817 -0.6347 0.3638
vn 0.6608 0.7207 -0.2094
vn 0.0967 -0.8906 0.4443
vn -0.9835 0.0510 -0.1736
vn 0.4653 0.2886 -0.8368
vn 0.8145 -0.3909 0.4286
vn 0.0955 0.9098 -0.4039
vn 0.2059 -0.8148 -0.5420
vn -0.0674 -0.1673 0.9836
vn -0.4902 -0.1285 -0.8621
vn 0.7331 -0.6752 0.0810
vn -0.3715 0.7246 -0.5804
vn -0.3437 -0.4782 -0.8082
vn -0.5120 -0.0456 0.8578
vn 0.1950 -0.9568 0.2158
vn 0.9421 0.1763 -0.2853
vn -0.5420 0.7717 -0.3328
vn 0.3698 -0.0805 -0.9256
vn -0.6552 0.2258 0.7209
vn -0.1558 0.0141 -0.9877
vn 0.3604 -0.1104 0.9262
vn -0.2620 -0.7743 0.5760
vn -0.6250 0.6936 -0.3581
vn 0.8384 0.1206 0.5315
vn -0.8516 -0.3742 -0.3672
vn -0.9870 -0.1044 -0.1222
vn -0.8480 0.3606 0.3884
vn 0.5145 -0.8574 0.0144
vn -0.7232 -0.5491 0.4190
vn -0.3879 -0.8425 0.3738
vn -0.6785 -0.3230 -0.6598
vn 0.0595 -0.5143 -0.8555
vn -0.6228 -0.6493 -0.4364
vn 0.5049 -0.2088 -0.8375
vn -0.9590 -0.2354 -0.1581
vn 0.0562 0.2812 0.9580
vn -0.1826 0.7152 0.6747
vn -0.0151 -0.9966 0.0806
vn 0.7211 -0.3529 0.5963
vn -0.5415 -0.8406 0.0089
vn -0.0165 -0.7892 -0.6139
vn 0.0874 -0.8496 0.5202
vn 0.0129 0.0884 0.9960
vn 0.3036 -0.2348 -0.9234
vn -0.7524 0.6574 -0.0420
vn 0.0606 -0.9949 0.0801
vn 0.9392 -0.0356 -0.3416
vn 0.6380 0.1084 0.7624
vn -0.7749 0.5567 0.2994
vn 0.3548 -0.9301 0.0952
vn 0.4472 -0.3879 0.8059
vn -0.5924 0.2061 -0.7788
vn 0.4297 0.9029 0.0142
vn 0.8203 0.4924 -0.2910
vn -0.8072 -0.5902 0.0077
vn -0.5445 -0.2513 -0.8002
vn -0.4980 0.8672 -0.0052
vn -0.2110 0.5362 -0.8173
vn 0.6208 -0.7301 -0.2856
vn -0.9834 0.1716 0.0591
vn -0.8764 0.2415 0.4167
vn -0.5858 -0.8058 0.0866
vn 0.6284 0.6342 0.4504
vn -0.3567 -0.7073 -0.6104
vn -0.3627 0.3364 -0.8691
vn 0.7628 0.6404 -0.0891
vn 0.7199 -0.5635 -0.4052
vn 0.4982 0.6961 -0.5169
vn 0.5182 0.1817 -0.8357
vn 0.0113 0.0942 -0.9955
vn -0.4247 0.8256 -0.3716
vn 0.0342 -0.9893 -0.1419
vn 0.7148 -0.6980 -0.0424
vn -0.0430 0.9961 0.0768
vn 0.2024 -0.9748 -0.0942
vn 0.5049 0.8449 -0.1767
vn 0.3438 0.7362 -0.5830
vn -0.7900 -0.1938 0.5817
vn 0.0976 0.9704 0.2209
vn 0.7054 -0.2319 -0.6699
vn 0.1870 0.9628 -0.1953
vn 0.8041 0.2392 -0.5443
vn -0.6117 -0.1350 0.7795
vn -0.9429 0.2519 0.2181
vn 0.4621 -0.8575 0.2262
vn 0.1095 -0.5153 0.8500
vn 0.6519 -0.7184 -0.2430
vn 0.3619 -0.8254 -0.4332
vn 0.6504 -0.2763 0.7076
vn 0.1223 -0.7653 -0.6319
vn 0.7281 0.6833 -0.0547
vn 0.0466 -0.3209 -0.9460
vn 0.9046 -0.0526 -0.4230
vn -0.7350 0.5047 0.4528
vn -0.1170 -0.8883 0.4440
vn 0.0258 -0.3352 0.9418
vn 0.9041 -0.1360 -0.4051
vn 0.4923 -0.8562 0.1564
vn 0.4200 0.0210 0.9073
vn -0.1432 -0.7826 -0.6058
vn -0.8337 0.5139 -0.2023
vn 0.8878 -0.4504 0.0945
vn 0.9698 0.1839 -0.1605
vn 0.6504 -0.0886 0.7544
vn 0.0611 0.7852 -0.6162
vn -0.0499 -0.4160 0.9080
vn -0.0631 -0.1831 -0.9811
vn 0.6028 -0.7826 -0.1555
vn 0.0852 0.8213 -0.5641
vn 0.9100 0.4071 -0.0779
vn -0.6526 0.6048 0.4563
vn 0.9427 0.2515 -0.2191
vn 0.0278 -0.0660 -0.9974
vn -0.8417 0.1839 0.5077
vn -0.7714 0.0600 -0.6335
vn 0.5893 0.7862 -0.1860
vn 0.8120 -0.1761 0.5565
vn 0.9374 0.0947 -0.3351
vn -0.3942 -0.9182 -0.0388
vn -0.5236 0.1333 -0.8415
vn 0.4706 -0.6933 0.5458
vn -0.4755 -0.7414 0.4734
vn -0.5296 0.8410 0.1106
vn -0.0528 -0.9599 0.2752
vn 0.6327 -0.7713 -0.0686
vn 0.5112 -0.7953 0.3257
vn -0.4194 0.9013 0.1086
vn 0.6531 -0.6350 0.4126
vn 0.9190 -0.3518 0.1779
vn -0.2923 -0.6709 -0.6815
vn 0.2851 -0.3160 0.9049
vn -0.9065 0.3556 0.2277
vn 0.3023 0.8359 0.4582
vn -0.6974 -0.7165 -0.0146
vn 0.6242 0.7519 0.2121
vn -0.8123 -0.3046 0.4974
vn 0.8340 0.1400 0.5336
vn 0.8270 0.0575 -0.5593
vn 0.9025 0.2737 0.3325
vn 0.9998 0.0216 0.0015
vn -0.0860 -0.9891 -0.1199
vn -0.1151 -0.9892 0.0905
vn 0.0131 0.7963 0.6047
vn -0.6669 -0.5072 -0.5458
vn 0.8154 -0.5753 0.0642
vn 0.6248 0.5082 -0.5927
vn 0.9553 -0.2866 0.0730
vn 0.4094 -0.0714 -0.9095
vn -0.6970 -0.7069 0.1204
vn 0.2783 -0.6574 -0.7002
vn 0.7102 0.5047 0.4908
vn -0.1970 0.9780 0.0685
vn -0.8403 0.5065 -0.1932
vn 0.5842 -0.4352 0.6850
vn 0.4046 0.4336 0.8051
vn -0.2753 -0.4157 -0.8668
vn -0.1103 0.9901 0.0866
vn 0.8329 0.4870 -0.2629
vn -0.2733 -0.8364 -0.4752
vn -0.1655 -0.9699 0.1789
vn -0.3490 -0.9365 0.0339
vn -0.5944 -0.8030 -0.0429
vn 0.9819 -0.0856 0.1689
vn 0.0637 -0.5363 0.8416
vn 0.1072 -0.0112 -0.9942
vn 0.8692 -0.4853 0.0952
vn 0.5193 0.8402 0.1559
vn 0.3714 0.2159 0.9030
vn 0.8607 0.5016 0.0872
vn 0.0300 -0.8787 0.4765
vn -0.1808 -0.7594 0.6250
vn 0.3867 0.9065 -0.1694
vn -0.1968 -0.8357 0.5128
vn 0.8214 0.5681 -0.0500
vn 0.9190 0.3374 -0.2038
vn 0.5894 0.0565 0.8058
vn 0.6596 -0.6688 -0.3430
vn 0.9196 -0.1230 0.3732
vn 0.5776 -0.6000 -0.5536
vn -0.3363 0.4402 -0.8326
vn 0.7813 -0.6203 -0.0687
vn -0.4442 0.8599 0.2514
vn 0.3474 -0.9304 -0.1171
vn -0.3234 0.8389 -0.4377
vn 0.6430 0.4791 -0.5976
vn 0.3281 -0.0796 0.9413
vn 0.7671 0.1830 0.6149
vn 0.1541 -0.9872 -0.0410
vn -0.5334 -0.7919 0.2973
vn -0.9115 0.3152 0.2643
vn -0.9057 -0.3914 -0.1626
vn -0.1200 0.2256 0.9668
vn -0.7832 0.5155 0.3476
vn 0.8683 0.2156 -0.4467
vn -0.7568 -0.5548 0.3455
vn -0.3883 -0.6726 0.6299
vn 0.1826 0.2095 -0.9606
vn -0.5831 -0.0927 0.8071
vn 0.1498 -0.2774 -0.9490
vn 0.2900 -0.4098 -0.8649
vn 0.6256 0.7051 0.3339
vn 0.0216 0.9815 -0.1900
vn 0.8520 0.4848 -0.1979
vn -0.4183 -0.7343 -0.5346
vn -0.0883 -0.9708 0.2229
vn 0.0245 0.5264 0.8499
vn 0.5893 -0.7016 0.4006
vn -0.2391 0.7265 0.6442
vn 0.4621 -0.8202 0.3373
vn -0.1532 -0.9873 -0.0430
vn 0.0681 -0.2706 0.9603
vn -0.4153 -0.4059 -0.8141
vn -0.6597 -0.7515 -0.0096
vn -0.6041 -0.7597 -0.2404
vn -0.5400 0.2253 0.8110
vn 0.4321 0.0180 -0.9016
vn -0.8975 0.1663 0.4085
vn 0.6498 -0.1178 -0.7509
vn 0.0700 0.8718 0.4848
vn 0.7165 0.6959 -0.0487
vn -0.1307 -0.0634 -0.9894
vn 0.9062 -0.3461 -0.2431
vn 0.8568 0.0472 -0.5134
vn 0.9925 -0.1221 -0.0046
vn -0.1307 -0.9149 -0.3820
vn -0.3354 -0.9400 -0.0622
vn -0.0990 -0.9302 -0.3533
vn 0.7271 -0.1169 0.6765
vn 0.0872 -0.9495 0.3015
vn 0.4148 -0.2873 0.8634
vn -0.3610 -0.8171 -0.4494
vn 0.1018 0.9945 -0.0232
vn -0.9720 -0.1058 -0.2096
vn 0.8440 0.2248 0.4870
vn 0.7113 -0.5149 -0.4784
vn -0.8153 -0.1254 -0.5653
vn 0.5453 -0.3746 -0.7499
vn -0.3416 0.6369 0.6911
vn -0.3724 -0.3367 -0.8648
vn 0.6378 0.2903 -0.7134
vn 0.4829 -0.7274 0.4876
vn 0.5153 0.3950 -0.7605
vn 0.5997 0.1514 -0.7858
vn -0.5985 -0.7634 -0.2429
vn -0.7078 -0.6938 0.1325
vn 0.6270 -0.0895 0.7738
vn -0.6459 0.1051 -0.7562
vn -0.5846 -0.7688 -0.2592
vn 0.9763 -0.1584 -0.1472
vn 0.8310 0.5135 0.2139
vn -0.1670 -0.8937 -0.4164
vn 0.8058 -0.2880 -0.5174
vn -0.1176 0.9683 0.2202
vn 0.0525 -0.7303 -0.6811
vn 0.5809 0.3640 -0.7281
vn 0.9120 0.4024 0.0793
vn 0.1366 -0.6641 -0.7351
vn 0.6839 0.2138 -0.6976
vn -0.6709 0.0936 -0.7357
vn 0.1566 0.2546 0.9543
vn -0.0233 -0.0349 0.9991
vn 0.5935 0.2179 0.7748
vn 0.4953 -0.8672 0.0517
vn 0.8641 -0.3265 -0.3830
vn -0.1770 -0.4345 -0.8831
vn -0.6797 0.7215 0.1321
vn 0.5979 0.6795 -0.4252
vn -0.5420 -0.5827 -0.6056
vn -0.2673 0.9636 -0.0009
vn -0.3428 -0.0210 0.9392
vn -0.1101 -0.5764 0.8097
vn 0.2932 0.3226 0.9000
vn 0.8883 0.1032 0.4475
vn -0.4260 -0.8302 -0.3596
vn 0.1075 -0.2221 0.9691
vn -0.0670 0.1110 0.9916
vn -0.5787 0.6194 0.5306
vn -0.4863 -0.7876 0.3783
vn 0.9613 0.0106 0.2753
vn -0.7482 0.5273 0.4026
vn -0.4714 -0.5290 0.7057
vn 0.6135 0.7598 0.2153
vn -0.6853 0.2895 0.6682
vn 0.3391 -0.6559 0.6744
vn 0.5628 0.0046 0.8266
vn 0.6945 0.1880 -0.6946
vn 0.5660 0.2142 -0.7961
vn 0.8552 -0.1738 -0.4884
vn -0.5630 -0.0021 0.8264
vn -0.3518 -0.6579 0.6659
vn 0.6876 0.2985 0.6619
vn -0.7021 0.1785 -0.6893
vn -0.5751 0.2180 -0.7885
vn -0.8471 -0.1774 -0.5010
vn 0.5933 0.3982 0.6996
vn -0.8330 0.5525 -0.0285
vn 0.2789 0.5996 -0.7501
vn 0.6559 -0.5700 -0.4948
vn 0.5560 -0.5522 -0.6212
vn 0.8014 0.4446 -0.4001
vn -0.2732 0.6014 -0.7508
vn 0.8398 0.5424 -0.0229
vn -0.5963 0.4027 0.6945
vn -0.6631 -0.5612 -0.4953
vn -0.5516 -0.5599 -0.6183
vn -0.7958 0.4565 -0.3979
vn 0.5747 0.4278 0.6977
vn -0.9875 0.1142 0.1090
vn 0.9065 0.2764 -0.3192
vn 0.5196 -0.6578 -0.5453
vn 0.4935 -0.5293 -0.6902
vn 0.7212 0.5158 -0.4624
vn -0.9036 0.2775 -0.3264
vn 0.9881 0.1017 0.1151
vn -0.5761 0.4346 0.6923
vn -0.5290 -0.6476 -0.5484
vn -0.4961 -0.5374 -0.6820
vn -0.7146 0.5276 -0.4594
vn 0.5000 -0.3680 0.7840
vn 0.7501 -0.3233 -0.5769
vn 0.5728 0.4875 -0.6590
vn 0.4066 0.4647 -0.7866
vn 0.0557 -0.7811 -0.6219
vn -0.9079 -0.3525 -0.2268
vn -0.5697 0.4945 -0.6564
vn -0.7457 -0.3379 -0.5742
vn -0.5028 -0.3721 0.7802
vn -0.4162 0.4581 -0.7855
vn -0.0522 -0.7843 -0.6182
vn 0.9136 -0.3380 -0.2261
vn 0.8937 0.3500 0.2807
vn -0.0095 0.4159 -0.9094
vn 0.9878 0.1552 0.0088
vn 0.4066 -0.0958 -0.9086
vn -0.9885 0.1500 0.0186
vn 0.9572 0.0861 0.2763
vn 0.6508 0.3892 -0.6519
vn -0.4065 0.6532 0.6388
vn 0.4153 0.4622 -0.7835
vn 0.8500 0.5133 0.1184
vn -0.0283 0.4717 -0.8813
vn 0.4349 -0.0844 -0.8965
vn 0.8673 0.4978 -0.0056
vn -0.2763 0.8901 -0.3625
vn -0.9831 0.1782 0.0412
vn 0.9547 0.1039 0.2787
vn 0.6710 0.4039 -0.6218
vn -0.4348 0.6167 0.6562
vn 0.4520 0.2067 0.8677
vn 0.6627 -0.6912 -0.2882
vn 0.6948 -0.4274 -0.5785
vn 0.5588 -0.8092 0.1814
vn 0.0796 -0.9940 -0.0756
vn -0.7023 -0.4179 -0.5763
vn -0.6581 -0.6897 -0.3020
vn -0.4563 0.2010 0.8668
vn -0.5546 -0.8119 0.1824
vn -0.0856 -0.9924 -0.0888
vn 0.5184 0.0103 -0.8551
vn -0.2339 -0.9349 -0.2669
vn -0.7875 0.3598 -0.5004
vn -0.1334 -0.9548 -0.2657
vn 0.2272 -0.4142 0.8814
vn 0.5899 0.7920 -0.1574
vn 0.8986 0.4342 -0.0632
vn 0.7579 -0.6441 0.1041
vn -0.5750 -0.0146 -0.8180
vn 0.7945 0.3639 -0.4862
vn 0.2480 -0.9305 -0.2696
vn -0.5267 0.0007 -0.8501
vn 0.1236 -0.9537 -0.2743
vn -0.2340 -0.4146 0.8794
vn -0.5902 0.7940 -0.1455
vn -0.8944 0.4436 -0.0575
vn -0.7506 -0.6539 0.0954
vn 0.5770 -0.0299 -0.8162
vn 0.4168 0.2547 0.8726
vn 0.6968 -0.6585 -0.2845
vn 0.7002 -0.3799 -0.6045
vn 0.6264 -0.7440 0.2326
vn 0.1349 -0.9861 -0.0965
vn -0.7080 -0.3704 -0.6013
vn -0.6914 -0.6577 -0.2989
vn -0.4222 0.2490 0.8716
vn -0.6221 -0.7473 0.2335
vn -0.1404 -0.9839 -0.1107
vn 0.5011 0.1917 0.8439
vn 0.6517 -0.7255 -0.2213
vn 0.6700 -0.4796 -0.5666
vn 0.5969 -0.7655 0.2401
vn 0.0138 -0.9987 -0.0500
vn -0.6773 -0.4697 -0.5662
vn -0.6487 -0.7242 -0.2340
vn -0.5048 0.1858 0.8430
vn -0.5927 -0.7688 0.2403
vn -0.0193 -0.9979 -0.0618
vn 0.5906 0.2118 0.7787
vn 0.7008 -0.6938 -0.1658
vn 0.6581 -0.5636 -0.4993
vn 0.6873 -0.6031 0.4047
vn 0.0662 -0.9978 0.0031
vn -0.6640 -0.5529 -0.5034
vn -0.6987 -0.6931 -0.1772
vn -0.5932 0.2045 0.7787
vn -0.6834 -0.6078 0.4044
vn -0.0708 -0.9975 -0.0076
vn 0.5734 0.2727 0.7725
vn 0.4262 0.2945 -0.8553
vn 0.2964 0.0714 -0.9524
vn -0.3009 -0.0084 0.9536
vn 0.8489 -0.3357 -0.4082
vn -0.3073 0.0637 -0.9495
vn -0.4244 0.3029 -0.8533
vn -0.5688 0.2766 0.7746
vn 0.3023 -0.0018 0.9532
vn -0.8518 -0.3274 -0.4089
vn 0.5329 0.2974 -0.7922
vn 0.8646 0.4867 -0.1251
vn -0.0073 0.3217 -0.9468
vn 0.2579 -0.1886 -0.9476
vn 0.8817 0.4111 -0.2315
vn -0.0743 0.8796 -0.4698
vn -0.9578 0.2446 0.1511
vn 0.9219 0.0033 0.3875
vn 0.5547 0.2830 -0.7824
vn -0.2579 0.7966 0.5467
vn -0.1186 -0.8811 0.4578
vn -0.4575 0.7035 -0.5438
vn 0.3165 0.7118 -0.6270
vn 0.4508 0.8429 0.2936
vn 0.5475 0.6395 0.5398
vn -0.8933 0.4491 -0.0201
vn 0.1979 -0.9720 0.1265
vn 0.1205 0.5849 0.8021
vn -0.4429 0.8350 -0.3265
vn -0.1102 0.9792 -0.1702
vn -0.3452 0.8682 0.3564
vn -0.0642 0.9726 -0.2236
vn -0.7184 -0.2658 0.6428
vn -0.3108 0.9446 -0.1051
vn -0.5808 0.8009 0.1457
vn -0.7079 -0.0274 0.7058
vn 0.8889 0.4565 0.0390
vn -0.7079 -0.6946 0.1279
vn 0.7855 0.2084 -0.5827
vn 0.5840 0.0113 0.8117
vn 0.3827 -0.4331 -0.8161
vn 0.4847 0.2247 -0.8453
vn -0.6349 -0.6281 0.4499
vn 0.0023 -0.5440 -0.8391
vn 0.5715 0.0231 0.8203
vn 0.1022 -0.9914 0.0821
vn 0.1192 0.6220 -0.7739
vn 0.2325 -0.4525 -0.8609
vn -0.4904 0.2728 0.8277
vn -0.5600 -0.5437 0.6251
vn 0.5593 -0.6099 -0.5615
vn 0.6565 -0.6002 -0.4570
vn -0.7188 -0.6949 0.0202
vn 0.6317 0.7188 0.2903
vn -0.0050 -0.9994 -0.0332
vn 0.9965 -0.0757 0.0349
vn 0.4627 -0.7612 0.4544
vn -0.0943 0.5259 -0.8453
vn -0.4710 -0.5255 -0.7086
vn 0.6329 0.6315 0.4479
vn -0.8481 -0.1498 -0.5083
vn -0.0299 0.9924 0.1193
vn -0.8700 0.4617 -0.1732
vn -0.3574 0.7111 -0.6055
vn -0.4187 -0.0756 0.9050
vn -0.5068 -0.7520 -0.4214
vn 0.3501 0.5131 0.7837
vn -0.7773 -0.1754 0.6042
vn -0.5560 -0.1953 0.8079
vn -0.6324 0.0223 0.7743
vn -0.0475 0.9901 -0.1319
vn 0.0546 -0.2317 0.9713
vn -0.5308 0.3061 0.7903
vn -0.0023 -0.8575 -0.5144
vn 0.6686 -0.1714 -0.7236
vn 0.1743 -0.9618 0.2113
vn 0.6290 0.2230 0.7447
vn 0.0595 0.6862 -0.7249
vn 0.1269 0.1718 -0.9769
vn 0.7872 -0.0548 -0.6142
vn -0.2847 -0.8296 0.4803
vn -0.7232 -0.2424 -0.6467
vn 0.4721 -0.8804 -0.0446
vn -0.0704 -0.8689 -0.4899
vn 0.3726 0.3364 0.8649
vn 0.3110 0.3385 -0.8881
vn -0.0987 -0.9946 0.0321
vn 0.0233 0.6341 -0.7729
vn 0.5472 -0.5625 -0.6198
vn -0.3431 0.1038 -0.9336
vn 0.5978 0.0348 -0.8009
vn 0.4958 -0.7438 0.4483
vn 0.1106 0.3886 -0.9147
vn 0.5306 0.3716 0.7619
vn 0.5254 -0.7457 -0.4097
vn 0.5072 -0.6540 -0.5613
vn 0.3615 -0.9323 -0.0075
vn 0.0685 -0.9966 -0.0454
vn -0.5147 -0.6448 -0.5651
vn -0.5228 -0.7417 -0.4202
vn -0.5331 0.3656 0.7629
vn -0.3591 -0.9333 -0.0026
vn -0.0747 -0.9957 -0.0551
vn 0.6535 0.2355 0.7194
vn 0.5271 0.1149 -0.8420
vn 0.2823 -0.0755 -0.9564
vn -0.3138 0.2940 0.9028
vn 0.7574 -0.4958 -0.4248
vn -0.2950 -0.0818 -0.9520
vn -0.5279 0.1253 -0.8400
vn -0.6479 0.2414 0.7224
vn 0.3172 0.2992 0.8999
vn -0.7634 -0.4871 -0.4243
vn 0.5647 0.3894 0.7276
vn 0.6418 -0.0178 -0.7667
vn 0.3682 -0.2388 -0.8985
vn -0.5111 0.3029 0.8044
vn 0.7748 -0.5807 -0.2502
vn -0.3802 -0.2410 -0.8930
vn -0.6418 -0.0079 -0.7668
vn -0.5596 0.3948 0.7287
vn 0.5159 0.3063 0.8000
vn -0.7805 -0.5725 -0.2510
vn 0.5612 0.3615 0.7446
vn 0.6718 -0.0518 -0.7389
vn 0.3209 -0.2124 -0.9230
vn -0.4507 0.2078 0.8681
vn 0.7773 -0.6048 -0.1733
vn -0.3330 -0.2147 -0.9182
vn -0.6720 -0.0421 -0.7393
vn -0.5572 0.3668 0.7450
vn 0.4552 0.2124 0.8647
vn -0.7830 -0.5970 -0.1745
vn 0.4843 0.4674 0.7396
vn 0.5735 0.1338 -0.8082
vn 0.3091 -0.0454 -0.9500
vn -0.2956 0.0317 0.9548
vn 0.8780 -0.4384 -0.1921
vn -0.3202 -0.0496 -0.9460
vn -0.5715 0.1418 -0.8083
vn -0.4805 0.4705 0.7401
vn 0.2990 0.0365 0.9535
vn -0.8810 -0.4311 -0.1947
vn 0.6935 0.2335 -0.6815
vn 0.4565 -0.3238 -0.8287
vn -0.9271 0.2479 0.2810
vn -0.0756 -0.7959 -0.6006
vn 0.7152 -0.5611 0.4167
vn 0.2569 -0.8992 -0.3542
vn 0.6267 0.4514 -0.6352
vn 0.3448 -0.3279 -0.8795
vn -0.9359 0.2158 0.2785
vn 0.0057 -0.7297 -0.6838
vn 0.7078 -0.6216 0.3356
vn 0.3878 -0.8686 -0.3084
vn 0.6598 0.2969 -0.6903
vn 0.4019 -0.3480 -0.8470
vn -0.9050 0.1103 0.4109
vn -0.0644 -0.8096 -0.5835
vn 0.7648 -0.5774 0.2857
vn 0.2788 -0.9109 -0.3041
vn 0.5727 0.1913 0.7971
vn 0.5910 0.0657 -0.8040
vn 0.3328 -0.0919 -0.9385
vn -0.3457 0.1033 0.9326
vn 0.7545 -0.5926 -0.2822
vn -0.3449 -0.0972 -0.9336
vn -0.5922 0.0760 -0.8022
vn -0.5677 0.1972 0.7992
vn 0.3469 0.1121 0.9312
vn -0.7609 -0.5845 -0.2818
vn 0.5259 0.4246 0.7370
vn 0.5636 -0.6878 -0.4575
vn 0.5162 -0.5872 -0.6235
vn 0.5209 -0.8516 -0.0584
vn 0.1254 -0.9812 -0.1468
vn -0.5238 -0.5772 -0.6264
vn -0.5590 -0.6845 -0.4679
vn -0.5298 0.4191 0.7373
vn -0.5178 -0.8539 -0.0529
vn -0.1293 -0.9790 -0.1578
vn 0.6962 -0.6527 -0.2987
vn 0.3394 -0.4864 0.8051
vn 0.5130 -0.8485 -0.1297
vn 0.4720 -0.6507 0.5948
vn 0.1561 -0.6812 0.7152
vn 0.9756 0.2049 0.0788
vn 0.3028 -0.6539 0.6933
vn -0.0080 -0.6690 -0.7432
vn 0.2504 0.9081 0.3358
vn -0.4612 0.2435 -0.8532
vn -0.8045 0.0783 0.5887
vn 0.6459 -0.5876 -0.4874
vn 0.3679 -0.2151 -0.9047
vn -0.4046 -0.5741 0.7118
vn 0.9465 -0.2819 0.1572
vn 0.5809 -0.5620 -0.5889
vn -0.7174 -0.6794 0.1538
vn -0.2615 -0.8142 -0.5183
vn -0.0794 0.9251 -0.3714
vn -0.0893 -0.5405 0.8366
vn -0.0613 0.5847 -0.8089
vn -0.0240 0.7428 -0.6691
vn -0.2419 0.2351 0.9414
vn 0.7351 0.6529 0.1824
vn -0.6891 -0.1225 -0.7142
vn -0.0992 -0.4238 0.9003
vn -0.0358 0.0046 0.9993
vn -0.2635 0.0941 0.9601
vn -0.8560 -0.1050 -0.5062
vn -0.7297 -0.1709 0.6621
vn -0.3040 -0.9236 -0.2337
vn 0.9682 -0.1638 -0.1893
vn 0.9763 -0.1778 0.1236
vn -0.4128 -0.0952 -0.9058
vn 0.5115 -0.3719 -0.7746
vn -0.6492 0.0498 0.7590
vn 0.0917 -0.0284 -0.9954
vn -0.0488 0.4294 -0.9018
vn -0.2017 -0.2241 -0.9535
vn 0.2413 0.9701 0.0251
vn -0.6460 0.7452 -0.1654
vn -0.6968 -0.6632 -0.2730
vn 0.2058 0.7003 0.6835
vn 0.5107 0.5747 -0.6394
vn 0.3071 0.9340 0.1824
vn 0.5254 -0.0536 0.8492
vn -0.2897 -0.0914 0.9527
vn -0.7883 0.6001 -0.1359
vn -0.1048 -0.9730 -0.2057
vn -0.2048 -0.5432 0.8142
vn -0.6846 0.5961 0.4195
vn -0.2590 0.3674 -0.8933
vn -0.5496 -0.1072 0.8285
vn 0.2673 0.5863 -0.7647
vn -0.1093 0.2148 -0.9705
vn 0.5628 -0.6965 0.4451
vn -0.0405 0.9760 -0.2139
vn -0.0396 0.7321 -0.6800
vn -0.1413 0.2903 -0.9464
vn -0.5792 -0.5947 -0.5575
vn 0.9457 0.2845 -0.1574
vn -0.6969 0.6683 -0.2601
vn 0.0468 -0.7696 0.6369
vn 0.2021 0.4509 0.8694
vn -0.5264 0.4331 0.7316
vn 0.1444 -0.8768 -0.4586
vn 0.5719 -0.7729 0.2747
vn 0.9102 -0.1681 0.3784
vn 0.6570 0.7521 -0.0508
vn -0.7435 0.3519 -0.5687
vn -0.1544 -0.8747 -0.4595
vn 0.6564 -0.7403 -0.1450
vn -0.5826 -0.7672 0.2683
vn -0.4157 -0.6041 0.6798
vn 0.7328 0.5399 0.4142
vn -0.5928 0.7096 0.3809
vn -0.7000 -0.0791 -0.7097
vn -0.2922 -0.8886 -0.3535
vn 0.4546 -0.7346 0.5037
vn 0.6041 0.7927 -0.0819
vn 0.8514 -0.4211 0.3128
vn -0.2481 0.9210 0.3005
vn -0.7031 0.2488 0.6661
vn 0.3262 -0.8892 0.3209
vn 0.7903 -0.3918 0.4710
vn -0.4649 -0.7327 0.4971
vn 0.1192 0.6840 0.7197
vn -0.4643 0.7211 0.5143
vn -0.2220 -0.5262 0.8209
vn -0.8551 -0.4200 0.3041
vn 0.9041 -0.4226 -0.0636
vn 0.3053 -0.6855 -0.6609
vn -0.3364 -0.8856 0.3202
vn 0.9450 -0.2801 0.1688
vn -0.1566 0.3910 0.9070
vn 0.2556 -0.9666 -0.0210
vn 0.3230 -0.7009 0.6360
vn 0.9188 -0.0840 0.3857
vn 0.6492 0.7566 -0.0777
vn -0.4180 0.0529 -0.9069
vn -0.2653 -0.9638 -0.0250
vn 0.8180 -0.5749 0.0187
vn -0.3353 -0.6999 0.6306
vn -0.0911 -0.4233 0.9014
vn 0.7992 0.4628 0.3836
vn -0.0267 0.7907 0.6116
vn -0.8989 -0.4379 0.0153
vn 0.8429 -0.0230 -0.5375
vn 0.8283 0.4186 -0.3724
vn 0.3852 0.5664 -0.7286
vn -0.2010 -0.5801 0.7894
vn 0.8474 0.2779 -0.4524
vn 0.8006 0.3332 -0.4980
vn -0.3590 -0.9304 0.0742
vn -0.3569 0.2674 0.8951
vn -0.4793 0.7442 -0.4652
vn 0.7639 -0.3548 -0.5391
vn -0.4003 0.0366 -0.9156
vn -0.5844 0.7683 0.2609
vn -0.5232 -0.3886 -0.7585
vn 0.3146 -0.8897 -0.3308
vn 0.5623 -0.4889 -0.6670
vn 0.0103 -0.8731 0.4874
vn 0.6466 -0.4686 -0.6019
vn 0.6647 0.1554 -0.7308
vn 0.4809 0.6289 -0.6110
vn -0.5104 -0.2333 0.8277
vn 0.8958 0.1265 -0.4260
vn 0.3581 0.6322 0.6871
vn 0.5903 -0.6447 -0.4857
vn 0.6421 0.7666 0.0027
vn 0.9152 0.3918 0.0941
vn 0.5688 -0.1009 -0.8163
vn -0.3399 -0.8840 0.3209
vn 0.3618 0.4063 0.8391
vn 0.1097 -0.4719 0.8748
vn 0.4582 -0.8867 0.0610
vn -0.6855 -0.7234 0.0823
vn 0.3217 -0.6910 -0.6473
vn -0.7464 -0.6202 0.2413
vn 0.6718 -0.7404 -0.0217
vn -0.2492 -0.8760 -0.4130
vn -0.7315 -0.6011 -0.3219
vn 0.0969 -0.4141 0.9051
vn -0.1423 0.9342 -0.3270
vn -0.7916 -0.5423 -0.2814
vn -0.9404 -0.1650 -0.2974
vn -0.0177 -0.7307 -0.6824
vn 0.1373 0.5820 -0.8015
vn -0.2291 0.7781 0.5849
vn -0.4557 -0.6435 0.6150
vn -0.7355 0.6732 -0.0761
vn 0.7698 0.3880 0.5068
vn -0.2430 -0.3551 -0.9027
vn 0.2944 0.6931 -0.6579
vn -0.1892 -0.4219 -0.8867
vn -0.8923 -0.1522 0.4250
vn -0.0862 0.4804 -0.8728
vn -0.6203 0.0566 -0.7823
vn 0.5079 -0.5218 -0.6854
vn 0.2373 0.2861 -0.9284
vn -0.3718 -0.1331 0.9187
vn 0.5637 0.1948 -0.8027
vn -0.5390 -0.1690 0.8252
vn 0.5990 0.6120 0.5165
vn -0.0611 -0.6567 0.7517
vn -0.1692 -0.1919 -0.9667
vn -0.6395 -0.7591 0.1216
vn -0.7227 -0.6294 -0.2856
vn 0.4981 0.8005 -0.3333
vn -0.9298 0.3650 -0.0477
vn -0.3239 -0.4555 0.8292
vn -0.9033 0.1155 -0.4131
vn 0.4345 0.8487 -0.3016
vn 0.3126 -0.1232 0.9419
vn -0.4021 -0.2181 -0.8892
vn -0.8365 -0.2665 -0.4787
vn -0.3397 0.5811 -0.7395
vn 0.6021 0.4883 0.6317
vn -0.6468 -0.6536 0.3931
vn 0.2141 -0.9711 0.1059
vn -0.4607 0.8323 -0.3082
vn 0.3253 0.4663 0.8227
vn 0.2584 -0.5282 0.8088
vn 0.5564 -0.1418 0.8187
vn -0.3080 -0.8815 -0.3580
vn 0.7858 -0.1332 0.6040
vn 0.4493 -0.6837 -0.5751
vn -0.3287 -0.7078 -0.6253
vn -0.1584 -0.8384 -0.5215
vn 0.4993 0.8176 0.2868
vn 0.6801 -0.3054 -0.6665
vn -0.3586 -0.9211 -0.1514
vn -0.4155 0.5336 0.7366
vn 0.1228 -0.2680 -0.9556
vn -0.6425 0.3938 -0.6574
vn 0.8962 -0.4284 -0.1155
vn -0.4352 0.0932 -0.8955
vn 0.4728 -0.4244 -0.7723
vn -0.2522 -0.3020 0.9193
vn 0.6116 -0.3206 0.7233
vn 0.6407 0.7505 -0.1618
vn 0.2922 0.8882 0.3545
vn 0.6180 -0.1950 0.7616
vn -0.7582 -0.5448 0.3583
vn 0.2416 0.7094 -0.6621
vn 0.9945 -0.1005 0.0296
vn 0.6997 0.0909 -0.7087
vn 0.9147 0.3407 0.2173
vn 0.2348 -0.3344 -0.9127
vn -0.5171 -0.8556 0.0245
vn 0.7181 -0.5583 0.4156
vn 0.3809 -0.8458 0.3735
vn 0.6807 -0.3317 -0.6532
vn -0.0700 -0.5149 -0.8544
vn 0.6296 -0.6466 -0.4306
vn -0.5142 -0.2006 -0.8339
vn 0.9837 0.1273 0.1269
vn 0.1935 0.6092 0.7690
vn -0.2393 -0.9243 -0.2972
vn 0.5104 -0.6223 -0.5934
vn -0.1037 0.1599 0.9817
vn 0.2080 -0.7584 -0.6177
vn -0.9324 -0.3592 -0.0405
vn -0.8665 -0.0566 -0.4959
vn 0.9183 0.3784 0.1160
vn -0.5889 0.5023 0.6332
vn 0.1152 -0.1826 -0.9764
vn 0.4298 0.7135 0.5533
vn 0.7285 -0.4868 -0.4819
vn -0.3533 0.6760 -0.6467
vn 0.0671 0.8004 0.5957
vn 0.9793 0.1936 -0.0585
vn 0.5693 -0.6237 -0.5356
vn -0.9770 0.2021 -0.0675
vn 0.7423 -0.4039 -0.5346
vn 0.1275 0.9787 -0.1608
vn -0.8840 -0.4209 0.2035
vn 0.6801 0.5376 0.4984
vn -0.9638 0.1333 0.2308
vn -0.7818 -0.6045 0.1531
vn 0.1766 0.6425 -0.7457
vn 0.0960 -0.1844 0.9781
vn -0.2243 -0.8710 0.4371
vn -0.2088 0.1590 -0.9649
vn -0.7759 -0.5622 0.2861
vn -0.6100 0.7649 -0.2069
vn -0.0753 0.8883 0.4531
vn 0.4475 -0.8354 0.3192
vn 0.0479 -0.7328 0.6787
vn -0.2236 -0.9674 0.1186
vn 0.1721 -0.9073 0.3837
vn 0.0071 -0.2482 0.9687
vn -0.1583 -0.7190 -0.6768
vn -0.6937 -0.7134 -0.0994
vn -0.3405 0.1629 -0.9260
vn -0.2472 -0.9472 0.2043
vn 0.3105 -0.3368 -0.8889
vn 0.2417 -0.6879 0.6844
vn -0.1606 0.4298 0.8885
vn -0.2962 -0.5541 0.7780
vn -0.0578 0.6463 0.7609
vn -0.3036 -0.3029 -0.9034
vn 0.5645 0.6389 0.5226
vn -0.4790 -0.8729 0.0932
vn -0.7320 -0.6785 0.0617
vn -0.0277 -0.3577 -0.9334
vn -0.1017 -0.0987 -0.9899
vn 0.5272 -0.3318 -0.7823
vn -0.9184 -0.3390 0.2039
vn -0.2577 -0.9021 -0.3460
vn 0.8635 -0.4751 -0.1691
vn 0.7406 0.2114 -0.6378
vn 0.7512 0.6166 0.2354
vn 0.5675 0.0072 0.8233
vn 0.5256 0.7428 0.4146
vn -0.6875 0.4650 -0.5578
vn -0.1061 0.7917 0.6017
vn -0.0798 0.7171 0.6923
vn -0.1075 0.6781 -0.7270
vn 0.0195 0.4388 0.8984
vn 0.7216 0.5135 0.4643
vn -0.4339 0.7606 0.4829
vn -0.7678 0.2567 0.5870
vn -0.3230 -0.1088 0.9401
vn 0.3390 0.5882 -0.7342
vn 0.0912 0.5585 -0.8245
vn 0.4091 -0.2202 -0.8855
vn 0.6429 -0.6632 0.3833
vn -0.5957 0.4773 0.6460
vn 0.6543 -0.5054 0.5625
vn 0.9799 -0.1546 0.1258
vn 0.8247 0.0576 -0.5626
vn 0.5902 0.7864 0.1823
vn 0.0239 0.2567 -0.9662
vn -0.1860 0.7811 -0.5961
vn -0.8477 -0.3507 -0.3980
vn 0.2199 -0.6529 0.7249
vn 0.2635 0.6744 -0.6898
vn 0.6871 -0.5456 0.4797
vn -0.7450 -0.6668 -0.0186
vn -0.8341 -0.1213 0.5382
vn -0.0330 0.2626 -0.9643
vn -0.6065 0.7748 0.1788
vn -0.8341 0.0470 -0.5496
vn -0.3558 0.0955 0.9297
vn -0.9819 -0.1467 0.1196
vn -0.5122 0.5900 0.6241
vn -0.2331 -0.6509 0.7225
vn -0.5738 -0.7364 0.3585
vn 0.9373 -0.3402 -0.0763
vn -0.4240 0.5522 0.7178
vn 0.2260 0.9354 -0.2721
vn 0.6723 -0.3378 0.6587
vn 0.5951 0.5544 -0.5818
vn 0.4597 0.8300 -0.3160
vn -0.8708 -0.1914 0.4528
vn -0.3248 0.4750 0.8179
vn 0.0210 -0.5398 0.8416
vn -0.2623 -0.5221 0.8116
vn 0.4749 0.6572 0.5853
vn -0.6184 0.6256 0.4757
vn 0.2978 0.4935 -0.8172
vn -0.9668 0.2007 -0.1581
vn -0.1724 0.6862 0.7067
vn -0.3714 -0.7272 -0.5772
vn -0.5287 -0.7050 0.4727
vn 0.8433 -0.1424 0.5182
vn 0.7899 -0.0285 0.6126
vn -0.0128 -0.7187 0.6952
vn -0.5300 -0.2485 -0.8108
vn -0.7832 0.3876 -0.4862
vn 0.5702 -0.8080 0.1485
vn 0.5012 0.3213 -0.8035
vn 0.1256 0.9061 -0.4041
vn 0.2125 -0.8762 0.4326
vn 0.4079 -0.9082 0.0934
vn 0.4566 -0.6356 0.6225
vn -0.5906 0.3319 -0.7356
vn 0.3618 0.8670 0.3427
vn 0.7758 0.3899 -0.4961
vn 0.1618 -0.9853 0.0556
vn 0.9292 -0.1736 0.3263
vn 0.1858 -0.4063 -0.8947
vn -0.6662 0.4492 -0.5953
vn -0.6571 -0.6449 -0.3903
vn 0.0396 -0.9992 -0.0063
vn 0.8203 -0.5683 0.0649
vn 0.8855 0.3345 0.3224
vn 0.9644 0.2063 -0.1656
vn -0.4629 -0.6219 0.6316
vn 0.2566 -0.9507 0.1743
vn 0.8379 0.5154 -0.1797
vn -0.2403 0.1061 -0.9649
vn 0.3192 -0.1453 -0.9365
vn -0.2523 0.3482 0.9028
vn -0.1553 -0.5019 -0.8509
vn -0.0885 0.7725 0.6288
vn 0.4105 0.7126 -0.5690
vn -0.0100 -0.8456 0.5338
vn 0.8597 -0.0579 -0.5076
vn 0.9740 -0.0901 0.2077
vn 0.0869 0.9836 -0.1579
vn 0.8791 -0.4281 0.2096
vn -0.6800 0.5412 0.4947
vn -0.7460 -0.4026 -0.5304
vn 0.9740 0.2214 -0.0475
vn 0.6892 0.6777 -0.2565
vn 0.2136 -0.9002 0.3795
vn 0.4750 0.7090 -0.5213
vn 0.7098 -0.6983 -0.0925
vn -0.3409 0.5730 0.7453
vn -0.2568 -0.3358 -0.9063
vn 0.9043 0.4181 -0.0863
vn -0.7846 -0.6113 -0.1037
vn -0.4015 0.5723 -0.7151
vn -0.8197 0.4179 -0.3917
vn -0.8397 -0.0382 -0.5417
vn -0.0805 -0.9708 -0.2260
vn 0.5136 -0.3936 -0.7625
vn -0.3067 -0.8916 -0.3331
vn 0.3751 0.1633 -0.9125
vn -0.5481 -0.4923 -0.6762
vn -0.7535 -0.3584 -0.5511
vn 0.8852 -0.2054 0.4174
vn 0.3596 0.2684 0.8937
vn 0.1089 -0.7610 -0.6395
vn -0.8535 0.2620 -0.4504
vn -0.8096 0.3219 -0.4909
vn 0.3571 -0.9305 0.0816
vn -0.6676 0.1664 -0.7257
vn -0.6481 -0.4590 -0.6076
vn -0.0227 -0.8739 0.4855
vn -0.4878 0.6308 -0.6034
vn 0.7492 0.0885 -0.6564
vn -0.0085 0.6548 0.7557
vn -0.4322 -0.8159 -0.3842
vn 0.1588 -0.7653 0.6238
vn 0.9016 0.3878 0.1918
vn -0.1026 -0.4789 0.8719
vn -0.5667 -0.1109 -0.8164
vn -0.9515 -0.1771 0.2515
vn -0.4685 -0.8817 0.0552
vn -0.9200 0.3817 0.0883
vn -0.3534 0.4073 0.8421
vn 0.7115 0.4724 -0.5202
vn 0.7366 -0.6319 0.2410
vn -0.3113 -0.6929 -0.6503
vn 0.2394 -0.3492 -0.9059
vn 0.2478 0.9685 0.0251
vn 0.5998 -0.3422 0.7233
vn 0.8601 -0.0269 0.5094
vn -0.3935 0.3893 -0.8328
vn -0.2883 0.4940 0.8203
vn 0.8959 -0.1987 0.3974
vn 0.6175 0.0649 -0.7839
vn 0.0957 0.4644 -0.8804
vn 0.8857 -0.1573 0.4367
vn -0.6665 0.6708 0.3254
vn 0.8307 0.4071 0.3798
vn 0.9016 -0.0529 -0.4293
vn -0.6016 0.5999 0.5274
vn 0.5257 -0.1851 0.8303
vn -0.5745 0.1916 -0.7957
vn 0.0504 -0.6505 0.7578
vn 0.1558 -0.1915 -0.9691
vn 0.6400 -0.7551 0.1418
vn 0.7199 -0.6359 -0.2782
vn -0.4093 0.1172 -0.9049
vn 0.9305 0.3641 -0.0411
vn 0.3230 -0.4428 0.8364
vn 0.8990 0.1254 -0.4196
vn -0.4392 0.8437 -0.3087
vn 0.7471 -0.5526 0.3695
vn 0.8736 -0.0662 0.4822
vn -0.2938 0.8894 0.3502
vn -0.2493 0.7074 -0.6614
vn 0.8355 -0.4445 0.3230
vn -0.4047 0.8734 -0.2709
vn 0.2284 -0.9255 -0.3020
vn -0.2261 -0.9679 0.1098
vn 0.8395 -0.1427 0.5243
vn -0.4784 0.4431 0.7582
vn 0.9213 0.0725 -0.3820
vn 0.3998 0.8946 -0.1998
vn 0.9333 -0.3555 -0.0505
vn 0.9580 -0.0148 0.2864
vn -0.9301 -0.3327 -0.1554
vn 0.3125 0.9389 -0.1443
vn 0.3653 -0.3404 0.8664
vn -0.4372 -0.8472 0.3017
vn -0.8428 -0.5094 -0.1739
vn -0.4246 -0.7663 0.4822
vn -0.9112 0.3985 -0.1042
vn -0.6283 -0.1304 0.7669
vn -0.5148 -0.2910 0.8064
vn -0.5910 0.3908 -0.7056
vn -0.3993 0.1399 -0.9061
vn 0.0535 -0.3071 0.9502
vn 0.9221 0.1887 0.3378
# 6885 vertex normals

vt 0.0049 -0.4395 0.0000
vt 0.0156 -0.4062 0.0000
vt 0.0107 -0.3926 0.0000
vt 0.0020 -0.3926 0.0000
vt 0.0117 -0.3330 0.0000
vt 0.0068 -0.3887 0.0000
vt 0.0146 -0.3477 0.0000
vt 0.0010 -0.3301 0.0000
vt 0.0068 -0.3291 0.0000
vt 0.0176 -0.2793 0.0000
vt 0.0146 -0.2559 0.0000
vt 0.0010 -0.2568 0.0000
vt 0.3027 -0.9932 0.0000
vt 0.3262 -0.9961 0.0000
vt 0.3389 -0.9893 0.0000
vt 0.3369 -0.9785 0.0000
vt 0.3457 -0.9805 0.0000
vt 0.3779 -0.9756 0.0000
vt 0.3789 -0.9629 0.0000
vt 0.3770 -0.9551 0.0000
vt 0.3789 -0.9814 0.0000
vt 0.3594 -0.9824 0.0000
vt 0.3525 -0.9902 0.0000
vt 0.3535 -0.9961 0.0000
vt 0.0518 -0.3711 0.0000
vt 0.0469 -0.3555 0.0000
vt 0.0527 -0.3506 0.0000
vt 0.0566 -0.3672 0.0000
vt 0.0518 -0.4102 0.0000
vt 0.0625 -0.3672 0.0000
vt 0.0635 -0.3447 0.0000
vt 0.0537 -0.3477 0.0000
vt 0.0625 -0.3447 0.0000
vt 0.0615 -0.3760 0.0000
vt 0.0576 -0.3760 0.0000
vt 0.0459 -0.3545 0.0000
vt 0.0527 -0.4160 0.0000
vt 0.0527 -0.3779 0.0000
vt 0.0557 -0.3525 0.0000
vt 0.0645 -0.3496 0.0000
vt 0.0625 -0.3721 0.0000
vt 0.0576 -0.3721 0.0000
vt 0.0488 -0.3682 0.0000
vt 0.0547 -0.4102 0.0000
vt 0.0557 -0.3535 0.0000
vt 0.0635 -0.3496 0.0000
vt 0.0625 -0.3789 0.0000
vt 0.0586 -0.3789 0.0000
vt 0.0498 -0.3701 0.0000
vt 0.0547 -0.4141 0.0000
vt 0.0908 -0.8799 0.0000
vt 0.0654 -0.8730 0.0000
vt 0.0654 -0.8613 0.0000
vt 0.0762 -0.8584 0.0000
vt 0.0879 -0.8574 0.0000
vt 0.0771 -0.8584 0.0000
vt 0.4844 -0.4873 0.0000
vt 0.4609 -0.5029 0.0000
vt 0.4697 -0.5820 0.0000
vt 0.5029 -0.4775 0.0000
vt 0.5088 -0.5215 0.0000
vt 0.4170 -0.5039 0.0000
vt 0.4043 -0.5215 0.0000
vt 0.4424 -0.4219 0.0000
vt 0.4121 -0.4961 0.0000
vt 0.4277 -0.5469 0.0000
vt 0.4404 -0.5303 0.0000
vt 0.4492 -0.4961 0.0000
vt 0.4473 -0.5254 0.0000
vt 0.4521 -0.5166 0.0000
vt 0.4785 -0.4980 0.0000
vt 0.4619 -0.5166 0.0000
vt 0.5049 -0.5049 0.0000
vt 0.5049 -0.5283 0.0000
vt 0.5059 -0.5264 0.0000
vt 0.5000 -0.4844 0.0000
vt 0.4990 -0.4785 0.0000
vt 0.5225 -0.4619 0.0000
vt 0.5156 -0.5010 0.0000
vt 0.5010 -0.4570 0.0000
vt 0.4648 -0.4854 0.0000
vt 0.4668 -0.5068 0.0000
vt 0.4766 -0.4834 0.0000
vt 0.4570 -0.4922 0.0000
vt 0.4873 -0.4551 0.0000
vt 0.4766 -0.5674 0.0000
vt 0.4941 -0.5010 0.0000
vt 0.5107 -0.4502 0.0000
vt 0.5205 -0.4746 0.0000
vt 0.5166 -0.5088 0.0000
vt 0.5176 -0.5010 0.0000
vt 0.5137 -0.4775 0.0000
vt 0.4932 -0.4805 0.0000
vt 0.4678 -0.4863 0.0000
vt 0.4775 -0.4814 0.0000
vt 0.4600 -0.4863 0.0000
vt 0.4707 -0.5684 0.0000
vt 0.4922 -0.4775 0.0000
vt 0.5127 -0.4990 0.0000
vt 0.5059 -0.4834 0.0000
vt 0.5088 -0.4600 0.0000
vt 0.4990 -0.4473 0.0000
vt 0.4375 -0.5820 0.0000
vt 0.4629 -0.5762 0.0000
vt 0.4502 -0.5635 0.0000
vt 0.4238 -0.5664 0.0000
vt 0.4121 -0.5918 0.0000
vt 0.4414 -0.4980 0.0000
vt 0.4062 -0.5625 0.0000
vt 0.3916 -0.5859 0.0000
vt 0.3975 -0.6074 0.0000
vt 0.4482 -0.5254 0.0000
vt 0.4600 -0.5977 0.0000
vt 0.4395 -0.5977 0.0000
vt 0.2949 -0.5439 0.0000
vt 0.2881 -0.5391 0.0000
vt 0.2920 -0.5635 0.0000
vt 0.3545 -0.5615 0.0000
vt 0.3018 -0.5801 0.0000
vt 0.4521 -0.5645 0.0000
vt 0.4756 -0.5957 0.0000
vt 0.4541 -0.5977 0.0000
vt 0.4697 -0.5645 0.0000
vt 0.4463 -0.4873 0.0000
vt 0.4551 -0.4873 0.0000
vt 0.4395 -0.4219 0.0000
vt 0.4375 -0.4873 0.0000
vt 0.4365 -0.5645 0.0000
vt 0.4355 -0.6064 0.0000
vt 0.4199 -0.6084 0.0000
vt 0.4219 -0.5635 0.0000
vt 0.3955 -0.5898 0.0000
vt 0.4033 -0.5635 0.0000
vt 0.4297 -0.4873 0.0000
vt 0.4219 -0.4863 0.0000
vt 0.4043 -0.6045 0.0000
vt 0.3818 -0.5840 0.0000
vt 0.4131 -0.4961 0.0000
vt 0.4238 -0.4971 0.0000
vt 0.4414 -0.4209 0.0000
vt 0.4326 -0.4980 0.0000
vt 0.4297 -0.6006 0.0000
vt 0.4414 -0.4990 0.0000
vt 0.4521 -0.5010 0.0000
vt 0.4150 -0.5068 0.0000
vt 0.3818 -0.5889 0.0000
vt 0.4033 -0.5928 0.0000
vt 0.4893 -0.4580 0.0000
vt 0.4570 -0.4316 0.0000
vt 0.4658 -0.5059 0.0000
vt 0.4736 -0.5039 0.0000
vt 0.4736 -0.5557 0.0000
vt 0.4814 -0.5039 0.0000
vt 0.5029 -0.4404 0.0000
vt 0.4844 -0.5010 0.0000
vt 0.4971 -0.5117 0.0000
vt 0.5312 -0.4453 0.0000
vt 0.5420 -0.4512 0.0000
vt 0.4961 -0.5283 0.0000
vt 0.5361 -0.4795 0.0000
vt 0.5215 -0.4404 0.0000
vt 0.5020 -0.4395 0.0000
vt 0.4863 -0.4590 0.0000
vt 0.4648 -0.5293 0.0000
vt 0.4658 -0.4717 0.0000
vt 0.4365 -0.5088 0.0000
vt 0.4531 -0.5107 0.0000
vt 0.4209 -0.5078 0.0000
vt 0.4102 -0.5059 0.0000
vt 0.5205 -0.4990 0.0000
vt 0.5127 -0.4873 0.0000
vt 0.4902 -0.4893 0.0000
vt 0.4775 -0.4902 0.0000
vt 0.4590 -0.4844 0.0000
vt 0.3184 -0.5557 0.0000
vt 0.2871 -0.5527 0.0000
vt 0.2939 -0.5654 0.0000
vt 0.3193 -0.5625 0.0000
vt 0.3633 -0.5557 0.0000
vt 0.3018 -0.5742 0.0000
vt 0.3389 -0.5713 0.0000
vt 0.3633 -0.5596 0.0000
vt 0.3857 -0.5576 0.0000
vt 0.4854 -0.4482 0.0000
vt 0.4678 -0.4609 0.0000
vt 0.4688 -0.5762 0.0000
vt 0.5117 -0.4443 0.0000
vt 0.4990 -0.5166 0.0000
vt 0.5391 -0.4824 0.0000
vt 0.5186 -0.4570 0.0000
vt 0.5283 -0.4697 0.0000
vt 0.5146 -0.5068 0.0000
vt 0.5117 -0.4766 0.0000
vt 0.4971 -0.4600 0.0000
vt 0.4785 -0.4697 0.0000
vt 0.4600 -0.4941 0.0000
vt 0.4385 -0.5693 0.0000
vt 0.4590 -0.5547 0.0000
vt 0.4316 -0.4971 0.0000
vt 0.4180 -0.5742 0.0000
vt 0.4277 -0.5859 0.0000
vt 0.4199 -0.5654 0.0000
vt 0.4053 -0.5488 0.0000
vt 0.4326 -0.5156 0.0000
vt 0.4453 -0.5635 0.0000
vt 0.4424 -0.5947 0.0000
vt 0.3320 -0.5508 0.0000
vt 0.2900 -0.5479 0.0000
vt 0.2969 -0.5693 0.0000
vt 0.3330 -0.5635 0.0000
vt 0.3896 -0.5566 0.0000
vt 0.3008 -0.5840 0.0000
vt 0.3359 -0.5723 0.0000
vt 0.2207 -0.4932 0.0000
vt 0.2285 -0.5156 0.0000
vt 0.2510 -0.5020 0.0000
vt 0.2432 -0.4795 0.0000
vt 0.2168 -0.4717 0.0000
vt 0.2871 -0.4834 0.0000
vt 0.2432 -0.4531 0.0000
vt 0.2842 -0.4678 0.0000
vt 0.2783 -0.4434 0.0000
vt 0.2402 -0.4326 0.0000
vt 0.2100 -0.4424 0.0000
vt 0.2158 -0.4053 0.0000
vt 0.2383 -0.3955 0.0000
vt 0.2178 -0.3809 0.0000
vt 0.2334 -0.3643 0.0000
vt 0.2568 -0.3877 0.0000
vt 0.2744 -0.4209 0.0000
vt 0.2891 -0.4160 0.0000
vt 0.2754 -0.3818 0.0000
vt 0.2598 -0.3662 0.0000
vt 0.2783 -0.3682 0.0000
vt 0.2490 -0.3389 0.0000
vt 0.2285 -0.3359 0.0000
vt 0.2666 -0.3438 0.0000
vt 0.2861 -0.3516 0.0000
vt 0.2969 -0.3252 0.0000
vt 0.3057 -0.3379 0.0000
vt 0.2822 -0.3105 0.0000
vt 0.3057 -0.3105 0.0000
vt 0.3281 -0.3096 0.0000
vt 0.3447 -0.3242 0.0000
vt 0.3418 -0.3115 0.0000
vt 0.3154 -0.2949 0.0000
vt 0.2910 -0.2979 0.0000
vt 0.3018 -0.2822 0.0000
vt 0.2666 -0.2988 0.0000
vt 0.2490 -0.3037 0.0000
vt 0.2100 -0.3057 0.0000
vt 0.2725 -0.2822 0.0000
vt 0.2637 -0.2764 0.0000
vt 0.2764 -0.2695 0.0000
vt 0.2705 -0.2656 0.0000
vt 0.2627 -0.2607 0.0000
vt 0.2578 -0.2715 0.0000
vt 0.2656 -0.3047 0.0000
vt 0.2363 -0.2900 0.0000
vt 0.2383 -0.3174 0.0000
vt 0.2676 -0.3330 0.0000
vt 0.2480 -0.3506 0.0000
vt 0.2686 -0.3584 0.0000
vt 0.2861 -0.3418 0.0000
vt 0.2598 -0.3760 0.0000
vt 0.1094 -0.8438 0.0000
vt 0.1143 -0.8496 0.0000
vt 0.1113 -0.8467 0.0000
vt 0.1182 -0.8477 0.0000
vt 0.0967 -0.8086 0.0000
vt 0.1064 -0.8477 0.0000
vt 0.1104 -0.8506 0.0000
vt 0.1074 -0.8506 0.0000
vt 0.1133 -0.8506 0.0000
vt 0.1143 -0.8545 0.0000
vt 0.1416 -0.8447 0.0000
vt 0.1445 -0.8604 0.0000
vt 0.1641 -0.8672 0.0000
vt 0.1406 -0.8926 0.0000
vt 0.1084 -0.8701 0.0000
vt 0.0869 -0.8477 0.0000
vt 0.0986 -0.8721 0.0000
vt 0.1025 -0.8936 0.0000
vt 0.1338 -0.9209 0.0000
vt 0.1650 -0.9023 0.0000
vt 0.2012 -0.8887 0.0000
vt 0.1641 -0.9531 0.0000
vt 0.1279 -0.9277 0.0000
vt 0.0977 -0.9023 0.0000
vt 0.0762 -0.8828 0.0000
vt 0.0869 -0.9043 0.0000
vt 0.1055 -0.9307 0.0000
vt 0.1357 -0.9502 0.0000
vt 0.1045 -0.9355 0.0000
vt 0.0801 -0.9307 0.0000
vt 0.0957 -0.9414 0.0000
vt 0.1182 -0.9629 0.0000
vt 0.1465 -0.9727 0.0000
vt 0.1016 -0.9619 0.0000
vt 0.1436 -0.9854 0.0000
vt 0.1729 -0.9873 0.0000
vt 0.2168 -0.9775 0.0000
vt 0.2041 -0.9551 0.0000
vt 0.2246 -0.9521 0.0000
vt 0.2266 -0.8877 0.0000
vt 0.2520 -0.9355 0.0000
vt 0.2598 -0.9766 0.0000
vt 0.2314 -0.9980 0.0000
vt 0.2715 -0.9980 0.0000
vt 0.2764 -0.9736 0.0000
vt 0.2969 -0.9961 0.0000
vt 0.2695 -0.9336 0.0000
vt 0.2695 -0.8857 0.0000
vt 0.2871 -0.8936 0.0000
vt 0.2598 -0.8486 0.0000
vt 0.2344 -0.8555 0.0000
vt 0.2881 -0.8408 0.0000
vt 0.3135 -0.8711 0.0000
vt 0.2412 -0.8037 0.0000
vt 0.3115 -0.8232 0.0000
vt 0.2891 -0.7812 0.0000
vt 0.3135 -0.8467 0.0000
vt 0.3428 -0.8145 0.0000
vt 0.3184 -0.7773 0.0000
vt 0.2998 -0.7500 0.0000
vt 0.3291 -0.7383 0.0000
vt 0.3398 -0.7666 0.0000
vt 0.3447 -0.7305 0.0000
vt 0.3535 -0.7998 0.0000
vt 0.3506 -0.8457 0.0000
vt 0.3828 -0.8311 0.0000
vt 0.3301 -0.8643 0.0000
vt 0.3184 -0.8662 0.0000
vt 0.3252 -0.8838 0.0000
vt 0.3525 -0.7676 0.0000
vt 0.3682 -0.7695 0.0000
vt 0.1094 -0.8447 0.0000
vt 0.1084 -0.8496 0.0000
vt 0.1113 -0.8545 0.0000
vt 0.1133 -0.8555 0.0000
vt 0.1104 -0.8525 0.0000
vt 0.1084 -0.8506 0.0000
vt 0.1162 -0.8555 0.0000
vt 0.1172 -0.8525 0.0000
vt 0.1152 -0.8506 0.0000
vt 0.0488 -0.8701 0.0000
vt 0.0537 -0.8506 0.0000
vt 0.0537 -0.8428 0.0000
vt 0.0469 -0.8242 0.0000
vt 0.0146 -0.8281 0.0000
vt 0.0146 -0.7988 0.0000
vt 0.0459 -0.7979 0.0000
vt 0.0146 -0.8604 0.0000
vt 0.0146 -0.9033 0.0000
vt 0.0430 -0.9141 0.0000
vt 0.0625 -0.9062 0.0000
vt 0.0146 -0.9521 0.0000
vt 0.0811 -0.9326 0.0000
vt 0.0430 -0.9590 0.0000
vt 0.0645 -0.9727 0.0000
vt 0.0967 -0.9648 0.0000
vt 0.0938 -0.9951 0.0000
vt 0.0342 -0.7607 0.0000
vt 0.0146 -0.7607 0.0000
vt 0.0576 -0.7744 0.0000
vt 0.0664 -0.7588 0.0000
vt 0.0439 -0.7256 0.0000
vt 0.0156 -0.7334 0.0000
vt 0.0234 -0.7188 0.0000
vt 0.0195 -0.7207 0.0000
vt 0.0146 -0.7158 0.0000
vt 0.0166 -0.7100 0.0000
vt 0.0420 -0.6934 0.0000
vt 0.0195 -0.6904 0.0000
vt 0.0098 -0.7021 0.0000
vt 0.0244 -0.6641 0.0000
vt 0.0410 -0.6514 0.0000
vt 0.0176 -0.6309 0.0000
vt 0.0078 -0.6465 0.0000
vt 0.0264 -0.6211 0.0000
vt 0.0176 -0.6279 0.0000
vt 0.0381 -0.6133 0.0000
vt 0.0166 -0.6074 0.0000
vt 0.0254 -0.5898 0.0000
vt 0.0391 -0.5869 0.0000
vt 0.0645 -0.5879 0.0000
vt 0.0684 -0.6182 0.0000
vt 0.0703 -0.6611 0.0000
vt 0.0742 -0.6914 0.0000
vt 0.0791 -0.7227 0.0000
vt 0.0879 -0.7568 0.0000
vt 0.1279 -0.7139 0.0000
vt 0.1250 -0.7520 0.0000
vt 0.1211 -0.6914 0.0000
vt 0.1113 -0.6689 0.0000
vt 0.1035 -0.6182 0.0000
vt 0.0928 -0.5938 0.0000
vt 0.1133 -0.6338 0.0000
vt 0.0820 -0.5615 0.0000
vt 0.0635 -0.5596 0.0000
vt 0.0371 -0.5596 0.0000
vt 0.0146 -0.5635 0.0000
vt 0.0117 -0.5713 0.0000
vt 0.0186 -0.5576 0.0000
vt 0.0146 -0.5518 0.0000
vt 0.0264 -0.5322 0.0000
vt 0.0127 -0.5479 0.0000
vt 0.0156 -0.5342 0.0000
vt 0.0137 -0.5176 0.0000
vt 0.0098 -0.5264 0.0000
vt 0.0352 -0.5176 0.0000
vt 0.0654 -0.5166 0.0000
vt 0.0684 -0.4980 0.0000
vt 0.0322 -0.4912 0.0000
vt 0.0215 -0.5098 0.0000
vt 0.0146 -0.5000 0.0000
vt 0.0693 -0.4980 0.0000
vt 0.0576 -0.4717 0.0000
vt 0.0254 -0.4746 0.0000
vt 0.0166 -0.4814 0.0000
vt 0.0332 -0.4404 0.0000
vt 0.0488 -0.4150 0.0000
vt 0.0205 -0.4561 0.0000
vt 0.0156 -0.4648 0.0000
vt 0.0234 -0.4307 0.0000
vt 0.0156 -0.4512 0.0000
vt 0.0156 -0.4395 0.0000
vt 0.0166 -0.4219 0.0000
vt 0.0166 -0.4062 0.0000
vt 0.0088 -0.4121 0.0000
vt 0.0137 -0.4150 0.0000
vt 0.0234 -0.4004 0.0000
vt 0.0234 -0.4082 0.0000
vt 0.0322 -0.4043 0.0000
vt 0.0312 -0.3887 0.0000
vt 0.0469 -0.4033 0.0000
vt 0.0449 -0.3770 0.0000
vt 0.0312 -0.3760 0.0000
vt 0.0254 -0.3848 0.0000
vt 0.0166 -0.3936 0.0000
vt 0.0166 -0.3721 0.0000
vt 0.0303 -0.3359 0.0000
vt 0.0459 -0.3330 0.0000
vt 0.0303 -0.2988 0.0000
vt 0.0439 -0.3037 0.0000
vt 0.0449 -0.2861 0.0000
vt 0.0225 -0.3066 0.0000
vt 0.0176 -0.2881 0.0000
vt 0.0176 -0.2979 0.0000
vt 0.0166 -0.3252 0.0000
vt 0.0166 -0.3164 0.0000
vt 0.0166 -0.3496 0.0000
vt 0.0039 -0.4111 0.0000
vt 0.5010 -0.4902 0.0000
vt 0.4863 -0.4795 0.0000
vt 0.4893 -0.4863 0.0000
vt 0.4971 -0.5186 0.0000
vt 0.5127 -0.5078 0.0000
vt 0.3613 -0.9111 0.0000
vt 0.3984 -0.9424 0.0000
vt 0.3838 -0.9023 0.0000
vt 0.3564 -0.8838 0.0000
vt 0.3711 -0.8818 0.0000
vt 0.3789 -0.8740 0.0000
vt 0.3613 -0.8477 0.0000
vt 0.6074 -0.4971 0.0000
vt 0.6543 -0.5693 0.0000
vt 0.6377 -0.5547 0.0000
vt 0.6221 -0.5566 0.0000
vt 0.6006 -0.5566 0.0000
vt 0.5713 -0.5566 0.0000
vt 0.0850 -0.9922 0.0000
vt 0.0752 -0.9893 0.0000
vt 0.0752 -0.9951 0.0000
vt 0.1670 -0.7480 0.0000
vt 0.2080 -0.7734 0.0000
vt 0.1797 -0.7344 0.0000
vt 0.1543 -0.7041 0.0000
vt 0.1826 -0.7158 0.0000
vt 0.1914 -0.7256 0.0000
vt 0.2119 -0.7412 0.0000
vt 0.2246 -0.7549 0.0000
vt 0.6113 -0.4092 0.0000
vt 0.6914 -0.4512 0.0000
vt 0.7197 -0.4209 0.0000
vt 0.6768 -0.3887 0.0000
vt 0.6680 -0.3799 0.0000
vt 0.6738 -0.3730 0.0000
vt 0.1436 -0.8291 0.0000
vt 0.1201 -0.7754 0.0000
vt 0.1055 -0.8076 0.0000
vt 0.1094 -0.8125 0.0000
vt 0.6934 -0.3955 0.0000
vt 0.6826 -0.3809 0.0000
vt 0.6729 -0.3857 0.0000
vt 0.6338 -0.4092 0.0000
vt 0.7090 -0.4160 0.0000
vt 0.7090 -0.4336 0.0000
vt 0.6777 -0.4365 0.0000
vt 0.1582 -0.8066 0.0000
vt 0.1572 -0.7871 0.0000
vt 0.1367 -0.7490 0.0000
vt 0.1543 -0.7578 0.0000
vt 0.1055 -0.7783 0.0000
vt 0.0928 -0.7920 0.0000
vt 0.0947 -0.8076 0.0000
vt 0.0811 -0.7676 0.0000
vt 0.0703 -0.8164 0.0000
vt 0.0869 -0.8262 0.0000
vt 0.0713 -0.7705 0.0000
vt 0.7285 -0.3838 0.0000
vt 0.6836 -0.3730 0.0000
vt 0.7383 -0.4385 0.0000
vt 0.1025 -0.5674 0.0000
vt 0.7031 -0.4170 0.0000
vt 0.7031 -0.4043 0.0000
vt 0.6514 -0.3975 0.0000
vt 0.7002 -0.4424 0.0000
vt 0.7109 -0.3955 0.0000
vt 0.7041 -0.3838 0.0000
vt 0.6738 -0.3906 0.0000
vt 0.7070 -0.4141 0.0000
vt 0.6328 -0.4092 0.0000
vt 0.7148 -0.4004 0.0000
vt 0.6924 -0.4258 0.0000
vt 0.6797 -0.4385 0.0000
vt 0.7168 -0.4561 0.0000
vt 0.6865 -0.4775 0.0000
vt 0.7002 -0.3916 0.0000
vt 0.6895 -0.3633 0.0000
vt 0.7090 -0.4170 0.0000
vt 0.7070 -0.4414 0.0000
vt 0.6943 -0.4492 0.0000
vt 0.6826 -0.4590 0.0000
vt 0.6230 -0.5439 0.0000
vt 0.6465 -0.5498 0.0000
vt 0.6699 -0.5273 0.0000
vt 0.6230 -0.5156 0.0000
vt 0.6152 -0.4609 0.0000
vt 0.6289 -0.4609 0.0000
vt 0.6055 -0.4189 0.0000
vt 0.5996 -0.4600 0.0000
vt 0.5811 -0.4600 0.0000
vt 0.5352 -0.5273 0.0000
vt 0.5938 -0.5146 0.0000
vt 0.6025 -0.5420 0.0000
vt 0.6426 -0.4092 0.0000
vt 0.7031 -0.4268 0.0000
vt 0.7080 -0.4160 0.0000
vt 0.7021 -0.4023 0.0000
vt 0.7051 -0.3887 0.0000
vt 0.7197 -0.4072 0.0000
vt 0.5830 -0.5400 0.0000
vt 0.5732 -0.5342 0.0000
vt 0.5547 -0.5498 0.0000
vt 0.6074 -0.4082 0.0000
vt 0.7021 -0.4521 0.0000
vt 0.7080 -0.4277 0.0000
vt 0.7285 -0.4189 0.0000
vt 0.7188 -0.3965 0.0000
vt 0.7109 -0.3750 0.0000
vt 0.7021 -0.3574 0.0000
vt 0.6572 -0.4316 0.0000
vt 0.7012 -0.4854 0.0000
vt 0.6982 -0.4434 0.0000
vt 0.6592 -0.4189 0.0000
vt 0.7178 -0.4336 0.0000
vt 0.6113 -0.4062 0.0000
vt 0.6621 -0.4053 0.0000
vt 0.7305 -0.4033 0.0000
vt 0.7324 -0.3740 0.0000
vt 0.6641 -0.3926 0.0000
vt 0.6572 -0.4502 0.0000
vt 0.6592 -0.4355 0.0000
vt 0.6270 -0.4092 0.0000
vt 0.6807 -0.4561 0.0000
vt 0.6895 -0.4404 0.0000
vt 0.7012 -0.4170 0.0000
vt 0.7119 -0.3955 0.0000
vt 0.6904 -0.3740 0.0000
vt 0.6768 -0.3857 0.0000
vt 0.6758 -0.4043 0.0000
vt 0.6885 -0.3760 0.0000
vt 0.7168 -0.3848 0.0000
vt 0.6836 -0.4170 0.0000
vt 0.6826 -0.4385 0.0000
vt 0.6514 -0.4092 0.0000
vt 0.7002 -0.4229 0.0000
vt 0.7041 -0.4062 0.0000
vt 0.7012 -0.3955 0.0000
vt 0.6982 -0.3828 0.0000
vt 0.6973 -0.3867 0.0000
vt 0.7002 -0.3574 0.0000
vt 0.7129 -0.4072 0.0000
vt 0.6943 -0.4727 0.0000
vt 0.7168 -0.4219 0.0000
vt 0.7344 -0.4229 0.0000
vt 0.7197 -0.3877 0.0000
vt 0.7002 -0.3555 0.0000
vt 0.6641 -0.4502 0.0000
vt 0.6680 -0.4336 0.0000
vt 0.6035 -0.4268 0.0000
vt 0.5576 -0.4922 0.0000
vt 0.5742 -0.5127 0.0000
vt 0.6035 -0.5332 0.0000
vt 0.6201 -0.5273 0.0000
vt 0.6387 -0.5049 0.0000
vt 0.6504 -0.4912 0.0000
vt 0.4971 -0.7471 0.0000
vt 0.5039 -0.8018 0.0000
vt 0.5146 -0.7422 0.0000
vt 0.5244 -0.7061 0.0000
vt 0.5117 -0.7109 0.0000
vt 0.4912 -0.7129 0.0000
vt 0.5059 -0.7080 0.0000
vt 0.5020 -0.7080 0.0000
vt 0.4795 -0.7061 0.0000
vt 0.4912 -0.7422 0.0000
vt 0.4854 -0.7080 0.0000
vt 0.5049 -0.7070 0.0000
vt 0.5029 -0.7402 0.0000
vt 0.5010 -0.7979 0.0000
vt 0.5215 -0.7021 0.0000
vt 0.5166 -0.7363 0.0000
vt 0.5322 -0.7334 0.0000
vt 0.6660 -0.3818 0.0000
vt 0.6191 -0.4092 0.0000
vt 0.6865 -0.3965 0.0000
vt 0.7100 -0.4141 0.0000
vt 0.7100 -0.4434 0.0000
vt 0.6621 -0.4365 0.0000
vt 0.6875 -0.4531 0.0000
vt 0.7002 -0.3926 0.0000
vt 0.7139 -0.3408 0.0000
vt 0.7207 -0.4209 0.0000
vt 0.6885 -0.4404 0.0000
vt 0.7051 -0.4688 0.0000
vt 0.7109 -0.4512 0.0000
vt 0.6631 -0.5527 0.0000
vt 0.6484 -0.4932 0.0000
vt 0.6035 -0.4150 0.0000
vt 0.6357 -0.5781 0.0000
vt 0.5928 -0.5264 0.0000
vt 0.5586 -0.4932 0.0000
vt 0.5400 -0.5576 0.0000
vt 0.5615 -0.5518 0.0000
vt 0.5957 -0.5898 0.0000
vt 0.6055 -0.5576 0.0000
vt 0.6045 -0.4434 0.0000
vt 0.6309 -0.5410 0.0000
vt 0.6514 -0.5342 0.0000
vt 0.4814 -0.7148 0.0000
vt 0.4775 -0.7061 0.0000
vt 0.4941 -0.7100 0.0000
vt 0.4902 -0.7490 0.0000
vt 0.5010 -0.7461 0.0000
vt 0.5039 -0.7080 0.0000
vt 0.5156 -0.7422 0.0000
vt 0.6885 -0.4160 0.0000
vt 0.6963 -0.3916 0.0000
vt 0.6934 -0.4326 0.0000
vt 0.6719 -0.4355 0.0000
vt 0.6631 -0.4570 0.0000
vt 0.6777 -0.4746 0.0000
vt 0.6924 -0.4414 0.0000
vt 0.6953 -0.4248 0.0000
vt 0.6807 -0.4346 0.0000
vt 0.6768 -0.4463 0.0000
vt 0.6963 -0.4141 0.0000
vt 0.6777 -0.3955 0.0000
vt 0.6035 -0.4619 0.0000
vt 0.5713 -0.5215 0.0000
vt 0.5986 -0.5381 0.0000
vt 0.6191 -0.5371 0.0000
vt 0.6387 -0.5234 0.0000
vt 0.6230 -0.5615 0.0000
vt 0.5625 -0.5146 0.0000
vt 0.6973 -0.4561 0.0000
vt 0.7168 -0.4072 0.0000
vt 0.6865 -0.4727 0.0000
vt 0.6904 -0.4658 0.0000
vt 0.7432 -0.3984 0.0000
vt 0.7266 -0.3867 0.0000
vt 0.7441 -0.4541 0.0000
vt 0.5576 -0.4893 0.0000
vt 0.5352 -0.5283 0.0000
vt 0.5547 -0.5234 0.0000
vt 0.5869 -0.4893 0.0000
vt 0.5654 -0.5566 0.0000
vt 0.6035 -0.4893 0.0000
vt 0.6133 -0.5859 0.0000
vt 0.6387 -0.5625 0.0000
vt 0.6416 -0.4932 0.0000
vt 0.6719 -0.5537 0.0000
vt 0.6953 -0.4336 0.0000
vt 0.6973 -0.4180 0.0000
vt 0.7012 -0.3857 0.0000
vt 0.6934 -0.4580 0.0000
vt 0.6641 -0.4561 0.0000
vt 0.6904 -0.4805 0.0000
vt 0.6719 -0.3848 0.0000
vt 0.7041 -0.3545 0.0000
vt 0.6846 -0.3740 0.0000
vt 0.5723 -0.5400 0.0000
vt 0.5215 -0.5459 0.0000
vt 0.6152 -0.4434 0.0000
vt 0.5947 -0.5312 0.0000
vt 0.6094 -0.5537 0.0000
vt 0.6250 -0.5518 0.0000
vt 0.6455 -0.5684 0.0000
vt 0.6396 -0.5684 0.0000
vt 0.6494 -0.5527 0.0000
vt 0.7119 -0.4805 0.0000
vt 0.7148 -0.4424 0.0000
vt 0.7168 -0.5020 0.0000
vt 0.7373 -0.3818 0.0000
vt 0.7490 -0.4238 0.0000
vt 0.6914 -0.4541 0.0000
vt 0.7344 -0.4766 0.0000
vt 0.7129 -0.4268 0.0000
vt 0.7090 -0.4072 0.0000
vt 0.7070 -0.3623 0.0000
vt 0.7129 -0.3896 0.0000
vt 0.7246 -0.3428 0.0000
vt 0.7031 -0.4492 0.0000
vt 0.6924 -0.4785 0.0000
vt 0.7090 -0.4932 0.0000
vt 0.6035 -0.4336 0.0000
vt 0.5801 -0.5596 0.0000
vt 0.6035 -0.5596 0.0000
vt 0.6514 -0.5430 0.0000
vt 0.6982 -0.5596 0.0000
vt 0.6289 -0.5596 0.0000
vt 0.6240 -0.5693 0.0000
vt 0.6035 -0.5742 0.0000
vt 0.5146 -0.5596 0.0000
vt 0.5596 -0.5596 0.0000
vt 0.6641 -0.5303 0.0000
vt 0.5664 -0.5078 0.0000
vt 0.5791 -0.5244 0.0000
vt 0.5918 -0.5254 0.0000
vt 0.6025 -0.5156 0.0000
vt 0.6045 -0.4502 0.0000
vt 0.6162 -0.5156 0.0000
vt 0.6299 -0.5156 0.0000
vt 0.6494 -0.5088 0.0000
vt 0.5479 -0.5479 0.0000
vt 0.5752 -0.5410 0.0000
vt 0.6055 -0.5430 0.0000
vt 0.6475 -0.5430 0.0000
vt 0.6777 -0.5420 0.0000
vt 0.7217 -0.3994 0.0000
vt 0.6992 -0.3760 0.0000
vt 0.6641 -0.3916 0.0000
vt 0.7139 -0.4111 0.0000
vt 0.6621 -0.4102 0.0000
vt 0.7334 -0.4229 0.0000
vt 0.7256 -0.4424 0.0000
vt 0.6855 -0.4482 0.0000
vt 0.6748 -0.4609 0.0000
vt 0.7217 -0.3955 0.0000
vt 0.7207 -0.3623 0.0000
vt 0.6758 -0.3838 0.0000
vt 0.6709 -0.4219 0.0000
vt 0.7373 -0.4170 0.0000
vt 0.7207 -0.4609 0.0000
vt 0.6699 -0.4385 0.0000
vt 0.6680 -0.4531 0.0000
vt 0.7061 -0.4912 0.0000
vt 0.5537 -0.4854 0.0000
vt 0.5146 -0.5410 0.0000
vt 0.5488 -0.5410 0.0000
vt 0.5928 -0.5410 0.0000
vt 0.6201 -0.4854 0.0000
vt 0.6484 -0.4854 0.0000
vt 0.6416 -0.5410 0.0000
vt 0.6748 -0.5410 0.0000
vt 0.6934 -0.5332 0.0000
vt 0.6641 -0.4658 0.0000
vt 0.7061 -0.4766 0.0000
vt 0.6553 -0.5498 0.0000
vt 0.6650 -0.5137 0.0000
vt 0.6416 -0.4980 0.0000
vt 0.6289 -0.5576 0.0000
vt 0.6064 -0.4326 0.0000
vt 0.5947 -0.5518 0.0000
vt 0.5596 -0.5469 0.0000
vt 0.5576 -0.5010 0.0000
vt 0.5391 -0.5439 0.0000
vt 0.6279 -0.5332 0.0000
vt 0.6738 -0.5234 0.0000
vt 0.6338 -0.4834 0.0000
vt 0.5967 -0.4834 0.0000
vt 0.6035 -0.4238 0.0000
vt 0.5928 -0.5381 0.0000
vt 0.5771 -0.4834 0.0000
vt 0.5615 -0.4834 0.0000
vt 0.5166 -0.5439 0.0000
vt 0.5469 -0.5498 0.0000
vt 0.6475 -0.4404 0.0000
vt 0.7139 -0.4600 0.0000
vt 0.7080 -0.4248 0.0000
vt 0.7539 -0.4248 0.0000
vt 0.7109 -0.3926 0.0000
vt 0.6533 -0.3857 0.0000
vt 0.7119 -0.3691 0.0000
vt 0.6357 -0.4092 0.0000
vt 0.6729 -0.4414 0.0000
vt 0.6846 -0.4277 0.0000
vt 0.6797 -0.4023 0.0000
vt 0.6738 -0.3877 0.0000
vt 0.7139 -0.3926 0.0000
vt 0.7236 -0.4092 0.0000
vt 0.7275 -0.4189 0.0000
vt 0.6123 -0.4102 0.0000
vt 0.6797 -0.4375 0.0000
vt 0.6699 -0.4258 0.0000
vt 0.7119 -0.4004 0.0000
vt 0.6797 -0.3965 0.0000
vt 0.7031 -0.4209 0.0000
vt 0.6826 -0.3799 0.0000
vt 0.6836 -0.3672 0.0000
vt 0.6836 -0.4082 0.0000
vt 0.6865 -0.4414 0.0000
vt 0.6729 -0.4570 0.0000
vt 0.5117 -0.7070 0.0000
vt 0.5166 -0.7012 0.0000
vt 0.5244 -0.7168 0.0000
vt 0.5273 -0.7295 0.0000
vt 0.5205 -0.7451 0.0000
vt 0.5049 -0.7422 0.0000
vt 0.4990 -0.7178 0.0000
vt 0.4814 -0.7168 0.0000
vt 0.4873 -0.7432 0.0000
vt 0.4951 -0.7754 0.0000
vt 0.5059 -0.7764 0.0000
vt 0.5127 -0.7773 0.0000
vt 0.7217 -0.4209 0.0000
vt 0.6963 -0.3945 0.0000
vt 0.6982 -0.4355 0.0000
vt 0.6914 -0.4551 0.0000
vt 0.6904 -0.3652 0.0000
vt 0.6768 -0.4668 0.0000
vt 0.5674 -0.5029 0.0000
vt 0.5605 -0.5332 0.0000
vt 0.5752 -0.5430 0.0000
vt 0.6016 -0.5078 0.0000
vt 0.5957 -0.4414 0.0000
vt 0.6318 -0.4893 0.0000
vt 0.6250 -0.5625 0.0000
vt 0.6436 -0.5186 0.0000
vt 0.6562 -0.5557 0.0000
vt 0.2998 -0.5459 0.0000
vt 0.2900 -0.5430 0.0000
vt 0.2910 -0.5566 0.0000
vt 0.2998 -0.5566 0.0000
vt 0.3164 -0.5518 0.0000
vt 0.2988 -0.5732 0.0000
vt 0.3174 -0.5684 0.0000
vt 0.3164 -0.5576 0.0000
vt 0.3691 -0.5605 0.0000
vt 0.4658 -0.7842 0.0000
vt 0.4883 -0.7861 0.0000
vt 0.4824 -0.7471 0.0000
vt 0.4482 -0.7627 0.0000
vt 0.4414 -0.7451 0.0000
vt 0.4551 -0.7295 0.0000
vt 0.6787 -0.4619 0.0000
vt 0.6826 -0.4648 0.0000
vt 0.6787 -0.4531 0.0000
vt 0.6543 -0.4365 0.0000
vt 0.6543 -0.4258 0.0000
vt 0.6182 -0.4092 0.0000
vt 0.6875 -0.4375 0.0000
vt 0.6904 -0.4541 0.0000
vt 0.7012 -0.4424 0.0000
vt 0.7031 -0.4229 0.0000
vt 0.6973 -0.4160 0.0000
vt 0.7031 -0.4160 0.0000
vt 0.6914 -0.4014 0.0000
vt 0.6816 -0.4141 0.0000
vt 0.6553 -0.4121 0.0000
vt 0.6562 -0.3994 0.0000
vt 0.6572 -0.3867 0.0000
vt 0.6846 -0.3662 0.0000
vt 0.6836 -0.3887 0.0000
vt 0.6895 -0.3838 0.0000
vt 0.6895 -0.3672 0.0000
vt 0.4971 -0.4736 0.0000
vt 0.5088 -0.4492 0.0000
vt 0.4990 -0.4521 0.0000
vt 0.4873 -0.4600 0.0000
vt 0.4795 -0.4736 0.0000
vt 0.4805 -0.5303 0.0000
vt 0.4932 -0.5352 0.0000
vt 0.5107 -0.4912 0.0000
vt 0.5195 -0.4990 0.0000
vt 0.4736 -0.5322 0.0000
vt 0.4619 -0.5283 0.0000
vt 0.4580 -0.4854 0.0000
vt 0.4785 -0.4795 0.0000
vt 0.4629 -0.5195 0.0000
vt 0.4756 -0.5156 0.0000
vt 0.4854 -0.5107 0.0000
vt 0.4932 -0.4775 0.0000
vt 0.4961 -0.5176 0.0000
vt 0.5000 -0.5283 0.0000
vt 0.5146 -0.4854 0.0000
vt 0.5254 -0.4941 0.0000
vt 0.5176 -0.4863 0.0000
vt 0.5068 -0.4951 0.0000
vt 0.4941 -0.5293 0.0000
vt 0.4912 -0.4893 0.0000
vt 0.4688 -0.5059 0.0000
vt 0.4707 -0.4873 0.0000
vt 0.4580 -0.5215 0.0000
vt 0.4629 -0.4814 0.0000
vt 0.4541 -0.4668 0.0000
vt 0.4775 -0.4580 0.0000
vt 0.4658 -0.4863 0.0000
vt 0.4551 -0.4629 0.0000
vt 0.4980 -0.4629 0.0000
vt 0.4883 -0.5010 0.0000
vt 0.5020 -0.5059 0.0000
vt 0.5195 -0.4600 0.0000
vt 0.5371 -0.4805 0.0000
vt 0.5137 -0.5117 0.0000
vt 0.4102 -0.5654 0.0000
vt 0.4258 -0.5762 0.0000
vt 0.4414 -0.5088 0.0000
vt 0.4561 -0.5605 0.0000
vt 0.4121 -0.5566 0.0000
vt 0.3857 -0.5850 0.0000
vt 0.4062 -0.5889 0.0000
vt 0.4229 -0.5996 0.0000
vt 0.4131 -0.6162 0.0000
vt 0.3945 -0.5547 0.0000
vt 0.4434 -0.4170 0.0000
vt 0.4277 -0.5576 0.0000
vt 0.4385 -0.6035 0.0000
vt 0.4424 -0.5596 0.0000
vt 0.4609 -0.5615 0.0000
vt 0.4648 -0.5889 0.0000
vt 0.4238 -0.6104 0.0000
vt 0.3799 -0.5918 0.0000
vt 0.4092 -0.5283 0.0000
vt 0.4033 -0.5889 0.0000
vt 0.4551 -0.5342 0.0000
vt 0.4609 -0.6064 0.0000
vt 0.4404 -0.6064 0.0000
vt 0.4424 -0.4883 0.0000
vt 0.4277 -0.5381 0.0000
vt 0.4189 -0.6191 0.0000
vt 0.4629 -0.6025 0.0000
vt 0.4531 -0.5830 0.0000
vt 0.4434 -0.5879 0.0000
vt 0.4180 -0.5010 0.0000
vt 0.4209 -0.6035 0.0000
vt 0.4355 -0.6074 0.0000
vt 0.4512 -0.5010 0.0000
vt 0.4619 -0.5928 0.0000
vt 0.3994 -0.5850 0.0000
vt 0.3809 -0.5898 0.0000
vt 0.4131 -0.5107 0.0000
vt 0.4307 -0.5098 0.0000
vt 0.4199 -0.6055 0.0000
vt 0.4424 -0.5098 0.0000
vt 0.4531 -0.5146 0.0000
vt 0.4600 -0.5967 0.0000
vt 0.4424 -0.6172 0.0000
vt 0.5146 -0.4707 0.0000
vt 0.5049 -0.4326 0.0000
vt 0.4980 -0.4512 0.0000
vt 0.4805 -0.5381 0.0000
vt 0.4688 -0.4561 0.0000
vt 0.4824 -0.4414 0.0000
vt 0.4062 -0.5762 0.0000
vt 0.4082 -0.6045 0.0000
vt 0.4268 -0.5850 0.0000
vt 0.4346 -0.5137 0.0000
vt 0.4463 -0.5596 0.0000
vt 0.4043 -0.5723 0.0000
vt 0.3984 -0.6045 0.0000
vt 0.4229 -0.5830 0.0000
vt 0.4326 -0.5088 0.0000
vt 0.4482 -0.5645 0.0000
vt 0.2959 -0.5508 0.0000
vt 0.2842 -0.5576 0.0000
vt 0.2920 -0.5654 0.0000
vt 0.3408 -0.5615 0.0000
vt 0.3037 -0.5762 0.0000
vt 0.5068 -0.4551 0.0000
vt 0.5088 -0.4326 0.0000
vt 0.4893 -0.4531 0.0000
vt 0.5059 -0.4570 0.0000
vt 0.5225 -0.4590 0.0000
vt 0.4912 -0.5205 0.0000
vt 0.4824 -0.5186 0.0000
vt 0.4805 -0.5713 0.0000
vt 0.4717 -0.5127 0.0000
vt 0.4678 -0.4570 0.0000
vt 0.5127 -0.5215 0.0000
vt 0.5420 -0.4746 0.0000
vt 0.2822 -0.5576 0.0000
vt 0.2617 -0.5664 0.0000
vt 0.2822 -0.5752 0.0000
vt 0.3203 -0.5664 0.0000
vt 0.2949 -0.5869 0.0000
vt 0.3213 -0.5742 0.0000
vt 0.3457 -0.5615 0.0000
vt 0.3203 -0.5596 0.0000
vt 0.2910 -0.5449 0.0000
vt 0.3193 -0.5508 0.0000
vt 0.2861 -0.5654 0.0000
vt 0.2744 -0.5742 0.0000
vt 0.2861 -0.5771 0.0000
vt 0.3115 -0.5664 0.0000
vt 0.3115 -0.5605 0.0000
vt 0.2998 -0.5859 0.0000
vt 0.3301 -0.5605 0.0000
vt 0.4111 -0.5234 0.0000
vt 0.3916 -0.5596 0.0000
vt 0.4121 -0.5791 0.0000
vt 0.4160 -0.5088 0.0000
vt 0.3838 -0.5820 0.0000
vt 0.4121 -0.6006 0.0000
vt 0.4199 -0.6045 0.0000
vt 0.4502 -0.5928 0.0000
vt 0.4531 -0.5127 0.0000
vt 0.4619 -0.5908 0.0000
vt 0.5547 -0.5371 0.0000
vt 0.5186 -0.5518 0.0000
vt 0.5811 -0.5654 0.0000
vt 0.6016 -0.5645 0.0000
vt 0.6025 -0.5371 0.0000
vt 0.6611 -0.5469 0.0000
vt 0.5850 -0.4756 0.0000
vt 0.6055 -0.4160 0.0000
vt 0.6143 -0.4717 0.0000
vt 0.6797 -0.5312 0.0000
vt 0.6533 -0.5361 0.0000
vt 0.6895 -0.5459 0.0000
vt 0.4551 -0.5752 0.0000
vt 0.4658 -0.5918 0.0000
vt 0.4492 -0.5986 0.0000
vt 0.4238 -0.6035 0.0000
vt 0.4277 -0.5771 0.0000
vt 0.4385 -0.4912 0.0000
vt 0.4521 -0.4961 0.0000
vt 0.4482 -0.4199 0.0000
vt 0.4287 -0.4912 0.0000
vt 0.4199 -0.4912 0.0000
vt 0.3936 -0.5645 0.0000
vt 0.4072 -0.5713 0.0000
vt 0.4004 -0.5918 0.0000
vt 0.3867 -0.5820 0.0000
vt 0.4082 -0.5342 0.0000
vt 0.3828 -0.5859 0.0000
vt 0.3975 -0.5996 0.0000
vt 0.4199 -0.6104 0.0000
vt 0.4268 -0.5449 0.0000
vt 0.4385 -0.6084 0.0000
vt 0.4414 -0.5449 0.0000
vt 0.4629 -0.5957 0.0000
vt 0.4561 -0.5361 0.0000
vt 0.5029 -0.5176 0.0000
vt 0.5312 -0.4863 0.0000
vt 0.5166 -0.4756 0.0000
vt 0.4844 -0.5166 0.0000
vt 0.4971 -0.4609 0.0000
vt 0.4844 -0.4541 0.0000
vt 0.4717 -0.5166 0.0000
vt 0.4600 -0.5098 0.0000
vt 0.4580 -0.4688 0.0000
vt 0.4697 -0.5117 0.0000
vt 0.4570 -0.4639 0.0000
vt 0.4795 -0.4658 0.0000
vt 0.4834 -0.5205 0.0000
vt 0.4980 -0.4590 0.0000
vt 0.4707 -0.5723 0.0000
vt 0.5117 -0.4492 0.0000
vt 0.4941 -0.5215 0.0000
vt 0.5059 -0.5205 0.0000
vt 0.5293 -0.4805 0.0000
vt 0.4424 -0.5029 0.0000
vt 0.4043 -0.5674 0.0000
vt 0.4307 -0.5859 0.0000
vt 0.4541 -0.5654 0.0000
vt 0.5088 -0.4512 0.0000
vt 0.4941 -0.4746 0.0000
vt 0.4727 -0.5732 0.0000
vt 0.4756 -0.4951 0.0000
vt 0.5186 -0.5010 0.0000
vt 0.4971 -0.4854 0.0000
vt 0.4883 -0.4912 0.0000
vt 0.4775 -0.5088 0.0000
vt 0.4717 -0.5342 0.0000
vt 0.4658 -0.5342 0.0000
vt 0.4961 -0.4570 0.0000
vt 0.5137 -0.4570 0.0000
vt 0.4678 -0.5078 0.0000
vt 0.4736 -0.5801 0.0000
vt 0.5039 -0.4912 0.0000
vt 0.5127 -0.5166 0.0000
vt 0.5234 -0.5000 0.0000
vt 0.5137 -0.4961 0.0000
vt 0.5020 -0.4932 0.0000
vt 0.4834 -0.4785 0.0000
vt 0.4580 -0.4756 0.0000
vt 0.4717 -0.4697 0.0000
vt 0.4707 -0.5127 0.0000
vt 0.4668 -0.4863 0.0000
vt 0.4629 -0.4893 0.0000
vt 0.4639 -0.4990 0.0000
vt 0.4561 -0.5723 0.0000
vt 0.4551 -0.5947 0.0000
vt 0.4443 -0.5527 0.0000
vt 0.4316 -0.5811 0.0000
vt 0.4170 -0.5938 0.0000
vt 0.4053 -0.5811 0.0000
vt 0.3691 -0.5889 0.0000
vt 0.3740 -0.5898 0.0000
vt 0.3701 -0.5947 0.0000
vt 0.3584 -0.5957 0.0000
vt 0.3652 -0.6035 0.0000
vt 0.3525 -0.5889 0.0000
vt 0.3652 -0.5859 0.0000
vt 0.2666 -0.5967 0.0000
vt 0.3477 -0.5801 0.0000
vt 0.3691 -0.5791 0.0000
vt 0.3496 -0.6074 0.0000
vt 0.3633 -0.6133 0.0000
vt 0.3096 -0.5928 0.0000
vt 0.2656 -0.5967 0.0000
vt 0.3096 -0.5879 0.0000
vt 0.3408 -0.9561 0.0000
vt 0.3369 -0.9346 0.0000
vt 0.3115 -0.9531 0.0000
vt 0.3174 -0.9639 0.0000
vt 0.3379 -0.9746 0.0000
vt 0.2891 -0.9795 0.0000
vt 0.3203 -0.9746 0.0000
vt 0.5000 -0.7627 0.0000
vt 0.5225 -0.7441 0.0000
vt 0.5234 -0.7256 0.0000
vt 0.5000 -0.7139 0.0000
vt 0.3691 -0.9238 0.0000
vt 0.3506 -0.9209 0.0000
vt 0.3516 -0.9326 0.0000
vt 0.3555 -0.9404 0.0000
vt 0.3291 -0.8936 0.0000
vt 0.3125 -0.8809 0.0000
vt 0.2979 -0.9033 0.0000
vt 0.3105 -0.9121 0.0000
vt 0.3291 -0.9209 0.0000
vt 0.2871 -0.9277 0.0000
vt 0.2959 -0.9326 0.0000
vt 0.2783 -0.9668 0.0000
vt 0.3027 -0.9414 0.0000
vt 0.3311 -0.9326 0.0000
vt 0.3057 -0.9473 0.0000
vt 0.7842 -0.3457 0.0000
vt 0.7686 -0.3711 0.0000
vt 0.7676 -0.3291 0.0000
vt 0.7705 -0.3711 0.0000
vt 0.7480 -0.3584 0.0000
vt 0.7471 -0.3408 0.0000
vt 0.4941 -0.6924 0.0000
vt 0.5020 -0.6885 0.0000
vt 0.4893 -0.6758 0.0000
vt 0.4854 -0.7012 0.0000
vt 0.4658 -0.6943 0.0000
vt 0.4697 -0.6738 0.0000
vt 0.7451 -0.3281 0.0000
vt 0.0811 -0.4014 0.0000
vt 0.0674 -0.4014 0.0000
vt 0.0752 -0.4141 0.0000
vt 0.0869 -0.4111 0.0000
vt 0.0869 -0.4277 0.0000
vt 0.0732 -0.4355 0.0000
vt 0.0664 -0.4170 0.0000
vt 0.0879 -0.4561 0.0000
vt 0.0654 -0.4326 0.0000
vt 0.0762 -0.4629 0.0000
vt 0.0654 -0.4453 0.0000
vt 0.0898 -0.4941 0.0000
vt 0.0645 -0.4590 0.0000
vt 0.0771 -0.4951 0.0000
vt 0.0635 -0.4902 0.0000
vt 0.2656 -0.8037 0.0000
vt 0.2705 -0.7695 0.0000
vt 0.2510 -0.7734 0.0000
vt 0.2139 -0.7861 0.0000
vt 0.2695 -0.7441 0.0000
vt 0.2959 -0.7402 0.0000
vt 0.2988 -0.7275 0.0000
vt 0.3008 -0.7021 0.0000
vt 0.2764 -0.7109 0.0000
vt 0.2500 -0.7256 0.0000
vt 0.2559 -0.6885 0.0000
vt 0.2715 -0.6934 0.0000
vt 0.2822 -0.6797 0.0000
vt 0.2246 -0.7393 0.0000
vt 0.2393 -0.6826 0.0000
vt 0.2041 -0.7041 0.0000
vt 0.2275 -0.6699 0.0000
vt 0.1836 -0.6992 0.0000
vt 0.1670 -0.6885 0.0000
vt 0.2139 -0.6592 0.0000
vt 0.1797 -0.6719 0.0000
vt 0.2158 -0.6484 0.0000
vt 0.2988 -0.7324 0.0000
vt 0.2998 -0.7031 0.0000
vt 0.2119 -0.7490 0.0000
vt 0.1953 -0.7432 0.0000
vt 0.2959 -0.7344 0.0000
vt 0.2969 -0.7217 0.0000
vt 0.2773 -0.7129 0.0000
vt 0.3027 -0.7061 0.0000
vt 0.2578 -0.7256 0.0000
vt 0.2979 -0.6982 0.0000
vt 0.2451 -0.7197 0.0000
vt 0.2705 -0.6963 0.0000
vt 0.2217 -0.7354 0.0000
vt 0.2314 -0.6758 0.0000
vt 0.2041 -0.7031 0.0000
vt 0.1924 -0.6865 0.0000
vt 0.2070 -0.6621 0.0000
vt 0.2646 -0.7793 0.0000
vt 0.2490 -0.7764 0.0000
vt 0.2207 -0.7861 0.0000
vt 0.1943 -0.7432 0.0000
vt 0.2109 -0.7490 0.0000
vt 0.0742 -0.7578 0.0000
vt 0.0664 -0.7900 0.0000
vt 0.0703 -0.8154 0.0000
vt 0.0820 -0.8037 0.0000
vt 0.1025 -0.8008 0.0000
vt 0.1025 -0.7686 0.0000
vt 0.1152 -0.7666 0.0000
vt 0.1436 -0.7695 0.0000
vt 0.1797 -0.8105 0.0000
vt 0.0830 -0.8154 0.0000
vt 0.0840 -0.8232 0.0000
vt 0.0742 -0.7588 0.0000
vt 0.0674 -0.7832 0.0000
vt 0.1055 -0.7627 0.0000
vt 0.0898 -0.8057 0.0000
vt 0.1084 -0.7969 0.0000
vt 0.1299 -0.7852 0.0000
vt 0.1523 -0.7715 0.0000
vt 0.1367 -0.8086 0.0000
vt 0.1279 -0.8164 0.0000
vt 0.1055 -0.8105 0.0000
vt 0.1465 -0.8105 0.0000
vt 0.1533 -0.8135 0.0000
vt 0.1689 -0.7979 0.0000
vt 0.1797 -0.7500 0.0000
vt 0.1494 -0.7422 0.0000
vt 0.1787 -0.7646 0.0000
vt 0.1914 -0.7207 0.0000
vt 0.4541 -0.8965 0.0000
vt 0.4248 -0.8760 0.0000
vt 0.4482 -0.9102 0.0000
vt 0.4619 -0.9072 0.0000
vt 0.2002 -0.7100 0.0000
vt 0.1875 -0.7178 0.0000
vt 0.2246 -0.7441 0.0000
vt 0.2109 -0.6982 0.0000
vt 0.2373 -0.7002 0.0000
vt 0.2578 -0.7148 0.0000
vt 0.2246 -0.6846 0.0000
vt 0.2021 -0.6914 0.0000
vt 0.2021 -0.6738 0.0000
vt 0.2188 -0.6699 0.0000
vt 0.1934 -0.6641 0.0000
vt 0.2549 -0.6895 0.0000
vt 0.2822 -0.7080 0.0000
vt 0.2715 -0.7158 0.0000
vt 0.2715 -0.6797 0.0000
vt 0.2744 -0.7363 0.0000
vt 0.2842 -0.6738 0.0000
vt 0.2988 -0.7002 0.0000
vt 0.2910 -0.7148 0.0000
vt 0.2676 -0.7031 0.0000
vt 0.2510 -0.7197 0.0000
vt 0.2598 -0.6914 0.0000
vt 0.2422 -0.6826 0.0000
vt 0.2471 -0.7236 0.0000
vt 0.2236 -0.7461 0.0000
vt 0.2070 -0.7012 0.0000
vt 0.2324 -0.6738 0.0000
vt 0.1914 -0.6895 0.0000
vt 0.1787 -0.7051 0.0000
vt 0.2490 -0.7402 0.0000
vt 0.1699 -0.8135 0.0000
vt 0.1592 -0.7764 0.0000
vt 0.1680 -0.8164 0.0000
vt 0.1602 -0.7773 0.0000
vt 0.1553 -0.8535 0.0000
vt 0.1758 -0.8574 0.0000
vt 0.1709 -0.8428 0.0000
vt 0.1797 -0.8115 0.0000
vt 0.0869 -0.8252 0.0000
vt 0.0840 -0.8086 0.0000
vt 0.1074 -0.7646 0.0000
vt 0.1689 -0.8447 0.0000
vt 0.1240 -0.4346 0.0000
vt 0.1230 -0.4092 0.0000
vt 0.1064 -0.4141 0.0000
vt 0.1094 -0.4453 0.0000
vt 0.1270 -0.4541 0.0000
vt 0.1260 -0.4727 0.0000
vt 0.1094 -0.4746 0.0000
vt 0.1016 -0.4629 0.0000
vt 0.0957 -0.4727 0.0000
vt 0.1006 -0.4414 0.0000
vt 0.0967 -0.4502 0.0000
vt 0.0967 -0.4365 0.0000
vt 0.0996 -0.4268 0.0000
vt 0.2236 -0.8174 0.0000
vt 0.1924 -0.7998 0.0000
vt 0.2178 -0.8740 0.0000
vt 0.2402 -0.8359 0.0000
vt 0.1807 -0.8115 0.0000
vt 0.1865 -0.8408 0.0000
vt 0.1689 -0.8301 0.0000
vt 0.1582 -0.8145 0.0000
vt 0.1719 -0.8535 0.0000
vt 0.1602 -0.8271 0.0000
vt 0.1504 -0.8320 0.0000
vt 0.2383 -0.7656 0.0000
vt 0.2344 -0.7637 0.0000
vt 0.2119 -0.7627 0.0000
vt 0.2344 -0.8057 0.0000
vt 0.2246 -0.8135 0.0000
vt 0.1982 -0.7969 0.0000
vt 0.1836 -0.8096 0.0000
vt 0.1846 -0.8340 0.0000
vt 0.1592 -0.8193 0.0000
vt 0.1553 -0.8115 0.0000
vt 0.2363 -0.7646 0.0000
vt 0.1133 -0.7959 0.0000
vt 0.1572 -0.7373 0.0000
vt 0.1846 -0.7227 0.0000
vt 0.1943 -0.7227 0.0000
vt 0.0693 -0.7900 0.0000
vt 0.0781 -0.7627 0.0000
vt 0.0654 -0.7998 0.0000
vt 0.1650 -0.7090 0.0000
vt 0.1660 -0.7432 0.0000
vt 0.1777 -0.7646 0.0000
vt 0.1523 -0.7598 0.0000
vt 0.4688 -0.7227 0.0000
vt 0.4658 -0.7109 0.0000
vt 0.4570 -0.7393 0.0000
vt 0.4854 -0.7422 0.0000
vt 0.4541 -0.7666 0.0000
vt 0.4248 -0.7412 0.0000
vt 0.4746 -0.7744 0.0000
vt 0.4805 -0.7930 0.0000
vt 0.4492 -0.8008 0.0000
vt 0.4375 -0.7812 0.0000
vt 0.4092 -0.7568 0.0000
vt 0.4492 -0.8379 0.0000
vt 0.4873 -0.8115 0.0000
vt 0.4736 -0.8672 0.0000
vt 0.5166 -0.8350 0.0000
vt 0.4951 -0.8828 0.0000
vt 0.5254 -0.8721 0.0000
vt 0.4219 -0.8838 0.0000
vt 0.1836 -0.7480 0.0000
vt 0.2051 -0.7510 0.0000
vt 0.1992 -0.7695 0.0000
vt 0.1035 -0.7627 0.0000
vt 0.0879 -0.7959 0.0000
vt 0.0840 -0.8193 0.0000
vt 0.1807 -0.7734 0.0000
vt 0.2139 -0.7842 0.0000
vt 0.2324 -0.7910 0.0000
vt 0.2217 -0.8174 0.0000
vt 0.1885 -0.8057 0.0000
vt 0.1855 -0.8379 0.0000
vt 0.1533 -0.8213 0.0000
vt 0.2373 -0.8301 0.0000
vt 0.2451 -0.8359 0.0000
vt 0.2383 -0.7852 0.0000
vt 0.2451 -0.7793 0.0000
vt 0.2559 -0.7725 0.0000
vt 0.1963 -0.7207 0.0000
vt 0.2275 -0.7402 0.0000
vt 0.2383 -0.8330 0.0000
vt 0.3184 -0.2344 0.0000
vt 0.3379 -0.2363 0.0000
vt 0.3369 -0.2119 0.0000
vt 0.3184 -0.2188 0.0000
vt 0.3213 -0.2012 0.0000
vt 0.3047 -0.2002 0.0000
vt 0.4141 -0.2158 0.0000
vt 0.4102 -0.2041 0.0000
vt 0.4023 -0.2148 0.0000
vt 0.4082 -0.2217 0.0000
vt 0.4180 -0.2285 0.0000
vt 0.4238 -0.2246 0.0000
vt 0.4199 -0.2324 0.0000
vt 0.4268 -0.2373 0.0000
vt 0.4053 -0.2285 0.0000
vt 0.3955 -0.2236 0.0000
vt 0.3848 -0.2148 0.0000
vt 0.3779 -0.2324 0.0000
vt 0.3838 -0.2432 0.0000
vt 0.3711 -0.2520 0.0000
vt 0.4043 -0.2383 0.0000
vt 0.4131 -0.2363 0.0000
vt 0.4121 -0.2461 0.0000
vt 0.4297 -0.2490 0.0000
vt 0.4258 -0.2637 0.0000
vt 0.4062 -0.2666 0.0000
vt 0.4189 -0.2764 0.0000
vt 0.4121 -0.2881 0.0000
vt 0.4316 -0.2959 0.0000
vt 0.4053 -0.3018 0.0000
vt 0.4209 -0.3125 0.0000
vt 0.3818 -0.2822 0.0000
vt 0.3916 -0.2773 0.0000
vt 0.3936 -0.2578 0.0000
vt 0.3926 -0.2510 0.0000
vt 0.3838 -0.2559 0.0000
vt 0.3818 -0.2637 0.0000
vt 0.3604 -0.2656 0.0000
vt 0.3799 -0.2734 0.0000
vt 0.3662 -0.2773 0.0000
vt 0.3701 -0.2842 0.0000
vt 0.3760 -0.2949 0.0000
vt 0.3965 -0.3164 0.0000
vt 0.3779 -0.3135 0.0000
vt 0.4062 -0.3223 0.0000
vt 0.4141 -0.3271 0.0000
vt 0.4238 -0.3320 0.0000
vt 0.4082 -0.3281 0.0000
vt 0.4121 -0.3330 0.0000
vt 0.3965 -0.3340 0.0000
vt 0.4053 -0.3428 0.0000
vt 0.4219 -0.3467 0.0000
vt 0.4531 -0.3467 0.0000
vt 0.4404 -0.3359 0.0000
vt 0.4717 -0.3350 0.0000
vt 0.4482 -0.3076 0.0000
vt 0.4697 -0.3584 0.0000
vt 0.4346 -0.3604 0.0000
vt 0.4248 -0.3770 0.0000
vt 0.3945 -0.3564 0.0000
vt 0.3848 -0.3535 0.0000
vt 0.3789 -0.3438 0.0000
vt 0.3877 -0.3301 0.0000
vt 0.3779 -0.3340 0.0000
vt 0.3555 -0.3574 0.0000
vt 0.3633 -0.3447 0.0000
vt 0.3604 -0.3242 0.0000
vt 0.3525 -0.3408 0.0000
vt 0.3574 -0.3643 0.0000
vt 0.3418 -0.3613 0.0000
vt 0.3447 -0.3555 0.0000
vt 0.3447 -0.3457 0.0000
vt 0.3359 -0.3477 0.0000
vt 0.3340 -0.3584 0.0000
vt 0.3311 -0.3633 0.0000
vt 0.3252 -0.3506 0.0000
vt 0.3252 -0.3623 0.0000
vt 0.3271 -0.3652 0.0000
vt 0.3291 -0.3711 0.0000
vt 0.3428 -0.3682 0.0000
vt 0.3584 -0.3711 0.0000
vt 0.3789 -0.3623 0.0000
vt 0.3896 -0.3848 0.0000
vt 0.3613 -0.3916 0.0000
vt 0.3916 -0.4043 0.0000
vt 0.3525 -0.4072 0.0000
vt 0.4248 -0.4004 0.0000
vt 0.4492 -0.3994 0.0000
vt 0.4473 -0.3760 0.0000
vt 0.4697 -0.4023 0.0000
vt 0.4736 -0.3838 0.0000
vt 0.4932 -0.4170 0.0000
vt 0.5039 -0.3623 0.0000
vt 0.5098 -0.3926 0.0000
vt 0.5146 -0.4062 0.0000
vt 0.5312 -0.4062 0.0000
vt 0.5322 -0.3916 0.0000
vt 0.5322 -0.3652 0.0000
vt 0.5254 -0.3438 0.0000
vt 0.5312 -0.3271 0.0000
vt 0.4785 -0.3115 0.0000
vt 0.4912 -0.2812 0.0000
vt 0.5273 -0.3027 0.0000
vt 0.5498 -0.3115 0.0000
vt 0.5820 -0.3066 0.0000
vt 0.5615 -0.3125 0.0000
vt 0.5801 -0.3115 0.0000
vt 0.6064 -0.3115 0.0000
vt 0.5840 -0.2998 0.0000
vt 0.5312 -0.2871 0.0000
vt 0.5059 -0.2783 0.0000
vt 0.4639 -0.2695 0.0000
vt 0.4854 -0.2666 0.0000
vt 0.4434 -0.2734 0.0000
vt 0.4697 -0.2588 0.0000
vt 0.4434 -0.2588 0.0000
vt 0.4287 -0.2744 0.0000
vt 0.4531 -0.2471 0.0000
vt 0.2939 -0.1729 0.0000
vt 0.2910 -0.1748 0.0000
vt 0.2910 -0.1758 0.0000
vt 0.2939 -0.1787 0.0000
vt 0.3057 -0.1748 0.0000
vt 0.3047 -0.1826 0.0000
vt 0.3203 -0.1768 0.0000
vt 0.2939 -0.1826 0.0000
vt 0.2910 -0.1807 0.0000
vt 0.2910 -0.1816 0.0000
vt 0.2988 -0.1875 0.0000
vt 0.2939 -0.1855 0.0000
vt 0.2920 -0.1855 0.0000
vt 0.3008 -0.1885 0.0000
vt 0.3047 -0.1904 0.0000
vt 0.3086 -0.1904 0.0000
vt 0.3184 -0.1875 0.0000
vt 0.3350 -0.1787 0.0000
vt 0.3340 -0.1924 0.0000
vt 0.3428 -0.1797 0.0000
vt 0.3408 -0.1973 0.0000
vt 0.3516 -0.1807 0.0000
vt 0.3496 -0.1992 0.0000
vt 0.3584 -0.1816 0.0000
vt 0.3594 -0.1973 0.0000
vt 0.3574 -0.2051 0.0000
vt 0.3486 -0.2051 0.0000
vt 0.3398 -0.2051 0.0000
vt 0.3359 -0.1992 0.0000
vt 0.3477 -0.2090 0.0000
vt 0.3535 -0.2119 0.0000
vt 0.3564 -0.2148 0.0000
vt 0.3613 -0.2119 0.0000
vt 0.3643 -0.1982 0.0000
vt 0.3613 -0.1973 0.0000
vt 0.3594 -0.1963 0.0000
vt 0.3057 -0.1914 0.0000
vt 0.3145 -0.1904 0.0000
vt 0.3115 -0.1924 0.0000
vt 0.3193 -0.1924 0.0000
vt 0.3164 -0.1943 0.0000
vt 0.3252 -0.1953 0.0000
vt 0.3213 -0.1973 0.0000
vt 0.3301 -0.1973 0.0000
vt 0.3301 -0.2002 0.0000
vt 0.2324 -0.2627 0.0000
vt 0.2148 -0.2412 0.0000
vt 0.2109 -0.2539 0.0000
vt 0.2246 -0.2705 0.0000
vt 0.2178 -0.2383 0.0000
vt 0.2490 -0.2549 0.0000
vt 0.2422 -0.2383 0.0000
vt 0.2080 -0.2559 0.0000
vt 0.2139 -0.2773 0.0000
vt 0.2227 -0.2783 0.0000
vt 0.2207 -0.2998 0.0000
vt 0.5303 -0.2100 0.0000
vt 0.5137 -0.1992 0.0000
vt 0.5303 -0.1934 0.0000
vt 0.5625 -0.1934 0.0000
vt 0.5625 -0.2100 0.0000
vt 0.5742 -0.2012 0.0000
vt 0.5742 -0.3232 0.0000
vt 0.5752 -0.3213 0.0000
vt 0.5557 -0.3174 0.0000
vt 0.5557 -0.3203 0.0000
vt 0.5713 -0.3350 0.0000
vt 0.5547 -0.3330 0.0000
vt 0.5781 -0.3359 0.0000
vt 0.5811 -0.3252 0.0000
vt 0.5684 -0.3574 0.0000
vt 0.5537 -0.3555 0.0000
vt 0.5645 -0.3779 0.0000
vt 0.5527 -0.3760 0.0000
vt 0.5742 -0.3594 0.0000
vt 0.5957 -0.3418 0.0000
vt 0.5986 -0.3330 0.0000
vt 0.6006 -0.3301 0.0000
vt 0.5820 -0.3232 0.0000
vt 0.5879 -0.3652 0.0000
vt 0.5684 -0.3809 0.0000
vt 0.5791 -0.3857 0.0000
vt 0.5625 -0.4004 0.0000
vt 0.5596 -0.3975 0.0000
vt 0.5498 -0.3955 0.0000
vt 0.5566 -0.4082 0.0000
vt 0.5508 -0.4121 0.0000
vt 0.5625 -0.4160 0.0000
vt 0.5605 -0.4102 0.0000
vt 0.5713 -0.4053 0.0000
vt 0.0654 -0.8711 0.0000
vt 0.0840 -0.8564 0.0000
vt 0.0820 -0.8564 0.0000
vt 0.3857 -0.5527 0.0000
vt 0.3682 -0.5254 0.0000
vt 0.3652 -0.5488 0.0000
vt 0.3926 -0.5371 0.0000
vt 0.3691 -0.5352 0.0000
vt 0.3828 -0.5068 0.0000
vt 0.3662 -0.5088 0.0000
vt 0.3311 -0.5322 0.0000
vt 0.3271 -0.5430 0.0000
vt 0.3330 -0.5254 0.0000
vt 0.2930 -0.5371 0.0000
vt 0.3350 -0.5127 0.0000
vt 0.2930 -0.5254 0.0000
vt 0.2617 -0.5244 0.0000
vt 0.2607 -0.5166 0.0000
vt 0.2949 -0.5107 0.0000
vt 0.2939 -0.5205 0.0000
vt 0.2617 -0.5225 0.0000
vt 0.2344 -0.5264 0.0000
vt 0.2598 -0.5312 0.0000
vt 0.3848 -0.5146 0.0000
vt 0.1533 -0.4775 0.0000
vt 0.1436 -0.4668 0.0000
vt 0.1240 -0.4805 0.0000
vt 0.1221 -0.5107 0.0000
vt 0.1143 -0.5000 0.0000
vt 0.0801 -0.5479 0.0000
vt 0.1250 -0.5244 0.0000
vt 0.1436 -0.5410 0.0000
vt 0.1650 -0.4795 0.0000
vt 0.1621 -0.5391 0.0000
vt 0.1816 -0.4873 0.0000
vt 0.1807 -0.4697 0.0000
vt 0.2070 -0.4844 0.0000
vt 0.2061 -0.5146 0.0000
vt 0.2148 -0.5039 0.0000
vt 0.2432 -0.5557 0.0000
vt 0.2002 -0.5273 0.0000
vt 0.1836 -0.5234 0.0000
vt 0.1797 -0.5615 0.0000
vt 0.1885 -0.6006 0.0000
vt 0.1748 -0.5986 0.0000
vt 0.1592 -0.5938 0.0000
vt 0.1436 -0.5977 0.0000
vt 0.1299 -0.5986 0.0000
vt 0.1426 -0.6689 0.0000
vt 0.1494 -0.6660 0.0000
vt 0.1553 -0.6875 0.0000
vt 0.1562 -0.6641 0.0000
vt 0.1621 -0.6670 0.0000
vt 0.1689 -0.6699 0.0000
vt 0.4375 -0.1953 0.0000
vt 0.4346 -0.2012 0.0000
vt 0.4404 -0.2031 0.0000
vt 0.4443 -0.1982 0.0000
vt 0.4434 -0.1885 0.0000
vt 0.4482 -0.2061 0.0000
vt 0.4482 -0.1934 0.0000
vt 0.4521 -0.2021 0.0000
vt 0.4541 -0.1992 0.0000
vt 0.4600 -0.2090 0.0000
vt 0.4580 -0.2119 0.0000
vt 0.4717 -0.2168 0.0000
vt 0.4619 -0.2070 0.0000
vt 0.6250 -0.2324 0.0000
vt 0.6094 -0.1934 0.0000
vt 0.5713 -0.2119 0.0000
vt 0.5762 -0.2354 0.0000
vt 0.4961 -0.2256 0.0000
vt 0.5723 -0.2637 0.0000
vt 0.6182 -0.2812 0.0000
vt 0.6025 -0.2998 0.0000
vt 0.5654 -0.2803 0.0000
vt 0.4961 -0.2559 0.0000
vt 0.4961 -0.2471 0.0000
vt 0.4756 -0.2393 0.0000
vt 0.4971 -0.2363 0.0000
vt 0.1641 -0.4443 0.0000
vt 0.1357 -0.4404 0.0000
vt 0.1348 -0.4492 0.0000
vt 0.1641 -0.4502 0.0000
vt 0.1885 -0.4482 0.0000
vt 0.1436 -0.4609 0.0000
vt 0.3594 -0.3096 0.0000
vt 0.3604 -0.2949 0.0000
vt 0.3438 -0.3066 0.0000
vt 0.3691 -0.2900 0.0000
vt 0.3682 -0.2920 0.0000
vt 0.3682 -0.2881 0.0000
vt 0.3604 -0.2852 0.0000
vt 0.3604 -0.2812 0.0000
vt 0.3545 -0.2861 0.0000
vt 0.3447 -0.2764 0.0000
vt 0.3477 -0.2852 0.0000
vt 0.3594 -0.2891 0.0000
vt 0.3477 -0.2910 0.0000
vt 0.3379 -0.2842 0.0000
vt 0.3301 -0.2725 0.0000
vt 0.3262 -0.2832 0.0000
vt 0.3301 -0.2881 0.0000
vt 0.3369 -0.2920 0.0000
vt 0.3428 -0.2959 0.0000
vt 0.3408 -0.2979 0.0000
vt 0.3379 -0.3047 0.0000
vt 0.3369 -0.2930 0.0000
vt 0.3320 -0.2988 0.0000
vt 0.3301 -0.2891 0.0000
vt 0.3252 -0.2959 0.0000
vt 0.3232 -0.2871 0.0000
vt 0.3252 -0.2871 0.0000
vt 0.3203 -0.2812 0.0000
vt 0.3174 -0.2734 0.0000
vt 0.3154 -0.2822 0.0000
vt 0.3105 -0.2773 0.0000
vt 0.3057 -0.2725 0.0000
vt 0.3037 -0.2734 0.0000
vt 0.3057 -0.2705 0.0000
vt 0.3027 -0.2686 0.0000
vt 0.3057 -0.2686 0.0000
vt 0.3057 -0.2637 0.0000
vt 0.2988 -0.2666 0.0000
vt 0.2988 -0.2744 0.0000
vt 0.2920 -0.2734 0.0000
vt 0.2920 -0.2637 0.0000
vt 0.2900 -0.2568 0.0000
vt 0.2998 -0.2539 0.0000
vt 0.2881 -0.2539 0.0000
vt 0.3164 -0.2598 0.0000
vt 0.3369 -0.2627 0.0000
vt 0.3164 -0.2471 0.0000
vt 0.3008 -0.2432 0.0000
vt 0.2881 -0.2432 0.0000
vt 0.2773 -0.2432 0.0000
vt 0.2773 -0.2559 0.0000
vt 0.2812 -0.2588 0.0000
vt 0.2842 -0.2617 0.0000
vt 0.2842 -0.2588 0.0000
vt 0.2891 -0.2578 0.0000
vt 0.2881 -0.2656 0.0000
vt 0.2832 -0.2656 0.0000
vt 0.2773 -0.2656 0.0000
vt 0.2725 -0.2656 0.0000
vt 0.2725 -0.2500 0.0000
vt 0.2725 -0.2344 0.0000
vt 0.2773 -0.2344 0.0000
vt 0.2881 -0.2344 0.0000
vt 0.3018 -0.2344 0.0000
vt 0.3252 -0.2373 0.0000
vt 0.3311 -0.2471 0.0000
vt 0.3428 -0.2500 0.0000
vt 0.3467 -0.2422 0.0000
vt 0.3447 -0.2354 0.0000
vt 0.3682 -0.2275 0.0000
vt 0.3672 -0.2432 0.0000
vt 0.3701 -0.2598 0.0000
vt 0.5146 -0.4238 0.0000
vt 0.4482 -0.4268 0.0000
vt 0.5137 -0.4316 0.0000
vt 0.5371 -0.4346 0.0000
vt 0.5137 -0.4238 0.0000
vt 0.5400 -0.4209 0.0000
vt 0.5352 -0.4141 0.0000
vt 0.5127 -0.4180 0.0000
vt 0.5381 -0.4199 0.0000
vt 0.4707 -0.2314 0.0000
vt 0.4766 -0.2334 0.0000
vt 0.4775 -0.2188 0.0000
vt 0.4668 -0.2285 0.0000
vt 0.4648 -0.2246 0.0000
vt 0.4629 -0.2207 0.0000
vt 0.2900 -0.1641 0.0000
vt 0.2852 -0.1611 0.0000
vt 0.2842 -0.1650 0.0000
vt 0.2871 -0.1719 0.0000
vt 0.2939 -0.1611 0.0000
vt 0.2949 -0.1729 0.0000
vt 0.3018 -0.1621 0.0000
vt 0.3223 -0.1768 0.0000
vt 0.3154 -0.1631 0.0000
vt 0.3066 -0.1562 0.0000
vt 0.3115 -0.1543 0.0000
vt 0.3145 -0.1553 0.0000
vt 0.3184 -0.1543 0.0000
vt 0.3223 -0.1533 0.0000
vt 0.3262 -0.1523 0.0000
vt 0.3330 -0.1621 0.0000
vt 0.3350 -0.1504 0.0000
vt 0.3613 -0.1621 0.0000
vt 0.3525 -0.1797 0.0000
vt 0.3467 -0.1504 0.0000
vt 0.3633 -0.1543 0.0000
vt 0.4766 -0.2061 0.0000
vt 0.4766 -0.2002 0.0000
vt 0.4648 -0.1934 0.0000
vt 0.4600 -0.1992 0.0000
vt 0.4756 -0.2100 0.0000
vt 0.4805 -0.2031 0.0000
vt 0.4434 -0.1797 0.0000
vt 0.4658 -0.1875 0.0000
vt 0.4824 -0.1924 0.0000
vt 0.4814 -0.1973 0.0000
vt 0.3145 -0.3682 0.0000
vt 0.3125 -0.3604 0.0000
vt 0.3096 -0.3613 0.0000
vt 0.3203 -0.3594 0.0000
vt 0.3164 -0.3760 0.0000
vt 0.3076 -0.3760 0.0000
vt 0.3047 -0.3691 0.0000
vt 0.3145 -0.3877 0.0000
vt 0.3301 -0.3799 0.0000
vt 0.3438 -0.3770 0.0000
vt 0.3438 -0.3906 0.0000
vt 0.3320 -0.3916 0.0000
vt 0.3311 -0.3975 0.0000
vt 0.3125 -0.4004 0.0000
vt 0.2979 -0.3945 0.0000
vt 0.3037 -0.3857 0.0000
vt 0.2969 -0.3730 0.0000
vt 0.2988 -0.3682 0.0000
vt 0.3008 -0.3643 0.0000
vt 0.2939 -0.3730 0.0000
vt 0.2920 -0.3779 0.0000
vt 0.2891 -0.3740 0.0000
vt 0.2881 -0.3750 0.0000
vt 0.2861 -0.3789 0.0000
vt 0.2881 -0.3818 0.0000
vt 0.2852 -0.3848 0.0000
vt 0.2822 -0.3809 0.0000
vt 0.2803 -0.3818 0.0000
vt 0.2793 -0.3867 0.0000
vt 0.2812 -0.3896 0.0000
vt 0.2930 -0.3994 0.0000
vt 0.3018 -0.4033 0.0000
vt 0.3086 -0.4053 0.0000
vt 0.3037 -0.4053 0.0000
vt 0.3066 -0.4131 0.0000
vt 0.3125 -0.4082 0.0000
vt 0.3184 -0.4072 0.0000
vt 0.3311 -0.4072 0.0000
vt 0.3438 -0.3965 0.0000
vt 0.4443 -0.2051 0.0000
vt 0.4482 -0.2002 0.0000
vt 0.4512 -0.1963 0.0000
vt 0.3711 -0.2012 0.0000
vt 0.3721 -0.1934 0.0000
vt 0.3779 -0.1973 0.0000
vt 0.3789 -0.2051 0.0000
vt 0.3730 -0.2070 0.0000
vt 0.3945 -0.1982 0.0000
vt 0.3818 -0.2090 0.0000
vt 0.3760 -0.2129 0.0000
vt 0.3818 -0.2178 0.0000
vt 0.3857 -0.2129 0.0000
vt 0.3779 -0.1934 0.0000
vt 0.3691 -0.1904 0.0000
vt 0.3721 -0.1992 0.0000
vt 0.3779 -0.1992 0.0000
vt 0.3916 -0.2002 0.0000
vt 0.3779 -0.2041 0.0000
vt 0.3711 -0.2061 0.0000
vt 0.3809 -0.2109 0.0000
vt 0.3711 -0.2139 0.0000
vt 0.3760 -0.2188 0.0000
vt 0.4932 -0.2070 0.0000
vt 0.5049 -0.2100 0.0000
vt 0.5068 -0.1904 0.0000
vt 0.4883 -0.1992 0.0000
vt 0.4873 -0.1924 0.0000
vt 0.3232 -0.3662 0.0000
vt 0.3184 -0.3604 0.0000
vt 0.3145 -0.3633 0.0000
vt 0.3096 -0.3496 0.0000
vt 0.3730 -0.3418 0.0000
vt 0.3574 -0.3535 0.0000
vt 0.3516 -0.3545 0.0000
vt 0.4932 -0.2119 0.0000
vt 0.4834 -0.2158 0.0000
vt 0.4814 -0.2100 0.0000
vt 0.4854 -0.2031 0.0000
vt 0.3408 -0.3594 0.0000
vt 0.3311 -0.3623 0.0000
vt 0.0127 -0.6094 0.0000
vt 0.0020 -0.6104 0.0000
vt 0.0068 -0.6172 0.0000
vt 0.0137 -0.6172 0.0000
vt 0.0029 -0.6465 0.0000
vt 0.0156 -0.4014 0.0000
vt 0.0039 -0.4092 0.0000
vt 0.0088 -0.4102 0.0000
vt 0.0156 -0.4004 0.0000
vt 0.0039 -0.2891 0.0000
vt 0.0098 -0.2891 0.0000
vt 0.0195 -0.2705 0.0000
vt 0.0146 -0.2920 0.0000
vt 0.0029 -0.3447 0.0000
vt 0.0088 -0.3477 0.0000
vt 0.0156 -0.3408 0.0000
vt 0.0156 -0.3506 0.0000
vt 0.0098 -0.5781 0.0000
vt 0.0029 -0.5791 0.0000
vt 0.0049 -0.5898 0.0000
vt 0.0098 -0.5889 0.0000
vt 0.0137 -0.5830 0.0000
vt 0.0059 -0.6074 0.0000
vt 0.0137 -0.5908 0.0000
vt 0.0195 -0.2725 0.0000
vt 0.0039 -0.2832 0.0000
vt 0.0098 -0.2832 0.0000
vt 0.0127 -0.2988 0.0000
vt 0.4287 -0.8955 0.0000
vt 0.4316 -0.9033 0.0000
vt 0.4229 -0.7412 0.0000
vt 0.4580 -0.7666 0.0000
vt 0.4512 -0.7471 0.0000
vt 0.4277 -0.7402 0.0000
vt 0.4639 -0.7236 0.0000
vt 0.4736 -0.7764 0.0000
vt 0.4834 -0.7939 0.0000
vt 0.4580 -0.8154 0.0000
vt 0.5215 -0.8184 0.0000
vt 0.4531 -0.8340 0.0000
vt 0.5156 -0.8496 0.0000
vt 0.4473 -0.8506 0.0000
vt 0.4854 -0.8848 0.0000
vt 0.4678 -0.8691 0.0000
vt 0.4531 -0.8955 0.0000
vt 0.4160 -0.8701 0.0000
vt 0.2207 -0.7871 0.0000
vt 0.2422 -0.7803 0.0000
vt 0.2246 -0.8115 0.0000
vt 0.2041 -0.7930 0.0000
vt 0.2275 -0.8262 0.0000
vt 0.1768 -0.8135 0.0000
vt 0.1836 -0.8369 0.0000
vt 0.1650 -0.8389 0.0000
vt 0.1553 -0.8242 0.0000
vt 0.1670 -0.8516 0.0000
vt 0.1572 -0.8564 0.0000
vt 0.1484 -0.8359 0.0000
vt 0.1719 -0.8545 0.0000
vt 0.2383 -0.8301 0.0000
vt 0.2432 -0.8350 0.0000
vt 0.4961 -0.8203 0.0000
vt 0.5049 -0.8330 0.0000
vt 0.5020 -0.8193 0.0000
vt 0.0840 -0.8555 0.0000
vt 0.0645 -0.2666 0.0000
vt 0.0410 -0.2676 0.0000
vt 0.0566 -0.3135 0.0000
vt 0.0752 -0.3057 0.0000
vt 0.0850 -0.2715 0.0000
vt 0.0674 -0.3535 0.0000
vt 0.0947 -0.3105 0.0000
vt 0.1191 -0.2773 0.0000
vt 0.0859 -0.3545 0.0000
vt 0.0781 -0.3945 0.0000
vt 0.0908 -0.3936 0.0000
vt 0.1016 -0.3584 0.0000
vt 0.1064 -0.3955 0.0000
vt 0.1221 -0.3174 0.0000
vt 0.1592 -0.2910 0.0000
vt 0.1553 -0.3252 0.0000
vt 0.1260 -0.3633 0.0000
vt 0.1260 -0.3994 0.0000
vt 0.1572 -0.3682 0.0000
vt 0.1533 -0.4023 0.0000
vt 0.1719 -0.3682 0.0000
vt 0.1729 -0.3232 0.0000
vt 0.1826 -0.2969 0.0000
vt 0.1797 -0.2666 0.0000
vt 0.1953 -0.2734 0.0000
vt 0.2139 -0.2861 0.0000
vt 0.2041 -0.3135 0.0000
vt 0.1982 -0.3145 0.0000
vt 0.1953 -0.3242 0.0000
vt 0.1875 -0.3594 0.0000
vt 0.1973 -0.3301 0.0000
vt 0.1973 -0.3447 0.0000
vt 0.2002 -0.3584 0.0000
vt 0.1973 -0.3643 0.0000
vt 0.1982 -0.3916 0.0000
vt 0.1846 -0.3877 0.0000
vt 0.1904 -0.3955 0.0000
vt 0.1768 -0.4102 0.0000
vt 0.1641 -0.4053 0.0000
vt 0.1553 -0.4453 0.0000
vt 0.1455 -0.4463 0.0000
vt 0.1709 -0.4316 0.0000
vt 0.1543 -0.4443 0.0000
vt 0.1621 -0.4463 0.0000
vt 0.1846 -0.4170 0.0000
vt 0.1836 -0.4375 0.0000
vt 0.1768 -0.4395 0.0000
vt 0.1895 -0.4141 0.0000
vt 0.5830 -0.7012 0.0000
vt 0.5693 -0.6836 0.0000
vt 0.5635 -0.6865 0.0000
vt 0.5557 -0.7051 0.0000
vt 0.5742 -0.7178 0.0000
vt 0.5859 -0.7285 0.0000
vt 0.5996 -0.7061 0.0000
vt 0.5654 -0.7363 0.0000
vt 0.5449 -0.7256 0.0000
vt 0.5342 -0.7529 0.0000
vt 0.5557 -0.7539 0.0000
vt 0.5303 -0.7451 0.0000
vt 0.5205 -0.7588 0.0000
vt 0.5186 -0.7744 0.0000
vt 0.5420 -0.7686 0.0000
vt 0.5557 -0.7627 0.0000
vt 0.5547 -0.7900 0.0000
vt 0.5283 -0.7871 0.0000
vt 0.5186 -0.7900 0.0000
vt 0.5381 -0.8076 0.0000
vt 0.5264 -0.8213 0.0000
vt 0.5488 -0.8262 0.0000
vt 0.5322 -0.8408 0.0000
vt 0.5664 -0.8115 0.0000
vt 0.5830 -0.7969 0.0000
vt 0.5723 -0.7725 0.0000
vt 0.5664 -0.7666 0.0000
vt 0.5879 -0.7812 0.0000
vt 0.5908 -0.8086 0.0000
vt 0.5840 -0.8271 0.0000
vt 0.5723 -0.8369 0.0000
vt 0.5586 -0.8447 0.0000
vt 0.5400 -0.8535 0.0000
vt 0.5635 -0.8623 0.0000
vt 0.5439 -0.8633 0.0000
vt 0.5771 -0.8584 0.0000
vt 0.5928 -0.8486 0.0000
vt 0.5957 -0.8359 0.0000
vt 0.5928 -0.8252 0.0000
vt 0.5986 -0.8164 0.0000
vt 0.5654 -0.8770 0.0000
vt 0.5527 -0.8857 0.0000
vt 0.5400 -0.8926 0.0000
vt 0.5625 -0.9014 0.0000
vt 0.5498 -0.9062 0.0000
vt 0.5195 -0.8994 0.0000
vt 0.5273 -0.9199 0.0000
vt 0.5029 -0.9346 0.0000
vt 0.4863 -0.9102 0.0000
vt 0.5371 -0.9424 0.0000
vt 0.5645 -0.9346 0.0000
vt 0.5742 -0.9336 0.0000
vt 0.5742 -0.8945 0.0000
vt 0.5830 -0.8730 0.0000
vt 0.5986 -0.8740 0.0000
vt 0.5996 -0.8555 0.0000
vt 0.6025 -0.8486 0.0000
vt 0.5879 -0.8877 0.0000
vt 0.6064 -0.8955 0.0000
vt 0.6143 -0.8818 0.0000
vt 0.5898 -0.8955 0.0000
vt 0.5918 -0.9307 0.0000
vt 0.5811 -0.9219 0.0000
vt 0.5830 -0.9316 0.0000
vt 0.5850 -0.9443 0.0000
vt 0.5791 -0.9473 0.0000
vt 0.5693 -0.9531 0.0000
vt 0.5430 -0.9609 0.0000
vt 0.5156 -0.9531 0.0000
vt 0.4951 -0.9629 0.0000
vt 0.4795 -0.9443 0.0000
vt 0.4678 -0.9248 0.0000
vt 0.4629 -0.9131 0.0000
vt 0.4395 -0.9199 0.0000
vt 0.4502 -0.9404 0.0000
vt 0.4629 -0.9541 0.0000
vt 0.4785 -0.9736 0.0000
vt 0.4941 -0.9863 0.0000
vt 0.5059 -0.9756 0.0000
vt 0.5225 -0.9678 0.0000
vt 0.5303 -0.9805 0.0000
vt 0.5137 -0.9834 0.0000
vt 0.4941 -0.9873 0.0000
vt 0.5332 -0.9873 0.0000
vt 0.5469 -0.9795 0.0000
vt 0.5723 -0.9697 0.0000
vt 0.5820 -0.9727 0.0000
vt 0.5732 -0.9854 0.0000
vt 0.5488 -0.9922 0.0000
vt 0.5723 -0.9961 0.0000
vt 0.5811 -0.9922 0.0000
vt 0.5889 -0.9961 0.0000
vt 0.5889 -0.9795 0.0000
vt 0.5879 -0.9639 0.0000
vt 0.5947 -0.9453 0.0000
vt 0.5957 -0.9707 0.0000
vt 0.6016 -0.9961 0.0000
vt 0.6133 -0.9805 0.0000
vt 0.6143 -0.9951 0.0000
vt 0.6357 -0.9941 0.0000
vt 0.6377 -0.9717 0.0000
vt 0.6592 -0.9795 0.0000
vt 0.6123 -0.9648 0.0000
vt 0.6123 -0.9492 0.0000
vt 0.6143 -0.9297 0.0000
vt 0.6221 -0.9023 0.0000
vt 0.6211 -0.8848 0.0000
vt 0.6230 -0.9258 0.0000
vt 0.6318 -0.9229 0.0000
vt 0.6328 -0.9033 0.0000
vt 0.6367 -0.9141 0.0000
vt 0.6309 -0.9336 0.0000
vt 0.6201 -0.9414 0.0000
vt 0.6377 -0.9434 0.0000
vt 0.6396 -0.9531 0.0000
vt 0.6484 -0.9658 0.0000
vt 0.6543 -0.9570 0.0000
vt 0.6680 -0.9502 0.0000
vt 0.6553 -0.9424 0.0000
vt 0.6445 -0.9385 0.0000
vt 0.6455 -0.9463 0.0000
vt 0.6523 -0.9297 0.0000
vt 0.6494 -0.9307 0.0000
vt 0.6631 -0.9307 0.0000
vt 0.6748 -0.9385 0.0000
vt 0.6699 -0.9287 0.0000
vt 0.6582 -0.9199 0.0000
vt 0.6484 -0.9082 0.0000
vt 0.6523 -0.8975 0.0000
vt 0.6670 -0.9160 0.0000
vt 0.6768 -0.9131 0.0000
vt 0.6797 -0.9297 0.0000
vt 0.6816 -0.9355 0.0000
vt 0.6895 -0.9326 0.0000
vt 0.6895 -0.9346 0.0000
vt 0.6914 -0.9111 0.0000
vt 0.6777 -0.8916 0.0000
vt 0.6914 -0.8857 0.0000
vt 0.6650 -0.8965 0.0000
vt 0.6504 -0.8828 0.0000
vt 0.6553 -0.8682 0.0000
vt 0.6719 -0.8662 0.0000
vt 0.6875 -0.8662 0.0000
vt 0.6436 -0.8867 0.0000
vt 0.6426 -0.8936 0.0000
vt 0.0820 -0.8545 0.0000
vt 0.6611 -0.8135 0.0000
vt 0.6484 -0.8379 0.0000
vt 0.6650 -0.8477 0.0000
vt 0.6738 -0.8447 0.0000
vt 0.6816 -0.8359 0.0000
vt 0.6846 -0.8252 0.0000
vt 0.6738 -0.8496 0.0000
vt 0.6816 -0.8379 0.0000
vt 0.6621 -0.8125 0.0000
vt 0.6602 -0.8525 0.0000
vt 0.6494 -0.8418 0.0000
vt 0.6436 -0.8369 0.0000
vt 0.6055 -0.7344 0.0000
vt 0.6211 -0.7188 0.0000
vt 0.6152 -0.6963 0.0000
vt 0.6211 -0.7305 0.0000
vt 0.6260 -0.7520 0.0000
vt 0.6309 -0.7373 0.0000
vt 0.6367 -0.7568 0.0000
vt 0.6445 -0.7461 0.0000
vt 0.6436 -0.7402 0.0000
vt 0.6523 -0.7344 0.0000
vt 0.6553 -0.7480 0.0000
vt 0.6494 -0.7158 0.0000
vt 0.6689 -0.7246 0.0000
vt 0.6641 -0.7100 0.0000
vt 0.6729 -0.7109 0.0000
vt 0.6416 -0.6943 0.0000
vt 0.6699 -0.6973 0.0000
vt 0.6943 -0.7002 0.0000
vt 0.6279 -0.7109 0.0000
vt 0.6289 -0.8428 0.0000
vt 0.6113 -0.8428 0.0000
vt 0.6133 -0.8193 0.0000
vt 0.6504 -0.8232 0.0000
vt 0.6318 -0.8018 0.0000
vt 0.5928 -0.7588 0.0000
vt 0.6680 -0.7949 0.0000
vt 0.6670 -0.7754 0.0000
vt 0.6504 -0.7617 0.0000
vt 0.6709 -0.7656 0.0000
vt 0.6523 -0.6279 0.0000
vt 0.6533 -0.6074 0.0000
vt 0.6328 -0.6094 0.0000
vt 0.6504 -0.6543 0.0000
vt 0.6279 -0.6416 0.0000
vt 0.5762 -0.5947 0.0000
vt 0.6123 -0.6592 0.0000
vt 0.6426 -0.6836 0.0000
vt 0.6074 -0.6914 0.0000
vt 0.5938 -0.6807 0.0000
vt 0.5908 -0.6602 0.0000
vt 0.5723 -0.6748 0.0000
vt 0.5762 -0.6523 0.0000
vt 0.5635 -0.6436 0.0000
vt 0.5615 -0.6602 0.0000
vt 0.5703 -0.6387 0.0000
vt 0.5625 -0.6582 0.0000
vt 0.5762 -0.6582 0.0000
vt 0.5928 -0.6357 0.0000
vt 0.5898 -0.6611 0.0000
vt 0.6113 -0.6230 0.0000
vt 0.6289 -0.6006 0.0000
vt 0.6514 -0.6064 0.0000
vt 0.6543 -0.6396 0.0000
vt 0.6309 -0.6426 0.0000
vt 0.6123 -0.6533 0.0000
vt 0.6094 -0.6611 0.0000
vt 0.6035 -0.6660 0.0000
vt 0.6299 -0.6348 0.0000
vt 0.6484 -0.6152 0.0000
vt 0.6104 -0.6074 0.0000
vt 0.6172 -0.6387 0.0000
vt 0.6035 -0.6396 0.0000
vt 0.5938 -0.6436 0.0000
vt 0.5859 -0.6484 0.0000
vt 0.5752 -0.6270 0.0000
vt 0.5771 -0.6533 0.0000
vt 0.6465 -0.9502 0.0000
vt 0.6416 -0.9492 0.0000
vt 0.7822 -0.9707 0.0000
vt 0.7773 -0.9775 0.0000
vt 0.8711 -0.9961 0.0000
vt 0.7842 -0.9648 0.0000
vt 0.7803 -0.9541 0.0000
vt 0.7715 -0.9980 0.0000
vt 0.9014 -0.7178 0.0000
vt 0.8916 -0.7109 0.0000
vt 0.8926 -0.7256 0.0000
vt 0.8926 -0.7354 0.0000
vt 0.8721 -0.7412 0.0000
vt 0.8740 -0.7275 0.0000
vt 0.8574 -0.7334 0.0000
vt 0.8467 -0.7539 0.0000
vt 0.8457 -0.7393 0.0000
vt 0.8486 -0.7285 0.0000
vt 0.8418 -0.7480 0.0000
vt 0.8359 -0.7490 0.0000
vt 0.8350 -0.7588 0.0000
vt 0.8232 -0.7549 0.0000
vt 0.8252 -0.7432 0.0000
vt 0.8125 -0.7500 0.0000
vt 0.8115 -0.7354 0.0000
vt 0.8096 -0.7705 0.0000
vt 0.8213 -0.7705 0.0000
vt 0.8135 -0.7861 0.0000
vt 0.8330 -0.7861 0.0000
vt 0.8125 -0.8154 0.0000
vt 0.8330 -0.7744 0.0000
vt 0.8477 -0.7725 0.0000
vt 0.8730 -0.7686 0.0000
vt 0.8486 -0.7871 0.0000
vt 0.8320 -0.8115 0.0000
vt 0.8301 -0.8291 0.0000
vt 0.8145 -0.8428 0.0000
vt 0.8496 -0.8115 0.0000
vt 0.8750 -0.7871 0.0000
vt 0.9004 -0.7842 0.0000
vt 0.8955 -0.7578 0.0000
vt 0.8916 -0.7480 0.0000
vt 0.8975 -0.7451 0.0000
vt 0.8984 -0.7549 0.0000
vt 0.9180 -0.7412 0.0000
vt 0.9199 -0.7637 0.0000
vt 0.9209 -0.7803 0.0000
vt 0.9277 -0.8057 0.0000
vt 0.9023 -0.8037 0.0000
vt 0.8750 -0.8066 0.0000
vt 0.8809 -0.8184 0.0000
vt 0.8682 -0.8223 0.0000
vt 0.8574 -0.8262 0.0000
vt 0.8438 -0.8301 0.0000
vt 0.8584 -0.8350 0.0000
vt 0.8701 -0.8340 0.0000
vt 0.8848 -0.8311 0.0000
vt 0.8896 -0.8311 0.0000
vt 0.9033 -0.8193 0.0000
vt 0.9199 -0.8281 0.0000
vt 0.9404 -0.8281 0.0000
vt 0.9102 -0.8320 0.0000
vt 0.9111 -0.8467 0.0000
vt 0.9072 -0.8311 0.0000
vt 0.8984 -0.8457 0.0000
vt 0.8994 -0.8564 0.0000
vt 0.8477 -0.8389 0.0000
vt 0.8418 -0.8408 0.0000
vt 0.8311 -0.8457 0.0000
vt 0.8330 -0.8633 0.0000
vt 0.8232 -0.8740 0.0000
vt 0.7969 -0.8594 0.0000
vt 0.8398 -0.8770 0.0000
vt 0.8184 -0.8877 0.0000
vt 0.7998 -0.8867 0.0000
vt 0.8320 -0.8828 0.0000
vt 0.8369 -0.8887 0.0000
vt 0.8438 -0.8848 0.0000
vt 0.8291 -0.8975 0.0000
vt 0.8330 -0.8994 0.0000
vt 0.8291 -0.9092 0.0000
vt 0.8184 -0.9141 0.0000
vt 0.8086 -0.9033 0.0000
vt 0.7881 -0.9004 0.0000
vt 0.7910 -0.9150 0.0000
vt 0.7998 -0.9229 0.0000
vt 0.8057 -0.9268 0.0000
vt 0.8193 -0.9189 0.0000
vt 0.7979 -0.9316 0.0000
vt 0.7891 -0.9316 0.0000
vt 0.7803 -0.9209 0.0000
vt 0.7705 -0.8994 0.0000
vt 0.7852 -0.8945 0.0000
vt 0.9150 -0.7285 0.0000
vt 0.9111 -0.7227 0.0000
vt 0.6709 -0.7412 0.0000
vt 0.6738 -0.7549 0.0000
vt 0.6836 -0.7568 0.0000
vt 0.6816 -0.7461 0.0000
vt 0.6797 -0.7295 0.0000
vt 0.7021 -0.7490 0.0000
vt 0.6953 -0.7314 0.0000
vt 0.7109 -0.7480 0.0000
vt 0.7148 -0.7393 0.0000
vt 0.7295 -0.7471 0.0000
vt 0.7275 -0.7578 0.0000
vt 0.7607 -0.7490 0.0000
vt 0.7617 -0.7617 0.0000
vt 0.7881 -0.7500 0.0000
vt 0.7930 -0.7686 0.0000
vt 0.7637 -0.7373 0.0000
vt 0.7910 -0.7422 0.0000
vt 0.7344 -0.7324 0.0000
vt 0.7266 -0.7334 0.0000
vt 0.7188 -0.7295 0.0000
vt 0.7109 -0.7256 0.0000
vt 0.6846 -0.7266 0.0000
vt 0.6963 -0.7139 0.0000
vt 0.6641 -0.7158 0.0000
vt 0.6992 -0.7275 0.0000
vt 0.7080 -0.7051 0.0000
vt 0.7178 -0.7129 0.0000
vt 0.7227 -0.6992 0.0000
vt 0.7451 -0.7188 0.0000
vt 0.7178 -0.7246 0.0000
vt 0.7402 -0.7256 0.0000
vt 0.7695 -0.7295 0.0000
vt 0.7949 -0.7334 0.0000
vt 0.7764 -0.7217 0.0000
vt 0.8027 -0.7285 0.0000
vt 0.7578 -0.7012 0.0000
vt 0.7939 -0.7061 0.0000
vt 0.8252 -0.7119 0.0000
vt 0.8066 -0.6865 0.0000
vt 0.7637 -0.6846 0.0000
vt 0.7334 -0.6816 0.0000
vt 0.7383 -0.6699 0.0000
vt 0.7119 -0.6963 0.0000
vt 0.7031 -0.6943 0.0000
vt 0.6982 -0.7021 0.0000
vt 0.6904 -0.7080 0.0000
vt 0.6787 -0.7129 0.0000
vt 0.6660 -0.7207 0.0000
vt 0.7676 -0.6699 0.0000
vt 0.7402 -0.6611 0.0000
vt 0.8076 -0.6719 0.0000
vt 0.8506 -0.6914 0.0000
vt 0.8643 -0.7080 0.0000
vt 0.8691 -0.6885 0.0000
vt 0.8740 -0.6914 0.0000
vt 0.8857 -0.6943 0.0000
vt 0.8779 -0.6846 0.0000
vt 0.8916 -0.6826 0.0000
vt 0.8721 -0.6826 0.0000
vt 0.8643 -0.6836 0.0000
vt 0.8564 -0.6865 0.0000
vt 0.8613 -0.6758 0.0000
vt 0.8740 -0.6748 0.0000
vt 0.8809 -0.6738 0.0000
vt 0.8945 -0.6699 0.0000
vt 0.8750 -0.6621 0.0000
vt 0.8857 -0.6533 0.0000
vt 0.8633 -0.6660 0.0000
vt 0.8545 -0.6758 0.0000
vt 0.8447 -0.6748 0.0000
vt 0.8564 -0.6650 0.0000
vt 0.8594 -0.6494 0.0000
vt 0.8584 -0.6348 0.0000
vt 0.8379 -0.6445 0.0000
vt 0.8340 -0.6318 0.0000
vt 0.8428 -0.6641 0.0000
vt 0.8076 -0.6602 0.0000
vt 0.8076 -0.6426 0.0000
vt 0.8037 -0.6240 0.0000
vt 0.7734 -0.6416 0.0000
vt 0.7725 -0.6221 0.0000
vt 0.7686 -0.6602 0.0000
vt 0.7334 -0.6445 0.0000
vt 0.7373 -0.6230 0.0000
vt 0.7109 -0.6387 0.0000
vt 0.7168 -0.6475 0.0000
vt 0.7197 -0.6162 0.0000
vt 0.7109 -0.6182 0.0000
vt 0.6973 -0.6289 0.0000
vt 0.4199 -0.5635 0.0000
vt 0.4180 -0.5811 0.0000
vt 0.4258 -0.5645 0.0000
vt 0.4375 -0.5244 0.0000
vt 0.4316 -0.5664 0.0000
vt 0.4316 -0.5840 0.0000
vt 0.4346 -0.5674 0.0000
vt 0.4346 -0.5840 0.0000
vt 0.4385 -0.5674 0.0000
vt 0.4434 -0.5664 0.0000
vt 0.4414 -0.5850 0.0000
vt 0.4463 -0.5850 0.0000
vt 0.4453 -0.5908 0.0000
vt 0.8320 -0.9785 0.0000
vt 0.7744 -0.9629 0.0000
vt 0.8291 -0.9863 0.0000
vt 0.7666 -0.9727 0.0000
vt 0.8271 -0.9912 0.0000
vt 0.8281 -0.9980 0.0000
vt 0.7471 -0.9795 0.0000
vt 0.9297 -0.9854 0.0000
vt 0.9424 -0.9932 0.0000
vt 0.9473 -0.9814 0.0000
vt 0.9307 -0.9756 0.0000
vt 0.9170 -0.9814 0.0000
vt 0.9307 -0.9609 0.0000
vt 0.9531 -0.9648 0.0000
vt 0.9160 -0.9678 0.0000
vt 0.9072 -0.9824 0.0000
vt 0.8994 -0.9678 0.0000
vt 0.8916 -0.9844 0.0000
vt 0.8789 -0.9697 0.0000
vt 0.8721 -0.9805 0.0000
vt 0.8877 -0.9424 0.0000
vt 0.9053 -0.9453 0.0000
vt 0.9219 -0.9443 0.0000
vt 0.9316 -0.9492 0.0000
vt 0.9561 -0.9541 0.0000
vt 0.9541 -0.9297 0.0000
vt 0.9375 -0.9297 0.0000
vt 0.9385 -0.9131 0.0000
vt 0.9541 -0.9082 0.0000
vt 0.9268 -0.9277 0.0000
vt 0.9092 -0.9209 0.0000
vt 0.8936 -0.9141 0.0000
vt 0.9082 -0.8896 0.0000
vt 0.8740 -0.9365 0.0000
vt 0.8711 -0.9619 0.0000
vt 0.8711 -0.9707 0.0000
vt 0.8623 -0.9668 0.0000
vt 0.8584 -0.9805 0.0000
vt 0.8496 -0.9688 0.0000
vt 0.8613 -0.9512 0.0000
vt 0.8613 -0.9365 0.0000
vt 0.8760 -0.9102 0.0000
vt 0.8936 -0.8789 0.0000
vt 0.9141 -0.8672 0.0000
vt 0.8916 -0.8584 0.0000
vt 0.8779 -0.8604 0.0000
vt 0.8789 -0.8809 0.0000
vt 0.8662 -0.9082 0.0000
vt 0.8633 -0.8701 0.0000
vt 0.8623 -0.8623 0.0000
vt 0.8496 -0.8652 0.0000
vt 0.8398 -0.8623 0.0000
vt 0.8506 -0.8828 0.0000
vt 0.8477 -0.9072 0.0000
vt 0.8496 -0.9355 0.0000
vt 0.8477 -0.9492 0.0000
vt 0.9238 -0.8447 0.0000
vt 0.9414 -0.8428 0.0000
vt 0.9326 -0.8594 0.0000
vt 0.9170 -0.8643 0.0000
vt 0.9453 -0.8848 0.0000
vt 0.9297 -0.8701 0.0000
vt 0.9453 -0.8613 0.0000
vt 0.9053 -0.8545 0.0000
vt 0.9199 -0.8467 0.0000
vt 0.9404 -0.8496 0.0000
vt 0.9922 -0.8916 0.0000
vt 1.0000 -0.8623 0.0000
vt 0.9814 -0.8623 0.0000
vt 0.9707 -0.8926 0.0000
vt 0.9932 -0.9209 0.0000
vt 0.9658 -0.8623 0.0000
vt 0.9756 -0.9209 0.0000
vt 0.9639 -0.8926 0.0000
vt 0.9590 -0.8623 0.0000
vt 0.9717 -0.9346 0.0000
vt 0.9795 -0.9463 0.0000
vt 0.9941 -0.9463 0.0000
vt 0.9873 -0.9736 0.0000
vt 0.9854 -0.9746 0.0000
vt 0.9961 -0.9736 0.0000
vt 1.0000 -1.0000 0.0000
vt 0.9883 -0.9463 0.0000
vt 0.9932 -0.9736 0.0000
vt 0.9854 -0.9209 0.0000
vt 0.9834 -0.8926 0.0000
vt 0.6553 -0.8496 0.0000
vt 0.6455 -0.8438 0.0000
vt 0.6670 -0.8457 0.0000
vt 0.6748 -0.8389 0.0000
vt 0.6846 -0.8379 0.0000
vt 0.6943 -0.9863 0.0000
vt 0.6924 -0.9707 0.0000
vt 0.7061 -0.9629 0.0000
vt 0.7197 -0.9688 0.0000
vt 0.7168 -0.9736 0.0000
vt 0.7168 -0.9854 0.0000
vt 0.7061 -0.9883 0.0000
vt 0.7100 -0.9619 0.0000
vt 0.6953 -0.9717 0.0000
vt 0.7021 -0.9756 0.0000
vt 0.7080 -0.9824 0.0000
vt 0.7197 -0.9795 0.0000
vt 0.7275 -0.9707 0.0000
vt 0.7080 -0.9697 0.0000
vt 0.7217 -0.9648 0.0000
vt 0.7100 -0.9463 0.0000
vt 0.6973 -0.9639 0.0000
vt 0.6924 -0.9551 0.0000
vt 0.6895 -0.9521 0.0000
vt 0.7100 -0.9551 0.0000
vt 0.6855 -0.9766 0.0000
vt 0.6992 -0.9766 0.0000
vt 0.7168 -0.9766 0.0000
vt 0.7344 -0.9766 0.0000
vt 0.6768 -0.8271 0.0000
vt 0.6611 -0.8125 0.0000
vt 0.6816 -0.8174 0.0000
vt 0.6729 -0.8477 0.0000
vt 0.6572 -0.8467 0.0000
vt 0.6494 -0.8301 0.0000
vt 0.6484 -0.8418 0.0000
vt 0.6328 -0.9121 0.0000
vt 0.6162 -0.9189 0.0000
vt 0.6162 -0.8906 0.0000
vt 0.5957 -0.8760 0.0000
vt 0.6035 -0.8721 0.0000
vt 0.5938 -0.8994 0.0000
vt 0.5830 -0.8574 0.0000
vt 0.5791 -0.8740 0.0000
vt 0.6689 -0.8174 0.0000
vt 0.6797 -0.8223 0.0000
vt 0.6689 -0.8301 0.0000
vt 0.6484 -0.8096 0.0000
vt 0.6572 -0.8301 0.0000
vt 0.6641 -0.8428 0.0000
vt 0.6445 -0.8457 0.0000
vt 0.6465 -0.8311 0.0000
vt 0.6367 -0.8252 0.0000
vt 0.6289 -0.8359 0.0000
vt 0.9570 -0.9951 0.0000
vt 0.9688 -0.9980 0.0000
vt 0.9648 -0.9668 0.0000
vt 0.9648 -0.9951 0.0000
vt 0.4072 -0.5352 0.0000
vt 0.4307 -0.4824 0.0000
vt 0.4141 -0.5400 0.0000
vt 0.4268 -0.5410 0.0000
vt 0.4385 -0.5391 0.0000
vt 0.8799 -0.7109 0.0000
vt 0.8760 -0.7178 0.0000
vt 0.8867 -0.7139 0.0000
vt 0.7744 -0.7715 0.0000
vt 0.7646 -0.7695 0.0000
vt 0.7588 -0.7695 0.0000
vt 0.7803 -0.7754 0.0000
vt 0.7783 -0.7852 0.0000
vt 0.8008 -0.7812 0.0000
vt 0.7979 -0.7920 0.0000
vt 0.7793 -0.8008 0.0000
vt 0.7949 -0.8027 0.0000
vt 0.7627 -0.7891 0.0000
vt 0.7500 -0.7773 0.0000
vt 0.7305 -0.7744 0.0000
vt 0.7393 -0.7881 0.0000
vt 0.7598 -0.8086 0.0000
vt 0.7783 -0.8350 0.0000
vt 0.7949 -0.8389 0.0000
vt 0.7764 -0.8750 0.0000
vt 0.7910 -0.8799 0.0000
vt 0.7715 -0.8984 0.0000
vt 0.7637 -0.8877 0.0000
vt 0.7471 -0.8887 0.0000
vt 0.7334 -0.8926 0.0000
vt 0.7549 -0.8740 0.0000
vt 0.7568 -0.8369 0.0000
vt 0.7432 -0.8086 0.0000
vt 0.7393 -0.8379 0.0000
vt 0.7441 -0.8740 0.0000
vt 0.7295 -0.8721 0.0000
vt 0.7305 -0.8379 0.0000
vt 0.7139 -0.8369 0.0000
vt 0.7139 -0.7979 0.0000
vt 0.7139 -0.7842 0.0000
vt 0.6982 -0.7842 0.0000
vt 0.6992 -0.7939 0.0000
vt 0.6973 -0.8047 0.0000
vt 0.6904 -0.8340 0.0000
vt 0.6953 -0.8691 0.0000
vt 0.7119 -0.8652 0.0000
vt 0.7188 -0.8789 0.0000
vt 0.7002 -0.8896 0.0000
vt 0.7100 -0.8779 0.0000
vt 0.9531 -0.8906 0.0000
vt 0.9434 -0.8877 0.0000
vt 0.9395 -0.8945 0.0000
vt 0.9268 -0.9014 0.0000
vt 0.9160 -0.9238 0.0000
vt 0.9141 -0.9131 0.0000
vt 0.6787 -0.8477 0.0000
vt 0.6836 -0.8379 0.0000
vt 0.6709 -0.8447 0.0000
vt 0.6660 -0.8516 0.0000
vt 0.6572 -0.8477 0.0000
vt 0.6494 -0.8457 0.0000
vt 0.6436 -0.8408 0.0000
vt 0.6445 -0.8369 0.0000
vt 0.6719 -0.8457 0.0000
vt 0.6807 -0.8389 0.0000
vt 0.6719 -0.8320 0.0000
vt 0.6670 -0.8486 0.0000
vt 0.6582 -0.8516 0.0000
vt 0.6494 -0.8467 0.0000
vt 0.6494 -0.8291 0.0000
vt 0.6777 -0.8535 0.0000
vt 0.6875 -0.8447 0.0000
vt 0.6777 -0.8467 0.0000
vt 0.6836 -0.8311 0.0000
vt 0.6680 -0.8496 0.0000
vt 0.6592 -0.8447 0.0000
vt 0.6494 -0.8330 0.0000
vt 0.4297 -0.5293 0.0000
vt 0.4463 -0.5635 0.0000
vt 0.4316 -0.5791 0.0000
vt 0.4170 -0.5732 0.0000
vt 0.4072 -0.5605 0.0000
vt 0.6523 -0.8350 0.0000
vt 0.6699 -0.8379 0.0000
vt 0.6777 -0.8311 0.0000
vt 0.6777 -0.8398 0.0000
vt 0.6807 -0.8232 0.0000
vt 0.6465 -0.8291 0.0000
vt 0.6523 -0.8447 0.0000
vt 0.6602 -0.8506 0.0000
vt 0.6768 -0.8369 0.0000
vt 0.6504 -0.9668 0.0000
vt 0.6250 -0.9619 0.0000
vt 0.6289 -0.9766 0.0000
vt 0.6416 -0.9766 0.0000
vt 0.6445 -0.9912 0.0000
vt 0.6387 -0.6514 0.0000
vt 0.6504 -0.6455 0.0000
vt 0.6514 -0.6318 0.0000
vt 0.6504 -0.6230 0.0000
vt 0.5840 -0.6045 0.0000
vt 0.6270 -0.6660 0.0000
vt 0.6445 -0.6416 0.0000
vt 0.6445 -0.6484 0.0000
vt 0.6035 -0.6699 0.0000
vt 0.5889 -0.6621 0.0000
vt 0.5703 -0.6562 0.0000
vt 0.5811 -0.6709 0.0000
vt 0.5674 -0.6650 0.0000
vt 0.6807 -0.8408 0.0000
vt 0.6768 -0.8350 0.0000
vt 0.6699 -0.8467 0.0000
vt 0.6572 -0.8496 0.0000
vt 0.6465 -0.8398 0.0000
vt 0.6484 -0.8516 0.0000
vt 0.6387 -0.8496 0.0000
vt 0.6602 -0.8496 0.0000
vt 0.6562 -0.8525 0.0000
vt 0.6660 -0.8535 0.0000
vt 0.6816 -0.8447 0.0000
vt 0.6875 -0.8438 0.0000
vt 0.6719 -0.8477 0.0000
vt 0.6650 -0.8516 0.0000
vt 0.6582 -0.8564 0.0000
vt 0.6445 -0.8486 0.0000
vt 0.6562 -0.8027 0.0000
vt 0.6670 -0.7773 0.0000
vt 0.5928 -0.7598 0.0000
vt 0.6484 -0.8164 0.0000
vt 0.6348 -0.8311 0.0000
vt 0.6191 -0.8340 0.0000
vt 0.7090 -0.9453 0.0000
vt 0.6777 -0.9619 0.0000
vt 0.6934 -0.9688 0.0000
vt 0.7012 -0.9727 0.0000
vt 0.7002 -0.9824 0.0000
vt 0.7090 -0.9775 0.0000
vt 0.7178 -0.9746 0.0000
vt 0.7109 -0.9854 0.0000
vt 0.7256 -0.9697 0.0000
vt 0.7334 -0.9668 0.0000
vt 0.7412 -0.9580 0.0000
vt 0.4248 -0.4355 0.0000
vt 0.4316 -0.4111 0.0000
vt 0.4131 -0.4170 0.0000
vt 0.3916 -0.4463 0.0000
vt 0.4131 -0.4590 0.0000
vt 0.3848 -0.4238 0.0000
vt 0.3564 -0.4268 0.0000
vt 0.3584 -0.4551 0.0000
vt 0.3867 -0.4678 0.0000
vt 0.4082 -0.4873 0.0000
vt 0.3877 -0.4922 0.0000
vt 0.3564 -0.4736 0.0000
vt 0.3545 -0.4941 0.0000
vt 0.3301 -0.4727 0.0000
vt 0.3291 -0.4902 0.0000
vt 0.3047 -0.4824 0.0000
vt 0.3027 -0.4668 0.0000
vt 0.3037 -0.4473 0.0000
vt 0.3154 -0.4238 0.0000
vt 0.3262 -0.4492 0.0000
vt 0.3164 -0.5625 0.0000
vt 0.2764 -0.5596 0.0000
vt 0.2764 -0.5723 0.0000
vt 0.3145 -0.5693 0.0000
vt 0.3379 -0.5684 0.0000
vt 0.3154 -0.5762 0.0000
vt 0.0850 -0.8555 0.0000
vt 0.6025 -0.4658 0.0000
vt 0.6064 -0.5439 0.0000
vt 0.6250 -0.5244 0.0000
vt 0.0068 -0.6240 0.0000
vt 0.0107 -0.6230 0.0000
vt 0.0146 -0.6191 0.0000
vt 0.4551 -0.5176 0.0000
vt 0.4551 -0.5332 0.0000
vt 0.4717 -0.5029 0.0000
vt 0.4971 -0.4873 0.0000
vt 0.4590 -0.5010 0.0000
vt 0.5117 -0.5117 0.0000
vt 0.5049 -0.4932 0.0000
vt 0.1562 -0.1523 0.0000
vt 0.1338 -0.1426 0.0000
vt 0.1172 -0.1436 0.0000
vt 0.1104 -0.1514 0.0000
vt 0.1123 -0.1328 0.0000
vt 0.0977 -0.1416 0.0000
vt 0.0830 -0.1426 0.0000
vt 0.0811 -0.1523 0.0000
vt 0.0811 -0.1689 0.0000
vt 0.1152 -0.1699 0.0000
vt 0.1602 -0.1699 0.0000
vt 0.1582 -0.1855 0.0000
vt 0.1201 -0.1865 0.0000
vt 0.1152 -0.1846 0.0000
vt 0.0859 -0.1836 0.0000
vt 0.0996 -0.2051 0.0000
vt 0.1465 -0.2031 0.0000
vt 0.2109 -0.2002 0.0000
vt 0.2090 -0.1816 0.0000
vt 0.2100 -0.1680 0.0000
vt 0.2627 -0.1826 0.0000
vt 0.2656 -0.2002 0.0000
vt 0.2715 -0.2148 0.0000
vt 0.2012 -0.2246 0.0000
vt 0.1416 -0.2266 0.0000
vt 0.0840 -0.2295 0.0000
vt 0.0596 -0.2061 0.0000
vt 0.0664 -0.1846 0.0000
vt 0.0674 -0.1719 0.0000
vt 0.0664 -0.1611 0.0000
vt 0.0322 -0.1719 0.0000
vt 0.0273 -0.2031 0.0000
vt 0.0469 -0.2266 0.0000
vt 0.0205 -0.2246 0.0000
vt 0.0391 -0.2402 0.0000
vt 0.0156 -0.2432 0.0000
vt 0.0322 -0.2510 0.0000
vt 0.0332 -0.2510 0.0000
vt 0.0830 -0.2402 0.0000
vt 0.0537 -0.2500 0.0000
vt 0.1250 -0.2402 0.0000
vt 0.2061 -0.2344 0.0000
vt 0.2529 -0.2266 0.0000
vt 0.2734 -0.2197 0.0000
vt 0.2959 -0.2090 0.0000
vt 0.2871 -0.2031 0.0000
vt 0.3027 -0.2139 0.0000
vt 0.2812 -0.2246 0.0000
vt 0.3076 -0.2217 0.0000
vt 0.3086 -0.2148 0.0000
vt 0.2568 -0.2324 0.0000
vt 0.2529 -0.2363 0.0000
vt 0.2158 -0.2383 0.0000
vt 0.2178 -0.2451 0.0000
vt 0.2012 -0.2422 0.0000
vt 0.1514 -0.2451 0.0000
vt 0.1084 -0.2500 0.0000
vt 0.0850 -0.2480 0.0000
vt 0.0811 -0.2510 0.0000
vt 0.2900 -0.1865 0.0000
vt 0.2637 -0.1689 0.0000
vt 0.2305 -0.1543 0.0000
vt 0.2646 -0.1533 0.0000
vt 0.2080 -0.1533 0.0000
vt 0.1797 -0.1543 0.0000
vt 0.1953 -0.1436 0.0000
vt 0.1816 -0.1445 0.0000
vt 0.2080 -0.1377 0.0000
vt 0.2100 -0.1436 0.0000
vt 0.2109 -0.1445 0.0000
vt 0.2188 -0.1455 0.0000
vt 0.2461 -0.1436 0.0000
vt 0.2373 -0.1455 0.0000
vt 0.2627 -0.1387 0.0000
vt 0.2676 -0.1504 0.0000
vt 0.2832 -0.1523 0.0000
vt 0.4170 -0.5391 0.0000
vt 0.3984 -0.5723 0.0000
vt 0.4033 -0.5850 0.0000
vt 0.4189 -0.5791 0.0000
vt 0.4268 -0.5469 0.0000
vt 0.4268 -0.5820 0.0000
vt 0.4326 -0.5127 0.0000
vt 0.4287 -0.5098 0.0000
vt 0.4375 -0.4883 0.0000
vt 0.4375 -0.5146 0.0000
vt 0.4385 -0.5488 0.0000
vt 0.4395 -0.5752 0.0000
vt 0.0762 -0.1523 0.0000
vt 0.0684 -0.1504 0.0000
vt 0.4971 -0.8359 0.0000
vt 0.4902 -0.8535 0.0000
vt 0.2998 -0.0420 0.0000
vt 0.3311 -0.0342 0.0000
vt 0.3350 -0.0254 0.0000
vt 0.3203 -0.0205 0.0000
vt 0.4150 -0.5537 0.0000
vt 0.4023 -0.5352 0.0000
vt 0.4365 -0.4746 0.0000
vt 0.4453 -0.5498 0.0000
vt 0.4971 -0.5215 0.0000
vt 0.5000 -0.5410 0.0000
vt 0.4736 -0.5439 0.0000
vt 0.4658 -0.5010 0.0000
vt 0.4854 -0.4961 0.0000
vt 0.5137 -0.4980 0.0000
vt 0.5781 -0.5293 0.0000
vt 0.2695 -0.0195 0.0000
vt 0.2822 -0.0215 0.0000
vt 0.2900 -0.0068 0.0000
vt 0.3398 -0.0127 0.0000
vt 0.3281 -0.0088 0.0000
vt 0.3369 -0.0186 0.0000
vt 0.3662 -0.0146 0.0000
vt 0.3652 -0.0059 0.0000
vt 0.3730 -0.0088 0.0000
vt 0.3965 -0.0146 0.0000
vt 0.4092 -0.0029 0.0000
vt 0.4053 -0.0117 0.0000
vt 0.4287 -0.0107 0.0000
vt 0.4316 -0.0186 0.0000
vt 0.4492 -0.0176 0.0000
vt 0.4619 -0.0098 0.0000
vt 0.4600 -0.0166 0.0000
vt 0.4717 -0.0176 0.0000
vt 0.4570 -0.0322 0.0000
vt 0.4355 -0.0332 0.0000
vt 0.4014 -0.0273 0.0000
vt 0.3652 -0.0264 0.0000
vt 0.3398 -0.0303 0.0000
vt 0.3438 -0.0410 0.0000
vt 0.3164 -0.0439 0.0000
vt 0.3408 -0.0527 0.0000
vt 0.3682 -0.0381 0.0000
vt 0.3701 -0.0547 0.0000
vt 0.3877 -0.0381 0.0000
vt 0.3994 -0.0547 0.0000
vt 0.3789 -0.0693 0.0000
vt 0.3984 -0.0381 0.0000
vt 0.4053 -0.0381 0.0000
vt 0.4189 -0.0381 0.0000
vt 0.4258 -0.0488 0.0000
vt 0.4189 -0.0479 0.0000
vt 0.4229 -0.0596 0.0000
vt 0.4229 -0.0693 0.0000
vt 0.4014 -0.0703 0.0000
vt 0.3867 -0.0771 0.0000
vt 0.4043 -0.0771 0.0000
vt 0.3896 -0.0820 0.0000
vt 0.4023 -0.0830 0.0000
vt 0.4082 -0.0811 0.0000
vt 0.4209 -0.0820 0.0000
vt 0.4219 -0.0752 0.0000
vt 0.4326 -0.0752 0.0000
vt 0.4365 -0.0684 0.0000
vt 0.4385 -0.0586 0.0000
vt 0.4385 -0.0488 0.0000
vt 0.4463 -0.0547 0.0000
vt 0.4688 -0.0469 0.0000
vt 0.4824 -0.0557 0.0000
vt 0.4814 -0.0439 0.0000
vt 0.4609 -0.0703 0.0000
vt 0.4775 -0.0635 0.0000
vt 0.4434 -0.0684 0.0000
vt 0.4414 -0.0723 0.0000
vt 0.4551 -0.0742 0.0000
vt 0.4736 -0.0830 0.0000
vt 0.4531 -0.0781 0.0000
vt 0.4385 -0.0781 0.0000
vt 0.4316 -0.0820 0.0000
vt 0.8506 -0.4502 0.0000
vt 0.8633 -0.4600 0.0000
vt 0.8486 -0.4600 0.0000
vt 0.8398 -0.4541 0.0000
vt 0.8418 -0.4453 0.0000
vt 0.8301 -0.4434 0.0000
vt 0.8945 -0.6230 0.0000
vt 0.8779 -0.6348 0.0000
vt 0.8887 -0.6406 0.0000
vt 0.9707 -0.5684 0.0000
vt 0.9404 -0.5723 0.0000
vt 0.9434 -0.5908 0.0000
vt 0.9697 -0.5938 0.0000
vt 0.9609 -0.6045 0.0000
vt 0.9355 -0.6084 0.0000
vt 0.9189 -0.6064 0.0000
vt 0.8936 -0.5098 0.0000
vt 0.9131 -0.5273 0.0000
vt 0.9082 -0.4961 0.0000
vt 0.8760 -0.4951 0.0000
vt 0.8779 -0.4746 0.0000
vt 0.8604 -0.4678 0.0000
vt 0.8545 -0.4785 0.0000
vt 0.8457 -0.4697 0.0000
vt 0.8271 -0.4512 0.0000
vt 0.8330 -0.4629 0.0000
vt 0.8369 -0.4648 0.0000
vt 0.3418 -0.5830 0.0000
vt 0.3506 -0.5908 0.0000
vt 0.3096 -0.5977 0.0000
vt 0.3545 -0.5967 0.0000
vt 0.3096 -0.6055 0.0000
vt 0.3447 -0.6055 0.0000
vt 0.3984 -0.5928 0.0000
vt 0.3799 -0.5898 0.0000
vt 0.4141 -0.4932 0.0000
vt 0.4219 -0.4961 0.0000
vt 0.4219 -0.5947 0.0000
vt 0.4414 -0.4219 0.0000
vt 0.4336 -0.4932 0.0000
vt 0.4424 -0.4961 0.0000
vt 0.4414 -0.6270 0.0000
vt 0.4521 -0.4971 0.0000
vt 0.4619 -0.5986 0.0000
vt 0.3359 -0.5928 0.0000
vt 0.3604 -0.5967 0.0000
vt 0.3594 -0.6055 0.0000
vt 0.3359 -0.6035 0.0000
vt 0.3604 -0.6201 0.0000
vt 0.3350 -0.6162 0.0000
vt 0.3057 -0.5996 0.0000
vt 0.3057 -0.6064 0.0000
vt 0.2822 -0.5957 0.0000
vt 0.3057 -0.5938 0.0000
vt 0.3359 -0.5781 0.0000
vt 0.3564 -0.5732 0.0000
vt 0.3057 -0.5879 0.0000
vt 0.3154 -0.6074 0.0000
vt 0.3516 -0.6104 0.0000
vt 0.3154 -0.6016 0.0000
vt 0.2676 -0.5967 0.0000
vt 0.3154 -0.5986 0.0000
vt 0.3154 -0.5908 0.0000
vt 0.3516 -0.5908 0.0000
vt 0.3496 -0.5859 0.0000
vt 0.3594 -0.6074 0.0000
vt 0.3594 -0.6182 0.0000
vt 0.3232 -0.6074 0.0000
vt 0.3447 -0.5957 0.0000
vt 0.3594 -0.5947 0.0000
vt 0.3594 -0.5840 0.0000
vt 0.3418 -0.5869 0.0000
vt 0.3594 -0.5762 0.0000
vt 0.3076 -0.5967 0.0000
vt 0.3037 -0.5918 0.0000
vt 0.3193 -0.5820 0.0000
vt 0.4619 -0.5205 0.0000
vt 0.4561 -0.4951 0.0000
vt 0.4707 -0.4961 0.0000
vt 0.4316 -0.5088 0.0000
vt 0.4414 -0.5098 0.0000
vt 0.4229 -0.5840 0.0000
vt 0.4307 -0.5146 0.0000
vt 0.4473 -0.5137 0.0000
vt 0.4189 -0.5146 0.0000
vt 0.4082 -0.5098 0.0000
vt 0.3857 -0.5781 0.0000
vt 0.4053 -0.5869 0.0000
vt 0.3936 -0.6104 0.0000
vt 0.3818 -0.5928 0.0000
vt 0.4297 -0.5264 0.0000
vt 0.4219 -0.5908 0.0000
vt 0.4424 -0.5732 0.0000
vt 0.4424 -0.5312 0.0000
vt 0.4551 -0.5283 0.0000
vt 0.4590 -0.5674 0.0000
vt 0.6426 -0.7842 0.0000
vt 0.6475 -0.7637 0.0000
vt 0.5938 -0.7607 0.0000
vt 0.6523 -0.8154 0.0000
vt 0.6367 -0.8262 0.0000
vt 0.6143 -0.8291 0.0000
vt 0.5771 -0.5977 0.0000
vt 0.5576 -0.6475 0.0000
vt 0.5811 -0.6729 0.0000
vt 0.6074 -0.6680 0.0000
vt 0.6270 -0.6475 0.0000
vt 0.6211 -0.6123 0.0000
vt 0.5771 -0.5967 0.0000
vt 0.5605 -0.6475 0.0000
vt 0.5859 -0.6768 0.0000
vt 0.6133 -0.6748 0.0000
vt 0.6289 -0.6494 0.0000
vt 0.6172 -0.6113 0.0000
vt 0.5781 -0.5996 0.0000
vt 0.5557 -0.6475 0.0000
vt 0.5801 -0.6709 0.0000
vt 0.6074 -0.6641 0.0000
vt 0.6299 -0.6475 0.0000
vt 0.6260 -0.6182 0.0000
vt 0.5947 -0.7607 0.0000
vt 0.6641 -0.8066 0.0000
vt 0.6494 -0.8223 0.0000
vt 0.6553 -0.8213 0.0000
vt 0.5957 -0.7617 0.0000
vt 0.6689 -0.8037 0.0000
vt 0.5977 -0.7617 0.0000
vt 0.6650 -0.7930 0.0000
vt 0.6572 -0.8047 0.0000
vt 0.6484 -0.8389 0.0000
vt 0.6309 -0.6367 0.0000
vt 0.6064 -0.6240 0.0000
vt 0.5986 -0.6445 0.0000
vt 0.5840 -0.6074 0.0000
vt 0.5859 -0.6445 0.0000
vt 0.5859 -0.6816 0.0000
vt 0.5635 -0.6572 0.0000
vt 0.5713 -0.6367 0.0000
vt 0.6475 -0.8389 0.0000
vt 0.6465 -0.8369 0.0000
vt 0.6436 -0.8350 0.0000
vt 0.6719 -0.7949 0.0000
vt 0.6621 -0.8096 0.0000
vt 0.6494 -0.8262 0.0000
vt 0.6494 -0.8486 0.0000
vt 0.6533 -0.8203 0.0000
vt 0.5957 -0.7549 0.0000
vt 0.6660 -0.8037 0.0000
vt 0.9951 -0.9736 0.0000
vt 0.9971 -0.9736 0.0000
vt 0.9902 -0.8623 0.0000
vt 0.6514 -0.8203 0.0000
vt 0.6699 -0.8105 0.0000
vt 0.6660 -0.7832 0.0000
vt 0.6377 -0.7559 0.0000
vt 0.5889 -0.6113 0.0000
vt 0.5879 -0.6807 0.0000
vt 0.6152 -0.6689 0.0000
vt 0.6416 -0.6562 0.0000
vt 0.6699 -0.6475 0.0000
vt 0.6680 -0.6465 0.0000
vt 0.6709 -0.6484 0.0000
vt 0.6768 -0.6514 0.0000
vt 0.6357 -0.6367 0.0000
vt 0.6309 -0.6143 0.0000
vt 0.5908 -0.6133 0.0000
vt 0.6172 -0.6543 0.0000
vt 0.5938 -0.6631 0.0000
vt 0.5742 -0.6494 0.0000
vt 0.6357 -0.6377 0.0000
vt 0.6318 -0.6143 0.0000
vt 0.6172 -0.6553 0.0000
vt 0.5928 -0.6641 0.0000
vt 0.6357 -0.6387 0.0000
vt 0.6318 -0.6162 0.0000
vt 0.5908 -0.6113 0.0000
vt 0.6172 -0.6533 0.0000
vt 0.5947 -0.6611 0.0000
vt 0.5762 -0.6494 0.0000
vt 0.5830 -0.6826 0.0000
vt 0.6104 -0.6699 0.0000
vt 0.6445 -0.6553 0.0000
vt 0.6758 -0.6504 0.0000
vt 0.6357 -0.7559 0.0000
vt 0.3389 -0.6133 0.0000
vt 0.3428 -0.6074 0.0000
vt 0.3428 -0.6152 0.0000
vt 0.3506 -0.6045 0.0000
vt 0.3545 -0.5957 0.0000
vt 0.3408 -0.5811 0.0000
vt 0.3555 -0.5986 0.0000
vt 0.3516 -0.6035 0.0000
vt 0.5762 -0.7363 0.0000
vt 0.5771 -0.7637 0.0000
vt 0.5859 -0.7529 0.0000
vt 0.6035 -0.7490 0.0000
vt 0.6045 -0.7363 0.0000
vt 0.0137 -0.2959 0.0000
vt 0.0088 -0.2949 0.0000
vt 0.0049 -0.2939 0.0000
vt 0.1367 -0.6924 0.0000
vt 0.1416 -0.6885 0.0000
vt 0.1436 -0.6943 0.0000
vt 0.1416 -0.7080 0.0000
vt 0.1465 -0.6885 0.0000
vt 0.1465 -0.6943 0.0000
vt 0.0645 -0.3584 0.0000
vt 0.0605 -0.3809 0.0000
vt 0.0576 -0.3604 0.0000
vt 0.0518 -0.3721 0.0000
vt 0.0566 -0.3799 0.0000
vt 0.0479 -0.3682 0.0000
vt 0.0557 -0.3564 0.0000
vt 0.0576 -0.3789 0.0000
vt 0.0566 -0.4053 0.0000
vt 0.0635 -0.3545 0.0000
vt 0.0615 -0.3799 0.0000
vt 0.5049 -0.4980 0.0000
vt 0.5098 -0.5156 0.0000
vt 0.5186 -0.4980 0.0000
vt 0.5078 -0.4629 0.0000
vt 0.4922 -0.5303 0.0000
vt 0.4980 -0.5400 0.0000
vt 0.4854 -0.5625 0.0000
vt 0.4814 -0.5566 0.0000
vt 0.4766 -0.5537 0.0000
vt 0.4697 -0.5557 0.0000
vt 0.4834 -0.5244 0.0000
vt 0.4912 -0.4951 0.0000
vt 0.4688 -0.5273 0.0000
vt 0.4326 -0.5361 0.0000
vt 0.4414 -0.5762 0.0000
vt 0.4287 -0.5732 0.0000
vt 0.4053 -0.5781 0.0000
vt 0.4561 -0.5703 0.0000
vt 0.3955 -0.5557 0.0000
vt 0.4434 -0.5352 0.0000
vt 0.4170 -0.5322 0.0000
vt 0.4346 -0.4814 0.0000
vt 0.4297 -0.5234 0.0000
vt 0.4199 -0.6035 0.0000
vt 0.4180 -0.5225 0.0000
vt 0.4043 -0.5205 0.0000
vt 0.3066 -0.5596 0.0000
vt 0.2842 -0.5566 0.0000
vt 0.3057 -0.5645 0.0000
vt 0.3350 -0.5625 0.0000
vt 0.2783 -0.5664 0.0000
vt 0.3076 -0.5693 0.0000
vt 0.2852 -0.5752 0.0000
vt 0.5107 -0.7383 0.0000
vt 0.5020 -0.7979 0.0000
vt 0.5146 -0.7051 0.0000
vt 0.4863 -0.7080 0.0000
vt 0.7490 -0.4014 0.0000
vt 0.7148 -0.3809 0.0000
vt 0.7012 -0.3906 0.0000
vt 0.7363 -0.4229 0.0000
vt 0.6797 -0.3701 0.0000
vt 0.7119 -0.4297 0.0000
vt 0.6631 -0.3887 0.0000
vt 0.6543 -0.4180 0.0000
vt 0.6533 -0.4336 0.0000
vt 0.7021 -0.4629 0.0000
vt 0.6621 -0.4531 0.0000
vt 0.7080 -0.4609 0.0000
vt 0.7070 -0.4199 0.0000
vt 0.6709 -0.4111 0.0000
vt 0.7188 -0.4092 0.0000
vt 0.6963 -0.3857 0.0000
vt 0.3164 -0.5586 0.0000
vt 0.2861 -0.5498 0.0000
vt 0.2959 -0.5645 0.0000
vt 0.2979 -0.5811 0.0000
vt 0.2861 -0.5410 0.0000
vt 0.3115 -0.5820 0.0000
vt 0.3740 -0.5576 0.0000
vt 0.3203 -0.5713 0.0000
vt 0.3516 -0.5615 0.0000
vt 0.4375 -0.5654 0.0000
vt 0.4062 -0.5732 0.0000
vt 0.4287 -0.5840 0.0000
vt 0.4580 -0.5801 0.0000
vt 0.4268 -0.4912 0.0000
vt 0.4600 -0.5557 0.0000
vt 0.4346 -0.5078 0.0000
vt 0.4268 -0.5352 0.0000
vt 0.4336 -0.5352 0.0000
vt 0.4404 -0.5322 0.0000
vt 0.4209 -0.5576 0.0000
vt 0.4521 -0.5479 0.0000
vt 0.3721 -0.1729 0.0000
vt 0.3691 -0.1836 0.0000
vt 0.3916 -0.1797 0.0000
vt 0.3779 -0.1602 0.0000
vt 0.3896 -0.1885 0.0000
vt 0.3965 -0.1699 0.0000
vt 0.4219 -0.1855 0.0000
vt 0.4219 -0.1904 0.0000
vt 0.4424 -0.1846 0.0000
vt 0.4238 -0.1797 0.0000
vt 0.4492 -0.2227 0.0000
vt 0.4482 -0.2168 0.0000
vt 0.4697 -0.2168 0.0000
vt 0.4502 -0.2100 0.0000
vt 0.4277 -0.5371 0.0000
vt 0.4043 -0.5400 0.0000
vt 0.4307 -0.5127 0.0000
vt 0.4521 -0.5518 0.0000
vt 0.4180 -0.5693 0.0000
vt 0.8271 -0.9922 0.0000
vt 0.7607 -0.9814 0.0000
vt 0.7646 -0.9697 0.0000
vt 0.7744 -0.9639 0.0000
vt 0.8320 -0.9795 0.0000
vt 0.8330 -0.9756 0.0000
vt 0.8066 -0.9395 0.0000
vt 0.8398 -0.9434 0.0000
vt 0.8291 -0.9297 0.0000
vt 0.8076 -0.9336 0.0000
vt 0.7686 -0.9385 0.0000
vt 0.8047 -0.9473 0.0000
vt 0.8398 -0.9551 0.0000
vt 0.8232 -0.9658 0.0000
vt 0.8027 -0.9561 0.0000
vt 0.7549 -0.9844 0.0000
vt 0.7627 -0.9980 0.0000
vt 0.8213 -0.9912 0.0000
vt 0.7607 -0.9707 0.0000
vt 0.8203 -0.9971 0.0000
vt 0.8232 -0.9854 0.0000
vt 0.7773 -0.9590 0.0000
vt 0.8262 -0.9756 0.0000
vt 0.9678 -0.9951 0.0000
vt 0.7168 -0.8877 0.0000
vt 0.7148 -0.8936 0.0000
vt 0.7217 -0.8916 0.0000
vt 0.7217 -0.8857 0.0000
vt 0.7090 -0.8916 0.0000
vt 0.7148 -0.8838 0.0000
vt 0.7090 -0.8857 0.0000
vt 0.4326 -0.5547 0.0000
vt 0.4121 -0.5771 0.0000
vt 0.4229 -0.5908 0.0000
vt 0.4326 -0.5977 0.0000
vt 0.4443 -0.5859 0.0000
vt 0.4570 -0.5723 0.0000
vt 0.4531 -0.5518 0.0000
vt 0.4365 -0.5195 0.0000
vt 0.4014 -0.5645 0.0000
vt 0.4385 -0.4834 0.0000
vt 0.4453 -0.5186 0.0000
vt 0.3096 -0.1465 0.0000
vt 0.2832 -0.1338 0.0000
vt 0.2832 -0.1475 0.0000
vt 0.2861 -0.1582 0.0000
vt 0.3105 -0.1406 0.0000
vt 0.3105 -0.1523 0.0000
vt 0.3486 -0.1494 0.0000
vt 0.2891 -0.1367 0.0000
vt 0.2979 -0.1387 0.0000
vt 0.2979 -0.1445 0.0000
vt 0.2871 -0.1484 0.0000
vt 0.3271 -0.1475 0.0000
vt 0.2910 -0.1494 0.0000
vt 0.3604 -0.5889 0.0000
# 3280 texture coords

o Dragon005
g Dragon005
usemtl c1200_1
s 1
f 657/450/848 658/451/849 659/452/850 
f 659/452/850 660/453/851 657/450/848 
f 661/454/852 662/455/853 663/456/854 
f 658/457/855 662/455/856 661/454/857 
f 664/458/858 665/459/859 666/460/860 
f 666/460/860 663/461/861 664/458/858 
f 667/462/862 668/463/863 669/464/864 
f 669/464/864 665/465/865 667/462/862 
f 670/466/866 671/467/867 672/468/868 
f 672/468/868 673/469/869 670/466/866 
f 674/470/870 675/471/871 676/472/872 
f 676/472/872 677/473/873 674/470/870 
f 678/474/874 679/475/875 680/476/876 
f 680/476/876 681/477/877 678/474/874 
f 682/478/878 678/474/874 681/477/877 
f 681/477/877 680/476/876 683/479/879 
f 683/479/879 682/478/878 681/477/877 
f 683/479/879 680/476/876 684/480/880 
f 685/476/881 679/475/882 678/474/883 
f 678/474/883 686/477/884 685/476/881 
f 682/478/885 686/477/884 678/474/883 
f 683/479/886 685/476/881 686/477/884 
f 686/477/884 682/478/885 683/479/886 
f 684/480/887 685/476/881 683/479/886 
f 687/481/888 688/482/889 689/483/890 
f 689/483/890 690/484/891 687/481/888 
f 691/485/892 687/481/888 690/484/891 
f 692/486/893 690/484/891 689/483/890 
f 693/487/894 691/485/892 690/484/891 
f 690/484/891 692/486/893 693/487/894 
f 689/483/895 688/482/896 694/481/897 
f 694/481/897 695/484/898 689/483/895 
f 692/486/899 689/483/895 695/484/898 
f 691/485/900 695/484/898 694/481/897 
f 693/487/901 692/486/899 695/484/898 
f 695/484/898 691/485/900 693/487/901 
f 696/488/902 697/489/903 698/490/904 
f 698/490/904 699/491/905 696/488/902 
f 700/492/906 696/488/902 699/491/905 
f 699/491/905 698/490/904 701/493/907 
f 701/493/907 700/492/906 699/491/905 
f 698/490/908 697/489/909 702/488/910 
f 702/488/910 703/491/911 698/490/908 
f 701/493/912 698/490/908 703/491/911 
f 703/491/911 702/488/910 700/492/913 
f 700/492/913 701/493/912 703/491/911 
f 704/494/914 705/495/915 706/496/916 
f 706/496/916 707/497/917 704/494/914 
f 708/498/918 704/494/914 707/497/917 
f 707/497/917 706/496/916 709/499/919 
f 709/499/919 708/498/918 707/497/917 
f 706/496/920 705/495/921 710/494/922 
f 710/494/922 711/497/923 706/496/920 
f 709/499/924 706/496/920 711/497/923 
f 711/497/923 710/494/922 708/498/925 
f 708/498/925 709/499/924 711/497/923 
f 712/500/926 713/501/927 714/502/928 
f 714/502/928 715/503/929 712/500/926 
f 713/504/930 712/500/931 715/505/932 
f 716/506/933 717/507/934 718/508/935 
f 718/508/935 719/509/936 716/506/933 
f 719/509/937 718/508/938 717/510/939 
f 720/511/940 721/512/941 722/513/942 
f 722/513/942 723/514/943 720/511/940 
f 722/513/944 721/515/945 724/516/946 
f 724/516/946 723/517/947 722/513/944 
f 723/517/947 724/516/946 725/518/948 
f 725/518/948 726/519/949 723/517/947 
f 720/520/950 727/521/951 728/508/952 
f 728/508/952 729/522/953 720/520/950 
f 729/522/953 728/508/952 727/523/954 
f 727/523/954 730/524/955 729/522/953 
f 720/520/950 729/522/953 716/525/956 
f 716/525/956 721/526/957 720/520/950 
f 731/527/958 732/508/959 730/528/960 
f 732/508/961 731/527/962 729/529/963 
f 729/529/963 730/530/964 732/508/961 
f 733/531/965 734/532/966 735/533/967 
f 736/534/968 737/535/969 738/536/970 
f 738/536/970 739/537/971 736/534/968 
f 740/538/972 739/537/971 738/536/970 
f 738/536/970 741/539/973 740/538/972 
f 742/508/974 739/540/975 743/541/976 
f 743/541/976 744/542/977 742/508/974 
f 739/543/978 742/508/974 744/542/977 
f 745/544/979 746/545/980 747/546/981 
f 747/546/981 740/547/982 745/544/979 
f 747/546/983 746/548/984 748/549/985 
f 748/549/985 740/547/986 747/546/983 
f 740/547/986 748/549/985 749/550/987 
f 749/550/987 739/551/988 740/547/986 
f 750/552/989 751/553/990 752/554/991 
f 752/554/991 753/555/992 750/552/989 
f 754/556/993 750/552/989 753/555/992 
f 753/555/992 752/554/991 755/557/994 
f 755/557/994 756/558/995 753/555/992 
f 754/556/993 753/555/992 756/558/995 
f 756/558/995 757/559/996 754/556/993 
f 758/560/997 754/556/993 757/559/996 
f 759/561/998 717/562/999 750/563/1000 
f 760/564/1001 761/565/1002 758/566/1003 
f 758/566/1003 762/567/1004 760/564/1001 
f 757/568/1005 762/567/1004 758/566/1003 
f 763/569/1006 719/570/1007 754/571/1008 
f 764/572/1009 719/570/1010 763/569/1011 
f 763/569/1011 765/573/1012 764/572/1009 
f 766/574/1013 764/572/1009 765/573/1012 
f 765/573/1012 767/575/1014 766/574/1013 
f 768/576/1015 767/575/1014 765/573/1012 
f 765/573/1012 763/569/1011 768/576/1015 
f 769/577/1016 768/576/1015 763/569/1011 
f 763/569/1011 754/571/1017 769/577/1016 
f 758/578/1018 769/577/1016 754/571/1017 
f 769/577/1016 758/578/1018 770/579/1019 
f 770/579/1019 771/580/1020 769/577/1016 
f 768/576/1015 769/577/1016 771/580/1020 
f 771/580/1020 770/579/1019 719/581/1021 
f 719/581/1021 764/582/1022 771/580/1020 
f 772/583/1023 771/580/1020 764/582/1022 
f 768/576/1015 771/580/1020 772/583/1023 
f 772/583/1023 767/575/1014 768/576/1015 
f 766/584/1024 767/575/1014 772/583/1023 
f 772/583/1023 764/582/1022 766/584/1024 
f 773/585/1025 774/586/1026 775/587/1027 
f 775/587/1027 776/588/1028 773/585/1025 
f 776/588/1028 775/587/1027 777/589/1029 
f 778/590/1030 773/585/1025 776/588/1028 
f 776/588/1028 777/589/1029 778/590/1030 
f 779/591/1031 773/585/1025 778/590/1030 
f 778/590/1030 780/592/1032 779/591/1031 
f 780/592/1032 778/590/1030 777/589/1029 
f 777/589/1029 775/593/1033 780/592/1032 
f 774/562/1034 780/592/1032 775/593/1033 
f 779/591/1031 780/592/1032 774/562/1034 
f 781/594/1035 773/595/1036 779/596/1037 
f 782/597/1038 774/598/1039 783/599/1040 
f 783/599/1040 784/600/1041 782/597/1038 
f 785/601/1042 784/600/1041 783/599/1040 
f 786/602/1043 782/597/1038 784/600/1041 
f 784/600/1041 785/601/1042 786/602/1043 
f 787/603/1044 782/597/1038 786/602/1043 
f 786/602/1043 788/604/1045 787/603/1044 
f 788/604/1045 786/602/1043 785/601/1042 
f 785/601/1042 783/605/1046 788/604/1045 
f 773/606/1047 788/604/1045 783/605/1046 
f 787/603/1044 788/604/1045 773/606/1047 
f 773/606/1047 783/605/1046 774/607/1048 
f 789/608/1049 787/609/1050 790/610/1051 
f 790/610/1051 791/508/1052 789/608/1049 
f 791/508/1052 790/610/1051 746/611/1053 
f 746/611/1053 792/612/1054 791/508/1052 
f 789/613/1055 791/508/1056 787/614/1057 
f 787/614/1058 791/508/1059 792/612/1060 
f 793/615/1061 787/562/1062 794/591/1063 
f 795/616/1064 787/562/1065 793/615/1066 
f 793/615/1066 796/589/1067 795/616/1064 
f 796/589/1067 793/615/1066 797/617/1068 
f 797/617/1068 795/618/1069 796/589/1067 
f 787/586/1070 795/618/1069 797/617/1068 
f 797/617/1068 790/585/1071 787/586/1070 
f 790/585/1071 797/617/1068 793/615/1066 
f 793/615/1066 794/591/1072 790/585/1071 
f 798/508/1073 794/619/1074 799/620/1075 
f 799/620/1075 800/621/1076 798/508/1073 
f 790/622/1077 798/508/1073 800/621/1076 
f 794/623/1078 798/508/1079 790/622/1080 
f 801/624/1081 799/625/1082 794/626/1083 
f 794/626/1083 802/627/1084 801/624/1081 
f 803/628/1085 801/624/1081 802/627/1084 
f 802/627/1084 794/626/1083 779/629/1086 
f 779/629/1086 761/630/1087 802/627/1084 
f 804/631/1088 802/627/1084 761/630/1087 
f 803/628/1085 802/627/1084 804/631/1088 
f 804/631/1088 805/632/1089 803/628/1085 
f 761/630/1087 805/632/1089 804/631/1088 
f 748/633/1090 746/634/1091 806/635/1092 
f 806/635/1092 807/636/1093 748/633/1090 
f 808/637/1094 807/636/1093 806/635/1092 
f 806/635/1092 746/638/1095 808/637/1094 
f 800/639/1096 807/636/1093 808/637/1094 
f 808/637/1094 746/638/1095 790/640/1097 
f 790/640/1097 800/639/1096 808/637/1094 
f 809/508/1098 810/641/1099 811/642/1100 
f 811/642/1100 812/643/1101 809/508/1098 
f 813/644/1102 809/508/1098 812/643/1101 
f 810/645/1103 809/508/1098 813/644/1102 
f 811/646/1104 814/647/1105 815/648/1106 
f 815/648/1106 816/649/1107 811/646/1104 
f 812/650/1108 811/646/1104 816/649/1107 
f 812/651/1109 816/652/1110 817/653/1111 
f 817/653/1111 818/654/1112 812/651/1109 
f 819/655/1113 812/651/1109 818/654/1112 
f 820/656/1114 821/657/1115 819/658/1116 
f 819/658/1116 822/659/1117 820/656/1114 
f 823/660/1118 820/656/1114 822/659/1117 
f 818/661/1119 822/659/1117 819/658/1116 
f 824/662/1120 823/660/1118 822/659/1117 
f 822/659/1117 818/661/1119 824/662/1120 
f 825/663/1121 826/664/1122 827/665/1123 
f 827/665/1123 828/666/1124 825/663/1121 
f 829/667/1125 825/663/1121 828/666/1124 
f 830/668/1126 828/666/1124 827/665/1123 
f 831/669/1127 829/667/1125 828/666/1124 
f 828/666/1124 830/668/1126 832/670/1128 
f 832/670/1128 831/669/1127 828/666/1124 
f 831/669/1127 832/670/1128 833/671/1129 
f 833/671/1129 834/672/1130 831/669/1127 
f 835/673/1131 831/669/1127 834/672/1130 
f 829/667/1125 831/669/1127 835/673/1131 
f 836/674/1132 835/673/1131 834/672/1130 
f 834/672/1130 837/675/1133 836/674/1132 
f 838/676/1134 836/674/1132 837/675/1133 
f 837/675/1133 839/677/1135 838/676/1134 
f 840/678/1136 839/677/1135 837/675/1133 
f 837/675/1133 841/679/1137 840/678/1136 
f 841/679/1137 837/675/1133 834/672/1130 
f 834/672/1130 833/671/1129 841/679/1137 
f 842/680/1138 841/679/1137 833/671/1129 
f 841/679/1137 842/680/1138 843/681/1139 
f 843/681/1139 840/678/1136 841/679/1137 
f 840/678/1136 843/681/1139 844/682/1140 
f 844/682/1140 839/677/1135 840/678/1136 
f 844/682/1140 843/681/1139 845/683/1141 
f 839/677/1135 844/682/1140 846/684/1142 
f 846/684/1142 847/685/1143 839/677/1135 
f 848/686/1144 846/684/1142 844/682/1140 
f 844/682/1140 845/683/1141 848/686/1144 
f 849/687/1145 848/686/1144 845/683/1141 
f 850/688/1146 848/686/1144 849/687/1145 
f 849/687/1145 851/689/1147 850/688/1146 
f 848/686/1144 850/688/1146 852/690/1148 
f 852/690/1148 846/684/1142 848/686/1144 
f 853/691/1149 852/690/1148 850/688/1146 
f 850/688/1146 851/689/1147 853/691/1149 
f 854/692/1150 853/691/1149 851/689/1147 
f 851/689/1147 855/693/1151 854/692/1150 
f 856/694/1152 854/692/1150 855/693/1151 
f 853/691/1149 854/692/1150 857/695/1153 
f 857/695/1153 858/696/1154 853/691/1149 
f 852/690/1148 853/691/1149 858/696/1154 
f 858/696/1154 857/695/1153 859/697/1155 
f 852/690/1148 858/696/1154 860/698/1156 
f 860/698/1156 846/684/1142 852/690/1148 
f 846/684/1142 860/698/1156 861/699/1157 
f 861/699/1157 847/685/1143 846/684/1142 
f 862/700/1158 847/685/1143 861/699/1157 
f 860/698/1156 858/696/1154 863/701/1159 
f 863/701/1159 864/702/1160 860/698/1156 
f 864/702/1160 863/701/1159 865/703/1161 
f 865/703/1161 866/704/1162 864/702/1160 
f 735/705/1163 864/702/1160 866/704/1162 
f 734/706/1164 864/702/1160 735/705/1163 
f 720/707/1165 723/708/1166 867/709/1167 
f 867/709/1167 727/710/1168 720/707/1165 
f 727/710/1168 867/709/1167 868/711/1169 
f 868/711/1169 734/712/1170 727/710/1168 
f 730/713/1171 727/710/1168 734/712/1170 
f 864/714/1172 734/712/1170 868/711/1169 
f 869/715/1173 870/716/1174 871/717/1175 
f 871/717/1175 872/718/1176 869/715/1173 
f 873/719/1177 869/715/1173 872/718/1176 
f 874/720/1178 872/718/1176 871/717/1175 
f 871/717/1175 875/721/1179 874/720/1178 
f 876/722/1180 872/718/1176 874/720/1178 
f 870/716/1181 869/723/1182 873/724/1183 
f 870/725/1184 873/719/1185 872/718/1186 
f 872/718/1186 877/726/1187 870/725/1184 
f 878/727/1188 870/725/1184 877/726/1187 
f 877/726/1187 879/728/1189 878/727/1188 
f 879/728/1189 877/726/1187 872/718/1186 
f 872/718/1186 880/729/1190 879/728/1189 
f 880/729/1190 872/718/1186 876/730/1191 
f 876/730/1191 874/731/1192 880/729/1190 
f 875/732/1193 880/729/1190 874/731/1192 
f 880/729/1190 875/732/1193 881/733/1194 
f 881/733/1194 879/728/1189 880/729/1190 
f 879/728/1189 881/733/1194 882/734/1195 
f 882/734/1195 878/727/1188 879/728/1189 
f 883/735/1196 878/727/1188 882/734/1195 
f 882/734/1195 884/736/1197 883/735/1196 
f 884/736/1197 882/734/1195 881/733/1194 
f 881/733/1194 885/737/1198 884/736/1197 
f 886/738/1199 885/737/1198 881/733/1194 
f 881/733/1194 875/732/1193 886/738/1199 
f 887/739/1200 886/738/1199 875/732/1193 
f 886/738/1199 887/739/1200 888/740/1201 
f 888/740/1201 889/741/1202 886/738/1199 
f 885/737/1198 886/738/1199 889/741/1202 
f 889/741/1202 890/742/1203 885/737/1198 
f 884/736/1197 885/737/1198 890/742/1203 
f 891/743/1204 890/742/1203 889/741/1202 
f 889/741/1202 892/744/1205 891/743/1204 
f 893/745/1206 891/743/1204 892/744/1205 
f 891/743/1204 893/745/1206 894/746/1207 
f 894/746/1207 890/742/1203 891/743/1204 
f 890/742/1203 894/746/1207 895/747/1208 
f 895/747/1208 884/736/1197 890/742/1203 
f 895/747/1208 894/746/1207 896/748/1209 
f 896/748/1209 897/749/1210 895/747/1208 
f 898/750/1211 895/747/1208 897/749/1210 
f 884/736/1197 895/747/1208 898/750/1211 
f 898/750/1211 899/751/1212 884/736/1197 
f 900/752/1213 884/736/1197 899/751/1212 
f 883/735/1196 884/736/1197 900/752/1213 
f 900/752/1213 901/753/1214 883/735/1196 
f 902/754/1215 883/735/1196 901/753/1214 
f 901/753/1214 900/752/1213 899/751/1212 
f 899/751/1212 903/755/1216 901/753/1214 
f 902/754/1215 901/753/1214 903/755/1216 
f 904/756/1217 903/755/1216 899/751/1212 
f 899/751/1212 835/757/1218 904/756/1217 
f 836/758/1219 904/756/1217 835/757/1218 
f 905/759/1220 904/756/1217 836/758/1219 
f 836/758/1219 838/760/1221 905/759/1220 
f 904/756/1217 905/759/1220 906/761/1222 
f 906/761/1222 903/755/1216 904/756/1217 
f 903/755/1216 906/761/1222 907/762/1223 
f 907/762/1223 902/754/1215 903/755/1216 
f 907/762/1223 906/761/1222 908/763/1224 
f 902/754/1215 907/762/1223 909/764/1225 
f 909/764/1225 910/765/1226 902/754/1215 
f 911/766/1227 909/764/1225 907/762/1223 
f 907/762/1223 908/763/1224 911/766/1227 
f 912/767/1228 911/766/1227 908/763/1224 
f 909/764/1225 911/766/1227 913/768/1229 
f 914/769/1230 915/770/1231 911/766/1232 
f 911/766/1232 916/771/1233 914/769/1230 
f 915/770/1231 914/769/1230 917/772/1234 
f 917/772/1234 918/773/1235 915/770/1231 
f 919/774/1236 915/770/1231 918/773/1235 
f 918/773/1235 920/775/1237 919/774/1236 
f 920/775/1237 918/773/1235 921/776/1238 
f 921/776/1238 922/777/1239 920/775/1237 
f 736/778/1240 921/776/1238 918/773/1235 
f 918/773/1235 917/772/1234 736/778/1240 
f 923/779/1241 736/778/1240 917/772/1234 
f 924/780/1242 736/778/1240 923/779/1241 
f 925/781/1243 923/779/1244 916/771/1245 
f 916/771/1245 926/782/1246 925/781/1243 
f 912/783/1247 925/781/1243 926/782/1246 
f 744/784/1248 921/776/1238 736/778/1240 
f 736/778/1240 739/785/1249 744/784/1248 
f 875/721/1250 871/717/1251 927/786/1252 
f 927/786/1252 889/787/1253 875/721/1250 
f 888/788/1254 875/721/1250 889/787/1253 
f 887/789/1255 875/721/1250 888/788/1254 
f 892/790/1256 889/787/1257 893/791/1258 
f 896/792/1259 894/793/1260 897/794/1261 
f 894/795/1262 893/796/1263 889/797/1264 
f 889/797/1264 927/798/1265 894/795/1262 
f 928/799/1266 894/795/1262 927/798/1265 
f 927/798/1265 929/800/1267 928/799/1266 
f 929/800/1267 927/798/1265 871/801/1268 
f 894/795/1262 928/799/1266 930/802/1269 
f 930/802/1269 931/803/1270 894/795/1262 
f 932/804/1271 894/795/1262 931/803/1270 
f 897/805/1272 894/795/1262 932/804/1271 
f 826/806/1273 932/804/1271 931/803/1270 
f 898/807/1274 897/805/1272 932/804/1271 
f 932/804/1271 826/806/1273 825/808/1275 
f 825/808/1275 898/807/1274 932/804/1271 
f 898/807/1274 825/808/1275 829/809/1276 
f 829/809/1276 899/810/1277 898/807/1274 
f 835/811/1278 899/810/1277 829/809/1276 
f 929/800/1267 871/801/1268 933/812/1279 
f 933/812/1279 934/813/1280 929/800/1267 
f 933/812/1279 871/801/1268 870/814/1281 
f 870/814/1281 935/815/1282 933/812/1279 
f 936/816/1283 933/812/1279 935/815/1282 
f 934/813/1280 933/812/1279 936/816/1283 
f 936/816/1283 937/817/1284 934/813/1280 
f 937/817/1284 936/816/1283 938/818/1285 
f 938/818/1285 939/819/1286 937/817/1284 
f 940/820/1287 939/819/1286 938/818/1285 
f 938/818/1285 941/821/1288 940/820/1287 
f 942/822/1289 941/821/1288 938/818/1285 
f 938/818/1285 936/816/1283 942/822/1289 
f 941/821/1288 942/822/1289 943/823/1290 
f 943/823/1290 944/824/1291 941/821/1288 
f 945/825/1292 943/823/1290 942/822/1289 
f 942/822/1289 946/826/1293 945/825/1292 
f 947/827/1294 945/825/1292 946/826/1293 
f 948/828/1295 945/825/1292 947/827/1294 
f 947/827/1294 946/826/1293 949/829/1296 
f 949/829/1296 950/830/1297 947/827/1294 
f 949/829/1296 946/826/1293 951/831/1298 
f 951/831/1298 952/832/1299 949/829/1296 
f 953/833/1300 952/832/1299 951/831/1298 
f 951/831/1298 954/834/1301 953/833/1300 
f 955/835/1302 954/834/1301 951/831/1298 
f 951/831/1298 956/836/1303 955/835/1302 
f 956/836/1303 951/831/1298 946/826/1293 
f 946/826/1293 957/837/1304 956/836/1303 
f 957/837/1304 946/826/1293 942/822/1289 
f 942/822/1289 958/838/1305 957/837/1304 
f 958/838/1305 942/822/1289 936/816/1283 
f 936/816/1283 959/839/1306 958/838/1305 
f 959/839/1306 936/816/1283 935/815/1282 
f 935/815/1282 960/840/1307 959/839/1306 
f 961/841/1308 959/839/1306 960/840/1307 
f 960/840/1307 883/842/1309 961/841/1308 
f 959/839/1306 961/841/1308 962/843/1310 
f 962/843/1310 958/838/1305 959/839/1306 
f 958/838/1305 962/843/1310 963/844/1311 
f 963/844/1311 957/837/1304 958/838/1305 
f 957/837/1304 963/844/1311 964/845/1312 
f 964/845/1312 956/836/1303 957/837/1304 
f 956/836/1303 964/845/1312 965/846/1313 
f 965/846/1313 955/835/1302 956/836/1303 
f 966/847/1314 964/845/1312 963/844/1311 
f 955/835/1302 965/846/1313 967/848/1315 
f 967/848/1315 968/849/1316 955/835/1302 
f 954/834/1301 955/835/1302 968/849/1316 
f 968/849/1316 969/850/1317 954/834/1301 
f 953/833/1300 954/834/1301 969/850/1317 
f 969/850/1317 675/851/1318 953/833/1300 
f 970/852/1319 953/833/1300 675/851/1318 
f 676/853/1320 675/851/1318 969/850/1317 
f 969/850/1317 677/854/1321 676/853/1320 
f 677/854/1321 969/850/1317 971/855/1322 
f 971/855/1322 671/856/1323 677/854/1321 
f 672/857/1324 671/856/1323 971/855/1322 
f 971/855/1322 668/858/1325 672/857/1324 
f 673/859/1326 672/857/1324 668/858/1325 
f 972/860/1327 668/858/1325 971/855/1322 
f 971/855/1322 969/850/1317 972/860/1327 
f 968/849/1316 972/860/1327 969/850/1317 
f 973/861/1328 972/860/1327 968/849/1316 
f 968/849/1316 967/848/1315 973/861/1328 
f 972/860/1327 973/861/1328 974/862/1329 
f 974/862/1329 666/863/1330 972/860/1327 
f 669/864/1331 972/860/1327 666/863/1330 
f 668/858/1325 972/860/1327 669/864/1331 
f 669/864/1331 666/863/1330 665/865/1332 
f 666/863/1333 974/866/1334 975/867/1335 
f 975/867/1335 661/868/1336 666/863/1333 
f 663/869/1337 666/863/1333 661/868/1336 
f 976/870/1338 661/868/1336 975/867/1335 
f 975/867/1335 977/871/1339 976/870/1338 
f 661/868/1336 976/870/1338 659/872/1340 
f 659/872/1340 658/873/1341 661/868/1336 
f 659/872/1340 976/870/1338 978/874/1342 
f 978/874/1342 660/875/1343 659/872/1340 
f 660/875/1343 978/874/1342 979/876/1344 
f 980/877/1345 978/874/1346 981/878/1347 
f 982/879/1348 983/880/1349 981/878/1350 
f 981/878/1350 984/452/1351 982/879/1348 
f 984/881/1352 981/878/1353 978/882/1354 
f 978/882/1354 976/883/1355 984/881/1352 
f 985/884/1356 984/881/1352 976/883/1355 
f 976/883/1355 977/885/1357 985/884/1356 
f 986/886/1358 985/884/1356 977/885/1357 
f 985/884/1356 986/886/1358 987/887/1359 
f 987/887/1359 984/881/1352 985/884/1356 
f 984/881/1352 987/887/1359 988/888/1360 
f 988/888/1360 989/889/1361 984/881/1352 
f 990/890/1362 988/888/1360 987/887/1359 
f 987/887/1359 991/891/1363 990/890/1362 
f 991/891/1363 987/887/1359 986/886/1358 
f 986/886/1358 992/892/1364 991/891/1363 
f 993/893/1365 991/891/1363 992/892/1364 
f 992/892/1364 994/894/1366 993/893/1365 
f 995/895/1367 993/893/1365 994/894/1366 
f 996/896/1368 991/891/1363 993/893/1365 
f 993/893/1365 997/897/1369 996/896/1368 
f 998/898/1370 996/896/1368 997/897/1369 
f 999/899/1371 991/891/1363 996/896/1368 
f 996/896/1368 1000/900/1372 999/899/1371 
f 990/890/1362 991/891/1363 1001/901/1373 
f 1002/450/1374 983/880/1349 982/879/1348 
f 982/879/1348 1003/902/1375 1002/450/1374 
f 1003/902/1375 982/879/1348 984/452/1351 
f 984/452/1351 989/453/1376 1003/902/1375 
f 770/903/1377 782/904/1378 1004/905/1379 
f 1004/905/1379 1005/906/1380 770/903/1377 
f 1005/906/1380 1004/905/1379 1006/508/1381 
f 719/907/1382 770/903/1377 1005/906/1380 
f 878/908/1383 883/909/1384 960/910/1385 
f 960/910/1385 870/911/1386 878/908/1383 
f 1007/912/1387 870/911/1386 960/910/1385 
f 960/910/1385 935/913/1388 1007/912/1387 
f 1008/914/1389 870/911/1386 1007/912/1387 
f 1007/912/1387 935/913/1388 1008/914/1389 
f 1009/915/1390 883/916/1391 902/917/1392 
f 902/917/1392 910/918/1393 1009/915/1390 
f 961/919/1394 1009/915/1390 910/918/1393 
f 883/920/1395 1009/915/1390 961/919/1394 
f 1008/921/1396 935/922/1397 870/923/1398 
f 1010/924/1399 1011/925/1400 1012/926/1401 
f 1012/926/1401 1013/927/1402 1010/924/1399 
f 1014/928/1403 1013/927/1402 1012/926/1401 
f 1012/926/1401 1015/929/1404 1014/928/1403 
f 1016/930/1405 1015/929/1406 1010/931/1407 
f 1011/925/1408 1010/931/1409 1015/929/1410 
f 1015/929/1410 1012/926/1411 1011/925/1408 
f 1017/932/1412 1018/933/1413 1019/934/1414 
f 1019/934/1414 1020/935/1415 1017/932/1412 
f 1018/936/1416 1017/932/1412 1020/935/1415 
f 1020/935/1415 1021/937/1417 1018/936/1416 
f 1022/938/1418 1023/939/1419 1024/940/1420 
f 1024/940/1420 1018/941/1421 1022/938/1418 
f 1021/942/1422 1025/943/1423 1026/944/1424 
f 1026/944/1424 1027/945/1425 1021/942/1422 
f 1016/946/1426 1021/942/1422 1027/945/1425 
f 1027/945/1425 1015/947/1427 1016/946/1426 
f 1026/948/1428 1015/947/1427 1027/945/1425 
f 1022/938/1429 1018/949/1430 1028/950/1431 
f 1028/950/1431 1029/951/1432 1022/938/1429 
f 1029/951/1432 1028/950/1431 1016/952/1433 
f 1023/939/1434 1022/938/1429 1029/951/1432 
f 1024/940/1435 1023/939/1436 1030/953/1437 
f 1031/954/1438 1032/955/1439 1030/953/1440 
f 1030/953/1440 1033/956/1441 1031/954/1438 
f 1034/957/1442 1031/954/1438 1033/956/1441 
f 1032/955/1439 1031/954/1438 1034/957/1442 
f 1034/957/1442 977/958/1443 1032/955/1439 
f 977/959/1444 1034/957/1442 1033/956/1441 
f 1035/960/1445 1036/961/1446 1037/932/1447 
f 1037/932/1447 1038/962/1448 1035/960/1445 
f 967/848/1315 965/846/1313 1039/963/1449 
f 1020/964/1450 1040/965/1451 1041/966/1452 
f 1041/966/1452 1042/967/1453 1020/964/1450 
f 962/968/1454 961/969/1455 910/970/1456 
f 910/970/1456 913/971/1457 962/968/1454 
f 913/971/1457 910/970/1456 1043/972/1458 
f 963/973/1459 962/968/1454 913/971/1457 
f 909/974/1460 913/971/1457 1043/972/1458 
f 1043/972/1458 910/975/1461 909/974/1460 
f 1025/976/1462 1044/932/1463 1042/977/1464 
f 1042/978/1465 1045/979/1466 1046/932/1467 
f 1046/932/1467 1025/980/1468 1042/978/1465 
f 1047/981/1469 1025/980/1468 1046/932/1467 
f 1046/932/1467 1048/982/1470 1047/981/1469 
f 1048/982/1470 1046/932/1467 1045/983/1471 
f 1049/984/1472 1050/985/1473 1051/986/1474 
f 1051/986/1474 1052/987/1475 1049/984/1472 
f 1053/988/1476 1052/987/1475 1051/986/1474 
f 1051/986/1474 1054/989/1477 1053/988/1476 
f 1055/990/1478 1053/988/1476 1054/989/1477 
f 1053/988/1476 1055/990/1478 1056/991/1479 
f 1056/991/1479 1052/987/1475 1053/988/1476 
f 1056/991/1479 1055/990/1478 1054/992/1480 
f 1054/992/1480 1051/993/1481 1056/991/1479 
f 1057/994/1482 1056/991/1479 1051/993/1481 
f 1052/987/1475 1056/991/1479 1057/994/1482 
f 1057/994/1482 1049/984/1472 1052/987/1475 
f 1049/984/1472 1057/994/1482 1058/995/1483 
f 1059/996/1484 1049/984/1485 1058/997/1486 
f 1058/997/1486 1040/998/1487 1059/996/1484 
f 1060/999/1488 1059/996/1484 1040/998/1487 
f 1049/1000/1489 1059/996/1484 1060/999/1488 
f 1060/999/1488 1040/998/1487 1061/1001/1490 
f 1061/1001/1490 1049/1000/1489 1060/999/1488 
f 1062/1002/1491 1058/995/1483 1057/994/1482 
f 1057/994/1482 1063/1003/1492 1062/1002/1491 
f 1063/1003/1492 1057/994/1482 1051/993/1481 
f 1051/993/1481 1064/1004/1493 1063/1003/1492 
f 1065/1005/1494 915/1006/1495 919/1007/1496 
f 919/1007/1496 1036/1008/1497 1065/1005/1494 
f 1035/1009/1498 1065/1005/1494 1036/1008/1497 
f 1065/1005/1494 1035/1009/1498 1066/1010/1499 
f 1066/1010/1499 915/1011/1500 1065/1005/1494 
f 1067/1012/1501 919/1013/1502 920/1014/1503 
f 920/1014/1503 1068/1015/1504 1067/1012/1501 
f 1068/1015/1504 920/1014/1503 1069/1016/1505 
f 1070/1017/1506 1067/1012/1501 1068/1015/1504 
f 1068/1015/1504 1069/1016/1505 1071/1018/1507 
f 1071/1018/1507 1070/1017/1506 1068/1015/1504 
f 1071/1018/1507 1069/1016/1505 1072/1019/1508 
f 1072/1019/1508 919/1020/1509 1071/1018/1507 
f 1067/1021/1510 1071/1018/1507 919/1020/1509 
f 1070/1017/1506 1071/1018/1507 1067/1021/1510 
f 1073/932/1511 1074/1022/1512 1075/1023/1513 
f 1076/1024/1514 1077/1025/1515 1024/1026/1516 
f 1024/1026/1516 1030/1027/1517 1076/1024/1514 
f 1032/1028/1518 1076/1024/1514 1030/1027/1517 
f 1077/1029/1519 1076/1024/1514 1032/1028/1518 
f 1078/1030/1520 1079/1031/1521 1032/1028/1522 
f 1032/1028/1522 975/1032/1523 1078/1030/1520 
f 977/1033/1524 975/1032/1523 1032/1028/1522 
f 1077/1034/1525 1032/1028/1522 1079/1031/1521 
f 1079/1031/1521 1080/932/1526 1077/1034/1525 
f 1078/1030/1520 1080/932/1526 1079/1031/1521 
f 1019/1035/1527 1077/1034/1525 1080/932/1526 
f 1081/1036/1528 1019/1035/1529 1018/1037/1530 
f 1018/1037/1530 1024/1038/1531 1081/1036/1528 
f 1077/1039/1532 1081/1036/1528 1024/1038/1531 
f 1081/1036/1528 1077/1039/1532 1019/1040/1533 
f 1018/1041/1534 1021/1042/1535 1082/932/1536 
f 1082/932/1536 1028/1043/1537 1018/1041/1534 
f 1028/1043/1537 1082/932/1536 1021/1044/1538 
f 1021/1044/1538 1016/1045/1539 1028/1043/1537 
f 1044/932/1540 1025/976/1541 1021/1046/1542 
f 1021/1046/1542 1020/1047/1543 1044/932/1540 
f 1042/1048/1544 1044/932/1540 1020/1047/1543 
f 1080/932/1545 1078/1049/1546 1083/1050/1547 
f 1083/1050/1547 1019/1035/1548 1080/932/1545 
f 1084/1051/1549 1040/1052/1550 1020/1053/1551 
f 1020/1053/1551 1019/1054/1552 1084/1051/1549 
f 1083/1055/1553 1084/1051/1549 1019/1054/1552 
f 1061/1056/1554 1084/1051/1549 1083/1055/1553 
f 1084/1051/1555 1061/1056/1556 1040/1057/1557 
f 1085/1058/1558 1086/1059/1559 1087/1060/1560 
f 1087/1060/1560 1088/1061/1561 1085/1058/1558 
f 1089/1062/1562 1085/1058/1558 1088/1061/1561 
f 1090/1063/1563 1085/1058/1558 1089/1062/1562 
f 1089/1062/1562 1091/1064/1564 1090/1063/1563 
f 1092/1065/1565 1090/1063/1563 1091/1064/1564 
f 1093/1066/1566 1090/1063/1563 1092/1065/1565 
f 1094/1067/1567 1014/1068/1568 1015/1069/1569 
f 1015/1069/1569 1095/1070/1570 1094/1067/1567 
f 1096/1071/1571 1094/1067/1567 1095/1070/1570 
f 1026/1072/1572 1095/1070/1570 1015/1069/1569 
f 1097/1073/1573 1096/1071/1571 1095/1070/1570 
f 1095/1070/1570 1026/1072/1572 1097/1073/1573 
f 1098/1074/1574 1096/1071/1571 1097/1073/1573 
f 1097/1073/1573 1026/1072/1572 1098/1074/1574 
f 1047/1075/1575 1099/1076/1576 1025/1077/1577 
f 1026/1078/1578 1025/1077/1579 1099/1076/1580 
f 1099/1076/1580 1098/1079/1581 1026/1078/1578 
f 1098/1079/1581 1099/1076/1580 1047/1080/1582 
f 1047/1080/1582 1100/1081/1583 1098/1079/1581 
f 1041/1082/1584 1101/1083/1585 1102/932/1586 
f 1102/932/1586 1042/1084/1587 1041/1082/1584 
f 1103/1085/1588 1042/1084/1587 1102/932/1586 
f 1102/932/1586 1101/1086/1589 1103/1085/1588 
f 1045/1087/1590 1042/1084/1587 1103/1085/1588 
f 1103/1085/1588 1101/1086/1589 1045/1087/1590 
f 1058/1088/1591 1104/1089/1592 1105/1090/1593 
f 1105/1090/1593 1040/1091/1594 1058/1088/1591 
f 1041/1092/1595 1040/1091/1594 1105/1090/1593 
f 1105/1090/1593 1104/1093/1596 1041/1092/1595 
f 1101/1094/1597 1041/1092/1595 1104/1093/1596 
f 1088/1095/1598 1100/1096/1599 1047/1097/1600 
f 1047/1097/1600 1106/1098/1601 1088/1095/1598 
f 1106/1098/1601 1047/1097/1600 1048/1099/1602 
f 1048/1099/1602 1107/1100/1603 1106/1098/1601 
f 1090/1101/1604 1093/1102/1605 1098/1103/1606 
f 1098/1103/1606 1085/1104/1607 1090/1101/1604 
f 1108/1105/1608 1085/1104/1607 1098/1103/1606 
f 1098/1103/1606 1100/1106/1609 1108/1105/1608 
f 1086/1059/1610 1085/1104/1607 1108/1105/1608 
f 1088/1061/1611 1108/1105/1608 1100/1106/1609 
f 1087/1107/1612 1086/1059/1610 1108/1105/1608 
f 1108/1105/1608 1088/1061/1611 1087/1107/1612 
f 1078/1108/1613 975/1109/1614 1109/932/1615 
f 1109/932/1615 1083/1110/1616 1078/1108/1613 
f 1061/1111/1617 1083/1110/1616 1109/932/1615 
f 1109/932/1615 1049/1112/1618 1061/1111/1617 
f 1049/1112/1618 1109/932/1615 975/1113/1619 
f 1110/1114/1620 1111/1115/1621 1112/1116/1622 
f 1112/1116/1622 1113/1117/1623 1110/1114/1620 
f 1114/932/1624 1113/1117/1623 1112/1116/1622 
f 1112/1116/1622 1045/1118/1625 1114/932/1624 
f 1101/1119/1626 1114/932/1624 1045/1118/1625 
f 1115/1120/1627 1050/1121/1628 1049/1122/1629 
f 1049/1122/1629 974/1123/1630 1115/1120/1627 
f 973/1124/1631 1115/1120/1627 974/1123/1630 
f 974/1123/1630 1049/1122/1629 975/1125/1632 
f 1050/1121/1633 1115/1120/1634 973/1126/1635 
f 1116/1127/1636 1104/1128/1637 1117/932/1638 
f 1117/932/1638 1062/1129/1639 1116/1127/1636 
f 1118/1130/1640 1116/1127/1636 1062/1129/1639 
f 1104/1128/1641 1058/1131/1642 1062/1132/1643 
f 1062/1132/1643 1117/932/1644 1104/1128/1641 
f 1101/1133/1645 1104/1128/1646 1116/1127/1647 
f 1119/1134/1648 1064/1135/1649 1120/1136/1650 
f 1120/1136/1650 1121/1137/1651 1119/1134/1648 
f 1118/1138/1652 1121/1137/1651 1120/1136/1650 
f 1122/1090/1653 1119/1134/1648 1121/1137/1651 
f 1121/1137/1651 1118/1138/1652 1123/1139/1654 
f 1123/1139/1654 1122/1090/1653 1121/1137/1651 
f 1123/1139/1654 1118/1138/1652 1062/1140/1655 
f 1062/1140/1655 1063/1141/1656 1123/1139/1654 
f 1119/1142/1657 1123/1139/1654 1063/1141/1656 
f 1122/1090/1653 1123/1139/1654 1119/1142/1657 
f 1119/1142/1657 1063/1141/1656 1064/1143/1658 
f 1124/932/1659 1107/1144/1660 1048/1145/1661 
f 1048/1145/1661 1045/1146/1662 1124/932/1659 
f 1111/1147/1663 1107/1144/1664 1124/932/1665 
f 1124/932/1665 1125/1148/1666 1111/1147/1663 
f 1112/1149/1667 1111/1147/1663 1125/1148/1666 
f 1125/1150/1668 1124/932/1669 1045/1146/1670 
f 1045/1146/1670 1112/1151/1671 1125/1150/1668 
f 1101/1119/1672 1113/1152/1673 1114/932/1674 
f 1126/1153/1675 1127/1154/1676 1128/1155/1677 
f 1128/1155/1677 1116/1156/1678 1126/1153/1675 
f 1101/1157/1679 1116/1156/1678 1128/1155/1677 
f 1128/1155/1677 1113/1158/1680 1101/1157/1679 
f 1110/1159/1681 1113/1158/1680 1128/1155/1677 
f 1110/1160/1682 1128/1155/1683 1127/1161/1684 
f 1038/1162/1685 1126/1163/1686 1129/932/1687 
f 1129/932/1687 1118/1164/1688 1038/1162/1685 
f 1118/1165/1689 1129/932/1690 1126/1163/1691 
f 1126/1163/1691 1116/1166/1692 1118/1165/1689 
f 1036/1167/1693 1130/1168/1694 1038/962/1695 
f 1038/962/1695 1037/932/1696 1036/1167/1693 
f 1131/932/1697 1127/1169/1698 1126/1170/1699 
f 1126/1170/1699 1132/1171/1700 1131/932/1697 
f 1132/1171/1701 1126/1170/1702 1038/1172/1703 
f 1038/1172/1703 1130/1173/1704 1132/1171/1701 
f 1133/1174/1705 1127/1169/1706 1131/932/1707 
f 1131/932/1707 1132/1175/1708 1133/1174/1705 
f 1130/1176/1709 1133/1174/1705 1132/1175/1708 
f 1134/1177/1710 1135/1178/1711 1136/1179/1712 
f 1136/1179/1712 1130/1180/1713 1134/1177/1710 
f 1072/1181/1714 1134/1177/1710 1130/1180/1713 
f 1133/1182/1715 1130/1180/1713 1136/1179/1712 
f 1136/1179/1712 1127/1183/1716 1133/1182/1715 
f 1127/1183/1716 1136/1179/1712 1137/1184/1717 
f 1134/1177/1718 1072/1185/1719 1069/1186/1720 
f 1069/1186/1720 1135/1178/1721 1134/1177/1718 
f 1088/1187/1722 1106/1098/1723 1107/1100/1724 
f 1138/1188/1725 1139/1189/1726 1088/1190/1727 
f 1088/1190/1727 1107/1191/1728 1138/1188/1725 
f 1140/1192/1729 1138/1188/1725 1107/1191/1728 
f 1107/1191/1728 1111/1193/1730 1140/1192/1729 
f 1110/1194/1731 1140/1192/1729 1111/1193/1730 
f 1138/1195/1732 1140/1192/1729 1110/1194/1731 
f 1141/1098/1733 1137/1196/1734 1138/1197/1735 
f 1138/1197/1735 1110/1198/1736 1141/1098/1733 
f 1127/1199/1737 1141/1098/1733 1110/1198/1736 
f 1137/1200/1738 1141/1098/1733 1127/1199/1737 
f 1064/1201/1739 1142/1202/1740 1074/1203/1741 
f 1074/1203/1741 1120/1204/1742 1064/1201/1739 
f 1143/1205/1743 1120/1204/1742 1074/1203/1741 
f 1074/1203/1741 1073/932/1744 1143/1205/1743 
f 1118/1206/1745 1120/1204/1742 1143/1205/1743 
f 1143/1205/1743 1073/932/1744 1075/1023/1746 
f 1038/1207/1747 1118/1206/1745 1143/1205/1743 
f 1143/1205/1743 1075/1023/1746 1038/1207/1747 
f 1035/1208/1748 1038/1207/1747 1075/1023/1746 
f 1075/1023/1746 1142/1209/1749 1035/1208/1748 
f 1142/1209/1749 1075/1023/1746 1074/1022/1750 
f 1144/1210/1751 1039/1211/1752 1145/1212/1753 
f 1145/1212/1753 1146/1213/1754 1144/1210/1751 
f 1064/1214/1755 1144/1210/1751 1146/1213/1754 
f 1147/932/1756 1146/1213/1754 1145/1212/1753 
f 1142/1215/1757 1064/1214/1755 1146/1213/1754 
f 1146/1213/1754 1147/932/1756 1148/1216/1758 
f 1148/1216/1758 1142/1215/1757 1146/1213/1754 
f 1148/1216/1758 1147/932/1756 1145/1217/1759 
f 1145/1217/1759 1142/1215/1757 1148/1216/1758 
f 1142/1215/1757 1145/1217/1759 1039/1218/1760 
f 1149/1219/1761 1150/1220/1762 1066/1221/1763 
f 1066/1221/1763 1151/1090/1764 1149/1219/1761 
f 1151/1090/1764 1066/1221/1763 1035/1222/1765 
f 1035/1222/1765 1152/1223/1766 1151/1090/1764 
f 1149/1224/1767 1151/1090/1764 1152/1223/1766 
f 1152/1223/1766 1035/1222/1765 1142/1225/1768 
f 1142/1225/1768 1153/1226/1769 1152/1223/1766 
f 1149/1224/1767 1152/1223/1766 1153/1226/1769 
f 1153/1226/1769 1150/1227/1770 1149/1224/1767 
f 1154/932/1771 966/1228/1772 1150/1229/1773 
f 965/1230/1774 964/1231/1775 1155/1232/1776 
f 1155/1232/1776 1039/1233/1777 965/1230/1774 
f 1039/1233/1777 1155/1232/1776 1156/1234/1778 
f 1156/1234/1778 1142/1235/1779 1039/1233/1777 
f 1153/1236/1780 1142/1235/1779 1156/1234/1778 
f 1156/1234/1778 1155/1237/1781 1153/1236/1780 
f 964/1238/1782 1153/1236/1780 1155/1237/1781 
f 963/1239/1783 913/1240/1784 1157/1241/1785 
f 1157/1241/1785 1158/1242/1786 963/1239/1783 
f 1159/1243/1787 1158/1242/1786 1157/1241/1785 
f 966/1244/1788 963/1239/1783 1158/1242/1786 
f 1158/1242/1786 1159/1243/1787 1160/1245/1789 
f 1160/1245/1789 966/1244/1788 1158/1242/1786 
f 1160/1245/1789 1159/1243/1787 1157/1246/1790 
f 1157/1246/1790 913/1247/1791 1160/1245/1789 
f 1161/1248/1792 1160/1245/1789 913/1247/1791 
f 966/1244/1788 1160/1245/1789 1161/1248/1792 
f 1162/932/1793 911/1249/1794 915/1250/1795 
f 915/1250/1795 1163/1251/1796 1162/932/1793 
f 1163/1251/1796 915/1250/1795 1066/1252/1797 
f 1162/932/1793 1163/1251/1796 1161/1253/1798 
f 1161/1253/1798 911/1254/1799 1162/932/1793 
f 913/1255/1800 911/1254/1799 1161/1253/1798 
f 1164/1256/1801 1161/1257/1802 1163/1258/1803 
f 1163/1258/1803 1165/1259/1804 1164/1256/1801 
f 1161/1260/1805 1164/1256/1801 1165/1259/1804 
f 1165/1259/1804 966/1261/1806 1161/1260/1805 
f 1150/1262/1807 966/1261/1806 1165/1259/1804 
f 1165/1259/1804 1163/1258/1803 1150/1262/1807 
f 1066/1263/1808 1150/1262/1807 1163/1258/1803 
f 1166/1264/1809 1036/1265/1810 919/1266/1811 
f 1130/1267/1812 1036/1268/1813 1166/1264/1814 
f 1166/1264/1814 1072/1269/1815 1130/1267/1812 
f 919/1266/1816 1072/1269/1815 1166/1264/1814 
f 1167/1270/1817 1168/1271/1818 1169/932/1819 
f 1169/932/1819 1137/1272/1820 1167/1270/1817 
f 1170/1273/1821 1137/1272/1820 1169/932/1819 
f 1170/1273/1822 1169/932/1823 1168/1274/1824 
f 1167/1275/1825 1171/1276/1826 1168/1277/1827 
f 1168/1277/1828 1172/1278/1829 1173/1279/1830 
f 1173/1279/1830 1174/1280/1831 1168/1277/1828 
f 1170/1281/1832 1168/1277/1828 1174/1280/1831 
f 1174/1280/1831 1175/1282/1833 1170/1281/1832 
f 1176/1283/1834 1175/1282/1833 1174/1280/1831 
f 1174/1280/1831 1177/1284/1835 1176/1283/1834 
f 1178/1285/1836 1177/1284/1835 1174/1280/1831 
f 1174/1280/1831 1173/1279/1830 1178/1285/1836 
f 1179/1286/1837 1178/1285/1836 1173/1279/1830 
f 1178/1285/1836 1179/1286/1837 1180/1059/1838 
f 1180/1059/1838 1177/1284/1835 1178/1285/1836 
f 1137/1287/1839 1136/1288/1840 1181/932/1841 
f 1181/932/1841 1167/1289/1842 1137/1287/1839 
f 1171/1290/1843 1167/1289/1842 1181/932/1841 
f 1135/1291/1844 1181/932/1845 1136/1288/1846 
f 1171/1290/1847 1181/932/1848 1135/1292/1849 
f 1182/1293/1850 1089/1294/1851 1088/1295/1852 
f 1088/1295/1852 1139/1296/1853 1182/1293/1850 
f 1183/1297/1854 1182/1293/1850 1139/1296/1853 
f 1139/1296/1853 1175/1298/1855 1183/1297/1854 
f 1175/1298/1855 1139/1296/1853 1138/1299/1856 
f 1138/1299/1856 1170/1300/1857 1175/1298/1855 
f 1170/1300/1857 1138/1299/1856 1137/1301/1858 
f 1184/1302/1859 1091/1303/1860 1089/1304/1861 
f 1089/1304/1861 1185/1305/1862 1184/1302/1859 
f 1186/1306/1863 1184/1302/1859 1185/1305/1862 
f 1185/1305/1862 1089/1304/1861 1182/1307/1864 
f 1182/1307/1864 1187/1308/1865 1185/1305/1862 
f 1188/1309/1866 1185/1305/1862 1187/1308/1865 
f 1186/1306/1863 1185/1305/1862 1188/1309/1866 
f 1188/1309/1866 1189/1310/1867 1186/1306/1863 
f 1187/1308/1865 1189/1310/1867 1188/1309/1866 
f 922/1311/1868 813/1312/1869 1190/1313/1870 
f 1190/1313/1870 819/1314/1871 922/1311/1868 
f 812/1315/1872 819/1314/1871 1190/1313/1870 
f 1190/1313/1870 813/1316/1873 812/1315/1872 
f 1191/1317/1874 922/1318/1875 819/1319/1876 
f 819/1319/1876 1192/1320/1877 1191/1317/1874 
f 1192/1320/1877 819/1319/1876 1193/1321/1878 
f 1193/1321/1878 1194/1322/1879 1192/1320/1877 
f 1195/1323/1880 1193/1321/1878 819/1319/1876 
f 819/1319/1876 821/1324/1881 1195/1323/1880 
f 1168/1325/1882 1195/1323/1880 821/1324/1881 
f 1195/1323/1880 1168/1325/1882 1171/1326/1883 
f 1171/1326/1883 1196/1327/1884 1195/1323/1880 
f 1196/1327/1884 1171/1326/1883 1135/1328/1885 
f 1135/1328/1885 1069/1329/1886 1196/1327/1884 
f 1197/1330/1887 1196/1327/1884 1069/1329/1886 
f 1195/1323/1880 1196/1327/1884 1197/1330/1887 
f 1197/1330/1887 1198/1331/1888 1195/1323/1880 
f 1193/1321/1878 1195/1323/1880 1198/1331/1888 
f 1198/1331/1888 1194/1322/1879 1193/1321/1878 
f 1194/1322/1879 1198/1331/1888 1199/1332/1889 
f 1199/1332/1889 1192/1333/1890 1194/1322/1879 
f 1191/1334/1891 1192/1333/1890 1199/1332/1889 
f 1199/1332/1889 1200/1335/1892 1191/1334/1891 
f 1200/1335/1892 1199/1332/1889 1198/1331/1888 
f 1198/1331/1888 1197/1330/1887 1200/1335/1892 
f 1069/1329/1886 1200/1335/1892 1197/1330/1887 
f 1200/1335/1892 1069/1329/1886 920/1336/1893 
f 920/1336/1893 922/1337/1894 1200/1335/1892 
f 1191/1334/1891 1200/1335/1892 922/1337/1894 
f 1201/1338/1895 814/1339/1896 811/1340/1897 
f 811/1340/1897 810/1341/1898 1201/1338/1895 
f 1202/1342/1899 1201/1338/1895 810/1341/1898 
f 1201/1338/1895 1202/1342/1899 1203/1343/1900 
f 1203/1343/1900 1204/1344/1901 1201/1338/1895 
f 1205/1345/1902 1201/1338/1895 1204/1344/1901 
f 1204/1344/1901 749/1346/1903 1205/1345/1902 
f 1206/508/1904 1204/1344/1901 1203/1343/1900 
f 1203/1343/1900 1207/1347/1905 1206/508/1904 
f 1202/1342/1899 1207/1347/1905 1203/1343/1900 
f 1204/1348/1906 1206/508/1904 1207/1347/1905 
f 1207/1347/1905 1202/1342/1899 1204/1348/1906 
f 749/1349/1907 1204/1348/1906 1202/1342/1899 
f 739/1350/1908 749/1349/1909 1208/1351/1910 
f 1208/1351/1910 1209/1352/1911 739/1350/1908 
f 1210/508/1912 1209/1352/1911 1208/1351/1910 
f 1211/1353/1913 739/1350/1908 1209/1352/1911 
f 1209/1352/1911 1210/508/1912 1211/1353/1913 
f 743/1354/1914 739/1350/1908 1211/1353/1913 
f 1211/1353/1913 1212/1355/1915 743/1354/1914 
f 1212/1355/1915 1211/1353/1913 1210/508/1912 
f 1210/508/1912 1208/1356/1916 1212/1355/1915 
f 1202/1357/1917 1212/1355/1915 1208/1356/1916 
f 743/1354/1914 1212/1355/1915 1202/1357/1917 
f 1202/1357/1917 1208/1356/1916 749/1346/1918 
f 1202/1358/1919 810/1359/1920 813/1360/1921 
f 813/1360/1921 1213/1361/1922 1202/1358/1919 
f 1213/1361/1922 813/1360/1921 922/1362/1923 
f 922/1362/1923 1214/508/1924 1213/1361/1922 
f 1215/1363/1925 1214/508/1924 922/1362/1923 
f 922/1362/1923 921/1364/1926 1215/1363/1925 
f 1213/1365/1927 1214/508/1924 1215/1363/1925 
f 1215/1363/1925 743/1366/1928 1213/1365/1927 
f 1202/1367/1929 1213/1365/1927 743/1366/1928 
f 807/1368/1930 1216/1369/1931 748/1370/1932 
f 1216/1369/1933 807/1368/1934 1205/1371/1935 
f 1205/1371/1935 1217/1372/1936 1216/1369/1933 
f 1218/508/1937 1216/1369/1933 1217/1372/1936 
f 1217/1372/1936 1205/1371/1935 1219/1373/1938 
f 1219/1373/1938 1218/508/1937 1217/1372/1936 
f 1219/1373/1938 1205/1371/1935 749/1374/1939 
f 749/1374/1939 748/1375/1940 1219/1373/1938 
f 1216/1376/1941 1219/1373/1938 748/1375/1940 
f 1218/508/1937 1219/1373/1938 1216/1376/1941 
f 1220/1377/1942 807/1378/1943 800/577/1944 
f 800/577/1944 1221/1379/1945 1220/1377/1942 
f 799/1380/1946 1221/1379/1945 800/577/1944 
f 1222/1381/1947 770/1382/1948 758/1383/1949 
f 774/1384/1950 758/1383/1951 761/1385/1952 
f 1223/1386/1953 770/1382/1954 1222/1381/1955 
f 1222/1381/1955 1224/1387/1956 1223/1386/1953 
f 1225/1388/1957 1224/1387/1956 1222/1381/1955 
f 1222/1381/1955 758/1383/1958 1225/1388/1957 
f 774/1384/1959 1225/1388/1957 758/1383/1958 
f 1225/1388/1957 774/1384/1959 782/1389/1960 
f 782/1389/1960 1226/1390/1961 1225/1388/1957 
f 1224/1387/1956 1225/1388/1957 1226/1390/1961 
f 1226/1390/1961 1223/1391/1962 1224/1387/1956 
f 770/1392/1963 1223/1391/1962 1226/1390/1961 
f 1226/1390/1961 782/1389/1960 770/1392/1963 
f 774/1384/1964 761/1385/1965 779/1393/1966 
f 1227/1394/1967 1228/1395/1968 730/1396/1969 
f 1228/1397/1970 1227/1398/1971 1229/1399/1972 
f 1229/1399/1972 1230/1400/1973 1228/1397/1970 
f 1231/589/1974 1228/1397/1970 1230/1400/1973 
f 1230/1400/1973 1232/1401/1975 1231/589/1974 
f 1232/1401/1975 1230/1400/1973 1229/1399/1972 
f 1229/1399/1972 731/1402/1976 1232/1401/1975 
f 730/1396/1977 1232/1401/1975 731/1402/1976 
f 1232/1401/1975 730/1396/1977 1228/1395/1978 
f 1228/1395/1978 1231/589/1974 1232/1401/1975 
f 1233/1403/1979 1234/1404/1980 735/1405/1981 
f 1229/1406/1982 751/596/1983 750/1407/1984 
f 750/1407/1984 1235/590/1985 1229/1406/1982 
f 1236/589/1986 1229/1406/1982 1235/590/1985 
f 1235/590/1985 750/1407/1984 717/1408/1987 
f 717/1408/1987 1237/592/1988 1235/590/1985 
f 1236/589/1986 1235/590/1985 1237/592/1988 
f 1237/592/1988 1229/1409/1989 1236/589/1986 
f 731/1410/1990 1229/1409/1989 1237/592/1988 
f 1237/592/1988 717/1408/1987 731/1410/1990 
f 866/1411/1991 1238/1412/1992 1239/1413/1993 
f 1239/1413/1993 1240/1414/1994 866/1411/1991 
f 1240/1414/1994 1239/1413/1993 1241/589/1995 
f 735/1415/1996 866/1411/1991 1240/1414/1994 
f 1240/1414/1994 1242/1416/1997 735/1415/1996 
f 1242/1416/1997 1240/1414/1994 1241/589/1995 
f 1241/589/1995 1239/1417/1998 1242/1416/1997 
f 1238/1418/1999 1242/1416/1997 1239/1417/1998 
f 1242/1416/1997 1238/1418/1999 1233/1419/2000 
f 1233/1419/2000 735/1415/1996 1242/1416/1997 
f 1243/1420/2001 1238/1421/2002 1244/1422/2003 
f 1244/1422/2003 1245/1423/2004 1243/1420/2001 
f 1246/1424/2005 1245/1423/2004 1244/1422/2003 
f 1244/1422/2003 1247/1425/2006 1246/1424/2005 
f 1248/1426/2007 1249/1427/2008 1250/1428/2009 
f 1250/1428/2009 1251/1429/2010 1248/1426/2007 
f 1252/1430/2011 1251/1429/2010 1250/1428/2009 
f 1252/1431/2012 1250/1432/2013 1253/1433/2014 
f 1253/1433/2014 1254/1434/2015 1252/1431/2012 
f 1254/1434/2015 1253/1433/2014 1255/1435/2016 
f 1246/1436/2017 1247/1437/2018 1249/1438/2019 
f 1249/1438/2019 1256/1439/2020 1246/1436/2017 
f 1256/1439/2020 1249/1438/2019 1248/1440/2021 
f 1257/1441/2022 857/1442/2023 854/1443/2024 
f 854/1443/2024 1258/1444/2025 1257/1441/2022 
f 1255/1445/2026 1257/1441/2022 1258/1444/2025 
f 1258/1444/2025 1259/1446/2027 1255/1445/2026 
f 1260/1447/2028 1259/1446/2027 1258/1444/2025 
f 1258/1444/2025 854/1443/2024 1260/1447/2028 
f 1261/1448/2029 1259/1446/2027 1260/1447/2028 
f 1260/1447/2028 854/1443/2024 1262/1449/2030 
f 1262/1449/2030 1261/1448/2029 1260/1447/2028 
f 1262/1449/2030 854/1443/2024 1263/1450/2031 
f 1259/1446/2027 1261/1448/2029 1262/1451/2032 
f 1262/1451/2032 1255/1445/2026 1259/1446/2027 
f 1255/1445/2026 1262/1451/2032 1263/1452/2033 
f 1264/1453/2034 856/1454/2035 855/1455/2036 
f 855/1455/2036 1265/1456/2037 1264/1453/2034 
f 1265/1456/2037 855/1455/2036 1266/1457/2038 
f 1266/1457/2038 1267/1458/2039 1265/1456/2037 
f 1268/1459/2040 1265/1456/2037 1267/1458/2039 
f 1265/1456/2037 1268/1459/2040 1269/1460/2041 
f 1269/1460/2041 1264/1453/2034 1265/1456/2037 
f 1266/1461/2042 1264/1453/2034 1269/1460/2041 
f 1269/1460/2041 1267/1462/2043 1266/1461/2042 
f 1268/1459/2040 1267/1462/2043 1269/1460/2041 
f 1266/1463/2044 855/1464/2045 1270/1465/2046 
f 1270/1465/2046 1271/1466/2047 1266/1463/2044 
f 1272/1467/2048 1266/1463/2044 1271/1466/2047 
f 1273/1468/2049 1271/1466/2047 1270/1465/2046 
f 1274/1469/2050 1272/1467/2048 1271/1466/2047 
f 1271/1466/2047 1273/1468/2049 1274/1469/2050 
f 1275/1470/2051 865/1471/2052 1244/1472/2053 
f 1276/1473/2054 1277/1474/2055 1247/1475/2056 
f 1247/1475/2056 1244/1476/2057 1276/1473/2054 
f 1278/589/2058 1276/1473/2054 1244/1476/2057 
f 1244/1476/2057 865/1477/2059 1278/589/2058 
f 1276/1478/2060 1278/589/2058 865/1477/2059 
f 865/1477/2059 1277/1479/2061 1276/1478/2060 
f 1279/1480/2062 1280/1481/2063 1249/1482/2064 
f 1249/1482/2064 1247/1483/2065 1279/1480/2062 
f 1281/1484/2066 1279/1480/2062 1247/1483/2065 
f 1247/1483/2065 1277/1485/2067 1281/1484/2066 
f 1279/1480/2062 1281/1484/2066 1282/1486/2068 
f 1282/1486/2068 1283/1487/2069 1279/1480/2062 
f 1284/1488/2070 1283/1487/2069 1282/1486/2068 
f 1282/1486/2068 1281/1484/2066 1284/1488/2070 
f 1279/1489/2071 1283/1487/2069 1284/1488/2070 
f 1285/1490/2072 1284/1488/2070 1281/1484/2066 
f 1281/1484/2066 1277/1485/2067 1285/1490/2072 
f 1279/1489/2071 1284/1488/2070 1285/1490/2072 
f 1285/1490/2072 1277/1485/2067 1279/1489/2071 
f 1280/1491/2073 1279/1489/2071 1277/1485/2067 
f 1286/1492/2074 859/1493/2075 1250/1494/2076 
f 1250/1494/2076 1249/1495/2077 1286/1492/2074 
f 1287/1496/2078 1286/1492/2074 1249/1495/2077 
f 1286/1492/2074 1287/1496/2078 1288/1497/2079 
f 1288/1497/2079 1289/1498/2080 1286/1492/2074 
f 1290/1499/2081 1289/1498/2080 1288/1497/2079 
f 1288/1497/2079 1291/1500/2082 1290/1499/2081 
f 1287/1496/2078 1291/1500/2082 1288/1497/2079 
f 1289/1501/2083 1290/1499/2081 1291/1500/2082 
f 1291/1500/2082 1286/1502/2084 1289/1501/2083 
f 1292/1503/2085 1286/1502/2084 1291/1500/2082 
f 1291/1500/2082 1287/1496/2078 1292/1503/2085 
f 1249/1495/2077 1292/1503/2085 1287/1496/2078 
f 1292/1503/2085 1249/1495/2077 1280/1504/2086 
f 1280/1504/2086 859/1505/2087 1292/1503/2085 
f 1286/1502/2084 1292/1503/2085 859/1505/2087 
f 1293/1506/2088 857/1507/2089 1253/1508/2090 
f 1253/1508/2090 1250/1509/2091 1293/1506/2088 
f 1294/1510/2092 1293/1506/2088 1250/1509/2091 
f 1295/589/2093 1293/1506/2088 1294/1510/2092 
f 859/1511/2094 1294/1510/2092 1250/1509/2091 
f 1296/1512/2095 1295/589/2093 1294/1510/2092 
f 1294/1510/2092 859/1511/2094 1296/1512/2095 
f 857/1513/2096 1296/1512/2095 859/1511/2094 
f 1293/1514/2097 1296/1512/2095 857/1513/2096 
f 1296/1512/2098 1293/1514/2099 1295/589/2100 
f 1297/1515/2101 1257/1516/2102 1255/1517/2103 
f 1255/1517/2103 1298/1518/2104 1297/1515/2101 
f 1298/1518/2104 1255/1517/2103 1253/1519/2105 
f 1299/508/2106 1297/1515/2101 1298/1518/2104 
f 857/1520/2107 1298/1518/2104 1253/1519/2105 
f 1300/1521/2108 1299/508/2106 1298/1518/2104 
f 1298/1518/2104 857/1520/2107 1300/1521/2108 
f 1297/1522/2109 1299/508/2106 1300/1521/2108 
f 1300/1521/2108 1257/1523/2110 1297/1522/2109 
f 1257/1523/2110 1300/1521/2108 857/1520/2107 
f 1301/1524/2111 856/1525/2112 1302/1526/2113 
f 1302/1526/2113 1303/1527/2114 1301/1524/2111 
f 1303/1527/2114 1302/1526/2113 1263/1528/2115 
f 1304/1529/2116 1301/1524/2111 1303/1527/2114 
f 854/1530/2117 1303/1527/2114 1263/1528/2115 
f 1305/1531/2118 1304/1529/2116 1303/1527/2114 
f 1303/1527/2114 854/1530/2117 1305/1531/2118 
f 1301/1532/2119 1304/1529/2116 1305/1531/2118 
f 1305/1531/2118 856/1533/2120 1301/1532/2119 
f 854/1530/2117 856/1533/2120 1305/1531/2118 
f 1306/1534/2121 1255/1535/2122 1263/1536/2123 
f 1263/1536/2123 1302/1537/2124 1306/1534/2121 
f 745/642/2125 740/1538/2126 741/1539/2127 
f 741/1539/2127 1307/1540/2128 745/642/2125 
f 1308/1541/2129 1307/1540/2128 741/1539/2127 
f 792/1542/2130 745/642/2125 1307/1540/2128 
f 792/1543/2131 1308/1544/2132 1309/1545/2133 
f 1309/1545/2133 725/1546/2134 792/1543/2131 
f 1310/508/2135 792/1543/2131 725/1546/2134 
f 725/1546/2134 724/1547/2136 1310/508/2135 
f 782/906/2137 792/1543/2131 1310/508/2135 
f 745/1548/2138 792/1543/2139 746/1549/2140 
f 792/1543/2141 782/1550/2142 1311/1551/2143 
f 1311/1551/2143 787/1552/2144 792/1543/2141 
f 787/1552/2144 1311/1551/2143 782/1553/2145 
f 1312/508/2146 744/1554/2147 743/1555/2148 
f 743/1555/2148 1215/1556/2149 1312/508/2146 
f 921/1557/2150 1312/508/2146 1215/1556/2149 
f 744/1558/2151 1312/508/2146 921/1557/2150 
f 737/535/2152 736/534/2153 924/1559/2154 
f 924/1559/2154 738/1560/2155 737/535/2152 
f 1313/1561/2156 741/1562/2157 738/1560/2158 
f 738/1560/2158 924/1559/2159 1313/1561/2156 
f 1307/1540/2160 1308/1541/2161 792/1563/2162 
f 1314/513/2163 1309/1564/2164 1308/1565/2165 
f 1315/1566/2166 1309/1564/2167 1314/513/2168 
f 1314/513/2168 1313/1567/2169 1315/1566/2166 
f 741/1568/2170 1313/1567/2169 1314/513/2168 
f 1314/513/2168 1308/1569/2171 741/1568/2170 
f 1277/1570/2172 865/1571/2173 863/1572/2174 
f 863/1572/2174 1316/1573/2175 1277/1570/2172 
f 858/1574/2176 1316/1573/2175 863/1572/2174 
f 1277/1570/2172 1316/1573/2175 1317/1575/2177 
f 1317/1575/2177 1280/1576/2178 1277/1570/2172 
f 1318/1577/2179 1317/1575/2177 1316/1573/2175 
f 1319/1578/2180 1280/1576/2178 1317/1575/2177 
f 1317/1575/2177 1318/1577/2179 1319/1578/2180 
f 859/1579/2181 1280/1576/2178 1319/1578/2180 
f 1319/1580/2182 1318/1577/2179 1316/1573/2175 
f 1316/1573/2175 858/1574/2176 1319/1580/2182 
f 859/1581/2183 1319/1580/2182 858/1574/2176 
f 1320/1582/2184 1321/1583/2185 1322/1584/2186 
f 953/1585/2187 970/1586/2188 1323/1587/2189 
f 1323/1587/2189 1324/1588/2190 953/1585/2187 
f 952/1589/2191 953/1585/2187 1324/1588/2190 
f 1325/1590/2192 1324/1588/2190 1323/1587/2189 
f 1326/1591/2193 952/1589/2191 1324/1588/2190 
f 1324/1588/2190 1325/1590/2192 1326/1591/2193 
f 1327/1592/2194 950/1593/2195 949/1594/2196 
f 949/1594/2196 952/1595/2197 1327/1592/2194 
f 1328/1596/2198 937/1597/2199 939/1598/2200 
f 939/1598/2200 940/1599/2201 1328/1596/2198 
f 945/1600/2202 948/1601/2203 1329/1602/2204 
f 1329/1602/2204 1330/1603/2205 945/1600/2202 
f 943/1604/2206 945/1600/2202 1330/1603/2205 
f 1331/1605/2207 1330/1603/2205 1329/1602/2204 
f 1332/1606/2208 943/1604/2206 1330/1603/2205 
f 1330/1603/2205 1331/1605/2207 1332/1606/2208 
f 1333/1607/2209 1332/1606/2208 1331/1605/2207 
f 1332/1606/2208 1333/1607/2209 1334/1608/2210 
f 1334/1608/2210 943/1604/2206 1332/1606/2208 
f 944/1609/2211 943/1604/2206 1334/1608/2210 
f 1334/1608/2210 1335/1610/2212 944/1609/2211 
f 1333/1607/2209 1335/1610/2212 1334/1608/2210 
f 917/1611/2213 914/1612/2214 1336/1613/2215 
f 1336/1613/2216 914/1614/2217 916/1615/2218 
f 916/1615/2218 923/1616/2219 1336/1613/2216 
f 926/1617/2220 916/1618/2221 1337/1619/2222 
f 1337/1619/2222 912/1620/2223 926/1617/2220 
f 911/1621/2224 912/1620/2223 1337/1619/2222 
f 1337/1619/2222 916/1622/2225 911/1621/2224 
f 1336/1613/2226 923/1616/2227 917/1623/2228 
f 1338/1624/2229 1339/1625/2230 1340/1626/2231 
f 1340/1626/2231 1341/1627/2232 1338/1624/2229 
f 1342/1628/2233 1341/1627/2232 1340/1626/2231 
f 1340/1626/2231 1343/1629/2234 1342/1628/2233 
f 1344/1630/2235 1343/1629/2234 1340/1626/2231 
f 1345/1631/2236 1342/1628/2233 1343/1629/2234 
f 1343/1629/2234 1344/1630/2235 1346/1632/2237 
f 1347/1633/2238 1345/1631/2236 1343/1629/2234 
f 1343/1629/2234 1348/1634/2239 1347/1633/2238 
f 1349/1635/2240 1345/1631/2236 1347/1633/2238 
f 1347/1633/2238 1348/1634/2239 1350/1636/2241 
f 1351/1637/2242 1349/1635/2240 1347/1633/2238 
f 1347/1633/2238 1352/1638/2243 1351/1637/2242 
f 1353/1639/2244 1354/1640/2245 1355/1641/2246 
f 1355/1641/2246 1356/1642/2247 1353/1639/2244 
f 1357/1643/2248 1358/1644/2249 1359/1645/2250 
f 1359/1645/2250 1360/1646/2251 1357/1643/2248 
f 1361/1647/2252 1357/1643/2248 1360/1646/2251 
f 1358/1648/2253 1357/1643/2248 1361/1647/2252 
f 1361/1647/2252 1362/1649/2254 1358/1648/2253 
f 1363/1650/2255 1362/1649/2254 1361/1647/2252 
f 1361/1647/2252 1360/1646/2251 1363/1650/2255 
f 1364/1651/2256 1363/1650/2255 1360/1646/2251 
f 1365/1652/2257 1362/1649/2258 1366/1653/2259 
f 1366/1653/2259 1367/1654/2260 1365/1652/2257 
f 1367/1654/2260 1366/1653/2259 1368/1655/2261 
f 1368/1655/2261 1349/1656/2262 1367/1654/2260 
f 1369/1657/2263 1349/1656/2262 1368/1655/2261 
f 1368/1655/2261 1370/1658/2264 1369/1657/2263 
f 1349/1659/2265 1369/1657/2263 1370/1658/2264 
f 1370/1658/2264 1345/1660/2266 1349/1659/2265 
f 1371/1643/2267 1372/1661/2268 1373/1662/2269 
f 1374/925/2270 1375/1663/2271 1376/1664/2272 
f 1377/1643/2273 1378/1665/2274 1379/1666/2275 
f 1379/1666/2275 1380/1667/2276 1377/1643/2273 
f 1381/1668/2277 1380/1667/2276 1379/1666/2275 
f 1378/1669/2278 1377/1643/2273 1380/1667/2276 
f 1380/1667/2276 1381/1668/2277 1382/1670/2279 
f 1383/1671/2280 1378/1669/2278 1380/1667/2276 
f 1355/1672/2281 1380/1667/2276 1382/1670/2279 
f 1354/1649/2282 1383/1671/2280 1380/1667/2276 
f 1380/1667/2276 1355/1672/2281 1354/1649/2282 
f 1384/1673/2283 1383/1671/2280 1354/1649/2282 
f 1354/1649/2282 1385/1674/2284 1384/1673/2283 
f 1386/1675/2285 1384/1673/2283 1385/1674/2284 
f 1385/1674/2284 1387/1676/2286 1386/1675/2285 
f 1387/1676/2286 1385/1674/2284 1388/1677/2287 
f 1388/1677/2287 1389/1657/2288 1387/1676/2286 
f 1389/1657/2288 1388/1677/2287 995/1659/2289 
f 1355/1672/2281 1382/1670/2279 1390/1651/2290 
f 1391/1639/2291 1392/1678/2292 1393/1679/2293 
f 1393/1679/2293 1394/1680/2294 1391/1639/2291 
f 1395/1681/2295 1396/925/2296 1397/1682/2297 
f 1398/956/2298 992/1683/2299 986/1684/2300 
f 986/1684/2300 1399/1685/2301 1398/956/2298 
f 1400/1686/2302 1398/956/2298 1399/1685/2301 
f 1398/956/2298 1400/1686/2302 1401/1687/2303 
f 1401/1687/2303 1402/1688/2304 1398/956/2298 
f 1403/1689/2305 1402/1688/2304 1401/1687/2303 
f 1401/1687/2303 1404/938/2306 1403/1689/2305 
f 1405/1690/2307 1403/1689/2305 1404/938/2306 
f 1404/938/2306 1401/1691/2308 1405/1690/2307 
f 1406/1692/2309 1401/1687/2303 1400/1686/2302 
f 1400/1686/2302 1399/1685/2301 1406/1692/2309 
f 986/1693/2310 1406/1692/2309 1399/1685/2301 
f 1407/956/2311 1342/1694/2312 1345/1695/2313 
f 1345/1695/2313 1408/1685/2314 1407/956/2311 
f 1409/1696/2315 1407/956/2311 1408/1685/2314 
f 1408/1685/2314 1410/1697/2316 1409/1696/2315 
f 1411/1698/2317 1409/1696/2315 1410/1697/2316 
f 1409/1696/2315 1411/1698/2317 1412/1699/2318 
f 1412/1699/2318 1413/1700/2319 1409/1696/2315 
f 1412/1699/2318 1411/1698/2317 1414/1701/2320 
f 1414/1701/2320 1413/1700/2319 1412/1699/2318 
f 1415/1702/2321 1414/1701/2320 1411/1698/2317 
f 1411/1698/2317 1416/1703/2322 1415/1702/2321 
f 1414/1701/2320 1415/1702/2321 1417/938/2323 
f 1417/938/2323 1418/1704/2324 1414/1701/2320 
f 1413/1700/2319 1414/1701/2320 1418/1704/2324 
f 1418/1704/2324 1417/938/2323 1415/1705/2325 
f 1415/1705/2325 1416/1706/2326 1418/1704/2324 
f 1413/1700/2319 1418/1704/2324 1416/1706/2326 
f 1419/1707/2327 1372/1708/2328 1413/1700/2329 
f 1413/1700/2329 1375/1709/2330 1419/1707/2327 
f 1374/925/2331 1419/1707/2327 1375/1709/2330 
f 1419/1707/2327 1374/925/2331 1376/1664/2332 
f 1376/1664/2332 1420/1710/2333 1419/1707/2327 
f 1372/1708/2328 1419/1707/2327 1420/1710/2333 
f 1420/1710/2333 1373/927/2334 1372/1708/2328 
f 1375/1663/2335 1420/1710/2333 1376/1664/2332 
f 1398/1711/2336 1421/1712/2337 1422/1713/2338 
f 1422/1713/2338 992/1714/2339 1398/1711/2336 
f 1423/1715/2340 1424/1716/2341 1425/1717/2342 
f 1425/1717/2342 1426/1718/2343 1423/1715/2340 
f 1427/1719/2344 1426/1718/2343 1425/1717/2342 
f 1425/1717/2342 1424/1720/2345 1427/1719/2344 
f 1426/1718/2343 1427/1719/2344 1428/1721/2346 
f 1428/1721/2346 1429/1722/2347 1426/1718/2343 
f 1430/1657/2348 1429/1722/2347 1428/1721/2346 
f 1428/1721/2346 1341/1723/2349 1430/1657/2348 
f 1341/1723/2349 1428/1721/2346 1338/1724/2350 
f 1429/1725/2351 1430/1657/2348 1341/1723/2349 
f 1431/1726/2352 1427/1719/2344 1424/1720/2345 
f 1424/1720/2345 1432/1727/2353 1431/1726/2352 
f 1433/1728/2354 1432/1727/2353 1424/1720/2345 
f 1434/1729/2355 1431/1726/2352 1432/1727/2353 
f 1435/1730/2356 1432/1727/2353 1433/1728/2354 
f 1436/1731/2357 1434/1729/2355 1432/1727/2353 
f 1432/1727/2353 1437/1732/2358 1436/1731/2357 
f 1438/1733/2359 1437/1732/2358 1432/1727/2353 
f 1432/1727/2353 1435/1730/2356 1438/1733/2359 
f 1433/1734/2360 1438/1733/2359 1435/1730/2356 
f 1438/1733/2359 1433/1734/2360 1373/1662/2361 
f 1373/1662/2361 1437/1732/2358 1438/1733/2359 
f 1371/1643/2362 1373/1662/2361 1433/1734/2360 
f 1433/1734/2360 1372/1735/2363 1371/1643/2362 
f 1372/1735/2363 1433/1734/2360 1424/1736/2364 
f 1424/1736/2364 1423/1737/2365 1372/1735/2363 
f 1413/1738/2366 1372/1735/2363 1423/1737/2365 
f 1423/1737/2365 1439/1739/2367 1413/1738/2366 
f 1409/1740/2368 1439/1739/2367 1423/1737/2365 
f 1423/1737/2365 1426/1741/2369 1409/1740/2368 
f 1407/1742/2370 1409/1740/2368 1426/1741/2369 
f 1426/1741/2369 1440/1657/2371 1407/1742/2370 
f 1429/1658/2372 1440/1657/2371 1426/1741/2369 
f 1342/1743/2373 1407/1742/2370 1440/1657/2371 
f 1342/1659/2374 1440/1657/2371 1429/1658/2372 
f 1429/1658/2372 1341/1660/2375 1342/1659/2374 
f 1365/1652/2376 1367/1744/2377 1358/1648/2378 
f 1358/1648/2378 1362/1649/2379 1365/1652/2376 
f 1441/1745/2380 1442/1746/2381 1443/938/2382 
f 1444/1747/2383 1445/1748/2384 1446/938/2385 
f 1408/1685/2386 1345/958/2387 1410/1697/2388 
f 1447/1749/2389 1345/1750/2390 1370/1751/2391 
f 1370/1751/2391 1411/1752/2392 1447/1749/2389 
f 1389/1657/2393 995/1743/2394 1387/1676/2395 
f 1448/1685/2396 994/1753/2397 1449/1754/2398 
f 1449/1754/2398 1386/1755/2399 1448/1685/2396 
f 1450/1749/2400 992/1750/2401 1421/1756/2402 
f 1451/1757/2403 1349/1758/2404 1351/1759/2405 
f 1351/1759/2405 1452/1760/2406 1451/1757/2403 
f 1388/1761/2407 1451/1757/2403 1452/1760/2406 
f 1452/1760/2406 995/1762/2408 1388/1761/2407 
f 993/1763/2409 995/1762/2408 1452/1760/2406 
f 1452/1760/2406 1453/1764/2410 993/1763/2409 
f 997/1765/2411 993/1763/2409 1453/1764/2410 
f 1453/1764/2410 1452/1760/2406 1454/1766/2412 
f 1454/1766/2412 1455/1767/2413 1453/1764/2410 
f 1456/1768/2414 1454/1766/2412 1452/1760/2406 
f 1452/1760/2406 1457/1768/2415 1456/1768/2414 
f 1457/1768/2415 1452/1760/2406 1351/1759/2405 
f 1351/1759/2405 1456/1768/2416 1457/1768/2415 
f 1456/1768/2416 1351/1759/2405 1458/1769/2417 
f 1354/1770/2418 1353/1639/2419 1356/1642/2420 
f 1356/1642/2420 1442/1771/2421 1354/1770/2418 
f 1459/1772/2422 1354/1770/2418 1442/1771/2421 
f 1385/1773/2423 1354/1770/2418 1459/1772/2422 
f 1459/1772/2422 1442/1771/2421 1441/1774/2424 
f 1441/1774/2424 1385/1775/2425 1459/1772/2422 
f 1460/1776/2426 1385/1775/2425 1441/1774/2424 
f 1441/1774/2424 1451/1777/2427 1460/1776/2426 
f 1388/1778/2428 1385/1775/2425 1460/1776/2426 
f 1460/1776/2426 1461/1749/2429 1388/1778/2428 
f 1462/1779/2430 1461/1749/2429 1460/1776/2426 
f 1460/1776/2426 1451/1777/2427 1462/1779/2430 
f 1388/1780/2431 1461/1749/2429 1462/1779/2430 
f 1462/1779/2430 1451/1777/2427 1388/1780/2431 
f 1356/1642/2432 1390/1781/2433 1463/1782/2434 
f 1463/1782/2434 1464/1783/2435 1356/1642/2432 
f 1355/1641/2436 1390/1781/2433 1356/1642/2432 
f 1392/1784/2437 1391/1639/2438 1394/1680/2439 
f 1394/1680/2439 1465/1785/2440 1392/1784/2437 
f 1465/1785/2440 1394/1680/2439 1445/1786/2441 
f 1445/1786/2441 1466/1772/2442 1465/1785/2440 
f 1466/1772/2442 1445/1786/2441 1444/1787/2443 
f 1444/1787/2443 1467/1788/2444 1466/1772/2442 
f 1421/1756/2445 1467/1788/2444 1444/1787/2443 
f 1444/1787/2443 1450/1749/2446 1421/1756/2445 
f 1450/1749/2446 1444/1787/2443 1449/1789/2447 
f 1449/1789/2447 992/1780/2448 1450/1749/2446 
f 992/1780/2448 1449/1789/2447 994/1790/2449 
f 1468/1791/2450 1469/1783/2451 1394/1680/2452 
f 1394/1680/2452 1393/1679/2453 1468/1791/2450 
f 1465/1640/2454 1393/1679/2455 1392/1678/2456 
f 1386/1755/2457 1449/1754/2458 1444/1792/2459 
f 1444/1792/2459 1446/938/2460 1386/1755/2457 
f 1383/951/2461 1386/1755/2457 1446/938/2460 
f 1446/938/2460 1445/1748/2462 1383/951/2461 
f 1470/925/2463 1383/951/2461 1445/1748/2462 
f 1378/1793/2464 1383/951/2461 1470/925/2463 
f 1470/925/2463 1471/1794/2465 1378/1793/2464 
f 1381/927/2466 1378/1793/2464 1471/1794/2465 
f 1471/1794/2465 1469/928/2467 1381/927/2466 
f 1394/1795/2468 1469/928/2467 1471/1794/2465 
f 1471/1794/2465 1470/925/2463 1394/1795/2468 
f 1445/931/2469 1394/1795/2468 1470/925/2463 
f 1448/1685/2470 1386/1755/2471 1387/956/2472 
f 1387/956/2472 995/1694/2473 1448/1685/2470 
f 994/1796/2474 1448/1685/2470 995/1694/2473 
f 1472/1685/2475 1349/1797/2476 1451/1798/2477 
f 1395/1681/2478 1397/1682/2479 1473/1795/2480 
f 1473/1795/2480 1474/1799/2481 1395/1681/2478 
f 1475/1800/2482 1395/1681/2478 1474/1799/2481 
f 1396/925/2483 1395/1681/2478 1475/1800/2482 
f 1475/1800/2482 1397/1801/2484 1396/925/2483 
f 1476/1802/2485 1397/1801/2484 1475/1800/2482 
f 1477/1803/2486 1476/1804/2487 1475/1805/2488 
f 1475/1805/2488 1478/1806/2489 1477/1803/2486 
f 1479/1807/2490 1478/1806/2489 1475/1805/2488 
f 1475/1805/2488 1474/1808/2491 1479/1807/2490 
f 1477/1809/2492 1478/1806/2489 1479/1807/2490 
f 1479/1807/2490 1476/1810/2493 1477/1809/2492 
f 1465/1811/2494 1476/1810/2493 1479/1807/2490 
f 1479/1807/2490 1393/1812/2495 1465/1811/2494 
f 1393/1812/2495 1479/1807/2490 1474/1808/2491 
f 1474/1808/2491 1468/1813/2496 1393/1812/2495 
f 1476/1810/2493 1465/1811/2494 1467/1814/2497 
f 1467/1814/2497 1405/1815/2498 1476/1810/2493 
f 1402/1816/2499 1405/1815/2498 1467/1814/2497 
f 1467/1814/2497 1421/1712/2500 1402/1816/2499 
f 1480/1817/2501 1405/1815/2498 1402/1816/2499 
f 1402/1816/2499 1403/1818/2502 1480/1817/2501 
f 1405/1819/2503 1480/1817/2501 1403/1818/2502 
f 1398/1711/2504 1402/1816/2499 1421/1712/2500 
f 1422/1713/2505 1421/1712/2506 992/1820/2507 
f 1379/1666/2508 1378/1665/2509 1381/1668/2510 
f 1464/1710/2511 1360/927/2512 1359/1793/2513 
f 1359/1793/2513 1481/1821/2514 1464/1710/2511 
f 1356/1822/2515 1464/1710/2511 1481/1821/2514 
f 1481/1821/2514 1482/1823/2516 1356/1822/2515 
f 1442/1746/2517 1482/1823/2516 1481/1821/2514 
f 1481/1821/2514 1359/1793/2513 1442/1746/2517 
f 1358/951/2518 1442/1746/2517 1359/1793/2513 
f 1443/938/2519 1442/1746/2517 1358/951/2518 
f 1358/951/2518 1367/1824/2520 1443/938/2519 
f 1441/1698/2521 1443/938/2519 1367/1824/2520 
f 1367/1824/2520 1483/1825/2522 1441/1698/2521 
f 1349/1797/2523 1483/1825/2522 1367/1824/2520 
f 1451/1826/2524 1441/1698/2521 1483/1825/2522 
f 1483/1825/2522 1349/1797/2523 1472/1685/2525 
f 1472/1685/2525 1451/1826/2524 1483/1825/2522 
f 1482/1823/2516 1442/1746/2517 1356/1827/2526 
f 1484/1782/2527 1420/1783/2528 1375/1828/2529 
f 1375/1828/2529 1485/1829/2530 1484/1782/2527 
f 1362/1830/2531 1485/1829/2530 1375/1828/2529 
f 1375/1828/2529 1413/1786/2532 1362/1830/2531 
f 1416/1831/2533 1362/1830/2531 1413/1786/2532 
f 1486/1772/2534 1362/1830/2531 1416/1831/2533 
f 1416/1831/2533 1368/1832/2535 1486/1772/2534 
f 1368/1832/2535 1416/1831/2533 1411/1752/2536 
f 1411/1752/2536 1370/1751/2537 1368/1832/2535 
f 1447/1749/2538 1411/1752/2539 1410/1789/2540 
f 1410/1789/2540 1345/1833/2541 1447/1749/2538 
f 1366/1834/2542 1362/1830/2531 1486/1772/2534 
f 1486/1772/2534 1368/1835/2543 1366/1834/2542 
f 1485/1829/2530 1362/1830/2531 1487/1639/2544 
f 1487/1639/2544 1488/1836/2545 1485/1829/2530 
f 1484/1782/2527 1485/1829/2530 1488/1836/2545 
f 1488/1836/2545 1487/1639/2544 1489/1837/2546 
f 1489/1837/2546 1484/1782/2527 1488/1836/2545 
f 1364/1781/2547 1484/1782/2527 1489/1837/2546 
f 1489/1837/2546 1363/1838/2548 1364/1781/2547 
f 1363/1838/2548 1489/1837/2546 1487/1639/2544 
f 1487/1639/2544 1362/1640/2549 1363/1838/2548 
f 1439/1739/2550 1409/1740/2551 1413/1839/2552 
f 1386/1840/2553 1383/1671/2554 1384/1673/2555 
f 1466/1772/2556 1467/1841/2557 1465/1785/2558 
f 1490/1842/2559 1491/1843/2560 1492/1844/2561 
f 1492/1844/2561 1493/1845/2562 1490/1842/2559 
f 1493/1845/2562 1492/1844/2561 1494/1846/2563 
f 1494/1846/2563 1495/1847/2564 1493/1845/2562 
f 1496/1848/2565 1497/1849/2566 1498/1850/2567 
f 1498/1850/2567 1499/1851/2568 1496/1848/2565 
f 1500/1852/2569 1496/1848/2565 1499/1851/2568 
f 1501/1853/2570 1496/1848/2565 1500/1852/2569 
f 1500/1852/2569 1502/1854/2571 1501/1853/2570 
f 1503/1855/2572 1501/1853/2570 1502/1854/2571 
f 1504/1856/2573 1502/1854/2571 1500/1852/2569 
f 1500/1852/2569 1499/1851/2568 1504/1856/2573 
f 1505/1857/2574 1504/1856/2573 1499/1851/2568 
f 1499/1851/2568 1498/1850/2567 1505/1857/2574 
f 1490/1858/2575 1505/1857/2574 1498/1850/2567 
f 1505/1857/2574 1490/1858/2575 1493/1859/2576 
f 1493/1859/2576 1506/1860/2577 1505/1857/2574 
f 1506/1860/2577 1493/1859/2576 1495/1861/2578 
f 1505/1857/2574 1506/1860/2577 1507/1862/2579 
f 1507/1862/2579 1504/1856/2573 1505/1857/2574 
f 1504/1856/2573 1507/1862/2579 1508/1863/2580 
f 1508/1863/2580 1502/1854/2571 1504/1856/2573 
f 1508/1863/2580 1507/1862/2579 1509/1864/2581 
f 1509/1864/2581 1502/1854/2571 1508/1863/2580 
f 1503/1855/2572 1502/1854/2571 1509/1864/2581 
f 1509/1864/2581 1501/1865/2582 1503/1855/2572 
f 1496/1866/2583 1501/1865/2582 1509/1864/2581 
f 1509/1864/2581 1510/1867/2584 1496/1866/2583 
f 1497/1868/2585 1496/1866/2583 1510/1867/2584 
f 1510/1867/2584 1511/1869/2586 1497/1868/2585 
f 1512/1870/2587 1497/1868/2585 1511/1869/2586 
f 1511/1869/2586 1513/1871/2588 1512/1870/2587 
f 1514/1872/2589 1512/1870/2587 1513/1871/2588 
f 1515/1873/2590 1513/1871/2588 1511/1869/2586 
f 1511/1869/2586 1516/1874/2591 1515/1873/2590 
f 1516/1874/2591 1511/1869/2586 1510/1867/2584 
f 1510/1867/2584 1517/1875/2592 1516/1874/2591 
f 1517/1875/2592 1510/1867/2584 1509/1864/2581 
f 1509/1864/2581 1518/1876/2593 1517/1875/2592 
f 1518/1876/2593 1509/1864/2581 1507/1862/2579 
f 1507/1862/2579 1506/1860/2577 1518/1876/2593 
f 1519/1877/2594 1518/1876/2593 1506/1860/2577 
f 1506/1860/2577 1495/1861/2578 1519/1877/2594 
f 1517/1875/2592 1518/1876/2593 1519/1877/2594 
f 1520/1878/2595 1519/1877/2594 1495/1861/2578 
f 1495/1861/2578 1521/1879/2596 1520/1878/2595 
f 1517/1875/2592 1519/1877/2594 1520/1878/2595 
f 1520/1878/2595 1516/1874/2591 1517/1875/2592 
f 1516/1874/2591 1520/1878/2595 1522/1880/2597 
f 1522/1880/2597 1515/1873/2590 1516/1874/2591 
f 1522/1880/2597 1520/1878/2595 1521/1879/2596 
f 1521/1879/2596 1523/1881/2598 1522/1880/2597 
f 1515/1873/2590 1522/1880/2597 1523/1881/2598 
f 1523/1881/2598 1524/1882/2599 1515/1873/2590 
f 1525/1883/2600 1515/1873/2590 1524/1882/2599 
f 1513/1871/2588 1515/1873/2590 1525/1883/2600 
f 1525/1883/2600 1526/1884/2601 1513/1871/2588 
f 1514/1872/2589 1513/1871/2588 1526/1884/2601 
f 1526/1884/2601 1525/1883/2600 1527/1885/2602 
f 1514/1872/2589 1526/1884/2601 1528/1886/2603 
f 1528/1886/2603 1529/1887/2604 1514/1872/2589 
f 1530/1888/2605 1514/1872/2589 1529/1887/2604 
f 1529/1887/2604 1528/1886/2603 1531/1889/2606 
f 1531/1889/2606 1532/1890/2607 1529/1887/2604 
f 1530/1888/2605 1529/1887/2604 1532/1890/2607 
f 1533/1891/2608 1532/1890/2607 1531/1889/2606 
f 1534/1892/2609 1530/1888/2605 1532/1890/2607 
f 1532/1890/2607 1533/1891/2608 1534/1892/2609 
f 1530/1888/2605 1534/1892/2609 1535/1893/2610 
f 1535/1893/2610 1536/1894/2611 1530/1888/2605 
f 1537/1895/2612 1530/1888/2605 1536/1894/2611 
f 1536/1894/2611 1538/1896/2613 1537/1895/2612 
f 1539/1897/2614 1537/1895/2612 1538/1896/2613 
f 1540/1898/2615 1538/1896/2613 1536/1894/2611 
f 1541/1899/2616 1536/1894/2611 1535/1893/2610 
f 1535/1893/2610 1542/1900/2617 1541/1899/2616 
f 1543/1901/2618 1542/1900/2617 1535/1893/2610 
f 1535/1893/2610 1534/1892/2609 1543/1901/2618 
f 1544/1902/2619 1543/1901/2618 1534/1892/2609 
f 1534/1892/2609 1533/1891/2608 1544/1902/2619 
f 1545/1903/2620 1544/1902/2619 1533/1891/2608 
f 1533/1891/2608 1546/1904/2621 1545/1903/2620 
f 1547/1905/2622 1545/1903/2620 1546/1904/2621 
f 1548/1906/2623 1544/1902/2619 1545/1903/2620 
f 1545/1903/2620 1549/1907/2624 1548/1906/2623 
f 1549/1907/2624 1545/1903/2620 1550/1908/2625 
f 1551/1909/2626 1548/1906/2623 1549/1907/2624 
f 1552/1910/2627 1544/1902/2619 1548/1906/2623 
f 1548/1906/2623 1553/1911/2628 1552/1910/2627 
f 1554/1912/2629 1553/1911/2628 1548/1906/2623 
f 1548/1906/2623 1555/1913/2630 1554/1912/2629 
f 1553/1911/2628 1554/1912/2629 1556/1914/2631 
f 1556/1914/2631 1557/1915/2632 1553/1911/2628 
f 1558/1916/2633 1553/1911/2628 1557/1915/2632 
f 1557/1915/2632 1559/1917/2634 1558/1916/2633 
f 1560/1918/2635 1558/1916/2633 1559/1917/2634 
f 1558/1916/2633 1560/1918/2635 1561/1919/2636 
f 1561/1919/2636 1553/1911/2628 1558/1916/2633 
f 1562/1918/2637 1561/1919/2636 1560/1918/2635 
f 1553/1911/2628 1561/1919/2636 1563/1920/2638 
f 1563/1920/2638 1564/1921/2639 1553/1911/2628 
f 1552/1910/2627 1553/1911/2628 1564/1921/2639 
f 1564/1921/2639 1565/1922/2640 1552/1910/2627 
f 1566/1923/2641 1552/1910/2627 1565/1922/2640 
f 1544/1902/2619 1552/1910/2627 1566/1923/2641 
f 1566/1923/2641 1543/1901/2618 1544/1902/2619 
f 1567/1924/2642 1543/1901/2618 1566/1923/2641 
f 1566/1923/2641 1565/1922/2640 1567/1924/2642 
f 1542/1900/2617 1543/1901/2618 1567/1924/2642 
f 1567/1924/2642 1565/1922/2640 1568/1925/2643 
f 1569/1926/2644 1542/1900/2617 1567/1924/2642 
f 1567/1924/2642 1568/1925/2643 1569/1926/2644 
f 1570/1927/2645 1569/1926/2644 1568/1925/2643 
f 1542/1900/2617 1569/1926/2644 1571/1928/2646 
f 1571/1928/2646 1572/1929/2647 1542/1900/2617 
f 1573/1930/2648 1542/1900/2617 1572/1929/2647 
f 1572/1929/2647 1574/1931/2649 1573/1930/2648 
f 1575/1932/2650 1573/1930/2648 1574/1931/2649 
f 1540/1898/2615 1573/1930/2648 1575/1932/2650 
f 1576/1933/2651 1575/1932/2650 1574/1931/2649 
f 1540/1898/2615 1575/1932/2650 1577/1934/2652 
f 1577/1934/2652 1538/1896/2613 1540/1898/2615 
f 1578/1935/2653 1577/1934/2652 1575/1932/2650 
f 1575/1932/2650 1576/1933/2651 1578/1935/2653 
f 1579/1936/2654 1578/1935/2653 1576/1933/2651 
f 1578/1935/2653 1579/1936/2654 1339/1937/2655 
f 1339/1937/2655 1338/1938/2656 1578/1935/2653 
f 1577/1934/2652 1578/1935/2653 1338/1938/2656 
f 1338/1938/2656 1428/1939/2657 1577/1934/2652 
f 1538/1896/2613 1577/1934/2652 1427/1940/2658 
f 1427/1940/2658 1431/1941/2659 1538/1896/2613 
f 1580/1942/2660 1538/1896/2613 1431/1941/2659 
f 1539/1897/2614 1538/1896/2613 1580/1942/2660 
f 1580/1942/2660 1581/1943/2661 1539/1897/2614 
f 1581/1943/2661 1580/1942/2660 1431/1941/2659 
f 1431/1941/2659 1582/1944/2662 1581/1943/2661 
f 1582/1944/2662 1431/1941/2659 1434/1945/2663 
f 1434/1945/2663 1583/1946/2664 1582/1944/2662 
f 1583/1946/2664 1434/1945/2663 1436/1947/2665 
f 1436/1947/2665 1584/1948/2666 1583/1946/2664 
f 1585/1949/2667 1583/1946/2664 1584/1948/2666 
f 1583/1946/2664 1585/1949/2667 1586/1950/2668 
f 1586/1950/2668 1587/1951/2669 1583/1946/2664 
f 1582/1944/2662 1583/1946/2664 1587/1951/2669 
f 1587/1951/2669 1588/1952/2670 1582/1944/2662 
f 1581/1943/2661 1582/1944/2662 1588/1952/2670 
f 1589/1953/2671 1539/1897/2614 1581/1943/2661 
f 1581/1943/2661 1590/1954/2672 1589/1953/2671 
f 1591/1955/2673 1539/1897/2614 1589/1953/2671 
f 1589/1953/2671 1590/1954/2672 1592/1956/2674 
f 1592/1956/2674 1490/1957/2675 1589/1953/2671 
f 1591/1955/2673 1589/1953/2671 1490/1957/2675 
f 1490/1957/2675 1498/1958/2676 1591/1955/2673 
f 1491/1959/2677 1490/1957/2675 1592/1956/2674 
f 1593/1960/2678 1594/1961/2679 1595/1962/2680 
f 1595/1962/2680 1596/1963/2681 1593/1960/2678 
f 1597/1964/2682 1593/1960/2678 1596/1963/2681 
f 1596/1963/2681 1598/1965/2683 1597/1964/2682 
f 1599/1966/2684 1597/1964/2682 1598/1965/2683 
f 1600/1967/2685 1598/1965/2683 1596/1963/2681 
f 1596/1963/2681 1601/1968/2686 1600/1967/2685 
f 1602/1969/2687 1600/1967/2685 1601/1968/2686 
f 1603/1970/2688 1598/1965/2683 1600/1967/2685 
f 1600/1967/2685 1604/1971/2689 1603/1970/2688 
f 1605/1972/2690 1604/1971/2689 1600/1967/2685 
f 1598/1965/2683 1603/1970/2688 1606/1973/2691 
f 1606/1973/2691 1562/1974/2692 1598/1965/2683 
f 1607/1975/2693 1598/1965/2683 1562/1974/2692 
f 1598/1965/2683 1607/1975/2693 1608/1976/2694 
f 1608/1976/2694 1599/1966/2684 1598/1965/2683 
f 1609/1977/2695 1599/1966/2684 1608/1976/2694 
f 1608/1976/2694 1610/1978/2696 1609/1977/2695 
f 1611/1979/2697 1609/1977/2695 1610/1978/2696 
f 1610/1978/2696 1612/1980/2698 1611/1979/2697 
f 1613/1981/2699 1611/1979/2697 1612/1980/2698 
f 1612/1980/2698 1614/1982/2700 1613/1981/2699 
f 1615/1983/2701 1613/1981/2699 1614/1982/2700 
f 1614/1982/2700 1616/1984/2702 1615/1983/2701 
f 1617/1985/2703 1616/1984/2702 1614/1982/2700 
f 1614/1982/2700 1618/1986/2704 1617/1985/2703 
f 1618/1986/2704 1614/1982/2700 1612/1980/2698 
f 1612/1980/2698 1547/1987/2705 1618/1986/2704 
f 1619/1988/2706 1547/1987/2705 1612/1980/2698 
f 1612/1980/2698 1610/1978/2696 1619/1988/2706 
f 1618/1986/2704 1547/1987/2705 1546/1989/2707 
f 1546/1989/2707 1620/1990/2708 1618/1986/2704 
f 1617/1985/2703 1618/1986/2704 1620/1990/2708 
f 1620/1990/2708 1621/1991/2709 1617/1985/2703 
f 1622/1992/2710 1617/1985/2703 1621/1991/2709 
f 1616/1984/2702 1617/1985/2703 1622/1992/2710 
f 1622/1992/2710 1623/1993/2711 1616/1984/2702 
f 1624/1994/2712 1616/1984/2702 1623/1993/2711 
f 1625/1995/2713 1616/1984/2702 1624/1994/2712 
f 1607/1975/2693 1562/1974/2692 1560/1996/2714 
f 1626/1997/2715 1608/1976/2694 1607/1975/2693 
f 1607/1975/2693 1557/1998/2716 1626/1997/2715 
f 1627/1999/2717 1608/1976/2694 1626/1997/2715 
f 1626/1997/2715 1554/2000/2718 1627/1999/2717 
f 1628/2001/2719 1608/1976/2694 1627/1999/2717 
f 1627/1999/2717 1629/2002/2720 1628/2001/2719 
f 1610/1978/2696 1608/1976/2694 1628/2001/2719 
f 1628/2001/2719 1630/2003/2721 1610/1978/2696 
f 1619/1988/2706 1610/1978/2696 1630/2003/2721 
f 1630/2003/2721 1549/2004/2722 1619/1988/2706 
f 1549/2004/2722 1630/2003/2721 1628/2001/2719 
f 1620/2005/2723 1531/2006/2724 1528/2007/2725 
f 1528/2007/2725 1621/2008/2726 1620/2005/2723 
f 1531/2009/2727 1620/2005/2728 1546/2010/2729 
f 1546/2010/2729 1533/2011/2730 1531/2009/2727 
f 1621/2008/2731 1528/2012/2732 1526/2013/2733 
f 1526/2013/2733 1622/2014/2734 1621/2008/2731 
f 1527/2015/2735 1622/2014/2734 1526/2013/2733 
f 1631/2016/2736 1632/2017/2737 1633/2018/2738 
f 1633/2018/2738 1634/2019/2739 1631/2016/2736 
f 1635/2020/2740 1631/2016/2736 1634/2019/2739 
f 1634/2019/2739 1636/2021/2741 1635/2020/2740 
f 1637/502/2742 1638/501/2743 1639/500/2744 
f 1639/500/2744 1640/503/2745 1637/502/2742 
f 1640/505/2746 1639/500/2747 1638/504/2748 
f 1624/2022/2749 1623/2023/2750 1641/2024/2751 
f 1641/2024/2751 1642/2025/2752 1624/2022/2749 
f 1643/2026/2753 1624/2022/2749 1642/2025/2752 
f 1642/2025/2752 1644/2027/2754 1643/2026/2753 
f 1624/2022/2749 1643/2026/2753 1645/2028/2755 
f 1645/2028/2755 1625/2029/2756 1624/2022/2749 
f 1646/2030/2757 1645/2028/2755 1643/2026/2753 
f 1643/2026/2753 1644/2027/2754 1646/2030/2757 
f 1647/2031/2758 1646/2030/2757 1644/2027/2754 
f 1648/2032/2759 1646/2030/2757 1647/2031/2758 
f 1647/2031/2758 1649/2033/2760 1648/2032/2759 
f 1646/2030/2757 1648/2032/2759 1650/2034/2761 
f 1650/2034/2761 1645/2028/2755 1646/2030/2757 
f 1645/2028/2755 1650/2034/2761 1651/2035/2762 
f 1651/2035/2762 1652/2036/2763 1645/2028/2755 
f 1625/2029/2756 1645/2028/2755 1652/2036/2763 
f 1652/2036/2763 1615/2037/2764 1625/2029/2756 
f 1616/2038/2765 1625/2029/2756 1615/2037/2764 
f 1653/2039/2766 1651/2035/2762 1650/2034/2761 
f 1650/2034/2761 1654/2040/2767 1653/2039/2766 
f 1648/2032/2759 1654/2040/2767 1650/2034/2761 
f 1655/2041/2768 1653/2039/2766 1654/2040/2767 
f 1654/2040/2767 1656/2042/2769 1655/2041/2768 
f 1656/2042/2769 1654/2040/2767 1648/2032/2759 
f 1648/2032/2759 1657/2043/2770 1656/2042/2769 
f 1657/2043/2770 1648/2032/2759 1649/2033/2760 
f 1649/2033/2760 1658/2044/2771 1657/2043/2770 
f 1659/2045/2772 1657/2043/2770 1658/2044/2771 
f 1658/2044/2771 1660/2046/2773 1659/2045/2772 
f 1661/2047/2774 1659/2045/2772 1660/2046/2773 
f 1659/2045/2772 1661/2047/2774 1662/2048/2775 
f 1662/2048/2775 1657/2043/2770 1659/2045/2772 
f 1656/2042/2769 1657/2043/2770 1662/2048/2775 
f 1662/2048/2775 1663/2049/2776 1656/2042/2769 
f 1655/2041/2768 1656/2042/2769 1663/2049/2776 
f 1663/2049/2776 1662/2048/2775 1661/2047/2774 
f 1664/500/2777 1665/2050/2778 1666/502/2779 
f 1666/502/2779 1667/503/2780 1664/500/2777 
f 1665/2051/2781 1664/500/2777 1667/503/2780 
f 1668/502/2782 1669/2050/2783 1670/500/2784 
f 1670/500/2784 1671/503/2785 1668/502/2782 
f 1669/2051/2786 1671/503/2785 1670/500/2784 
f 1672/500/2787 1673/2050/2788 1674/502/2789 
f 1674/502/2789 1675/503/2790 1672/500/2787 
f 1673/2052/2791 1672/500/2787 1675/503/2790 
f 1498/2053/2792 1676/2054/2793 1677/2055/2794 
f 1677/2055/2794 1591/2056/2795 1498/2053/2792 
f 1591/2056/2795 1677/2055/2794 1678/2057/2796 
f 1678/2057/2796 1539/2058/2797 1591/2056/2795 
f 1679/2059/2798 1539/2058/2797 1678/2057/2796 
f 1678/2057/2796 1680/2060/2799 1679/2059/2798 
f 1681/2061/2800 1680/2060/2799 1678/2057/2796 
f 1678/2057/2796 1677/2055/2794 1681/2061/2800 
f 1682/2062/2801 1681/2061/2800 1677/2055/2794 
f 1680/2060/2799 1681/2061/2800 1683/2063/2802 
f 1684/2064/2803 1682/2062/2804 1679/2059/2798 
f 1679/2059/2798 1680/2060/2799 1684/2064/2803 
f 1685/2065/2805 1684/2064/2803 1680/2060/2799 
f 1680/2060/2799 1683/2063/2802 1685/2065/2805 
f 1686/2066/2806 1685/2065/2805 1683/2063/2802 
f 1685/2065/2805 1686/2066/2806 1687/2067/2807 
f 1687/2067/2807 1688/2068/2808 1685/2065/2805 
f 1684/2064/2803 1685/2065/2805 1688/2068/2808 
f 1688/2068/2808 1689/2069/2809 1684/2064/2803 
f 1690/2070/2810 1688/2068/2808 1687/2067/2807 
f 1687/2067/2807 1691/2071/2811 1690/2070/2810 
f 1691/2071/2811 1687/2067/2807 1686/2066/2806 
f 1686/2066/2806 1692/2072/2812 1691/2071/2811 
f 1676/2054/2813 1498/2053/2814 1497/2056/2815 
f 1497/2056/2815 1512/2073/2816 1676/2054/2813 
f 1539/2058/2817 1676/2054/2813 1512/2073/2816 
f 1676/2054/2813 1539/2058/2817 1679/2059/2818 
f 1679/2059/2818 1682/2062/2819 1676/2054/2813 
f 1677/2055/2820 1676/2054/2813 1682/2062/2819 
f 1683/2063/2821 1681/2061/2822 1682/2062/2823 
f 1682/2062/2823 1689/2069/2824 1683/2063/2821 
f 1684/2064/2825 1689/2069/2824 1682/2062/2823 
f 1690/2070/2826 1683/2063/2821 1689/2069/2824 
f 1689/2069/2824 1688/2068/2827 1690/2070/2826 
f 1683/2063/2821 1690/2070/2826 1692/2072/2828 
f 1692/2072/2828 1686/2066/2829 1683/2063/2821 
f 1691/2071/2830 1692/2072/2828 1690/2070/2826 
f 1514/2074/2831 1530/2075/2832 1537/2076/2833 
f 1537/2076/2833 1693/2077/2834 1514/2074/2831 
f 1693/2077/2834 1537/2076/2833 1694/2078/2835 
f 1694/2078/2835 1695/2079/2836 1693/2077/2834 
f 1696/2080/2837 1693/2077/2834 1695/2079/2836 
f 1693/2077/2834 1696/2080/2837 1697/2081/2838 
f 1697/2081/2838 1514/2074/2831 1693/2077/2834 
f 1512/2082/2839 1514/2074/2831 1697/2081/2838 
f 1697/2081/2838 1698/2083/2840 1512/2082/2839 
f 1699/2084/2841 1512/2082/2839 1698/2083/2840 
f 1539/2085/2842 1512/2082/2839 1699/2084/2841 
f 1699/2084/2841 1537/2086/2843 1539/2085/2842 
f 1537/2086/2843 1699/2084/2841 1700/2087/2844 
f 1700/2087/2844 1694/2088/2845 1537/2086/2843 
f 1695/2089/2846 1694/2088/2845 1700/2087/2844 
f 1700/2087/2844 1696/2090/2847 1695/2089/2846 
f 1701/2091/2848 1696/2090/2847 1700/2087/2844 
f 1700/2087/2844 1699/2084/2841 1701/2091/2848 
f 1698/2083/2840 1701/2091/2848 1699/2084/2841 
f 1701/2091/2848 1698/2083/2840 1702/2092/2849 
f 1702/2092/2849 1696/2090/2847 1701/2091/2848 
f 1703/2093/2850 1696/2090/2847 1702/2092/2849 
f 1702/2092/2849 1704/2094/2851 1703/2093/2850 
f 1705/2095/2852 1704/2094/2851 1702/2092/2849 
f 1702/2092/2849 1698/2083/2840 1705/2095/2852 
f 1697/2081/2838 1705/2095/2852 1698/2083/2840 
f 1706/2096/2853 1705/2095/2852 1697/2081/2838 
f 1697/2081/2838 1703/2097/2854 1706/2096/2853 
f 1703/2097/2854 1697/2081/2838 1696/2080/2837 
f 1706/2096/2853 1703/2097/2854 1707/2098/2855 
f 1707/2098/2855 1708/2099/2856 1706/2096/2853 
f 1709/2100/2857 1708/2099/2856 1707/2098/2855 
f 1706/2096/2853 1708/2099/2856 1710/2101/2858 
f 1710/2101/2858 1705/2095/2852 1706/2096/2853 
f 1704/2094/2851 1705/2095/2852 1710/2101/2858 
f 1710/2101/2858 1711/2102/2859 1704/2094/2851 
f 1703/2093/2850 1704/2094/2851 1711/2102/2859 
f 1711/2102/2859 1707/2103/2860 1703/2093/2850 
f 1709/2100/2857 1707/2103/2860 1711/2102/2859 
f 1711/2102/2859 1710/2101/2858 1709/2100/2857 
f 1708/2099/2856 1709/2100/2857 1710/2101/2858 
f 1594/2104/2861 1593/2105/2862 1712/2106/2863 
f 1712/2106/2863 1713/2107/2864 1594/2104/2861 
f 1714/2108/2865 1594/2104/2861 1713/2107/2864 
f 1715/2109/2866 1713/2107/2864 1712/2106/2863 
f 1716/2110/2867 1714/2108/2865 1713/2107/2864 
f 1713/2107/2864 1715/2109/2866 1717/2111/2868 
f 1717/2111/2868 1716/2110/2867 1713/2107/2864 
f 1718/2112/2869 1716/2110/2867 1717/2111/2868 
f 1717/2111/2868 1719/2113/2870 1718/2112/2869 
f 1719/2113/2870 1717/2111/2868 1715/2109/2866 
f 1715/2109/2866 1720/2114/2871 1719/2113/2870 
f 1721/2115/2872 1719/2113/2870 1720/2114/2871 
f 1719/2113/2870 1721/2115/2872 1722/2116/2873 
f 1722/2116/2873 1718/2112/2869 1719/2113/2870 
f 1577/2117/2874 1428/2118/2875 1723/2119/2876 
f 1723/2119/2876 1724/2120/2877 1577/2117/2874 
f 1725/2121/2878 1724/2120/2877 1723/2119/2876 
f 1577/2117/2874 1724/2120/2877 1726/2122/2879 
f 1726/2122/2879 1427/2123/2880 1577/2117/2874 
f 1428/2124/2881 1427/2123/2880 1726/2122/2879 
f 1726/2122/2879 1723/2125/2882 1428/2124/2881 
f 1725/2126/2883 1723/2125/2882 1726/2122/2879 
f 1726/2122/2879 1727/2127/2884 1725/2126/2883 
f 1724/2120/2877 1727/2127/2884 1726/2122/2879 
f 1728/2128/2885 1725/2126/2883 1727/2127/2884 
f 1729/2129/2886 1727/2127/2884 1724/2120/2877 
f 1724/2120/2877 1725/2121/2878 1729/2129/2886 
f 1728/2128/2885 1729/2129/2886 1725/2121/2878 
f 1727/2127/2884 1729/2129/2886 1728/2128/2885 
f 1730/2130/2887 1590/2131/2888 1581/2132/2889 
f 1581/2132/2889 1731/2133/2890 1730/2130/2887 
f 1732/2134/2891 1730/2130/2887 1731/2133/2890 
f 1731/2133/2890 1581/2132/2889 1588/2135/2892 
f 1588/2135/2892 1732/2134/2891 1731/2133/2890 
f 1733/2136/2893 1527/1885/2602 1525/1883/2600 
f 1525/1883/2600 1734/2137/2894 1733/2136/2893 
f 1735/2138/2895 1733/2136/2893 1734/2137/2894 
f 1636/2139/2896 1734/2137/2894 1525/1883/2600 
f 1525/1883/2600 1524/1882/2599 1636/2139/2896 
f 1634/2140/2897 1734/2137/2894 1636/2139/2896 
f 1635/2141/2898 1636/2139/2896 1524/1882/2599 
f 1524/1882/2599 1631/2142/2899 1635/2141/2898 
f 1736/2143/2900 1631/2142/2899 1524/1882/2599 
f 1524/1882/2599 1523/1881/2598 1736/2143/2900 
f 1632/2144/2901 1631/2142/2899 1736/2143/2900 
f 1737/2145/2902 1736/2143/2900 1523/1881/2598 
f 1523/1881/2598 1521/1879/2596 1737/2145/2902 
f 1736/2143/2900 1737/2145/2902 1738/2146/2903 
f 1738/2146/2903 1632/2144/2901 1736/2143/2900 
f 1632/2144/2901 1738/2146/2903 1734/2137/2894 
f 1734/2137/2894 1633/2147/2904 1632/2144/2901 
f 1634/2140/2897 1633/2147/2904 1734/2137/2894 
f 1734/2137/2894 1738/2146/2903 1739/2148/2905 
f 1739/2148/2905 1735/2138/2895 1734/2137/2894 
f 1740/2149/2906 1739/2148/2905 1738/2146/2903 
f 1738/2146/2903 1737/2145/2902 1740/2149/2906 
f 1741/2150/2907 1740/2149/2906 1737/2145/2902 
f 1737/2145/2902 1521/1879/2596 1741/2150/2907 
f 1740/2149/2906 1741/2150/2907 1742/2151/2908 
f 1742/2151/2908 1743/2152/2909 1740/2149/2906 
f 1744/2153/2910 1740/2149/2906 1743/2152/2909 
f 1739/2148/2905 1740/2149/2906 1744/2153/2910 
f 1744/2153/2910 1745/2154/2911 1739/2148/2905 
f 1735/2138/2895 1739/2148/2905 1745/2154/2911 
f 1745/2154/2911 1746/2155/2912 1735/2138/2895 
f 1747/2156/2913 1746/2155/2912 1745/2154/2911 
f 1745/2154/2911 1744/2153/2910 1747/2156/2913 
f 1748/2157/2914 1746/2155/2912 1747/2156/2913 
f 1747/2156/2913 1744/2153/2910 1748/2157/2914 
f 1749/2158/2915 1748/2157/2914 1744/2153/2910 
f 1744/2153/2910 1743/2152/2909 1749/2158/2915 
f 1750/2159/2916 1748/2157/2914 1749/2158/2915 
f 1749/2158/2915 1743/2152/2909 1750/2159/2916 
f 1751/2160/2917 1750/2159/2916 1743/2152/2909 
f 1752/2161/2918 1750/2159/2916 1751/2160/2917 
f 1751/2160/2917 1743/2152/2909 1753/2162/2919 
f 1753/2162/2919 1752/2161/2918 1751/2160/2917 
f 1753/2162/2919 1743/2152/2909 1742/2151/2908 
f 1742/2151/2908 1754/2163/2920 1753/2162/2919 
f 1752/2161/2918 1753/2162/2919 1754/2163/2920 
f 1755/2164/2921 1754/2163/2920 1742/2151/2908 
f 1742/2151/2908 1741/2150/2907 1755/2164/2921 
f 1752/2161/2918 1754/2163/2920 1756/2165/2922 
f 1757/2166/2923 1756/2165/2924 1755/2164/2921 
f 1755/2164/2921 1758/2167/2925 1757/2166/2923 
f 1759/2168/2926 1757/2166/2923 1758/2167/2925 
f 1758/2167/2925 1755/2164/2921 1760/2169/2927 
f 1761/2170/2928 1759/2168/2926 1758/2167/2925 
f 1762/2171/2929 1760/2169/2927 1755/2164/2921 
f 1755/2164/2921 1763/2172/2930 1762/2171/2929 
f 1761/2170/2928 1762/2171/2929 1763/2172/2930 
f 1763/2172/2930 1764/2173/2931 1761/2170/2928 
f 1759/2168/2926 1761/2170/2928 1764/2173/2931 
f 1764/2173/2931 1765/2174/2932 1759/2168/2926 
f 1766/2175/2933 1765/2174/2932 1764/2173/2931 
f 1764/2173/2931 1767/2176/2934 1766/2175/2933 
f 1767/2176/2934 1764/2173/2931 1763/2172/2930 
f 1763/2172/2930 1768/2177/2935 1767/2176/2934 
f 1768/2177/2935 1763/2172/2930 1769/2178/2936 
f 1769/2178/2936 1770/2179/2937 1768/2177/2935 
f 1771/2180/2938 1769/2178/2936 1763/2172/2930 
f 1763/2172/2930 1755/2164/2921 1771/2180/2938 
f 1741/2150/2907 1771/2180/2938 1755/2164/2921 
f 1772/2181/2939 1771/2180/2938 1741/2150/2907 
f 1741/2150/2907 1521/1879/2596 1772/2181/2939 
f 1771/2180/2938 1772/2181/2939 1773/2182/2940 
f 1773/2182/2940 1769/2178/2936 1771/2180/2938 
f 1769/2178/2936 1773/2182/2940 1774/2183/2941 
f 1774/2183/2941 1775/2184/2942 1769/2178/2936 
f 1770/2179/2937 1769/2178/2936 1775/2184/2942 
f 1775/2184/2942 1776/2185/2943 1770/2179/2937 
f 1777/2186/2944 1770/2179/2937 1776/2185/2943 
f 1778/2187/2945 1770/2179/2937 1777/2186/2944 
f 1777/2186/2944 1779/2188/2946 1778/2187/2945 
f 1780/2189/2947 1778/2187/2945 1779/2188/2946 
f 1779/2188/2946 1781/2190/2948 1780/2189/2947 
f 1782/2191/2949 1781/2190/2948 1779/2188/2946 
f 1779/2188/2946 1783/2192/2950 1782/2191/2949 
f 1784/2193/2951 1783/2192/2950 1779/2188/2946 
f 1779/2188/2946 1777/2186/2944 1784/2193/2951 
f 1785/2194/2952 1784/2193/2951 1777/2186/2944 
f 1777/2186/2944 1786/2195/2953 1785/2194/2952 
f 1786/2195/2953 1777/2186/2944 1776/2185/2943 
f 1776/2185/2943 1787/2196/2954 1786/2195/2953 
f 1788/2197/2955 1787/2196/2954 1776/2185/2943 
f 1776/2185/2943 1775/2184/2942 1788/2197/2955 
f 1789/2198/2956 1788/2197/2955 1775/2184/2942 
f 1775/2184/2942 1774/2183/2941 1789/2198/2956 
f 1790/2199/2957 1789/2198/2956 1774/2183/2941 
f 1774/2183/2941 1791/2200/2958 1790/2199/2957 
f 1791/2200/2958 1774/2183/2941 1773/2182/2940 
f 1773/2182/2940 1792/2201/2959 1791/2200/2958 
f 1792/2201/2959 1773/2182/2940 1772/2181/2939 
f 1772/2181/2939 1793/2202/2960 1792/2201/2959 
f 1521/1879/2596 1793/2202/2960 1772/2181/2939 
f 1794/2203/2961 1792/2201/2959 1793/2202/2960 
f 1793/2202/2960 1521/1879/2596 1794/2203/2961 
f 1791/2200/2958 1792/2201/2959 1794/2203/2961 
f 1794/2203/2961 1795/2204/2962 1791/2200/2958 
f 1492/2205/2963 1795/2204/2962 1794/2203/2961 
f 1794/2203/2961 1494/2206/2964 1492/2205/2963 
f 1494/2206/2964 1794/2203/2961 1521/1879/2596 
f 1521/1879/2596 1495/2207/2965 1494/2206/2964 
f 1796/2208/2966 1797/2209/2967 1798/2210/2968 
f 1798/2210/2968 1540/2211/2969 1796/2208/2966 
f 1799/2212/2970 1540/2211/2969 1798/2210/2968 
f 1796/2208/2966 1540/2211/2969 1536/2213/2971 
f 1536/2213/2971 1541/2214/2972 1796/2208/2966 
f 1800/2215/2973 1796/2208/2966 1541/2214/2972 
f 1799/2212/2974 1798/2210/2975 1797/2209/2976 
f 1797/2209/2976 1800/2215/2977 1799/2212/2974 
f 1800/2215/2977 1797/2209/2976 1796/2208/2978 
f 1799/2212/2974 1800/2215/2977 1573/2216/2979 
f 1573/2216/2979 1540/2211/2980 1799/2212/2974 
f 1573/2216/2979 1800/2215/2977 1541/2214/2981 
f 1801/2217/2982 1802/2218/2983 1803/2219/2984 
f 1803/2219/2984 1804/2220/2985 1801/2217/2982 
f 1805/2221/2986 1804/2220/2985 1803/2219/2984 
f 1803/2219/2984 1802/2222/2987 1805/2221/2986 
f 1765/2223/2988 1766/2224/2989 1781/2225/2990 
f 1781/2225/2990 1782/2226/2991 1765/2223/2988 
f 1759/2227/2992 1765/2223/2988 1782/2226/2991 
f 1782/2226/2991 1806/2228/2993 1759/2227/2992 
f 1757/2229/2994 1759/2227/2992 1806/2228/2993 
f 1806/2228/2993 1807/2230/2995 1757/2229/2994 
f 1808/2231/2996 1757/2229/2994 1807/2230/2995 
f 1756/2232/2997 1757/2229/2994 1808/2231/2996 
f 1808/2231/2996 1752/2233/2998 1756/2232/2997 
f 1750/2234/2999 1752/2233/2998 1808/2231/2996 
f 1808/2231/2996 1748/2235/3000 1750/2234/2999 
f 1746/2236/3001 1748/2235/3000 1808/2231/2996 
f 1808/2231/2996 1735/2237/3002 1746/2236/3001 
f 1809/2238/3003 1735/2237/3002 1808/2231/2996 
f 1808/2231/2996 1807/2230/2995 1809/2238/3003 
f 1733/2239/3004 1735/2237/3002 1809/2238/3003 
f 1809/2238/3003 1623/2240/3005 1733/2239/3004 
f 1623/2240/3005 1809/2238/3003 1807/2230/2995 
f 1807/2230/2995 1641/2241/3006 1623/2240/3005 
f 1527/2242/3007 1733/2239/3004 1623/2240/3005 
f 1623/2240/3005 1622/2243/3008 1527/2242/3007 
f 1770/2244/3009 1778/2245/3010 1780/2246/3011 
f 1780/2246/3011 1810/2247/3012 1770/2244/3009 
f 1768/2248/3013 1770/2244/3009 1810/2247/3012 
f 1810/2247/3012 1767/2249/3014 1768/2248/3013 
f 1811/2250/3015 1810/2247/3012 1780/2246/3011 
f 1780/2246/3011 1812/2251/3016 1811/2250/3015 
f 1766/2252/3017 1812/2251/3016 1780/2246/3011 
f 1780/2246/3011 1781/2253/3018 1766/2252/3017 
f 1812/2251/3019 1766/2252/3020 1767/2249/3021 
f 1767/2249/3021 1813/2246/3022 1812/2251/3019 
f 1811/2250/3023 1812/2251/3019 1813/2246/3022 
f 1813/2246/3022 1767/2249/3021 1810/2247/3024 
f 1810/2247/3024 1811/2250/3023 1813/2246/3022 
f 1814/2254/3025 1606/2255/3026 1603/2256/3027 
f 1561/1919/2636 1815/2257/3028 1814/2254/3029 
f 1814/2254/3029 1563/1920/2638 1561/1919/2636 
f 1816/2258/3030 1563/1920/2638 1814/2254/3029 
f 1814/2254/3029 1817/2259/3031 1816/2258/3030 
f 1817/2259/3031 1814/2254/3029 1818/2260/3032 
f 1816/2258/3030 1817/2259/3031 1819/2261/3033 
f 1819/2261/3033 1820/2262/3034 1816/2258/3030 
f 1563/1920/2638 1816/2258/3030 1820/2262/3034 
f 1820/2262/3034 1821/2263/3035 1563/1920/2638 
f 1564/1921/2639 1563/1920/2638 1821/2263/3035 
f 1821/2263/3035 1565/1922/2640 1564/1921/2639 
f 1568/1925/2643 1565/1922/2640 1821/2263/3035 
f 1821/2263/3035 1805/2264/3036 1568/1925/2643 
f 1805/2264/3036 1821/2263/3035 1820/2262/3034 
f 1820/2262/3034 1804/2265/3037 1805/2264/3036 
f 1804/2265/3037 1820/2262/3034 1819/2261/3033 
f 1819/2261/3033 1801/2266/3038 1804/2265/3037 
f 1822/2267/3039 1801/2266/3038 1819/2261/3033 
f 1819/2261/3033 1823/2268/3040 1822/2267/3039 
f 1824/2269/3041 1823/2268/3040 1819/2261/3033 
f 1819/2261/3033 1817/2259/3031 1824/2269/3041 
f 1825/2270/3042 1824/2269/3041 1817/2259/3031 
f 1817/2259/3031 1818/2260/3032 1825/2270/3042 
f 1605/2271/3043 1825/2270/3042 1818/2260/3032 
f 1818/2260/3032 1604/2272/3044 1605/2271/3043 
f 1825/2270/3042 1605/2271/3043 1826/2273/3045 
f 1826/2273/3045 1827/2274/3046 1825/2270/3042 
f 1824/2269/3041 1825/2270/3042 1827/2274/3046 
f 1827/2274/3046 1826/2273/3045 1602/2275/3047 
f 1602/2275/3047 1601/2276/3048 1827/2274/3046 
f 1828/2277/3049 1827/2274/3046 1601/2276/3048 
f 1827/2274/3046 1828/2277/3049 1829/2278/3050 
f 1829/2278/3050 1824/2269/3041 1827/2274/3046 
f 1823/2268/3040 1824/2269/3041 1829/2278/3050 
f 1829/2278/3050 1830/2279/3051 1823/2268/3040 
f 1830/2279/3051 1829/2278/3050 1828/2277/3049 
f 1828/2277/3049 1595/2280/3052 1830/2279/3051 
f 1594/2281/3053 1830/2279/3051 1595/2280/3052 
f 1830/2279/3051 1594/2281/3053 1714/2282/3054 
f 1714/2282/3054 1831/2283/3055 1830/2279/3051 
f 1832/2284/3056 1830/2279/3051 1831/2283/3055 
f 1823/2268/3040 1830/2279/3051 1832/2284/3056 
f 1832/2284/3056 1833/2285/3057 1823/2268/3040 
f 1822/2267/3039 1823/2268/3040 1833/2285/3057 
f 1833/2285/3057 1834/2286/3058 1822/2267/3039 
f 1834/2286/3058 1833/2285/3057 1835/2287/3059 
f 1835/2287/3059 1836/2288/3060 1834/2286/3058 
f 1837/2289/3061 1834/2286/3058 1836/2288/3060 
f 1834/2286/3058 1837/2289/3061 1838/2290/3062 
f 1838/2290/3062 1822/2267/3039 1834/2286/3058 
f 1822/2267/3039 1838/2290/3062 1839/2291/3063 
f 1839/2291/3063 1801/2266/3038 1822/2267/3039 
f 1801/2266/3038 1839/2291/3063 1570/1927/2645 
f 1570/1927/2645 1802/2292/3064 1801/2266/3038 
f 1802/2292/3064 1570/1927/2645 1568/1925/2643 
f 1568/1925/2643 1805/2264/3036 1802/2292/3064 
f 1840/2293/3065 1601/2104/3066 1596/2105/3067 
f 1596/2105/3067 1595/2104/3068 1840/2293/3065 
f 1841/2294/3069 1840/2293/3065 1595/2104/3068 
f 1842/2115/3070 1840/2293/3065 1841/2294/3069 
f 1828/2108/3071 1841/2294/3069 1595/2104/3068 
f 1843/2295/3072 1842/2115/3070 1841/2294/3069 
f 1841/2294/3069 1828/2108/3071 1843/2295/3072 
f 1844/2294/3073 1843/2295/3072 1828/2108/3071 
f 1844/2294/3074 1828/2108/3075 1601/2104/3076 
f 1601/2104/3076 1840/2293/3077 1844/2294/3074 
f 1842/2115/3078 1844/2294/3074 1840/2293/3077 
f 1843/2295/3079 1844/2294/3074 1842/2115/3078 
f 1605/2296/3080 1600/2297/3081 1845/2298/3082 
f 1845/2298/3082 1846/2299/3083 1605/2296/3080 
f 1826/2300/3084 1605/2296/3080 1846/2299/3083 
f 1847/2301/3085 1846/2299/3083 1845/2298/3082 
f 1848/2302/3086 1826/2300/3084 1846/2299/3083 
f 1846/2299/3083 1847/2301/3085 1848/2302/3086 
f 1602/2303/3087 1826/2300/3084 1848/2302/3086 
f 1848/2302/3086 1600/2304/3088 1602/2303/3087 
f 1845/2305/3089 1600/2304/3088 1848/2302/3086 
f 1848/2302/3086 1847/2301/3085 1845/2305/3089 
f 1849/2306/3090 1603/2307/3091 1604/2308/3092 
f 1604/2308/3092 1850/2309/3093 1849/2306/3090 
f 1851/2310/3094 1849/2306/3090 1850/2309/3093 
f 1850/2309/3093 1604/2308/3092 1852/2311/3095 
f 1852/2311/3095 1851/2310/3094 1850/2309/3093 
f 1852/2311/3095 1604/2308/3092 1818/2312/3096 
f 1818/2312/3096 1849/2313/3097 1852/2311/3095 
f 1851/2310/3094 1852/2311/3095 1849/2313/3097 
f 1849/2313/3097 1818/2312/3096 1814/2314/3098 
f 1814/2314/3098 1603/2315/3099 1849/2313/3097 
f 1542/2316/3100 1573/2317/3101 1853/2318/3102 
f 1853/2318/3102 1541/2319/3103 1542/2316/3100 
f 1541/2319/3103 1853/2318/3102 1573/2320/3104 
f 1815/2257/3105 1561/1919/3106 1562/1918/3107 
f 1562/1918/3107 1606/2321/3108 1815/2257/3105 
f 1854/2322/3109 1815/2257/3105 1606/2321/3108 
f 1606/2321/3108 1855/2323/3110 1854/2322/3109 
f 1855/2323/3110 1606/2321/3108 1814/2254/3111 
f 1814/2254/3111 1815/2257/3105 1855/2323/3110 
f 1856/2324/3112 1855/2323/3110 1815/2257/3105 
f 1815/2257/3105 1854/2322/3109 1856/2324/3112 
f 1855/2323/3110 1856/2324/3112 1854/2322/3109 
f 1550/1908/3113 1545/1903/3114 1547/1905/3115 
f 1547/1905/3115 1619/2325/3116 1550/1908/3113 
f 1549/1907/3117 1550/1908/3113 1619/2325/3116 
f 1551/1909/3118 1549/1907/3119 1628/2326/3120 
f 1628/2326/3120 1629/2327/3121 1551/1909/3118 
f 1548/1906/3122 1551/1909/3118 1629/2327/3121 
f 1629/2327/3121 1555/1913/3123 1548/1906/3122 
f 1555/2328/3124 1629/2329/3125 1627/2330/3126 
f 1627/2330/3126 1554/2331/3127 1555/2328/3124 
f 1556/1914/3128 1554/1912/3129 1626/2332/3130 
f 1626/2332/3130 1557/1915/3131 1556/1914/3128 
f 1559/1917/3132 1557/1915/3133 1607/2333/3134 
f 1607/2333/3134 1560/1918/3135 1559/1917/3132 
f 1340/2334/3136 1339/2335/3137 1857/2336/3138 
f 1857/2336/3138 1344/2337/3139 1340/2334/3136 
f 1344/2337/3139 1857/2336/3138 1858/2338/3140 
f 1859/450/3141 1348/2339/3142 1343/452/3143 
f 1351/452/3144 1352/453/3145 1860/2340/3146 
f 1860/2340/3146 1861/2341/3147 1351/452/3144 
f 1458/2342/3148 1351/452/3144 1861/2341/3147 
f 1861/2341/3147 1860/2340/3146 1862/450/3149 
f 1862/450/3149 1458/2342/3148 1861/2341/3147 
f 1347/460/3150 1350/461/3151 1863/2343/3152 
f 1863/2343/3152 1864/2344/3153 1347/460/3150 
f 1352/2345/3154 1347/460/3150 1864/2344/3153 
f 1864/2344/3153 1863/2343/3152 1865/458/3155 
f 1866/2346/3156 1352/2345/3154 1864/2344/3153 
f 1864/2344/3153 1865/458/3155 1866/2346/3156 
f 1453/454/3157 1455/457/3158 1867/2347/3159 
f 1867/2347/3159 1868/2348/3160 1453/454/3157 
f 997/2349/3161 1453/454/3157 1868/2348/3160 
f 1869/455/3162 1868/2348/3160 1867/2347/3159 
f 1870/2350/3163 997/2349/3161 1868/2348/3160 
f 1868/2348/3160 1869/455/3162 1870/2350/3163 
f 996/2351/3164 998/2352/3165 1871/2353/3166 
f 1871/2353/3166 1872/2354/3167 996/2351/3164 
f 1873/2355/3168 996/2351/3164 1872/2354/3167 
f 1872/2354/3167 1871/2353/3166 1874/2356/3169 
f 1875/2357/3170 1873/2355/3168 1872/2354/3167 
f 1872/2354/3167 1874/2356/3169 1875/2357/3170 
f 1876/458/3171 1000/2358/3172 996/460/3173 
f 996/460/3173 1873/461/3174 1876/458/3171 
f 991/460/3175 999/461/3176 1877/2359/3177 
f 1877/2359/3177 1878/2360/3178 991/460/3175 
f 1001/2358/3179 991/460/3175 1878/2360/3178 
f 1878/2360/3178 1877/2359/3177 1879/458/3180 
f 1880/2361/3181 1001/2358/3179 1878/2360/3178 
f 1878/2360/3178 1879/458/3180 1880/2361/3181 
f 988/454/3182 1881/455/3183 989/2349/3184 
f 990/457/3185 1881/455/3186 988/454/3187 
f 1882/1713/3188 977/2362/3189 1033/2363/3190 
f 1883/2364/3191 1884/1813/3192 1885/1812/3193 
f 1885/1812/3193 1886/2365/3194 1883/2364/3191 
f 1887/1811/3195 1886/2365/3194 1885/1812/3193 
f 1883/2364/3191 1886/2365/3194 1888/2366/3196 
f 1888/2366/3196 1013/2367/3197 1883/2364/3191 
f 1010/2368/3198 1013/2367/3197 1888/2366/3196 
f 1888/2366/3196 1889/1806/3199 1010/2368/3198 
f 1889/1806/3199 1888/2366/3196 1886/2365/3194 
f 1886/2365/3194 1010/2369/3200 1889/1806/3199 
f 1016/2370/3201 1010/2369/3200 1886/2365/3194 
f 1886/2365/3194 1887/1811/3195 1016/2370/3201 
f 1890/2371/3202 1016/2370/3201 1887/1811/3195 
f 1891/2372/3203 1016/2370/3201 1890/2371/3202 
f 1890/2371/3202 1892/2373/3204 1891/2372/3203 
f 1893/2374/3205 1891/2372/3203 1892/2373/3204 
f 1892/2373/3204 1894/2375/3206 1893/2374/3205 
f 1023/2376/3207 1893/2374/3205 1894/2375/3206 
f 1894/2375/3206 1030/2377/3208 1023/2376/3207 
f 1033/2378/3209 1030/2377/3208 1894/2375/3206 
f 1894/2375/3206 1895/1712/3210 1033/2378/3209 
f 1882/1713/3211 1033/2378/3209 1895/1712/3210 
f 1895/1712/3210 977/2362/3212 1882/1713/3211 
f 986/2379/3213 977/2362/3212 1895/1712/3210 
f 1884/1791/3214 1473/1783/3215 1397/2380/3216 
f 1397/2380/3216 1896/2381/3217 1884/1791/3214 
f 1885/1838/3218 1884/1791/3214 1896/2381/3217 
f 1896/2381/3217 1897/1639/3219 1885/1838/3218 
f 1897/1639/3219 1896/2381/3217 1397/2380/3216 
f 1887/1640/3220 1885/1838/3218 1897/1639/3219 
f 1887/2382/3221 1897/1639/3219 1397/2380/3216 
f 1397/2380/3216 1476/2383/3222 1887/2382/3221 
f 1405/1771/3223 1887/2382/3221 1476/2383/3222 
f 1890/2384/3224 1887/2382/3221 1405/1771/3223 
f 1405/1771/3223 1898/1772/3225 1890/2384/3224 
f 1898/1772/3225 1405/1771/3223 1401/2385/3226 
f 1401/2385/3226 1894/2386/3227 1898/1772/3225 
f 1899/2387/3228 1894/2386/3227 1401/2385/3226 
f 1401/2385/3226 1406/2388/3229 1899/2387/3228 
f 1895/2389/3230 1894/2386/3227 1899/2387/3228 
f 1899/2387/3228 1900/2390/3231 1895/2389/3230 
f 1900/2390/3231 1899/2387/3228 1406/2388/3229 
f 1406/2388/3229 986/2391/3232 1900/2390/3231 
f 1895/2389/3230 1900/2390/3231 986/2392/3233 
f 1892/2393/3234 1890/2384/3235 1898/1772/3236 
f 1898/1772/3236 1894/2394/3237 1892/2393/3234 
f 1016/2395/3238 1891/2396/3239 1029/2397/3240 
f 1901/502/3241 1902/2050/3242 1903/500/3243 
f 1903/500/3243 1904/503/3244 1901/502/3241 
f 1902/2052/3245 1904/503/3244 1903/500/3243 
f 1905/500/3246 1906/2050/3247 1907/502/3248 
f 1907/502/3248 1908/503/3249 1905/500/3246 
f 1906/2398/3250 1905/500/3246 1908/503/3249 
f 1909/502/3251 1910/2050/3252 1911/500/3253 
f 1911/500/3253 1912/503/3254 1909/502/3251 
f 1910/2398/3255 1912/503/3254 1911/500/3253 
f 1913/2399/3256 1914/2400/3257 1915/2401/3258 
f 1915/2401/3258 1916/2402/3259 1913/2399/3256 
f 1917/2403/3260 1913/2399/3256 1916/2402/3259 
f 1918/2404/3261 1916/2402/3259 1915/2401/3258 
f 1917/2403/3260 1916/2402/3259 1919/2405/3262 
f 1919/2405/3262 1920/2406/3263 1917/2403/3260 
f 1921/2407/3264 1919/2405/3262 1916/2402/3259 
f 1916/2402/3259 1918/2404/3261 1921/2407/3264 
f 1922/2408/3265 1921/2407/3264 1918/2404/3261 
f 1921/2407/3264 1922/2408/3265 1923/2409/3266 
f 1923/2409/3266 1924/2410/3267 1921/2407/3264 
f 1919/2405/3262 1921/2407/3264 1924/2410/3267 
f 1924/2410/3267 1923/2409/3266 1925/2411/3268 
f 1919/2405/3262 1924/2410/3267 1926/2412/3269 
f 1926/2412/3269 1920/2406/3263 1919/2405/3262 
f 1927/2413/3270 1920/2406/3263 1926/2412/3269 
f 1926/2412/3269 1928/2414/3271 1927/2413/3270 
f 1929/2415/3272 1928/2414/3271 1926/2412/3269 
f 1926/2412/3269 1924/2410/3267 1929/2415/3272 
f 1925/2411/3268 1929/2415/3272 1924/2410/3267 
f 1929/2415/3272 1925/2411/3268 1930/2416/3273 
f 1930/2416/3273 1931/2417/3274 1929/2415/3272 
f 1928/2414/3271 1929/2415/3272 1931/2417/3274 
f 1931/2417/3274 1930/2416/3273 1932/2418/3275 
f 1933/2419/3276 1928/2414/3271 1931/2417/3274 
f 1931/2417/3274 1932/2418/3275 1933/2419/3276 
f 1928/2414/3271 1933/2419/3276 1934/2420/3277 
f 1934/2420/3277 1927/2413/3270 1928/2414/3271 
f 1927/2413/3270 1934/2420/3277 1935/2421/3278 
f 1935/2421/3278 1936/2422/3279 1927/2413/3270 
f 1937/2423/3280 1936/2422/3279 1935/2421/3278 
f 1935/2421/3278 1938/2424/3281 1937/2423/3280 
f 1939/2425/3282 1938/2424/3281 1935/2421/3278 
f 1935/2421/3278 1940/2426/3283 1939/2425/3282 
f 1940/2426/3283 1935/2421/3278 1934/2420/3277 
f 1934/2420/3277 1941/2427/3284 1940/2426/3283 
f 1934/2420/3277 1933/2419/3276 1942/2428/3285 
f 1942/2428/3285 1943/2429/3286 1934/2420/3277 
f 1944/2430/3287 1943/2429/3286 1942/2428/3285 
f 1942/2428/3285 1945/2431/3288 1944/2430/3287 
f 1946/2432/3289 1945/2431/3288 1942/2428/3285 
f 1942/2428/3285 1947/2433/3290 1946/2432/3289 
f 1948/2434/3291 1947/2433/3290 1942/2428/3285 
f 1942/2428/3285 1933/2419/3276 1948/2434/3291 
f 1949/2435/3292 1947/2433/3290 1948/2434/3291 
f 1948/2434/3291 1950/2436/3293 1949/2435/3292 
f 1950/2436/3293 1948/2434/3291 1933/2419/3276 
f 1933/2419/3276 1951/2437/3294 1950/2436/3293 
f 1951/2437/3294 1933/2419/3276 1932/2418/3275 
f 1932/2418/3275 1952/2438/3295 1951/2437/3294 
f 1952/2438/3295 1932/2418/3275 1953/2439/3296 
f 1954/2440/3297 1950/2436/3293 1951/2437/3294 
f 1951/2437/3294 1952/2441/3298 1954/2440/3297 
f 1955/2442/3299 1954/2440/3297 1952/2441/3298 
f 1956/2443/3300 1950/2436/3293 1954/2440/3297 
f 1954/2440/3297 1957/2444/3301 1956/2443/3300 
f 1957/2444/3301 1954/2440/3297 1958/2445/3302 
f 1950/2436/3293 1956/2443/3300 1959/2446/3303 
f 1959/2446/3303 1949/2435/3292 1950/2436/3293 
f 1937/2447/3304 1938/2448/3305 1960/2449/3306 
f 1960/2449/3306 1961/2450/3307 1937/2447/3304 
f 1962/2451/3308 1937/2447/3304 1961/2450/3307 
f 1937/2447/3304 1962/2451/3308 1963/2452/3309 
f 1963/2452/3309 1936/2453/3310 1937/2447/3304 
f 1964/2454/3311 1963/2452/3309 1962/2451/3308 
f 1962/2451/3308 1961/2450/3307 1964/2454/3311 
f 1965/2455/3312 1964/2454/3311 1961/2450/3307 
f 1964/2454/3311 1965/2455/3312 1966/2456/3313 
f 1966/2456/3313 1967/2457/3314 1964/2454/3311 
f 1966/2456/3313 1965/2455/3312 1968/2458/3315 
f 1968/2458/3315 1969/2459/3316 1966/2456/3313 
f 1270/2460/3317 1966/2456/3313 1969/2459/3316 
f 1966/2456/3313 1270/2460/3317 1970/2461/3318 
f 1970/2461/3318 1967/2457/3314 1966/2456/3313 
f 1971/2462/3319 1967/2457/3314 1970/2461/3318 
f 1970/2461/3318 1972/2463/3320 1971/2462/3319 
f 1973/2464/3321 1972/2463/3320 1970/2461/3318 
f 1970/2461/3318 1270/2460/3317 1973/2464/3321 
f 855/2465/3322 1973/2464/3321 1270/2460/3317 
f 1973/2464/3321 855/2465/3322 1974/2466/3323 
f 1974/2466/3323 1972/2463/3320 1973/2464/3321 
f 1974/2466/3323 855/2465/3322 851/2467/3324 
f 851/2467/3324 1975/2468/3325 1974/2466/3323 
f 1975/2468/3325 851/2467/3324 849/2469/3326 
f 1974/2466/3323 1975/2468/3325 1976/2470/3327 
f 1976/2470/3327 1972/2463/3320 1974/2466/3323 
f 1972/2463/3320 1976/2470/3327 1977/2471/3328 
f 1977/2471/3328 1978/2472/3329 1972/2463/3320 
f 1971/2462/3319 1972/2463/3320 1978/2472/3329 
f 1978/2472/3329 1979/2473/3330 1971/2462/3319 
f 1980/2474/3331 1978/2472/3329 1977/2471/3328 
f 1981/2475/3332 1977/2471/3328 1976/2470/3327 
f 1976/2470/3327 1982/2476/3333 1981/2475/3332 
f 1983/2477/3334 1982/2476/3333 1976/2470/3327 
f 1976/2470/3327 1975/2468/3325 1983/2477/3334 
f 1984/2478/3335 1983/2477/3334 1975/2468/3325 
f 1975/2468/3325 849/2469/3326 1984/2478/3335 
f 845/2479/3336 1984/2478/3335 849/2469/3326 
f 1985/2480/3337 1984/2478/3335 845/2479/3336 
f 845/2479/3336 843/2481/3338 1985/2480/3337 
f 1984/2478/3335 1985/2480/3337 1986/2482/3339 
f 1986/2482/3339 1983/2477/3334 1984/2478/3335 
f 1983/2477/3334 1986/2482/3339 1987/2483/3340 
f 1987/2483/3340 1982/2476/3333 1983/2477/3334 
f 1982/2476/3333 1987/2483/3340 1988/2484/3341 
f 1988/2484/3341 1989/2485/3342 1982/2476/3333 
f 1981/2475/3332 1982/2476/3333 1989/2485/3342 
f 1989/2485/3342 1990/2486/3343 1981/2475/3332 
f 1991/2487/3344 1986/2482/3339 1985/2480/3337 
f 1985/2480/3337 843/2481/3338 1991/2487/3344 
f 1992/2488/3345 1991/2487/3344 843/2481/3338 
f 843/2481/3338 842/2489/3346 1992/2488/3345 
f 1993/2490/3347 1991/2487/3344 1992/2488/3345 
f 1992/2488/3345 842/2489/3346 1994/2491/3348 
f 1994/2491/3348 1993/2490/3347 1992/2488/3345 
f 1994/2491/3348 842/2489/3346 1995/2492/3349 
f 1995/2492/3349 1996/2493/3350 1994/2491/3348 
f 1997/2494/3351 1996/2493/3350 1995/2492/3349 
f 1995/2492/3349 1998/2495/3352 1997/2494/3351 
f 1996/2493/3350 1997/2494/3351 1999/2496/3353 
f 1999/2496/3353 2000/2497/3354 1996/2493/3350 
f 1994/2491/3348 1996/2493/3350 2000/2497/3354 
f 2000/2497/3354 2001/2498/3355 1994/2491/3348 
f 1993/2490/3347 1994/2491/3348 2001/2498/3355 
f 2001/2498/3355 2002/2499/3356 1993/2490/3347 
f 1991/2487/3344 1993/2490/3347 2002/2499/3356 
f 2002/2499/3356 2003/2500/3357 1991/2487/3344 
f 1986/2482/3339 1991/2487/3344 2003/2500/3357 
f 2003/2500/3357 2004/2501/3358 1986/2482/3339 
f 1987/2483/3340 1986/2482/3339 2004/2501/3358 
f 2004/2501/3358 2005/2502/3359 1987/2483/3340 
f 2006/2503/3360 1987/2483/3340 2005/2502/3359 
f 2004/2501/3358 2003/2500/3357 2007/2504/3361 
f 2007/2504/3361 2008/2505/3362 2004/2501/3358 
f 2009/2506/3363 2004/2501/3358 2008/2505/3362 
f 2010/2507/3364 2008/2505/3362 2007/2504/3361 
f 2007/2504/3361 2002/2499/3356 2010/2507/3364 
f 2003/2500/3357 2002/2499/3356 2007/2504/3361 
f 2010/2507/3364 2002/2499/3356 2011/2508/3365 
f 2011/2508/3365 2008/2505/3362 2010/2507/3364 
f 2012/2509/3366 2011/2508/3365 2002/2499/3356 
f 2002/2499/3356 2001/2498/3355 2012/2509/3366 
f 2013/2510/3367 2012/2509/3366 2001/2498/3355 
f 2011/2508/3365 2012/2509/3366 2013/2510/3367 
f 2013/2510/3367 2001/2498/3355 2014/2511/3368 
f 2014/2511/3368 2011/2508/3365 2013/2510/3367 
f 2015/2512/3369 2014/2511/3368 2001/2498/3355 
f 2001/2498/3355 2000/2497/3354 2015/2512/3369 
f 2016/2513/3370 2015/2512/3369 2000/2497/3354 
f 2000/2497/3354 2017/2514/3371 2016/2513/3370 
f 2017/2514/3371 2000/2497/3354 1999/2496/3353 
f 1999/2496/3353 2018/2515/3372 2017/2514/3371 
f 2018/2515/3372 1999/2496/3353 1997/2494/3351 
f 1997/2494/3351 2019/2516/3373 2018/2515/3372 
f 2020/2517/3374 2019/2516/3373 1997/2494/3351 
f 1997/2494/3351 1998/2495/3352 2020/2517/3374 
f 2021/2518/3375 2020/2517/3374 1998/2495/3352 
f 1998/2495/3352 2022/2519/3376 2021/2518/3375 
f 2023/2520/3377 2021/2518/3375 2022/2519/3376 
f 2021/2518/3375 2023/2520/3377 2024/2521/3378 
f 2024/2521/3378 2025/2522/3379 2021/2518/3375 
f 2020/2517/3374 2021/2518/3375 2025/2522/3379 
f 2025/2522/3379 2026/2523/3380 2020/2517/3374 
f 2019/2516/3373 2020/2517/3374 2026/2523/3380 
f 2026/2523/3380 2027/2524/3381 2019/2516/3373 
f 2028/2525/3382 2019/2516/3373 2027/2524/3381 
f 2018/2515/3372 2019/2516/3373 2028/2525/3382 
f 2028/2525/3382 2029/2526/3383 2018/2515/3372 
f 2017/2514/3371 2018/2515/3372 2029/2526/3383 
f 2029/2526/3383 2030/2527/3384 2017/2514/3371 
f 2030/2527/3384 2029/2526/3383 2028/2525/3382 
f 2028/2525/3382 2031/2528/3385 2030/2527/3384 
f 2031/2528/3385 2028/2525/3382 2027/2524/3381 
f 2027/2524/3381 2032/2529/3386 2031/2528/3385 
f 2030/2527/3384 2031/2528/3385 2033/2530/3387 
f 2033/2530/3387 2034/2531/3388 2030/2527/3384 
f 2017/2514/3371 2030/2527/3384 2034/2531/3388 
f 2034/2531/3388 2035/2532/3389 2017/2514/3371 
f 2016/2513/3370 2017/2514/3371 2035/2532/3389 
f 2035/2532/3389 2036/2533/3390 2016/2513/3370 
f 2015/2512/3369 2016/2513/3370 2036/2533/3390 
f 2037/2534/3391 2036/2533/3390 2035/2532/3389 
f 2035/2532/3389 2034/2531/3388 2037/2534/3391 
f 2038/2535/3392 2037/2534/3391 2034/2531/3388 
f 2034/2531/3388 2033/2530/3387 2038/2535/3392 
f 2037/2534/3391 2038/2535/3392 2039/2536/3393 
f 2039/2536/3393 2040/2537/3394 2037/2534/3391 
f 2036/2533/3390 2037/2534/3391 2040/2537/3394 
f 2040/2537/3394 2039/2536/3393 2041/2538/3395 
f 2041/2538/3395 2036/2533/3390 2040/2537/3394 
f 2036/2533/3390 2041/2538/3395 2042/2539/3396 
f 2042/2539/3396 2043/2540/3397 2036/2533/3390 
f 2015/2512/3369 2036/2533/3390 2043/2540/3397 
f 2043/2540/3397 2014/2511/3368 2015/2512/3369 
f 2014/2511/3368 2043/2540/3397 2044/2541/3398 
f 2044/2541/3398 2011/2508/3365 2014/2511/3368 
f 2045/2542/3399 2044/2541/3398 2043/2540/3397 
f 2043/2540/3397 2042/2539/3396 2045/2542/3399 
f 2041/2538/3395 2045/2542/3399 2042/2539/3396 
f 2045/2542/3399 2041/2538/3395 2046/2543/3400 
f 2046/2543/3400 2047/2544/3401 2045/2542/3399 
f 2047/2544/3401 2046/2543/3400 2048/2545/3402 
f 2048/2545/3402 2049/2546/3403 2047/2544/3401 
f 2050/2547/3404 2047/2544/3401 2049/2546/3403 
f 2049/2546/3403 2051/2548/3405 2050/2547/3404 
f 2047/2544/3401 2050/2547/3404 2052/2549/3406 
f 2052/2549/3406 2045/2542/3399 2047/2544/3401 
f 2045/2542/3399 2052/2549/3406 2053/2550/3407 
f 2053/2550/3407 2044/2541/3398 2045/2542/3399 
f 2044/2541/3398 2053/2550/3407 2054/2551/3408 
f 2054/2551/3408 2011/2508/3365 2044/2541/3398 
f 2008/2505/3362 2011/2508/3365 2054/2551/3408 
f 2054/2551/3408 2055/2552/3409 2008/2505/3362 
f 2009/2506/3363 2008/2505/3362 2055/2552/3409 
f 2055/2552/3409 2056/2553/3410 2009/2506/3363 
f 2055/2552/3409 2054/2551/3408 2057/2554/3411 
f 2057/2554/3411 2058/2555/3412 2055/2552/3409 
f 2059/2556/3413 2055/2552/3409 2058/2555/3412 
f 2058/2555/3412 2060/2557/3414 2059/2556/3413 
f 2061/2558/3415 2058/2555/3412 2057/2554/3411 
f 2057/2554/3411 2062/2559/3416 2061/2558/3415 
f 2063/2560/3417 2061/2558/3415 2062/2559/3416 
f 2062/2559/3416 2064/2561/3418 2063/2560/3417 
f 2053/2550/3407 2064/2561/3418 2062/2559/3416 
f 2062/2559/3416 2054/2551/3408 2053/2550/3407 
f 2064/2561/3418 2053/2550/3407 2052/2549/3406 
f 2052/2549/3406 2050/2547/3404 2064/2561/3418 
f 2065/2562/3419 2064/2561/3418 2050/2547/3404 
f 2050/2547/3404 2051/2548/3405 2065/2562/3419 
f 2066/2563/3420 2065/2562/3419 2051/2548/3405 
f 2051/2548/3405 2067/2564/3421 2066/2563/3420 
f 2068/2565/3422 2066/2563/3420 2067/2564/3421 
f 2066/2563/3420 2068/2565/3422 2069/2566/3423 
f 2069/2566/3423 2070/2567/3424 2066/2563/3420 
f 2069/2566/3423 2068/2565/3422 2071/2568/3425 
f 2071/2568/3425 2070/2569/3426 2069/2566/3423 
f 2072/2570/3427 2071/2568/3425 2068/2565/3422 
f 2068/2565/3422 2067/2564/3421 2072/2570/3427 
f 2073/2571/3428 2072/2570/3427 2067/2564/3421 
f 2072/2570/3427 2073/2571/3428 2074/2572/3429 
f 2074/2572/3429 2075/2573/3430 2072/2570/3427 
f 2071/2568/3425 2072/2570/3427 2075/2573/3430 
f 2075/2573/3430 2076/2574/3431 2071/2568/3425 
f 2077/2575/3432 2076/2574/3431 2075/2573/3430 
f 2075/2573/3430 2078/2576/3433 2077/2575/3432 
f 2078/2576/3433 2075/2573/3430 2074/2572/3429 
f 2074/2572/3429 2079/2577/3434 2078/2576/3433 
f 2080/2578/3435 2079/2577/3434 2074/2572/3429 
f 2074/2572/3429 2073/2571/3428 2080/2578/3435 
f 2081/2579/3436 2080/2578/3435 2073/2571/3428 
f 2027/2580/3437 2080/2578/3435 2081/2579/3436 
f 2081/2579/3436 2032/2581/3438 2027/2580/3437 
f 2080/2578/3435 2027/2580/3437 2026/2582/3439 
f 2026/2582/3439 2079/2577/3434 2080/2578/3435 
f 2082/2583/3440 2079/2577/3434 2026/2582/3439 
f 2026/2582/3439 2025/2584/3441 2082/2583/3440 
f 2079/2577/3434 2082/2583/3440 2083/2585/3442 
f 2083/2585/3442 2078/2576/3433 2079/2577/3434 
f 2077/2575/3432 2078/2576/3433 2083/2585/3442 
f 2083/2585/3442 2084/2586/3443 2077/2575/3432 
f 2085/2587/3444 2084/2586/3443 2083/2585/3442 
f 2083/2585/3442 2082/2583/3440 2085/2587/3444 
f 2086/2588/3445 2085/2587/3444 2082/2583/3440 
f 2082/2583/3440 2025/2584/3441 2086/2588/3445 
f 2024/2589/3446 2086/2588/3445 2025/2584/3441 
f 2077/2575/3432 2084/2586/3443 2087/2590/3447 
f 2087/2590/3447 2088/2591/3448 2077/2575/3432 
f 2089/500/3449 2090/2050/3450 2091/502/3451 
f 2091/502/3451 2092/503/3452 2089/500/3449 
f 2090/2592/3453 2089/500/3449 2092/503/3452 
f 2093/2593/3454 2077/2594/3455 2088/2595/3456 
f 2088/2595/3456 2094/2596/3457 2093/2593/3454 
f 2076/2597/3458 2093/2593/3454 2094/2596/3457 
f 2077/2598/3459 2093/2593/3454 2076/2597/3458 
f 2009/2599/3460 2006/2600/3461 2095/2601/3462 
f 2095/2601/3462 2004/2602/3463 2009/2599/3460 
f 2005/2603/3464 2004/2602/3463 2095/2601/3462 
f 2095/2601/3462 2006/2604/3465 2005/2603/3464 
f 1936/2453/3310 1963/2452/3309 2096/2605/3466 
f 2096/2605/3466 2097/2606/3467 1936/2453/3310 
f 1927/2607/3468 1936/2453/3310 2097/2606/3467 
f 2098/2608/3469 2097/2606/3467 2096/2605/3466 
f 2096/2605/3466 2099/2609/3470 2098/2608/3469 
f 2100/2610/3471 2098/2608/3469 2099/2609/3470 
f 2099/2609/3470 2101/2611/3472 2100/2610/3471 
f 2102/2612/3473 2100/2610/3471 2101/2611/3472 
f 2103/2613/3474 2100/2610/3471 2102/2612/3473 
f 2102/2612/3473 2104/2614/3475 2103/2613/3474 
f 2104/2614/3475 2102/2612/3473 2105/2615/3476 
f 2105/2615/3476 2106/2616/3477 2104/2614/3475 
f 2106/2616/3477 2105/2615/3476 2107/2617/3478 
f 2108/2618/3479 2107/2617/3480 2023/2619/3481 
f 1920/2620/3482 2106/2616/3483 2108/2618/3479 
f 2108/2618/3479 2023/2619/3481 2109/2621/3484 
f 2109/2621/3484 1920/2620/3482 2108/2618/3479 
f 2109/2621/3484 2023/2619/3481 2022/2622/3485 
f 1927/2607/3468 2097/2606/3467 2110/2623/3486 
f 2110/2623/3486 1920/2620/3482 1927/2607/3468 
f 1920/2620/3482 2110/2623/3486 2106/2616/3483 
f 2086/2624/3487 2107/2625/3488 2111/2626/3489 
f 2111/2626/3489 2085/2627/3490 2086/2624/3487 
f 2112/2628/3491 2085/2627/3490 2111/2626/3489 
f 2111/2626/3489 2113/2629/3492 2112/2628/3491 
f 2114/2630/3493 2085/2627/3490 2112/2628/3491 
f 2112/2628/3491 2113/2629/3492 2114/2630/3493 
f 2105/2631/3494 2114/2630/3493 2113/2629/3492 
f 2113/2629/3492 2111/2632/3495 2105/2631/3494 
f 2107/2633/3496 2105/2631/3494 2111/2632/3495 
f 2105/2634/3497 2102/2635/3498 2115/2636/3499 
f 2115/2636/3499 2114/2637/3500 2105/2634/3497 
f 2116/2638/3501 2114/2637/3500 2115/2636/3499 
f 2115/2636/3499 2117/2639/3502 2116/2638/3501 
f 2118/2640/3503 2114/2637/3500 2116/2638/3501 
f 2116/2638/3501 2117/2639/3502 2118/2640/3503 
f 2119/2641/3504 2114/2637/3500 2118/2640/3503 
f 2118/2640/3503 2120/2642/3505 2119/2641/3504 
f 2121/2643/3506 2120/2642/3505 2118/2640/3503 
f 2118/2640/3503 2122/2644/3507 2121/2643/3506 
f 2117/2639/3502 2122/2644/3507 2118/2640/3503 
f 2101/2645/3508 2121/2643/3506 2122/2644/3507 
f 2122/2644/3507 2123/2646/3509 2101/2645/3508 
f 2123/2646/3509 2122/2644/3507 2117/2639/3502 
f 2117/2639/3502 2115/2647/3510 2123/2646/3509 
f 2102/2648/3511 2123/2646/3509 2115/2647/3510 
f 2101/2645/3508 2123/2646/3509 2102/2648/3511 
f 2124/2649/3512 2096/2650/3513 1963/2651/3514 
f 1963/2651/3514 2125/2652/3515 2124/2649/3512 
f 2125/2652/3515 1963/2651/3514 1964/2653/3516 
f 2126/2639/3517 2124/2649/3512 2125/2652/3515 
f 2125/2652/3515 2127/2654/3518 2126/2639/3517 
f 2124/2655/3519 2126/2639/3517 2127/2654/3518 
f 2127/2654/3518 2096/2656/3520 2124/2655/3519 
f 2099/2657/3521 2096/2656/3520 2127/2654/3518 
f 2127/2654/3518 1980/2658/3522 2099/2657/3521 
f 1978/2659/3523 1980/2658/3522 2127/2654/3518 
f 2127/2654/3518 2125/2652/3515 1978/2659/3523 
f 1964/2653/3516 1978/2659/3523 2125/2652/3515 
f 1979/2660/3524 1978/2659/3523 1964/2653/3516 
f 1964/2653/3516 1967/2661/3525 1979/2660/3524 
f 2104/2662/3526 2106/2663/3527 2128/2664/3528 
f 2128/2664/3528 2129/2639/3529 2104/2662/3526 
f 2103/2665/3530 2104/2662/3526 2129/2639/3529 
f 2129/2639/3529 2100/2666/3531 2103/2665/3530 
f 2098/2667/3532 2100/2666/3531 2129/2639/3529 
f 2129/2639/3529 2097/2668/3533 2098/2667/3532 
f 2097/2668/3533 2129/2639/3529 2128/2669/3534 
f 2128/2669/3534 2110/2670/3535 2097/2668/3533 
f 2106/2650/3536 2110/2670/3535 2128/2669/3534 
f 2130/2671/3537 2070/2567/3538 2131/2672/3539 
f 2132/2673/3540 2133/2674/3541 2134/2675/3542 
f 2134/2675/3542 2135/2676/3543 2132/2673/3540 
f 2134/2675/3544 2136/2677/3545 2135/2676/3546 
f 2136/2678/3547 2134/2675/3548 2133/2674/3549 
f 2137/2679/3550 2138/2680/3551 2133/2681/3552 
f 2133/2681/3552 2139/2682/3553 2137/2679/3550 
f 2140/2683/3554 2139/2682/3553 2133/2681/3552 
f 2133/2681/3552 2132/2684/3555 2140/2683/3554 
f 2141/2685/3556 2140/2683/3554 2132/2684/3555 
f 2142/2686/3557 2140/2683/3554 2141/2685/3556 
f 2141/2685/3556 2143/2687/3558 2142/2686/3557 
f 2143/2687/3558 2141/2685/3556 2144/2688/3559 
f 2142/2686/3557 2143/2687/3558 2145/2689/3560 
f 2145/2689/3560 2146/2690/3561 2142/2686/3557 
f 2147/2691/3562 2142/2686/3557 2146/2690/3561 
f 2146/2690/3561 2148/2692/3563 2147/2691/3562 
f 2148/2692/3563 2146/2690/3561 2149/2693/3564 
f 2149/2693/3564 2150/2694/3565 2148/2692/3563 
f 2150/2694/3565 2149/2693/3564 2151/2695/3566 
f 2148/2692/3563 2150/2694/3565 2152/2696/3567 
f 2152/2696/3567 2153/2697/3568 2148/2692/3563 
f 2147/2691/3562 2148/2692/3563 2153/2697/3568 
f 2153/2697/3568 2152/2696/3567 2154/2698/3569 
f 2154/2698/3569 2155/2699/3570 2153/2697/3568 
f 2156/2700/3571 2155/2699/3570 2154/2698/3569 
f 2153/2697/3568 2155/2699/3570 2157/2701/3572 
f 2157/2701/3572 2147/2691/3562 2153/2697/3568 
f 2157/2701/3572 2155/2699/3570 2158/2702/3573 
f 2158/2702/3573 2147/2691/3562 2157/2701/3572 
f 2142/2686/3557 2147/2691/3562 2158/2702/3573 
f 2158/2702/3573 2159/2703/3574 2142/2686/3557 
f 2140/2683/3554 2142/2686/3557 2159/2703/3574 
f 2160/2704/3575 2159/2703/3574 2158/2702/3573 
f 2158/2702/3573 2155/2699/3570 2160/2704/3575 
f 2161/2705/3576 2160/2704/3575 2155/2699/3570 
f 2155/2699/3570 2156/2700/3571 2161/2705/3576 
f 2162/2706/3577 2161/2705/3576 2156/2700/3571 
f 2156/2700/3571 2163/2707/3578 2162/2706/3577 
f 2161/2705/3576 2162/2706/3577 2164/2708/3579 
f 2164/2708/3579 2160/2704/3575 2161/2705/3576 
f 2160/2704/3575 2164/2708/3579 2165/2709/3580 
f 2165/2709/3580 2159/2703/3574 2160/2704/3575 
f 2159/2703/3574 2165/2709/3580 2166/2710/3581 
f 2166/2710/3581 2167/2711/3582 2159/2703/3574 
f 2140/2683/3554 2159/2703/3574 2167/2711/3582 
f 2167/2711/3582 2168/2712/3583 2140/2683/3554 
f 2139/2682/3553 2140/2683/3554 2168/2712/3583 
f 2169/2713/3584 2168/2712/3585 2170/2714/3586 
f 2150/2715/3587 2139/2682/3553 2169/2713/3584 
f 2169/2713/3584 2170/2714/3586 2150/2715/3587 
f 2152/2716/3588 2150/2715/3587 2170/2714/3586 
f 2170/2714/3586 2167/2711/3582 2152/2716/3588 
f 2154/2717/3589 2152/2716/3588 2167/2711/3582 
f 2167/2711/3582 2166/2710/3581 2154/2717/3589 
f 2156/2718/3590 2154/2717/3589 2166/2710/3581 
f 2166/2710/3581 2171/2719/3591 2156/2718/3590 
f 2171/2719/3591 2166/2710/3581 2165/2709/3580 
f 2165/2709/3580 2172/2720/3592 2171/2719/3591 
f 2164/2708/3579 2172/2720/3592 2165/2709/3580 
f 2173/2721/3593 2171/2719/3591 2172/2720/3592 
f 2172/2720/3592 2164/2708/3579 2174/2722/3594 
f 2174/2722/3594 2173/2721/3593 2172/2720/3592 
f 2175/2723/3595 2174/2722/3594 2164/2708/3579 
f 2164/2708/3579 2176/2724/3596 2175/2723/3595 
f 2162/2706/3577 2176/2724/3596 2164/2708/3579 
f 2175/2723/3595 2176/2724/3596 2177/2725/3597 
f 2177/2725/3597 2174/2722/3594 2175/2723/3595 
f 2174/2722/3594 2177/2725/3597 2178/2726/3598 
f 2178/2726/3598 2173/2721/3593 2174/2722/3594 
f 2173/2721/3593 2178/2726/3598 2179/2727/3599 
f 2179/2727/3599 2180/2728/3600 2173/2721/3593 
f 2181/2729/3601 2173/2721/3593 2180/2728/3600 
f 2171/2719/3591 2173/2721/3593 2181/2729/3601 
f 2181/2729/3601 2182/2730/3602 2171/2719/3591 
f 2156/2718/3590 2171/2719/3591 2182/2730/3602 
f 2182/2730/3602 2163/2731/3603 2156/2718/3590 
f 2182/2730/3602 2181/2729/3601 2183/2732/3604 
f 2183/2732/3604 2184/2733/3605 2182/2730/3602 
f 2183/2732/3604 2181/2729/3601 2185/2734/3606 
f 2185/2734/3606 2184/2733/3605 2183/2732/3604 
f 2184/2733/3605 2185/2734/3606 2186/2735/3607 
f 2186/2735/3607 2187/2736/3608 2184/2733/3605 
f 2188/2737/3609 2177/2725/3597 2176/2724/3596 
f 2176/2724/3596 2189/2738/3610 2188/2737/3609 
f 2189/2738/3610 2176/2724/3596 2162/2706/3577 
f 2162/2706/3577 2190/2739/3611 2189/2738/3610 
f 2190/2739/3611 2162/2706/3577 2163/2707/3578 
f 2163/2707/3578 2191/2740/3612 2190/2739/3611 
f 2192/2741/3613 2191/2740/3612 2163/2707/3578 
f 2163/2707/3578 2193/2742/3614 2192/2741/3613 
f 2194/2743/3615 2191/2740/3612 2192/2741/3613 
f 2195/2744/3616 2192/2741/3613 2193/2742/3614 
f 2193/2742/3614 2196/2745/3617 2195/2744/3616 
f 2192/2741/3613 2195/2744/3616 2197/2746/3618 
f 2197/2746/3618 2194/2743/3615 2192/2741/3613 
f 2194/2743/3615 2197/2746/3618 2198/2747/3619 
f 2198/2747/3619 2199/2748/3620 2194/2743/3615 
f 2200/2749/3621 2198/2747/3619 2197/2746/3618 
f 2197/2746/3618 2195/2744/3616 2200/2749/3621 
f 2201/2750/3622 2198/2747/3619 2200/2749/3621 
f 2200/2749/3621 2202/2751/3623 2201/2750/3622 
f 2203/2752/3624 2202/2751/3623 2200/2749/3621 
f 2200/2749/3621 2204/2753/3625 2203/2752/3624 
f 2204/2753/3625 2200/2749/3621 2195/2744/3616 
f 2195/2744/3616 2196/2745/3617 2204/2753/3625 
f 2205/2754/3626 2204/2753/3625 2196/2745/3617 
f 2204/2753/3625 2205/2754/3626 2206/2755/3627 
f 2206/2755/3627 2207/2756/3628 2204/2753/3625 
f 2203/2752/3624 2204/2753/3625 2207/2756/3628 
f 2207/2756/3628 2208/2757/3629 2203/2752/3624 
f 2202/2758/3630 2203/2752/3624 2208/2757/3629 
f 2199/2759/3631 2208/2757/3629 2207/2756/3628 
f 2207/2756/3628 2194/2760/3632 2199/2759/3631 
f 2194/2760/3632 2207/2756/3628 2206/2755/3627 
f 2206/2755/3627 2191/2761/3633 2194/2760/3632 
f 2209/2762/3634 2206/2755/3627 2205/2754/3626 
f 2205/2754/3626 2210/2763/3635 2209/2762/3634 
f 2139/2682/3553 2150/2715/3587 2151/2764/3636 
f 2151/2764/3636 2137/2679/3550 2139/2682/3553 
f 2137/2679/3550 2151/2764/3636 2211/2765/3637 
f 2212/2766/3638 2138/2767/3639 2137/2768/3640 
f 2137/2768/3640 2213/2769/3641 2212/2766/3638 
f 2214/2770/3642 2212/2766/3638 2213/2769/3641 
f 2213/2769/3641 2137/2768/3640 2215/2771/3643 
f 2216/2772/3644 2214/2770/3642 2213/2769/3641 
f 2213/2769/3641 2215/2771/3643 2216/2772/3644 
f 2217/2773/3645 2216/2772/3644 2215/2771/3643 
f 2218/2774/3646 2216/2772/3644 2217/2773/3645 
f 2217/2773/3645 2219/2775/3647 2218/2774/3646 
f 2219/2775/3647 2217/2773/3645 2220/2776/3648 
f 2220/2776/3648 2221/2777/3649 2219/2775/3647 
f 2221/2777/3649 2220/2776/3648 2222/2778/3650 
f 2222/2778/3650 2032/2779/3651 2221/2777/3649 
f 2032/2779/3651 2222/2778/3650 2031/2780/3652 
f 2223/2781/3653 2221/2777/3649 2032/2779/3651 
f 2032/2779/3651 2081/2782/3654 2223/2781/3653 
f 2221/2777/3649 2223/2781/3653 2224/2783/3655 
f 2224/2783/3655 2219/2775/3647 2221/2777/3649 
f 2219/2775/3647 2224/2783/3655 2225/2784/3656 
f 2225/2784/3656 2218/2774/3646 2219/2775/3647 
f 2218/2774/3646 2225/2784/3656 2226/2785/3657 
f 2226/2785/3657 2227/2786/3658 2218/2774/3646 
f 2216/2772/3644 2218/2774/3646 2227/2786/3658 
f 2214/2770/3642 2216/2772/3644 2228/2787/3659 
f 2228/2787/3659 2229/2788/3660 2214/2770/3642 
f 2230/2789/3661 2214/2770/3642 2229/2788/3660 
f 2229/2788/3660 2228/2787/3659 2231/2790/3662 
f 2231/2790/3662 2232/2791/3663 2229/2788/3660 
f 2232/2791/3663 2231/2790/3662 2233/2792/3664 
f 2233/2792/3664 2144/2793/3665 2232/2791/3663 
f 2234/2794/3666 2144/2793/3665 2233/2792/3664 
f 2233/2792/3664 2235/2795/3667 2234/2794/3666 
f 2227/2786/3668 2235/2795/3667 2233/2792/3664 
f 2236/2796/3669 2234/2794/3666 2235/2795/3667 
f 2235/2795/3667 2226/2785/3670 2236/2796/3669 
f 2237/2797/3671 2234/2794/3666 2236/2796/3669 
f 2236/2796/3669 2223/2781/3653 2237/2797/3671 
f 2223/2781/3653 2236/2796/3669 2224/2783/3655 
f 2237/2797/3671 2223/2781/3653 2081/2782/3654 
f 2081/2782/3654 2073/2798/3672 2237/2797/3671 
f 2238/2799/3673 2237/2797/3671 2073/2798/3672 
f 2234/2794/3666 2237/2797/3671 2238/2799/3673 
f 2238/2799/3673 2073/2798/3672 2067/2800/3674 
f 2234/2794/3666 2238/2799/3673 2239/2801/3675 
f 2239/2801/3675 2144/2793/3665 2234/2794/3666 
f 2240/2802/3676 2239/2801/3675 2238/2799/3673 
f 2238/2799/3673 2067/2800/3674 2240/2802/3676 
f 2051/2803/3677 2240/2802/3676 2067/2800/3674 
f 2240/2802/3676 2051/2803/3677 2241/2804/3678 
f 2241/2804/3678 2242/2805/3679 2240/2802/3676 
f 2239/2801/3675 2240/2802/3676 2242/2805/3679 
f 2242/2805/3679 2143/2806/3680 2239/2801/3675 
f 2144/2793/3665 2239/2801/3675 2143/2806/3680 
f 2145/2807/3681 2143/2806/3680 2242/2805/3679 
f 2232/2791/3663 2144/2793/3665 2141/2808/3682 
f 2141/2808/3682 2132/2809/3683 2232/2791/3663 
f 2135/2810/3684 2232/2791/3663 2132/2809/3683 
f 2229/2788/3660 2232/2791/3663 2135/2810/3684 
f 2135/2810/3684 2243/2811/3685 2229/2788/3660 
f 2244/2812/3686 2229/2788/3660 2243/2811/3685 
f 2230/2813/3687 2229/2788/3660 2244/2812/3686 
f 2245/2814/3688 2145/2807/3681 2242/2805/3679 
f 2242/2805/3679 2241/2804/3678 2245/2814/3688 
f 2146/2815/3689 2145/2807/3681 2245/2814/3688 
f 2246/2816/3690 2245/2814/3688 2241/2804/3678 
f 2241/2804/3678 2247/2817/3691 2246/2816/3690 
f 2247/2817/3691 2241/2804/3678 2051/2803/3677 
f 2051/2803/3677 2049/2818/3692 2247/2817/3691 
f 2248/2819/3693 2247/2817/3691 2049/2818/3692 
f 2049/2818/3692 2249/2820/3694 2248/2819/3693 
f 2249/2820/3694 2049/2818/3692 2048/2821/3695 
f 2048/2821/3695 2250/2822/3696 2249/2820/3694 
f 2250/2822/3696 2048/2821/3695 2046/2823/3697 
f 2249/2820/3694 2250/2822/3696 2251/2824/3698 
f 2251/2824/3698 2248/2819/3693 2249/2820/3694 
f 2248/2819/3693 2251/2824/3698 2252/2825/3699 
f 2252/2825/3699 2253/2826/3700 2248/2819/3693 
f 2247/2817/3691 2248/2819/3693 2253/2826/3700 
f 2254/2827/3701 2253/2826/3700 2252/2825/3699 
f 2252/2825/3699 2251/2824/3698 2254/2827/3701 
f 2255/2828/3702 2254/2827/3701 2251/2824/3698 
f 2251/2824/3698 2250/2822/3696 2255/2828/3702 
f 2256/2829/3703 2255/2828/3702 2250/2822/3696 
f 2250/2822/3696 2046/2823/3697 2256/2829/3703 
f 2041/2830/3704 2256/2829/3703 2046/2823/3697 
f 2256/2829/3703 2041/2830/3704 2257/2831/3705 
f 2257/2831/3705 2255/2828/3702 2256/2829/3703 
f 2257/2831/3705 2041/2830/3704 2039/2832/3706 
f 2255/2828/3702 2257/2831/3705 2258/2833/3707 
f 2258/2833/3707 2254/2827/3701 2255/2828/3702 
f 2254/2827/3701 2258/2833/3707 2259/2834/3708 
f 2259/2834/3708 2253/2826/3700 2254/2827/3701 
f 2247/2817/3691 2253/2826/3700 2259/2834/3708 
f 2259/2834/3708 2260/2835/3709 2247/2817/3691 
f 2246/2816/3690 2247/2817/3691 2260/2835/3709 
f 2261/2836/3710 2260/2835/3709 2259/2834/3708 
f 2259/2834/3708 2258/2833/3707 2261/2836/3710 
f 2262/2837/3711 2261/2836/3710 2258/2833/3707 
f 2258/2833/3707 2257/2831/3705 2262/2837/3711 
f 2039/2832/3706 2262/2837/3711 2257/2831/3705 
f 2262/2837/3711 2039/2832/3706 2038/2838/3712 
f 2038/2838/3712 2263/2839/3713 2262/2837/3711 
f 2263/2839/3713 2038/2838/3712 2033/2840/3714 
f 2262/2837/3711 2263/2839/3713 2264/2841/3715 
f 2264/2841/3715 2261/2836/3710 2262/2837/3711 
f 2260/2835/3709 2261/2836/3710 2264/2841/3715 
f 2264/2841/3715 2246/2816/3690 2260/2835/3709 
f 2265/2842/3716 2246/2816/3690 2264/2841/3715 
f 2264/2841/3715 2263/2839/3713 2265/2842/3716 
f 2245/2814/3688 2246/2816/3690 2265/2842/3716 
f 2266/2843/3717 2265/2842/3716 2263/2839/3713 
f 2263/2839/3713 2033/2840/3714 2266/2843/3717 
f 2031/2844/3718 2266/2843/3717 2033/2840/3714 
f 2267/2845/3719 2266/2843/3717 2031/2844/3718 
f 2031/2844/3718 2222/2846/3720 2267/2845/3719 
f 2266/2843/3717 2267/2845/3719 2268/2847/3721 
f 2268/2847/3721 2265/2842/3716 2266/2843/3717 
f 2245/2814/3688 2265/2842/3716 2268/2847/3721 
f 2268/2847/3721 2146/2815/3689 2245/2814/3688 
f 2146/2815/3689 2268/2847/3721 2267/2845/3719 
f 2267/2845/3719 2149/2848/3722 2146/2815/3689 
f 2149/2848/3722 2267/2845/3719 2222/2846/3720 
f 2222/2846/3720 2220/2849/3723 2149/2848/3722 
f 2211/2850/3724 2149/2848/3722 2220/2849/3723 
f 2151/2851/3725 2149/2848/3722 2211/2850/3724 
f 2211/2850/3724 2220/2849/3723 2217/2852/3726 
f 2217/2852/3726 2215/2853/3727 2211/2850/3724 
f 2137/2854/3728 2211/2850/3724 2215/2853/3727 
f 2269/2855/3729 2138/1472/3730 2212/2856/3731 
f 2212/2856/3731 2270/2857/3732 2269/2855/3729 
f 2271/2858/3733 2269/2855/3729 2270/2857/3732 
f 2270/2857/3732 2272/2859/3734 2271/2858/3733 
f 2272/2859/3734 2270/2857/3732 2212/2856/3731 
f 2212/2856/3731 2244/2860/3735 2272/2859/3734 
f 2273/2861/3736 2272/2859/3734 2244/2860/3735 
f 2271/2858/3733 2272/2859/3734 2273/2861/3736 
f 2273/2861/3736 2244/2860/3735 2243/2862/3737 
f 2274/2863/3738 2271/2858/3733 2273/2861/3736 
f 2273/2861/3736 2243/2862/3737 2274/2863/3738 
f 2269/2864/3739 2271/2858/3733 2274/2863/3738 
f 2274/2863/3738 2136/2865/3740 2269/2864/3739 
f 2243/2862/3737 2136/2865/3740 2274/2863/3738 
f 2138/2866/3741 2269/2864/3739 2136/2865/3740 
f 2136/2865/3740 2133/2867/3742 2138/2866/3741 
f 2275/2868/3743 2231/2677/3744 2216/2869/3745 
f 2216/2869/3745 2276/2870/3746 2275/2868/3743 
f 2277/2675/3747 2275/2868/3743 2276/2870/3746 
f 2276/2870/3746 2216/2869/3745 2227/2871/3748 
f 2227/2871/3748 2278/2872/3749 2276/2870/3746 
f 2277/2675/3747 2276/2870/3746 2278/2872/3749 
f 2278/2872/3749 2275/2873/3750 2277/2675/3747 
f 2231/2678/3751 2275/2873/3750 2278/2872/3749 
f 2278/2872/3749 2233/2874/3752 2231/2678/3751 
f 2227/2871/3748 2233/2874/3752 2278/2872/3749 
f 2279/502/3753 2280/2050/3754 2281/500/3755 
f 2281/500/3755 2282/503/3756 2279/502/3753 
f 2280/2592/3757 2282/503/3756 2281/500/3755 
f 2283/2875/3758 2284/2876/3759 2285/2877/3760 
f 2285/2877/3760 2286/2878/3761 2283/2875/3758 
f 2287/2879/3762 2283/2875/3758 2286/2878/3761 
f 2288/2880/3763 2286/2878/3761 2285/2877/3760 
f 2285/2877/3760 2289/2881/3764 2288/2880/3763 
f 2286/2878/3761 2288/2880/3763 2290/2882/3765 
f 2290/2882/3765 2287/2879/3762 2286/2878/3761 
f 2291/2883/3766 2287/2879/3762 2290/2882/3765 
f 2290/2882/3765 2292/2884/3767 2291/2883/3766 
f 2293/2885/3768 2291/2883/3766 2292/2884/3767 
f 2292/2884/3767 2294/2886/3769 2293/2885/3768 
f 2295/2887/3770 2293/2885/3768 2294/2886/3769 
f 2296/2888/3771 2294/2886/3769 2292/2884/3767 
f 2292/2884/3767 2297/2889/3772 2296/2888/3771 
f 2297/2889/3772 2292/2884/3767 2290/2882/3765 
f 2290/2882/3765 2298/2890/3773 2297/2889/3772 
f 2298/2890/3773 2290/2882/3765 2288/2880/3763 
f 2288/2880/3763 2299/2891/3774 2298/2890/3773 
f 2299/2891/3774 2288/2880/3763 2289/2881/3764 
f 2289/2881/3764 2300/2892/3775 2299/2891/3774 
f 2301/2893/3776 2299/2891/3774 2300/2892/3775 
f 2299/2891/3774 2301/2893/3776 2210/2894/3777 
f 2210/2894/3777 2298/2890/3773 2299/2891/3774 
f 2209/2895/3778 2210/2894/3777 2301/2893/3776 
f 2301/2893/3776 2302/2896/3779 2209/2895/3778 
f 2298/2890/3773 2210/2894/3777 2205/2897/3780 
f 2205/2897/3780 2196/2898/3781 2298/2890/3773 
f 2297/2889/3772 2298/2890/3773 2196/2898/3781 
f 2196/2898/3781 2303/2899/3782 2297/2889/3772 
f 2296/2888/3771 2297/2889/3772 2303/2899/3782 
f 2193/2900/3783 2303/2899/3782 2196/2898/3781 
f 2296/2888/3771 2303/2899/3782 2304/2901/3784 
f 2304/2901/3784 2305/2902/3785 2296/2888/3771 
f 2294/2886/3769 2296/2888/3771 2305/2902/3785 
f 2305/2902/3785 2306/2903/3786 2294/2886/3769 
f 2295/2887/3770 2294/2886/3769 2306/2903/3786 
f 2306/2903/3786 2305/2902/3785 2307/2904/3787 
f 2307/2904/3787 2295/2887/3770 2306/2903/3786 
f 2284/2905/3788 2295/2887/3770 2307/2904/3787 
f 2307/2904/3787 2285/2906/3789 2284/2905/3788 
f 2308/2907/3790 2285/2906/3789 2307/2904/3787 
f 2307/2904/3787 2305/2902/3785 2308/2907/3790 
f 2304/2901/3784 2308/2907/3790 2305/2902/3785 
f 2309/2908/3791 2308/2907/3790 2304/2901/3784 
f 2304/2901/3784 2310/2909/3792 2309/2908/3791 
f 2310/2909/3792 2304/2901/3784 2303/2899/3782 
f 2303/2899/3782 2311/2910/3793 2310/2909/3792 
f 2311/2910/3793 2303/2899/3782 2193/2900/3783 
f 2193/2900/3783 2163/2911/3794 2311/2910/3793 
f 2182/2912/3795 2311/2910/3793 2163/2911/3794 
f 2311/2910/3793 2182/2912/3795 2184/2913/3796 
f 2184/2913/3796 2312/2914/3797 2311/2910/3793 
f 2310/2909/3792 2311/2910/3793 2312/2914/3797 
f 2312/2914/3797 2313/2915/3798 2310/2909/3792 
f 2309/2908/3791 2310/2909/3792 2313/2915/3798 
f 2314/2916/3799 2313/2915/3798 2312/2914/3797 
f 2312/2914/3797 2184/2913/3796 2314/2916/3799 
f 2187/2917/3800 2314/2916/3799 2184/2913/3796 
f 2315/2918/3801 2314/2916/3799 2187/2917/3800 
f 2187/2917/3800 2188/2919/3802 2315/2918/3801 
f 2314/2916/3799 2315/2918/3801 2302/2920/3803 
f 2302/2920/3803 2313/2915/3798 2314/2916/3799 
f 2313/2915/3798 2302/2920/3803 2301/2921/3804 
f 2301/2921/3804 2309/2908/3791 2313/2915/3798 
f 2309/2908/3791 2301/2921/3804 2300/2922/3805 
f 2300/2922/3805 2289/2923/3806 2309/2908/3791 
f 2308/2907/3790 2309/2908/3791 2289/2923/3806 
f 2289/2923/3806 2285/2906/3789 2308/2907/3790 
f 2185/2924/3807 2181/2925/3808 2316/2926/3809 
f 2316/2926/3809 2317/2927/3810 2185/2924/3807 
f 2318/2928/3811 2319/2929/3812 2316/2926/3813 
f 2316/2926/3813 2320/2930/3814 2318/2928/3811 
f 2186/2931/3815 2185/2924/3816 2317/2927/3817 
f 2317/2927/3817 2180/2932/3818 2186/2931/3815 
f 2180/2932/3818 2317/2927/3817 2321/2926/3819 
f 2321/2926/3819 2181/2925/3820 2180/2932/3818 
f 2319/2929/3821 2321/2926/3819 2317/2927/3817 
f 2317/2927/3817 2316/2926/3822 2319/2929/3821 
f 2321/2926/3819 2319/2929/3821 2318/2928/3823 
f 2318/2928/3823 2320/2930/3824 2321/2926/3819 
f 2322/2933/3825 2321/2926/3819 2320/2930/3824 
f 2181/2925/3820 2321/2926/3819 2322/2933/3825 
f 2322/2933/3825 2320/2930/3824 2316/2926/3826 
f 2316/2926/3826 2181/2925/3820 2322/2933/3825 
f 2323/2934/3827 2199/2935/3828 2198/2936/3829 
f 2198/2936/3829 2324/2937/3830 2323/2934/3827 
f 2325/2938/3831 2323/2934/3827 2324/2937/3830 
f 2324/2937/3830 2198/2936/3829 2201/2939/3832 
f 2326/2940/3833 2325/2938/3831 2324/2937/3830 
f 2324/2937/3830 2201/2939/3832 2327/2941/3834 
f 2327/2941/3834 2326/2940/3833 2324/2937/3830 
f 2327/2941/3834 2201/2939/3832 2202/2942/3835 
f 2202/2942/3835 2208/2936/3836 2327/2941/3834 
f 2326/2940/3833 2327/2941/3834 2328/2943/3837 
f 2328/2943/3837 2329/2944/3838 2326/2940/3833 
f 2330/2945/3839 2326/2940/3833 2329/2944/3838 
f 2331/2946/3840 2329/2944/3838 2328/2943/3837 
f 2328/2943/3837 2332/2947/3841 2331/2946/3840 
f 2333/2948/3842 2329/2944/3838 2331/2946/3840 
f 2334/2949/3843 2331/2946/3840 2332/2947/3841 
f 2330/2945/3844 2329/2944/3845 2333/2948/3846 
f 2333/2948/3846 2335/2950/3847 2330/2945/3844 
f 2336/2951/3848 2335/2950/3847 2333/2948/3846 
f 2333/2948/3846 2334/2949/3849 2336/2951/3848 
f 2334/2949/3849 2333/2948/3846 2331/2946/3850 
f 2336/2951/3848 2334/2949/3849 2332/2947/3851 
f 2332/2947/3851 2328/2943/3852 2336/2951/3848 
f 2335/2950/3847 2336/2951/3848 2328/2943/3852 
f 2328/2943/3852 2337/2952/3853 2335/2950/3847 
f 2330/2945/3844 2335/2950/3847 2337/2952/3853 
f 2327/2941/3854 2337/2952/3853 2328/2943/3852 
f 2330/2945/3844 2337/2952/3853 2325/2938/3855 
f 2325/2938/3855 2326/2940/3856 2330/2945/3844 
f 2338/2953/3857 2325/2938/3855 2337/2952/3853 
f 2337/2952/3853 2327/2941/3854 2338/2953/3857 
f 2208/2936/3858 2338/2953/3857 2327/2941/3854 
f 2338/2953/3857 2208/2936/3858 2199/2935/3859 
f 2199/2935/3859 2323/2934/3860 2338/2953/3857 
f 2325/2938/3855 2338/2953/3857 2323/2934/3860 
f 2009/2954/3861 2056/2955/3862 2339/2601/3863 
f 2339/2601/3863 2006/2956/3864 2009/2954/3861 
f 2340/2957/3865 2006/2956/3864 2339/2601/3863 
f 2339/2601/3863 2056/2958/3866 2340/2957/3865 
f 2066/2959/3867 2070/2960/3868 2341/2961/3869 
f 2341/2961/3870 2070/2962/3871 2130/2963/3872 
f 2130/2963/3872 2063/2964/3873 2341/2961/3870 
f 2064/2965/3874 2341/2961/3870 2063/2964/3873 
f 2066/2959/3875 2341/2961/3870 2064/2965/3874 
f 2342/2966/3876 2343/2967/3877 2060/2968/3878 
f 2060/2968/3878 2058/2969/3879 2342/2966/3876 
f 2131/2970/3880 2342/2966/3876 2058/2969/3879 
f 2343/2971/3881 2342/2966/3876 2131/2970/3880 
f 2343/2972/3882 2071/2973/3883 2344/2974/3884 
f 2344/2974/3884 2345/2975/3885 2343/2972/3882 
f 2076/2976/3886 2345/2975/3885 2344/2974/3884 
f 2344/2974/3884 2071/2977/3887 2076/2976/3886 
f 2346/2978/3888 2106/2979/3889 2107/2980/3890 
f 2107/2980/3890 2108/2981/3891 2346/2978/3888 
f 2106/2982/3892 2346/2978/3888 2108/2981/3891 
f 2347/2983/3893 2348/2984/3894 2345/2985/3895 
f 2348/2984/3896 2347/2983/3897 2059/2986/3898 
f 2059/2986/3898 2060/2987/3899 2348/2984/3896 
f 2345/2988/3900 2348/2984/3896 2060/2987/3899 
f 2060/2987/3899 2343/2989/3901 2345/2988/3900 
f 2085/2990/3902 2114/2991/3903 2119/2992/3904 
f 2349/2993/3905 2340/2994/3906 2119/2992/3907 
f 2119/2992/3907 2120/2995/3908 2349/2993/3905 
f 2006/2996/3909 2340/2994/3906 2349/2993/3905 
f 2349/2993/3905 2350/2997/3910 2006/2996/3909 
f 2351/2998/3911 2023/2999/3912 2107/3000/3913 
f 2107/3000/3913 2352/3001/3914 2351/2998/3911 
f 2353/3002/3915 2352/3001/3914 2107/3000/3913 
f 2107/3000/3913 2086/3003/3916 2353/3002/3915 
f 2024/3004/3917 2353/3002/3915 2086/3003/3916 
f 2353/3002/3915 2024/3004/3917 2354/3005/3918 
f 2354/3005/3918 2352/3001/3914 2353/3002/3915 
f 2351/3006/3919 2352/3001/3914 2354/3005/3918 
f 2354/3005/3918 2023/3007/3920 2351/3006/3919 
f 2023/3007/3920 2354/3005/3918 2024/3004/3917 
f 2170/3008/3921 2168/3009/3922 2355/3010/3923 
f 2355/3010/3923 2167/3011/3924 2170/3008/3921 
f 2355/3010/3925 2168/3009/3926 2167/3011/3927 
f 2212/3012/3928 2230/3013/3929 2244/3014/3930 
f 2214/3015/3931 2230/3013/3932 2212/3016/3933 
f 2243/3017/3934 2135/3018/3935 2136/3019/3936 
f 2186/3020/3937 2180/3021/3938 2179/3022/3939 
f 2179/3022/3939 2187/3023/3940 2186/3020/3937 
f 2187/3023/3940 2179/3022/3939 2356/3024/3941 
f 2356/3024/3941 2188/3025/3942 2187/3023/3940 
f 2357/3026/3943 2188/3025/3942 2356/3024/3941 
f 2356/3024/3941 2358/3027/3944 2357/3026/3943 
f 2359/3028/3945 2357/3026/3943 2358/3027/3944 
f 2360/3029/3946 2358/3027/3944 2356/3024/3941 
f 2356/3024/3941 2179/3022/3939 2360/3029/3946 
f 2361/3030/3947 2360/3029/3946 2179/3022/3939 
f 2179/3022/3939 2178/3031/3948 2361/3030/3947 
f 2362/3032/3949 2360/3029/3946 2361/3030/3947 
f 2361/3030/3947 2178/3031/3948 2362/3032/3949 
f 2360/3029/3946 2362/3032/3949 2363/3033/3950 
f 2363/3033/3950 2358/3027/3944 2360/3029/3946 
f 2358/3027/3944 2363/3033/3950 2364/3034/3951 
f 2364/3034/3951 2359/3028/3945 2358/3027/3944 
f 2365/3035/3952 2359/3028/3945 2364/3034/3951 
f 2364/3034/3951 2366/3036/3953 2365/3035/3952 
f 2367/3037/3954 2365/3035/3952 2366/3036/3953 
f 2366/3036/3953 2368/3038/3955 2367/3037/3954 
f 2368/3038/3955 2366/3036/3953 2369/3039/3956 
f 2369/3039/3956 2370/3040/3957 2368/3038/3955 
f 2371/3041/3958 2368/3038/3955 2370/3040/3957 
f 2372/3042/3959 2370/3040/3957 2369/3039/3956 
f 2369/3039/3956 2366/3036/3953 2372/3042/3959 
f 2373/3043/3960 2372/3042/3959 2366/3036/3953 
f 2366/3036/3953 2364/3034/3951 2373/3043/3960 
f 2363/3033/3950 2373/3043/3960 2364/3034/3951 
f 2374/3044/3961 2373/3043/3960 2363/3033/3950 
f 2363/3033/3950 2362/3032/3949 2374/3044/3961 
f 2373/3043/3960 2374/3044/3961 2375/3045/3962 
f 2375/3045/3962 2372/3042/3959 2373/3043/3960 
f 2372/3042/3959 2375/3045/3962 2376/3046/3963 
f 2376/3046/3963 2370/3040/3957 2372/3042/3959 
f 2371/3041/3958 2370/3040/3957 2376/3046/3963 
f 2376/3046/3963 2377/3047/3964 2371/3041/3958 
f 2378/3048/3965 2377/3047/3964 2376/3046/3963 
f 2376/3046/3963 2375/3045/3962 2378/3048/3965 
f 2374/3044/3961 2378/3048/3965 2375/3045/3962 
f 2378/3048/3965 2374/3044/3961 2362/3032/3949 
f 2362/3032/3949 2379/3049/3966 2378/3048/3965 
f 2377/3047/3964 2378/3048/3965 2379/3049/3966 
f 2380/3050/3967 2379/3049/3966 2362/3032/3949 
f 2362/3032/3949 2178/3031/3948 2380/3050/3967 
f 2177/3051/3968 2380/3050/3967 2178/3031/3948 
f 2380/3050/3967 2177/3051/3968 2188/3052/3969 
f 2188/3052/3969 2357/3053/3970 2380/3050/3967 
f 2359/3054/3971 2380/3050/3967 2357/3053/3970 
f 2379/3049/3966 2380/3050/3967 2359/3054/3971 
f 2359/3054/3971 2365/3055/3972 2379/3049/3966 
f 2367/3056/3973 2379/3049/3966 2365/3055/3972 
f 2379/3049/3966 2367/3056/3973 2381/3057/3974 
f 2381/3057/3974 2377/3047/3964 2379/3049/3966 
f 2377/3047/3964 2381/3057/3974 2382/3058/3975 
f 2382/3058/3975 2371/3041/3958 2377/3047/3964 
f 2368/3059/3976 2371/3041/3958 2382/3058/3975 
f 2382/3058/3975 2383/3060/3977 2368/3059/3976 
f 2381/3057/3974 2383/3060/3977 2382/3058/3975 
f 2367/3056/3973 2368/3059/3976 2383/3060/3977 
f 2383/3060/3977 2381/3057/3974 2367/3056/3973 
f 2315/3061/3978 2188/3062/3979 2189/3063/3980 
f 2189/3063/3980 2302/2896/3779 2315/3061/3978 
f 2209/2895/3778 2302/2896/3779 2189/3063/3980 
f 2189/3063/3980 2190/3064/3981 2209/2895/3778 
f 2206/3065/3982 2209/2895/3778 2190/3064/3981 
f 2190/3064/3981 2191/3066/3983 2206/3065/3982 
f 2384/3067/3984 1990/3068/3985 2385/3069/3986 
f 2385/3069/3986 2350/3070/3987 2384/3067/3984 
f 1988/3071/3988 2350/3070/3987 2385/3069/3986 
f 2385/3069/3986 2386/2984/3989 1988/3071/3988 
f 1989/3072/3990 1988/3071/3988 2386/2984/3989 
f 2386/2984/3989 1990/3073/3991 1989/3072/3990 
f 2385/3074/3992 1990/3073/3991 2386/2984/3989 
f 2084/3075/3993 2085/3076/3994 2387/3077/3995 
f 2387/3077/3995 2087/3078/3996 2084/3075/3993 
f 2087/3078/3996 2387/3077/3995 2388/2601/3997 
f 2388/2601/3997 2389/3079/3998 2087/3078/3996 
f 2119/3080/3999 2389/3079/3998 2388/2601/3997 
f 2388/2601/3997 2387/3081/4000 2119/3080/3999 
f 2085/3074/4001 2119/3080/3999 2387/3081/4000 
f 2056/3082/4002 2390/2601/4003 2391/3083/4004 
f 2345/3084/4005 2076/3085/4006 2392/2593/4007 
f 2392/2593/4007 2347/3086/4008 2345/3084/4005 
f 2094/3087/4009 2347/3086/4008 2392/2593/4007 
f 2392/2593/4007 2076/3088/4010 2094/3087/4009 
f 2393/3089/4011 1967/3090/4012 1971/3091/4013 
f 1971/3091/4013 1979/3092/4014 2393/3089/4011 
f 1967/3093/4015 2393/3089/4011 1979/3092/4014 
f 2394/2593/4016 2071/3094/4017 2343/3095/4018 
f 2343/3095/4018 2070/3096/4019 2394/2593/4016 
f 2131/3097/4020 2070/3096/4019 2343/3095/4018 
f 2071/3098/4021 2394/2593/4016 2070/3096/4019 
f 2395/2593/4022 2131/3099/4023 2058/3100/4024 
f 2058/3100/4024 2061/3101/4025 2395/2593/4022 
f 2063/3069/4026 2395/2593/4022 2061/3101/4025 
f 2395/2593/4022 2063/3069/4026 2130/3102/4027 
f 2130/3102/4027 2131/3098/4028 2395/2593/4022 
f 2396/3103/4029 2064/3104/4030 2065/3105/4031 
f 2065/3105/4031 2066/3106/4032 2396/3103/4029 
f 2064/3107/4033 2396/3103/4029 2066/3106/4032 
f 1981/3108/4034 2384/3109/4035 2120/3110/4036 
f 2120/3110/4036 2121/3111/4037 1981/3108/4034 
f 2397/3112/4038 1981/3108/4034 2121/3111/4037 
f 1977/3113/4039 1981/3108/4034 2397/3112/4038 
f 2384/3114/4040 1981/3108/4041 1990/3115/4042 
f 1980/3116/4043 1977/3113/4039 2397/3112/4038 
f 2397/3112/4038 2398/3117/4044 1980/3116/4043 
f 2121/3118/4045 2398/3117/4044 2397/3112/4038 
f 2099/3119/4046 1980/3116/4043 2398/3117/4044 
f 2398/3117/4044 2121/3118/4045 2101/3120/4047 
f 2101/3120/4047 2099/3119/4046 2398/3117/4044 
f 2350/3121/4048 1988/3122/4049 2399/2601/4050 
f 2399/2601/4050 2006/3123/4051 2350/3121/4048 
f 1987/3124/4052 2006/3123/4051 2399/2601/4050 
f 2399/2601/4050 1988/3125/4053 1987/3124/4052 
f 2400/3126/4054 2391/3127/4055 2390/2601/4056 
f 2390/2601/4056 2401/3128/4057 2400/3126/4054 
f 2056/3082/4058 2401/3128/4057 2390/2601/4056 
f 2059/3129/4059 2400/3126/4054 2401/3128/4057 
f 2401/3128/4057 2056/3082/4058 2055/3130/4060 
f 2055/3130/4060 2059/3129/4059 2401/3128/4057 
f 2119/3131/4061 2340/3132/4062 2402/2601/4063 
f 2402/2601/4063 2389/3133/4064 2119/3131/4061 
f 2391/3134/4065 2389/3133/4064 2402/2601/4063 
f 2402/2601/4063 2056/3135/4066 2391/3134/4065 
f 2340/3136/4067 2056/3135/4066 2402/2601/4063 
f 2349/3137/4068 2120/3138/4069 2403/3139/4070 
f 2403/3139/4070 2350/3140/4071 2349/3137/4068 
f 2384/3141/4072 2350/3140/4071 2403/3139/4070 
f 2403/3139/4070 2120/3142/4073 2384/3141/4072 
f 2404/3143/4074 2087/3144/4075 2389/3145/4076 
f 2389/3145/4076 2405/3146/4077 2404/3143/4074 
f 2405/3146/4077 2389/3145/4076 2391/3147/4078 
f 2391/3147/4078 2400/3148/4079 2405/3146/4077 
f 2404/3143/4074 2405/3146/4077 2400/3148/4079 
f 2400/3148/4079 2347/3149/4080 2404/3143/4074 
f 2059/3150/4081 2347/3149/4080 2400/3148/4079 
f 2404/3143/4074 2347/3149/4080 2094/3151/4082 
f 2094/3151/4082 2088/3152/4083 2404/3143/4074 
f 2087/3153/4084 2404/3143/4074 2088/3152/4083 
f 1917/3154/4085 1920/3155/4086 2109/3156/4087 
f 2109/3156/4087 2406/3157/4088 1917/3154/4085 
f 1913/3158/4089 1917/3154/4085 2406/3157/4088 
f 2406/3157/4088 2109/3156/4087 2022/3159/4090 
f 2022/3159/4090 1998/3160/4091 2406/3157/4088 
f 2407/3161/4092 2406/3157/4088 1998/3160/4091 
f 2406/3157/4088 2407/3161/4092 2408/3162/4093 
f 2408/3162/4093 1913/3158/4089 2406/3157/4088 
f 1914/3163/4094 1913/3158/4089 2408/3162/4093 
f 2408/3162/4093 2409/3164/4095 1914/3163/4094 
f 2410/3165/4096 2409/3164/4095 2408/3162/4093 
f 2408/3162/4093 2407/3161/4092 2410/3165/4096 
f 2411/3166/4097 2409/3164/4095 2410/3165/4096 
f 2410/3165/4096 2412/3167/4098 2411/3166/4097 
f 2407/3161/4092 2412/3167/4098 2410/3165/4096 
f 2413/3168/4099 2411/3166/4097 2412/3167/4098 
f 2412/3167/4098 2414/3169/4100 2413/3168/4099 
f 2414/3169/4100 2412/3167/4098 2415/3170/4101 
f 2415/3170/4101 830/668/4102 2414/3169/4100 
f 832/670/4103 830/668/4102 2415/3170/4101 
f 2415/3170/4101 2416/3171/4104 832/670/4103 
f 833/671/4105 832/670/4103 2416/3171/4104 
f 2416/3171/4104 842/680/4106 833/671/4105 
f 1995/3172/4107 842/680/4106 2416/3171/4104 
f 2416/3171/4104 2417/3173/4108 1995/3172/4107 
f 2417/3173/4108 2416/3171/4104 2415/3170/4101 
f 2415/3170/4101 2412/3167/4098 2417/3173/4108 
f 2407/3161/4092 2417/3173/4108 2412/3167/4098 
f 2417/3173/4108 2407/3161/4092 1998/3160/4091 
f 1998/3160/4091 1995/3172/4107 2417/3173/4108 
f 2418/3174/4109 1273/3175/4110 1270/3176/4111 
f 1270/3176/4111 2419/3177/4112 2418/3174/4109 
f 2420/3178/4113 2418/3174/4109 2419/3177/4112 
f 2419/3177/4112 1270/3176/4111 1969/3179/4114 
f 1969/3179/4114 2420/3178/4113 2419/3177/4112 
f 2421/500/4115 2422/2050/4116 2423/502/4117 
f 2423/502/4117 2424/503/4118 2421/500/4115 
f 2422/3180/4119 2421/500/4115 2424/503/4118 
f 2425/502/4120 2426/2050/4121 2427/500/4122 
f 2427/500/4122 2428/503/4123 2425/502/4120 
f 2426/3180/4124 2428/503/4123 2427/500/4122 
f 2429/3181/4125 2430/3182/4126 2431/3183/4127 
f 2432/3184/4128 1456/2335/4129 2433/2334/4130 
f 2433/2334/4130 2434/3185/4131 2432/3184/4128 
f 2435/2338/4132 2432/3184/4128 2434/3185/4131 
f 2434/3185/4131 2433/2334/4130 1455/3186/4133 
f 1455/3186/4133 2435/2338/4132 2434/3185/4131 
f 2433/1766/4134 1456/1768/4135 2436/1760/4136 
f 2436/1760/4136 2437/1764/4137 2433/1766/4134 
f 1455/1767/4138 2433/1766/4134 2437/1764/4137 
f 2437/1764/4137 2436/1760/4136 2438/1763/4139 
f 2438/1763/4139 997/1765/4140 2437/1764/4137 
f 2439/1762/4141 2438/1763/4139 2436/1760/4136 
f 2436/1760/4136 2440/1761/4142 2439/1762/4141 
f 2441/1757/4143 2440/1761/4142 2436/1760/4136 
f 2436/1760/4136 2442/1759/4144 2441/1757/4143 
f 1457/1768/4145 2442/1759/4144 2436/1760/4136 
f 2443/1758/4146 2441/1757/4143 2442/1759/4144 
f 2442/1759/4144 1457/1768/4145 1456/1768/4147 
f 1456/1768/4147 1458/1769/4148 2442/1759/4144 
f 2436/1760/4149 1456/1768/4150 1457/1768/4151 
f 2444/1236/4152 2445/1238/4153 2446/1237/4154 
f 2446/1237/4154 2447/1234/4155 2444/1236/4152 
f 2448/1235/4156 2444/1236/4152 2447/1234/4155 
f 2447/1234/4155 2449/1233/4157 2448/1235/4156 
f 2449/1233/4157 2447/1234/4155 2446/1232/4158 
f 2446/1232/4158 2450/1230/4159 2449/1233/4157 
f 2445/1231/4160 2450/1230/4159 2446/1232/4158 
f 2451/1652/4161 2452/1649/4162 2453/1648/4163 
f 2453/1648/4163 2454/1744/4164 2451/1652/4161 
f 2455/511/4165 2456/514/4166 2457/513/4167 
f 2457/513/4167 2458/512/4168 2455/511/4165 
f 2459/1547/4169 2460/508/4170 2461/3187/4171 
f 2461/3187/4171 2458/3188/4172 2459/1547/4169 
f 2458/3189/4173 2461/3190/4174 2462/508/4175 
f 2462/508/4175 2463/3191/4176 2458/3189/4173 
f 2463/3192/4177 2462/508/4178 2464/3193/4179 
f 2465/3194/4180 2466/3195/4181 2467/3196/4182 
f 2467/3196/4182 2468/3197/4183 2465/3194/4180 
f 2468/3197/4183 2467/3196/4182 2469/3198/4184 
f 2469/3198/4184 2470/3199/4185 2468/3197/4183 
f 2471/3200/4186 2468/3197/4183 2470/3199/4185 
f 2468/3197/4183 2471/3200/4186 2472/3201/4187 
f 2472/3201/4187 2473/3202/4188 2468/3197/4183 
f 2474/3203/4189 2468/3197/4183 2473/3202/4188 
f 2465/3194/4180 2468/3197/4183 2474/3203/4189 
f 2474/3203/4189 2475/3204/4190 2465/3194/4180 
f 2476/3205/4191 2475/3204/4190 2474/3203/4189 
f 2474/3203/4189 2477/3206/4192 2476/3205/4191 
f 2478/3207/4193 2477/3206/4192 2474/3203/4189 
f 2474/3203/4189 2479/3208/4194 2478/3207/4193 
f 2479/3208/4194 2474/3203/4189 2473/3202/4188 
f 2478/3207/4193 2479/3208/4194 2480/3209/4195 
f 2480/3209/4195 2477/3206/4192 2478/3207/4193 
f 2477/3206/4192 2480/3209/4195 2481/3210/4196 
f 2481/3210/4196 2476/3205/4191 2477/3206/4192 
f 2476/3205/4191 2481/3210/4196 2482/3211/4197 
f 2482/3211/4197 2483/3212/4198 2476/3205/4191 
f 2475/3204/4190 2476/3205/4191 2483/3212/4198 
f 2483/3212/4198 2484/3213/4199 2475/3204/4190 
f 2485/3214/4200 2484/3213/4199 2483/3212/4198 
f 2483/3212/4198 2482/3211/4197 2485/3214/4200 
f 2486/3215/4201 2485/3214/4200 2482/3211/4197 
f 2482/3211/4197 2487/3216/4202 2486/3215/4201 
f 2488/3217/4203 2487/3216/4202 2482/3211/4197 
f 2482/3211/4197 2481/3210/4196 2488/3217/4203 
f 2489/3218/4204 2488/3217/4203 2481/3210/4196 
f 2481/3210/4196 2480/3209/4195 2489/3218/4204 
f 2490/3219/4205 2489/3218/4204 2480/3209/4195 
f 2480/3209/4195 2491/3220/4206 2490/3219/4205 
f 2491/3220/4206 2480/3209/4195 2479/3208/4194 
f 2479/3208/4194 2492/3221/4207 2491/3220/4206 
f 2492/3221/4207 2479/3208/4194 2473/3202/4188 
f 2473/3202/4188 1953/3222/4208 2492/3221/4207 
f 1952/3223/4209 1953/3222/4208 2473/3202/4188 
f 2492/3221/4207 1953/3222/4208 1932/3224/4210 
f 1932/3224/4210 1930/3225/4211 2492/3221/4207 
f 2491/3220/4206 2492/3221/4207 1930/3225/4211 
f 1930/3225/4211 2493/3226/4212 2491/3220/4206 
f 2490/3219/4205 2491/3220/4206 2493/3226/4212 
f 2493/3226/4212 1930/3225/4211 1925/3227/4213 
f 1925/3227/4213 2494/3228/4214 2493/3226/4212 
f 2494/3228/4214 1925/3227/4213 1923/3229/4215 
f 1923/3229/4215 2495/3230/4216 2494/3228/4214 
f 2496/3231/4217 2494/3228/4214 2495/3230/4216 
f 2497/3232/4218 2493/3226/4212 2494/3228/4214 
f 2494/3228/4214 2498/3233/4219 2497/3232/4218 
f 2490/3219/4205 2493/3226/4212 2497/3232/4218 
f 2497/3232/4218 2499/3234/4220 2490/3219/4205 
f 2489/3218/4204 2490/3219/4205 2499/3234/4220 
f 2499/3234/4220 2500/3235/4221 2489/3218/4204 
f 2488/3217/4203 2489/3218/4204 2500/3235/4221 
f 2500/3235/4221 2501/3236/4222 2488/3217/4203 
f 2487/3216/4202 2488/3217/4203 2501/3236/4222 
f 2501/3236/4222 2502/3237/4223 2487/3216/4202 
f 2503/3238/4224 2487/3216/4202 2502/3237/4223 
f 2487/3216/4202 2503/3238/4224 2504/3239/4225 
f 2504/3239/4225 2486/3215/4201 2487/3216/4202 
f 2505/3240/4226 2503/3238/4224 2502/3237/4223 
f 2502/3237/4223 2506/3241/4227 2505/3240/4226 
f 2501/3236/4222 2506/3241/4227 2502/3237/4223 
f 2505/3240/4226 2506/3241/4227 2507/3242/4228 
f 2507/3242/4228 2508/3243/4229 2505/3240/4226 
f 2509/3244/4230 2506/3241/4227 2501/3236/4222 
f 2501/3236/4222 2510/3245/4231 2509/3244/4230 
f 2510/3245/4231 2501/3236/4222 2500/3235/4221 
f 2500/3235/4221 2511/3246/4232 2510/3245/4231 
f 2512/3247/4233 2511/3246/4232 2500/3235/4221 
f 2500/3235/4221 2513/3248/4234 2512/3247/4233 
f 2514/3249/4235 2513/3248/4234 2500/3235/4221 
f 2500/3235/4221 2499/3234/4220 2514/3249/4235 
f 2515/3250/4236 2499/3234/4220 2497/3232/4218 
f 2497/3232/4218 2516/3251/4237 2515/3250/4236 
f 2517/3252/4238 2516/3251/4237 2497/3232/4218 
f 2497/3232/4218 2498/3233/4219 2517/3252/4238 
f 2485/3214/4200 2486/3215/4201 2518/3253/4239 
f 2518/3253/4239 2519/3254/4240 2485/3214/4200 
f 2484/3213/4199 2485/3214/4200 2519/3254/4240 
f 2519/3254/4240 2520/3255/4241 2484/3213/4199 
f 2520/3255/4241 2519/3254/4240 2521/3256/4242 
f 2484/3213/4199 2520/3255/4241 2430/3257/4243 
f 2430/3257/4243 2475/3204/4190 2484/3213/4199 
f 2522/3258/4244 2475/3204/4190 2430/3257/4243 
f 2430/3257/4243 2523/3259/4245 2522/3258/4244 
f 2524/3260/4246 2522/3258/4244 2523/3259/4245 
f 2525/3261/4247 2523/3259/4245 2430/3257/4243 
f 2430/3257/4243 2526/3262/4248 2525/3261/4247 
f 2526/3262/4248 2430/3257/4243 2527/3263/4249 
f 2431/3264/4250 2430/3257/4243 2520/3255/4241 
f 2520/3255/4241 2528/3265/4251 2431/3264/4250 
f 2529/3266/4252 2520/3255/4241 2521/3256/4242 
f 2521/3256/4242 2530/3267/4253 2529/3266/4252 
f 2531/3268/4254 2530/3267/4253 2521/3256/4242 
f 2521/3256/4242 2532/3269/4255 2531/3268/4254 
f 2533/3270/4256 1958/3271/4257 1954/3272/4258 
f 1954/3272/4258 1955/3273/4259 2533/3270/4256 
f 2534/3274/4260 2533/3270/4256 1955/3273/4259 
f 1955/3273/4259 2535/3275/4261 2534/3274/4260 
f 2533/3270/4256 2534/3274/4260 2536/3276/4262 
f 2536/3276/4262 2537/3277/4263 2533/3270/4256 
f 2538/3278/4264 2537/3277/4263 2536/3276/4262 
f 2536/3276/4262 2539/3279/4265 2538/3278/4264 
f 2540/3280/4266 2539/3279/4265 2536/3276/4262 
f 2536/3276/4262 2534/3274/4260 2540/3280/4266 
f 2535/3275/4261 2540/3280/4266 2534/3274/4260 
f 2541/3281/4267 2540/3280/4266 2535/3275/4261 
f 2535/3282/4268 1955/3283/4269 1952/3223/4270 
f 2542/1167/4271 2543/932/4272 2544/962/4273 
f 2544/962/4273 2545/1168/4274 2542/1167/4271 
f 1255/1445/4275 2546/1452/4276 2547/1451/4277 
f 2547/1451/4277 2548/1446/4278 1255/1445/4275 
f 2549/1448/4279 2548/1446/4278 2547/1451/4277 
f 1255/1445/4275 2548/1446/4278 2550/1444/4280 
f 2550/1444/4280 2551/1441/4281 1255/1445/4275 
f 2552/1447/4282 2550/1444/4280 2548/1446/4278 
f 2548/1446/4278 2549/1448/4279 2552/1447/4282 
f 2547/1449/4283 2552/1447/4282 2549/1448/4279 
f 2552/1447/4282 2547/1449/4283 2553/1443/4284 
f 2553/1443/4284 2550/1444/4280 2552/1447/4282 
f 2551/1441/4281 2550/1444/4280 2553/1443/4284 
f 2553/1443/4284 2554/1442/4285 2551/1441/4281 
f 2546/1450/4286 2553/1443/4284 2547/1449/4283 
f 2555/3284/4287 2556/2396/4288 2557/2397/4289 
f 2557/2397/4289 2558/3285/4290 2555/3284/4287 
f 2559/3286/4291 2498/3287/4292 2494/3288/4293 
f 2494/3288/4293 2496/3289/4294 2559/3286/4291 
f 2465/3290/4295 2560/3291/4296 2561/3292/4297 
f 2561/3292/4297 2466/3293/4298 2465/3290/4295 
f 2522/3294/4299 2524/3295/4300 2562/3296/4301 
f 2562/3296/4301 2560/3297/4302 2522/3294/4299 
f 2465/3298/4303 2522/3294/4299 2560/3297/4302 
f 2475/3299/4304 2522/3294/4299 2465/3298/4303 
f 2429/3181/4305 2527/3300/4306 2430/3182/4307 
f 2520/3301/4308 2529/3302/4309 2528/3303/4310 
f 2563/3304/4311 2532/3305/4312 2521/3306/4313 
f 2521/3306/4313 2564/3307/4314 2563/3304/4311 
f 2565/3308/4315 2563/3304/4311 2564/3307/4314 
f 2564/3307/4314 2566/3309/4316 2565/3308/4315 
f 2566/3309/4316 2564/3307/4314 2567/3310/4317 
f 2567/3310/4317 2568/3311/4318 2566/3309/4316 
f 2569/3312/4319 2568/3311/4318 2567/3310/4317 
f 2567/3310/4317 2570/3313/4320 2569/3312/4319 
f 2570/3313/4320 2567/3310/4317 2571/3314/4321 
f 2571/3314/4321 2572/3315/4322 2570/3313/4320 
f 2573/3316/4323 2570/3313/4320 2572/3315/4322 
f 2572/3315/4322 2574/3317/4324 2573/3316/4323 
f 2575/3318/4325 2574/3317/4324 2572/3315/4322 
f 2572/3315/4322 2576/3319/4326 2575/3318/4325 
f 2576/3319/4326 2572/3315/4322 2571/3314/4321 
f 2571/3314/4321 2577/3320/4327 2576/3319/4326 
f 2578/3321/4328 2577/3320/4327 2571/3314/4321 
f 2571/3314/4321 2567/3310/4317 2578/3321/4328 
f 2579/3322/4329 2578/3321/4328 2567/3310/4317 
f 2567/3310/4317 2564/3307/4314 2579/3322/4329 
f 2521/3306/4313 2579/3322/4329 2564/3307/4314 
f 2579/3322/4329 2521/3306/4313 2519/3323/4330 
f 2519/3323/4330 2580/3324/4331 2579/3322/4329 
f 2580/3324/4331 2519/3323/4330 2518/3325/4332 
f 2518/3325/4332 2486/3326/4333 2580/3324/4331 
f 2581/3327/4334 2580/3324/4331 2486/3326/4333 
f 2579/3322/4329 2580/3324/4331 2581/3327/4334 
f 2581/3327/4334 2486/3326/4333 2504/3328/4335 
f 2579/3322/4329 2581/3327/4334 2582/3329/4336 
f 2582/3329/4336 2578/3321/4328 2579/3322/4329 
f 2582/3329/4336 2581/3327/4334 2504/3328/4335 
f 2504/3328/4335 2583/3330/4337 2582/3329/4336 
f 2503/3331/4338 2583/3330/4337 2504/3328/4335 
f 2582/3329/4336 2583/3330/4337 2584/3332/4339 
f 2584/3332/4339 2578/3321/4328 2582/3329/4336 
f 2585/3333/4340 2578/3321/4328 2584/3332/4339 
f 2584/3332/4339 2583/3330/4337 2585/3333/4340 
f 2586/3334/4341 2578/3321/4328 2585/3333/4340 
f 2585/3333/4340 2583/3330/4337 2586/3334/4341 
f 2577/3320/4327 2578/3321/4328 2586/3334/4341 
f 2586/3334/4341 2587/3335/4342 2577/3320/4327 
f 2588/3336/4343 2587/3335/4342 2586/3334/4341 
f 2586/3334/4341 2583/3330/4337 2588/3336/4343 
f 2589/3337/4344 2587/3335/4342 2588/3336/4343 
f 2588/3336/4343 2583/3330/4337 2589/3337/4344 
f 2590/3338/4345 2589/3337/4344 2583/3330/4337 
f 2583/3330/4337 2591/3339/4346 2590/3338/4345 
f 2591/3339/4346 2583/3330/4337 2503/3331/4338 
f 2503/3331/4338 2505/3340/4347 2591/3339/4346 
f 2592/3341/4348 2591/3339/4346 2505/3340/4347 
f 2505/3340/4347 2508/3342/4349 2592/3341/4348 
f 2593/3343/4350 2592/3341/4348 2508/3342/4349 
f 2592/3341/4348 2593/3343/4350 2594/3344/4351 
f 2594/3344/4351 2595/3345/4352 2592/3341/4348 
f 2596/3346/4353 2592/3341/4348 2595/3345/4352 
f 2591/3339/4346 2592/3341/4348 2596/3346/4353 
f 2596/3346/4353 2590/3338/4345 2591/3339/4346 
f 2590/3338/4345 2596/3346/4353 2597/3347/4354 
f 2597/3347/4354 2598/3348/4355 2590/3338/4345 
f 2589/3337/4344 2590/3338/4345 2598/3348/4355 
f 2598/3348/4355 2599/3349/4356 2589/3337/4344 
f 2587/3335/4342 2589/3337/4344 2599/3349/4356 
f 2599/3349/4356 2600/3350/4357 2587/3335/4342 
f 2577/3320/4327 2587/3335/4342 2600/3350/4357 
f 2601/3351/4358 2600/3350/4357 2599/3349/4356 
f 2599/3349/4356 2598/3348/4355 2601/3351/4358 
f 2577/3320/4327 2600/3350/4357 2601/3351/4358 
f 2601/3351/4358 2576/3319/4326 2577/3320/4327 
f 2602/3352/4359 2576/3319/4326 2601/3351/4358 
f 2601/3351/4358 2603/3353/4360 2602/3352/4359 
f 2604/3354/4361 2602/3352/4359 2603/3353/4360 
f 2603/3353/4360 2601/3351/4358 2605/3355/4362 
f 2605/3355/4362 2604/3356/4363 2603/3353/4360 
f 2606/3357/4364 2605/3355/4362 2601/3351/4358 
f 2601/3351/4358 2598/3348/4355 2606/3357/4364 
f 2607/3358/4365 2606/3357/4364 2598/3348/4355 
f 2598/3348/4355 2597/3347/4354 2607/3358/4365 
f 2606/3357/4364 2607/3358/4365 2608/3359/4366 
f 2608/3359/4366 2605/3355/4362 2606/3357/4364 
f 2609/3360/4367 2605/3355/4362 2608/3359/4366 
f 2608/3359/4366 2610/3361/4368 2609/3360/4367 
f 2610/3361/4368 2608/3359/4366 2607/3358/4365 
f 2607/3358/4365 2611/3362/4369 2610/3361/4368 
f 2611/3362/4369 2607/3358/4365 2597/3347/4354 
f 2597/3347/4354 2612/3363/4370 2611/3362/4369 
f 2612/3363/4370 2597/3347/4354 2596/3346/4353 
f 2596/3346/4353 2595/3345/4352 2612/3363/4370 
f 2455/520/4371 2458/526/4372 2463/525/4373 
f 2463/525/4373 2613/522/4374 2455/520/4371 
f 2614/508/4375 2455/520/4371 2613/522/4374 
f 2615/521/4376 2455/520/4371 2614/508/4375 
f 2615/523/4377 2614/508/4375 2613/522/4374 
f 2613/522/4374 2616/524/4378 2615/523/4377 
f 2617/1024/4379 2618/1029/4380 2619/1028/4381 
f 2619/1028/4381 2620/1027/4382 2617/1024/4379 
f 2621/1026/4383 2617/1024/4379 2620/1027/4382 
f 2618/1025/4384 2617/1024/4379 2621/1026/4383 
f 2619/1028/4385 2622/1031/4386 2623/1030/4387 
f 2623/1030/4387 2624/1032/4388 2619/1028/4385 
f 2625/1033/4389 2619/1028/4385 2624/1032/4388 
f 2622/1031/4386 2619/1028/4385 2618/1034/4390 
f 2618/1034/4390 2626/932/4391 2622/1031/4386 
f 2623/1030/4387 2622/1031/4386 2626/932/4391 
f 2626/932/4391 2618/1034/4390 2627/1035/4392 
f 2628/1037/4393 2627/1035/4394 2629/1036/4395 
f 2629/1036/4395 2621/1038/4396 2628/1037/4393 
f 2618/1039/4397 2621/1038/4396 2629/1036/4395 
f 2629/1036/4395 2627/1040/4398 2618/1039/4397 
f 2630/1165/4399 2631/1166/4400 2632/1163/4401 
f 2632/1163/4401 2633/932/4402 2630/1165/4399 
f 2544/1162/4403 2630/1164/4404 2633/932/4405 
f 2633/932/4405 2632/1163/4406 2544/1162/4403 
f 2634/1133/4407 2631/1127/4408 2635/1128/4409 
f 2636/1132/4410 2637/1131/4411 2635/1128/4412 
f 2635/1128/4412 2638/932/4413 2636/1132/4410 
f 2639/1262/4414 2640/1263/4415 2641/1258/4416 
f 2641/1258/4416 2642/1259/4417 2639/1262/4414 
f 2643/1261/4418 2639/1262/4414 2642/1259/4417 
f 2642/1259/4417 2644/1260/4419 2643/1261/4418 
f 2645/1256/4420 2644/1260/4419 2642/1259/4417 
f 2642/1259/4417 2641/1258/4416 2645/1256/4420 
f 2644/1257/4421 2645/1256/4420 2641/1258/4416 
f 2646/932/4422 2647/1146/4423 2648/1145/4424 
f 2648/1145/4424 2649/1144/4425 2646/932/4422 
f 2650/1749/4426 2651/1833/4427 2652/1789/4428 
f 2652/1789/4428 2653/1752/4429 2650/1749/4426 
f 2653/1752/4430 2654/1831/4431 2655/1832/4432 
f 2655/1832/4432 2656/1751/4433 2653/1752/4430 
f 2657/1772/4434 2655/1832/4432 2654/1831/4431 
f 2654/1831/4431 2452/1830/4435 2657/1772/4434 
f 2452/1830/4435 2654/1831/4431 2658/1786/4436 
f 2658/1786/4436 2659/1828/4437 2452/1830/4435 
f 2660/1829/4438 2452/1830/4435 2659/1828/4437 
f 2659/1828/4437 1484/1782/4439 2660/1829/4438 
f 1484/1782/4439 2659/1828/4437 1420/1783/4440 
f 2660/1829/4438 1484/1782/4439 2661/1836/4441 
f 2661/1836/4441 2662/1639/4442 2660/1829/4438 
f 2452/1830/4435 2660/1829/4438 2662/1639/4442 
f 2663/1837/4443 2662/1639/4442 2661/1836/4441 
f 2661/1836/4441 1484/1782/4439 2663/1837/4443 
f 1364/1781/4444 2663/1837/4443 1484/1782/4439 
f 2663/1837/4443 1364/1781/4444 2664/1838/4445 
f 2664/1838/4445 2662/1639/4442 2663/1837/4443 
f 2452/1640/4446 2662/1639/4442 2664/1838/4445 
f 2657/1772/4434 2452/1830/4435 2665/1834/4447 
f 2665/1834/4447 2655/1835/4448 2657/1772/4434 
f 2666/1713/4449 2667/1820/4450 2668/1712/4451 
f 2669/1816/4452 2670/1711/4453 2668/1712/4454 
f 2668/1712/4454 2671/1814/4455 2669/1816/4452 
f 2672/1815/4456 2669/1816/4452 2671/1814/4455 
f 2669/1816/4452 2672/1815/4456 2673/1817/4457 
f 2673/1817/4457 2674/1818/4458 2669/1816/4452 
f 2672/1819/4459 2674/1818/4458 2673/1817/4457 
f 2675/1810/4460 2672/1815/4456 2671/1814/4455 
f 2671/1814/4455 2676/1811/4461 2675/1810/4460 
f 2677/1807/4462 2675/1810/4460 2676/1811/4461 
f 2678/1809/4463 2675/1810/4460 2677/1807/4462 
f 2677/1807/4462 2676/1811/4461 2679/1812/4464 
f 2680/1806/4465 2678/1809/4463 2677/1807/4462 
f 1474/1808/4466 2677/1807/4462 2679/1812/4464 
f 2681/1805/4467 2680/1806/4465 2677/1807/4462 
f 2677/1807/4462 1474/1808/4466 2681/1805/4467 
f 2678/1803/4468 2680/1806/4465 2681/1805/4467 
f 2681/1805/4467 2675/1804/4469 2678/1803/4468 
f 1474/1808/4466 2679/1812/4464 1468/1813/4470 
f 2682/957/4471 2625/959/4472 2683/956/4473 
f 2683/956/4473 2684/954/4474 2682/957/4471 
f 2620/953/4475 2684/954/4474 2683/956/4473 
f 2619/955/4476 2682/957/4471 2684/954/4474 
f 2684/954/4474 2620/953/4475 2619/955/4476 
f 2625/958/4477 2682/957/4471 2619/955/4476 
f 2558/939/4478 2621/940/4479 2620/953/4480 
f 2685/938/4481 2558/939/4482 2557/951/4483 
f 2557/951/4483 2686/950/4484 2685/938/4481 
f 2686/950/4484 2557/951/4483 2687/952/4485 
f 2628/949/4486 2685/938/4481 2686/950/4484 
f 2625/2362/4487 2688/2379/4488 2689/1712/4489 
f 2689/1712/4489 2690/1713/4490 2625/2362/4487 
f 2683/2378/4491 2690/1713/4490 2689/1712/4489 
f 2689/1712/4489 2691/2375/4492 2683/2378/4491 
f 2620/2377/4493 2683/2378/4491 2691/2375/4492 
f 2691/2375/4492 2558/2376/4494 2620/2377/4493 
f 2555/2374/4495 2558/2376/4494 2691/2375/4492 
f 2691/2375/4492 2692/2373/4496 2555/2374/4495 
f 2556/2372/4497 2555/2374/4495 2692/2373/4496 
f 2692/2373/4496 2693/2371/4498 2556/2372/4497 
f 2687/2370/4499 2556/2372/4497 2693/2371/4498 
f 2693/2371/4498 2694/1811/4500 2687/2370/4499 
f 2695/2365/4501 2687/2370/4499 2694/1811/4500 
f 2696/2369/4502 2687/2370/4499 2695/2365/4501 
f 2697/1812/4503 2695/2365/4501 2694/1811/4500 
f 2698/1806/4504 2696/2369/4502 2695/2365/4501 
f 1883/2364/4505 2695/2365/4501 2697/1812/4503 
f 2697/1812/4503 1884/1813/4506 1883/2364/4505 
f 2695/2365/4501 1883/2364/4505 2699/2366/4507 
f 2699/2366/4507 2698/1806/4504 2695/2365/4501 
f 2696/2368/4508 2698/1806/4504 2699/2366/4507 
f 2699/2366/4507 1013/2367/4509 2696/2368/4508 
f 1883/2364/4505 1013/2367/4509 2699/2366/4507 
f 2700/2390/4510 2688/2391/4511 2701/2388/4512 
f 2701/2388/4512 2702/2387/4513 2700/2390/4510 
f 2703/2385/4514 2702/2387/4513 2701/2388/4512 
f 2700/2390/4510 2702/2387/4513 2689/2389/4515 
f 2689/2389/4515 2688/2392/4516 2700/2390/4510 
f 2691/2386/4517 2689/2389/4515 2702/2387/4513 
f 2702/2387/4513 2703/2385/4514 2691/2386/4517 
f 2704/1772/4518 2691/2386/4517 2703/2385/4514 
f 2703/2385/4514 2672/1771/4519 2704/1772/4518 
f 2693/2384/4520 2704/1772/4518 2672/1771/4519 
f 2672/1771/4519 2694/2382/4521 2693/2384/4520 
f 2694/2382/4521 2672/1771/4519 2675/2383/4522 
f 2675/2383/4522 2705/2380/4523 2694/2382/4521 
f 2706/1639/4524 2694/2382/4521 2705/2380/4523 
f 2705/2380/4523 2707/2381/4525 2706/1639/4524 
f 1884/1791/4526 2707/2381/4525 2705/2380/4523 
f 2705/2380/4523 1473/1783/4527 1884/1791/4526 
f 2707/2381/4525 1884/1791/4526 2697/1838/4528 
f 2697/1838/4528 2706/1639/4524 2707/2381/4525 
f 2706/1639/4524 2697/1838/4528 2694/1640/4529 
f 2708/1685/4530 2709/1755/4531 2710/1754/4532 
f 2710/1754/4532 2711/1753/4533 2708/1685/4530 
f 2712/1112/4534 2624/1113/4535 2713/932/4536 
f 2713/932/4536 2714/1111/4537 2712/1112/4534 
f 2715/1110/4538 2714/1111/4537 2713/932/4536 
f 2713/932/4536 2623/1108/4539 2715/1110/4538 
f 2623/1108/4539 2713/932/4536 2624/1109/4540 
f 1346/453/4541 2716/452/4542 1859/450/4543 
f 2717/3364/4544 2718/3365/4545 2719/3366/4546 
f 2719/3366/4546 2720/3367/4547 2717/3364/4544 
f 2721/3368/4548 2717/3364/4544 2720/3367/4547 
f 2720/3367/4547 2722/3369/4549 2721/3368/4548 
f 2723/3353/4550 2724/3356/4551 2725/3355/4552 
f 2725/3355/4552 2726/3351/4553 2723/3353/4550 
f 2727/3352/4554 2723/3353/4550 2726/3351/4553 
f 2724/3354/4555 2723/3353/4550 2727/3352/4554 
f 2728/3319/4556 2727/3352/4554 2726/3351/4553 
f 2726/3351/4553 2729/3320/4557 2728/3319/4556 
f 2730/3314/4558 2728/3319/4556 2729/3320/4557 
f 2728/3319/4556 2730/3314/4558 2731/3315/4559 
f 2731/3315/4559 2732/3318/4560 2728/3319/4556 
f 2574/3317/4561 2732/3318/4560 2731/3315/4559 
f 2731/3315/4559 2573/3316/4562 2574/3317/4561 
f 2570/3313/4563 2573/3316/4562 2731/3315/4559 
f 2731/3315/4559 2730/3314/4558 2570/3313/4563 
f 2733/3310/4564 2570/3313/4563 2730/3314/4558 
f 2569/3312/4565 2570/3313/4563 2733/3310/4564 
f 2733/3310/4564 2568/3311/4566 2569/3312/4565 
f 2566/3309/4567 2568/3311/4566 2733/3310/4564 
f 2733/3310/4564 2734/3307/4568 2566/3309/4567 
f 2565/3308/4569 2566/3309/4567 2734/3307/4568 
f 2734/3307/4568 2563/3304/4570 2565/3308/4569 
f 2563/3304/4570 2734/3307/4568 2735/3306/4571 
f 2735/3306/4571 2532/3305/4572 2563/3304/4570 
f 2736/3322/4573 2735/3306/4571 2734/3307/4568 
f 2734/3307/4568 2733/3310/4564 2736/3322/4573 
f 2737/3323/4574 2735/3306/4571 2736/3322/4573 
f 2738/3321/4575 2736/3322/4573 2733/3310/4564 
f 2733/3310/4564 2730/3314/4558 2738/3321/4575 
f 2729/3320/4557 2738/3321/4575 2730/3314/4558 
f 2739/3334/4576 2738/3321/4575 2729/3320/4557 
f 2729/3320/4557 2740/3335/4577 2739/3334/4576 
f 2741/3350/4578 2740/3335/4577 2729/3320/4557 
f 2729/3320/4557 2726/3351/4553 2741/3350/4578 
f 2742/3349/4579 2740/3335/4577 2741/3350/4578 
f 2741/3350/4578 2726/3351/4553 2742/3349/4579 
f 2740/3335/4577 2742/3349/4579 2743/3337/4580 
f 2743/3337/4580 2744/3336/4581 2740/3335/4577 
f 2739/3334/4576 2740/3335/4577 2744/3336/4581 
f 2744/3336/4581 2743/3337/4580 2745/3330/4582 
f 2745/3330/4582 2739/3334/4576 2744/3336/4581 
f 2739/3334/4576 2745/3330/4582 2746/3333/4583 
f 2746/3333/4583 2738/3321/4575 2739/3334/4576 
f 2746/3333/4583 2745/3330/4582 2747/3332/4584 
f 2747/3332/4584 2738/3321/4575 2746/3333/4583 
f 2738/3321/4575 2747/3332/4584 2748/3329/4585 
f 2748/3329/4585 2736/3322/4573 2738/3321/4575 
f 2748/3329/4585 2747/3332/4584 2745/3330/4582 
f 2736/3322/4573 2748/3329/4585 2749/3327/4586 
f 2749/3327/4586 2750/3324/4587 2736/3322/4573 
f 2737/3323/4574 2736/3322/4573 2750/3324/4587 
f 2750/3324/4587 2751/3325/4588 2737/3323/4574 
f 2752/3326/4589 2751/3325/4588 2750/3324/4587 
f 2750/3324/4587 2749/3327/4586 2752/3326/4589 
f 2753/3328/4590 2752/3326/4589 2749/3327/4586 
f 2749/3327/4586 2748/3329/4585 2753/3328/4590 
f 2745/3330/4582 2753/3328/4590 2748/3329/4585 
f 2754/3331/4591 2753/3328/4590 2745/3330/4582 
f 2745/3330/4582 2755/3339/4592 2754/3331/4591 
f 2756/3338/4593 2755/3339/4592 2745/3330/4582 
f 2745/3330/4582 2743/3337/4580 2756/3338/4593 
f 2757/3348/4594 2756/3338/4593 2743/3337/4580 
f 2743/3337/4580 2742/3349/4579 2757/3348/4594 
f 2726/3351/4553 2757/3348/4594 2742/3349/4579 
f 2758/3357/4595 2757/3348/4594 2726/3351/4553 
f 2726/3351/4553 2725/3355/4552 2758/3357/4595 
f 2759/3359/4596 2758/3357/4595 2725/3355/4552 
f 2725/3355/4552 2760/3360/4597 2759/3359/4596 
f 2610/3361/4598 2759/3359/4596 2760/3360/4597 
f 2759/3359/4596 2610/3361/4598 2761/3358/4599 
f 2761/3358/4599 2758/3357/4595 2759/3359/4596 
f 2757/3348/4594 2758/3357/4595 2761/3358/4599 
f 2761/3358/4599 2762/3347/4600 2757/3348/4594 
f 2756/3338/4593 2757/3348/4594 2762/3347/4600 
f 2762/3347/4600 2763/3346/4601 2756/3338/4593 
f 2755/3339/4592 2756/3338/4593 2763/3346/4601 
f 2763/3346/4601 2764/3341/4602 2755/3339/4592 
f 2765/3340/4603 2755/3339/4592 2764/3341/4602 
f 2754/3331/4591 2755/3339/4592 2765/3340/4603 
f 2508/3342/4604 2765/3340/4603 2764/3341/4602 
f 2764/3341/4602 2593/3343/4605 2508/3342/4604 
f 2594/3344/4606 2593/3343/4605 2764/3341/4602 
f 2764/3341/4602 2595/3345/4607 2594/3344/4606 
f 2595/3345/4607 2764/3341/4602 2763/3346/4601 
f 2763/3346/4601 2612/3363/4608 2595/3345/4607 
f 2612/3363/4608 2763/3346/4601 2762/3347/4600 
f 2762/3347/4600 2611/3362/4609 2612/3363/4608 
f 2611/3362/4609 2762/3347/4600 2761/3358/4599 
f 2761/3358/4599 2610/3361/4598 2611/3362/4609 
f 2765/3240/4610 2508/3243/4611 2507/3242/4612 
f 2507/3242/4612 2506/3241/4613 2765/3240/4610 
f 2766/3237/4614 2765/3240/4610 2506/3241/4613 
f 2754/3238/4615 2765/3240/4610 2766/3237/4614 
f 2767/3236/4616 2766/3237/4614 2506/3241/4613 
f 2768/3216/4617 2754/3238/4615 2766/3237/4614 
f 2766/3237/4614 2767/3236/4616 2768/3216/4617 
f 2753/3239/4618 2754/3238/4615 2768/3216/4617 
f 2768/3216/4617 2752/3215/4619 2753/3239/4618 
f 2769/3211/4620 2752/3215/4619 2768/3216/4617 
f 2768/3216/4617 2770/3217/4621 2769/3211/4620 
f 2770/3217/4621 2768/3216/4617 2767/3236/4616 
f 2767/3236/4616 2771/3235/4622 2770/3217/4621 
f 2510/3245/4623 2771/3235/4622 2767/3236/4616 
f 2767/3236/4616 2509/3244/4624 2510/3245/4623 
f 2506/3241/4613 2509/3244/4624 2767/3236/4616 
f 2771/3235/4622 2510/3245/4623 2511/3246/4625 
f 2511/3246/4625 2512/3247/4626 2771/3235/4622 
f 2513/3248/4627 2771/3235/4622 2512/3247/4626 
f 2771/3235/4622 2513/3248/4627 2514/3249/4628 
f 2514/3249/4628 2772/3234/4629 2771/3235/4622 
f 2773/3218/4630 2771/3235/4622 2772/3234/4629 
f 2770/3217/4621 2771/3235/4622 2773/3218/4630 
f 2773/3218/4630 2774/3210/4631 2770/3217/4621 
f 2769/3211/4620 2770/3217/4621 2774/3210/4631 
f 2775/3209/4632 2774/3210/4631 2773/3218/4630 
f 2773/3218/4630 2776/3219/4633 2775/3209/4632 
f 2776/3219/4633 2773/3218/4630 2772/3234/4629 
f 2772/3234/4629 2777/3232/4634 2776/3219/4633 
f 2777/3232/4634 2772/3234/4629 2515/3250/4635 
f 2515/3250/4635 2516/3251/4636 2777/3232/4634 
f 2517/3252/4637 2777/3232/4634 2516/3251/4636 
f 2777/3232/4634 2517/3252/4637 2498/3233/4638 
f 2498/3233/4638 2778/3228/4639 2777/3232/4634 
f 2779/3226/4640 2777/3232/4634 2778/3228/4639 
f 2776/3219/4633 2777/3232/4634 2779/3226/4640 
f 2779/3226/4640 2780/3220/4641 2776/3219/4633 
f 2775/3209/4632 2776/3219/4633 2780/3220/4641 
f 2781/3225/4642 2780/3220/4641 2779/3226/4640 
f 2779/3226/4640 2782/3227/4643 2781/3225/4642 
f 2782/3227/4643 2779/3226/4640 2778/3228/4639 
f 2778/3228/4639 2783/3229/4644 2782/3227/4643 
f 2495/3230/4645 2783/3229/4644 2778/3228/4639 
f 2778/3228/4639 2496/3231/4646 2495/3230/4645 
f 2784/3221/4647 2780/3220/4641 2781/3225/4642 
f 2781/3225/4642 2785/3224/4648 2784/3221/4647 
f 2786/3222/4649 2784/3221/4647 2785/3224/4648 
f 2787/3202/4650 2784/3221/4647 2786/3222/4649 
f 2786/3222/4649 2788/3223/4651 2787/3202/4650 
f 2784/3221/4647 2787/3202/4650 2789/3208/4652 
f 2789/3208/4652 2780/3220/4641 2784/3221/4647 
f 2775/3209/4632 2780/3220/4641 2789/3208/4652 
f 2789/3208/4652 2790/3207/4653 2775/3209/4632 
f 2791/3203/4654 2790/3207/4653 2789/3208/4652 
f 2789/3208/4652 2787/3202/4650 2791/3203/4654 
f 2792/3197/4655 2791/3203/4654 2787/3202/4650 
f 2787/3202/4650 2793/3201/4656 2792/3197/4655 
f 2471/3200/4657 2792/3197/4655 2793/3201/4656 
f 2792/3197/4655 2471/3200/4657 2470/3199/4658 
f 2470/3199/4658 2469/3198/4659 2792/3197/4655 
f 2467/3196/4660 2792/3197/4655 2469/3198/4659 
f 2792/3197/4655 2467/3196/4660 2794/3194/4661 
f 2794/3194/4661 2791/3203/4654 2792/3197/4655 
f 2794/3194/4661 2467/3196/4660 2466/3195/4662 
f 2791/3203/4654 2794/3194/4661 2795/3204/4663 
f 2795/3204/4663 2796/3205/4664 2791/3203/4654 
f 2797/3206/4665 2791/3203/4654 2796/3205/4664 
f 2790/3207/4653 2791/3203/4654 2797/3206/4665 
f 2797/3206/4665 2775/3209/4632 2790/3207/4653 
f 2774/3210/4631 2775/3209/4632 2797/3206/4665 
f 2797/3206/4665 2796/3205/4664 2774/3210/4631 
f 2769/3211/4620 2774/3210/4631 2796/3205/4664 
f 2796/3205/4664 2798/3212/4666 2769/3211/4620 
f 2795/3204/4663 2798/3212/4666 2796/3205/4664 
f 2799/3214/4667 2769/3211/4620 2798/3212/4666 
f 2798/3212/4666 2795/3204/4663 2800/3213/4668 
f 2800/3213/4668 2799/3214/4667 2798/3212/4666 
f 2801/3257/4669 2800/3213/4668 2795/3204/4663 
f 2795/3204/4663 2802/3258/4670 2801/3257/4669 
f 2523/3259/4671 2801/3257/4669 2802/3258/4670 
f 2802/3258/4670 2524/3260/4672 2523/3259/4671 
f 2801/3257/4669 2523/3259/4671 2525/3261/4673 
f 2525/3261/4673 2526/3262/4674 2801/3257/4669 
f 2527/3263/4675 2801/3257/4669 2526/3262/4674 
f 2803/3255/4676 2800/3213/4668 2801/3257/4669 
f 2801/3257/4669 2431/3264/4677 2803/3255/4676 
f 2800/3213/4668 2803/3255/4676 2737/3254/4678 
f 2737/3254/4678 2799/3214/4667 2800/3213/4668 
f 2799/3214/4667 2737/3254/4678 2751/3253/4679 
f 2751/3253/4679 2752/3215/4619 2799/3214/4667 
f 2769/3211/4620 2799/3214/4667 2752/3215/4619 
f 2803/3255/4676 2431/3264/4677 2528/3265/4680 
f 2735/3256/4681 2737/3254/4678 2803/3255/4676 
f 2803/3255/4676 2529/3266/4682 2735/3256/4681 
f 2530/3267/4683 2735/3256/4681 2529/3266/4682 
f 2735/3256/4681 2530/3267/4683 2531/3268/4684 
f 2531/3268/4684 2532/3269/4685 2735/3256/4681 
f 2528/3303/4686 2529/3302/4687 2803/3301/4688 
f 2801/3182/4689 2527/3300/4690 2429/3181/4691 
f 2802/3294/4692 2795/3299/4693 2794/3298/4694 
f 2794/3298/4694 2560/3297/4695 2802/3294/4692 
f 2562/3296/4696 2802/3294/4692 2560/3297/4695 
f 2524/3295/4697 2802/3294/4692 2562/3296/4696 
f 2794/3290/4698 2466/3293/4699 2561/3292/4700 
f 2561/3292/4700 2560/3291/4701 2794/3290/4698 
f 2559/3286/4702 2496/3289/4703 2778/3288/4704 
f 2778/3288/4704 2498/3287/4705 2559/3286/4702 
f 2540/3280/4706 2541/3281/4707 2804/3275/4708 
f 2804/3275/4708 2805/3274/4709 2540/3280/4706 
f 2805/3274/4709 2804/3275/4708 2806/3273/4710 
f 2540/3280/4706 2805/3274/4709 2807/3276/4711 
f 2807/3276/4711 2539/3279/4712 2540/3280/4706 
f 2538/3278/4713 2539/3279/4712 2807/3276/4711 
f 2807/3276/4711 2537/3277/4714 2538/3278/4713 
f 2533/3270/4715 2537/3277/4714 2807/3276/4711 
f 2807/3276/4711 2805/3274/4709 2533/3270/4715 
f 2806/3273/4710 2533/3270/4715 2805/3274/4709 
f 2533/3270/4715 2806/3273/4710 2808/3272/4716 
f 2808/3272/4716 1958/3271/4717 2533/3270/4715 
f 2788/3223/4718 2806/3283/4719 2804/3282/4720 
f 2808/2440/4721 2806/2442/4722 2788/2441/4723 
f 2788/2441/4723 2809/2437/4724 2808/2440/4721 
f 2810/2436/4725 2808/2440/4721 2809/2437/4724 
f 2808/2440/4721 2810/2436/4725 1956/2443/4726 
f 1956/2443/4726 1957/2444/4727 2808/2440/4721 
f 1958/2445/4728 2808/2440/4721 1957/2444/4727 
f 1959/2446/4729 1956/2443/4726 2810/2436/4725 
f 2810/2436/4725 1949/2435/4730 1959/2446/4729 
f 1949/2435/4730 2810/2436/4725 2811/2434/4731 
f 2811/2434/4731 1947/2433/4732 1949/2435/4730 
f 2812/2419/4733 2811/2434/4731 2810/2436/4725 
f 2810/2436/4725 2809/2437/4724 2812/2419/4733 
f 2811/2434/4731 2812/2419/4733 2813/2428/4734 
f 2813/2428/4734 1947/2433/4732 2811/2434/4731 
f 1946/2432/4735 1947/2433/4732 2813/2428/4734 
f 2813/2428/4734 1945/2431/4736 1946/2432/4735 
f 1944/2430/4737 1945/2431/4736 2813/2428/4734 
f 2813/2428/4734 1943/2429/4738 1944/2430/4737 
f 2814/2420/4739 1943/2429/4738 2813/2428/4734 
f 2813/2428/4734 2812/2419/4733 2814/2420/4739 
f 2815/2414/4740 2814/2420/4739 2812/2419/4733 
f 2812/2419/4733 2816/2417/4741 2815/2414/4740 
f 2785/2418/4742 2816/2417/4741 2812/2419/4733 
f 2812/2419/4733 2809/2437/4724 2785/2418/4742 
f 2788/2438/4743 2785/2418/4742 2809/2437/4724 
f 2786/2439/4744 2785/2418/4742 2788/2438/4743 
f 2816/2417/4741 2785/2418/4742 2781/2416/4745 
f 2781/2416/4745 2817/2415/4746 2816/2417/4741 
f 2815/2414/4740 2816/2417/4741 2817/2415/4746 
f 2817/2415/4746 2781/2416/4745 2782/2411/4747 
f 2782/2411/4747 2818/2410/4748 2817/2415/4746 
f 2783/2409/4749 2818/2410/4748 2782/2411/4747 
f 2817/2415/4746 2818/2410/4748 2819/2412/4750 
f 2819/2412/4750 2815/2414/4740 2817/2415/4746 
f 2815/2414/4740 2819/2412/4750 2820/2413/4751 
f 2820/2413/4751 2814/2420/4739 2815/2414/4740 
f 2821/2405/4752 2819/2412/4750 2818/2410/4748 
f 2818/2410/4748 2822/2407/4753 2821/2405/4752 
f 2822/2407/4753 2818/2410/4748 2783/2409/4749 
f 2783/2409/4749 1922/2408/4754 2822/2407/4753 
f 1918/2404/4755 2822/2407/4753 1922/2408/4754 
f 2822/2407/4753 1918/2404/4755 2823/2402/4756 
f 2823/2402/4756 2821/2405/4752 2822/2407/4753 
f 2824/2403/4757 2821/2405/4752 2823/2402/4756 
f 2823/2402/4756 2825/2399/4758 2824/2403/4757 
f 1915/2401/4759 2825/2399/4758 2823/2402/4756 
f 2823/2402/4756 1918/2404/4755 1915/2401/4759 
f 1914/2400/4760 2825/2399/4758 1915/2401/4759 
f 2826/2421/4761 2814/2420/4739 2820/2413/4751 
f 2820/2413/4751 2827/2422/4762 2826/2421/4761 
f 2828/2423/4763 2826/2421/4761 2827/2422/4762 
f 2826/2421/4761 2828/2423/4763 1938/2424/4764 
f 1938/2424/4764 1939/2425/4765 2826/2421/4761 
f 1940/2426/4766 2826/2421/4761 1939/2425/4765 
f 2814/2420/4739 2826/2421/4761 1940/2426/4766 
f 1940/2426/4766 1941/2427/4767 2814/2420/4739 
f 862/3370/4768 2829/3371/4769 847/3372/4770 
f 923/3373/4771 2830/3374/4772 2831/3375/4773 
f 2831/3375/4773 924/3376/4774 923/3373/4771 
f 1313/3377/4775 924/3376/4774 2831/3375/4773 
f 2831/3375/4773 1315/3378/4776 1313/3377/4775 
f 1309/3379/4777 1315/3378/4776 2831/3375/4773 
f 2431/3183/4778 2801/3182/4779 2429/3181/4780 
f 2832/3176/4781 1273/3175/4782 2418/3174/4783 
f 2418/3174/4783 2833/3177/4784 2832/3176/4781 
f 1969/3179/4785 2832/3176/4781 2833/3177/4784 
f 2833/3177/4784 2418/3174/4783 2420/3178/4786 
f 2420/3178/4786 1969/3179/4785 2833/3177/4784 
f 2834/3157/4787 2824/3154/4788 2825/3158/4789 
f 2825/3158/4789 2835/3162/4790 2834/3157/4787 
f 2836/3161/4791 2834/3157/4787 2835/3162/4790 
f 2835/3162/4790 2825/3158/4789 1914/3163/4792 
f 1914/3163/4792 2409/3164/4793 2835/3162/4790 
f 2837/3165/4794 2835/3162/4790 2409/3164/4793 
f 2836/3161/4791 2835/3162/4790 2837/3165/4794 
f 2837/3165/4794 2838/3167/4795 2836/3161/4791 
f 2411/3166/4796 2838/3167/4795 2837/3165/4794 
f 2837/3165/4794 2409/3164/4793 2411/3166/4796 
f 2838/3167/4795 2411/3166/4796 2413/3168/4797 
f 2413/3168/4797 2414/3169/4798 2838/3167/4795 
f 2839/3170/4799 2838/3167/4795 2414/3169/4798 
f 2414/3169/4798 830/668/4800 2839/3170/4799 
f 2840/670/4801 2839/3170/4799 830/668/4800 
f 2841/3171/4802 2839/3170/4799 2840/670/4801 
f 2840/670/4801 2842/671/4803 2841/3171/4802 
f 2843/680/4804 2841/3171/4802 2842/671/4803 
f 2844/666/4805 2840/670/4806 830/668/4807 
f 830/668/4807 827/665/4808 2844/666/4805 
f 2840/670/4806 2844/666/4805 2845/669/4809 
f 2845/669/4809 2842/671/4810 2840/670/4806 
f 2846/667/4811 2845/669/4809 2844/666/4805 
f 2844/666/4805 2847/663/4812 2846/667/4811 
f 2847/663/4812 2844/666/4805 827/665/4808 
f 827/665/4808 826/664/4813 2847/663/4812 
f 2845/669/4809 2846/667/4811 2848/673/4814 
f 2848/673/4814 2849/672/4815 2845/669/4809 
f 2842/671/4810 2845/669/4809 2849/672/4815 
f 2850/674/4816 2849/672/4815 2848/673/4814 
f 2842/671/4810 2849/672/4815 2851/679/4817 
f 2851/679/4817 2843/680/4818 2842/671/4810 
f 2852/681/4819 2843/680/4818 2851/679/4817 
f 2851/679/4817 2853/678/4820 2852/681/4819 
f 2854/675/4821 2853/678/4820 2851/679/4817 
f 2851/679/4817 2849/672/4815 2854/675/4821 
f 2850/674/4816 2854/675/4821 2849/672/4815 
f 2854/675/4821 2850/674/4816 2717/676/4822 
f 2717/676/4822 2721/677/4823 2854/675/4821 
f 2853/678/4820 2854/675/4821 2721/677/4823 
f 2721/677/4823 2855/682/4824 2853/678/4820 
f 2852/681/4819 2853/678/4820 2855/682/4824 
f 2855/682/4824 2856/683/4825 2852/681/4819 
f 2856/683/4825 2855/682/4824 2857/686/4826 
f 2857/686/4826 2858/687/4827 2856/683/4825 
f 2859/684/4828 2857/686/4826 2855/682/4824 
f 2855/682/4824 2721/677/4823 2859/684/4828 
f 2722/685/4829 2859/684/4828 2721/677/4823 
f 2859/684/4828 2722/685/4829 2860/699/4830 
f 2860/699/4830 2861/698/4831 2859/684/4828 
f 2862/690/4832 2859/684/4828 2861/698/4831 
f 2857/686/4826 2859/684/4828 2862/690/4832 
f 2862/690/4832 2863/688/4833 2857/686/4826 
f 2858/687/4827 2857/686/4826 2863/688/4833 
f 2863/688/4833 2864/689/4834 2858/687/4827 
f 2865/691/4835 2864/689/4834 2863/688/4833 
f 2863/688/4833 2862/690/4832 2865/691/4835 
f 2866/696/4836 2865/691/4835 2862/690/4832 
f 2862/690/4832 2861/698/4831 2866/696/4836 
f 2867/701/4837 2866/696/4836 2861/698/4831 
f 2861/698/4831 2868/702/4838 2867/701/4837 
f 2869/703/4839 2867/701/4837 2868/702/4838 
f 2868/702/4838 2870/704/4840 2869/703/4839 
f 2871/705/4841 2870/704/4840 2868/702/4838 
f 2868/702/4838 2872/706/4842 2871/705/4841 
f 2864/689/4834 2865/691/4835 2553/692/4843 
f 2553/692/4843 2873/693/4844 2864/689/4834 
f 2554/695/4845 2553/692/4843 2865/691/4835 
f 2865/691/4835 2866/696/4836 2554/695/4845 
f 2874/697/4846 2554/695/4845 2866/696/4836 
f 2553/692/4843 2875/694/4847 2873/693/4844 
f 2876/2462/4848 2877/2473/4849 2878/2472/4850 
f 2878/2472/4850 2879/2463/4851 2876/2462/4848 
f 2880/2461/4852 2876/2462/4848 2879/2463/4851 
f 2881/2457/4853 2876/2462/4848 2880/2461/4852 
f 2880/2461/4852 2882/2456/4854 2881/2457/4853 
f 2883/2454/4855 2881/2457/4853 2882/2456/4854 
f 2832/2460/4856 2882/2456/4854 2880/2461/4852 
f 2880/2461/4852 2884/2464/4857 2832/2460/4856 
f 2884/2464/4857 2880/2461/4852 2879/2463/4851 
f 2879/2463/4851 2885/2466/4858 2884/2464/4857 
f 2886/2470/4859 2885/2466/4858 2879/2463/4851 
f 2884/2464/4857 2885/2466/4858 2873/2465/4860 
f 2873/2465/4860 2832/2460/4856 2884/2464/4857 
f 2864/2467/4861 2873/2465/4860 2885/2466/4858 
f 2885/2466/4858 2887/2468/4862 2864/2467/4861 
f 2887/2468/4862 2885/2466/4858 2886/2470/4859 
f 2886/2470/4859 2888/2477/4863 2887/2468/4862 
f 2889/2478/4864 2887/2468/4862 2888/2477/4863 
f 2887/2468/4862 2889/2478/4864 2858/2469/4865 
f 2858/2469/4865 2864/2467/4861 2887/2468/4862 
f 2858/2469/4865 2889/2478/4864 2856/2479/4866 
f 2882/2456/4854 2832/2460/4856 1969/2459/4867 
f 1969/2459/4867 1968/2458/4868 2882/2456/4854 
f 1965/2455/4869 2882/2456/4854 1968/2458/4868 
f 2883/2454/4855 2882/2456/4854 1965/2455/4869 
f 1965/2455/4869 1961/2450/4870 2883/2454/4855 
f 2890/2451/4871 2883/2454/4855 1961/2450/4870 
f 2891/2452/4872 2883/2454/4855 2890/2451/4871 
f 2890/2451/4871 2828/2447/4873 2891/2452/4872 
f 2828/2447/4873 2890/2451/4871 1961/2450/4870 
f 1961/2450/4870 1960/2449/4874 2828/2447/4873 
f 1938/2448/4875 2828/2447/4873 1960/2449/4874 
f 2891/2452/4872 2828/2447/4873 2827/2453/4876 
f 2827/2453/4876 2892/2605/4877 2891/2452/4872 
f 2893/3089/4878 2881/3093/4879 2877/3092/4880 
f 2877/3092/4880 2876/3091/4881 2893/3089/4878 
f 2881/3090/4882 2893/3089/4878 2876/3091/4881 
f 2877/2660/4883 2881/2661/4884 2883/2653/4885 
f 2883/2653/4885 2878/2659/4886 2877/2660/4883 
f 2894/2652/4887 2878/2659/4886 2883/2653/4885 
f 2883/2653/4885 2891/2651/4888 2894/2652/4887 
f 2895/2654/4889 2878/2659/4886 2894/2652/4887 
f 2896/2649/4890 2894/2652/4887 2891/2651/4888 
f 2891/2651/4888 2892/2650/4891 2896/2649/4890 
f 2894/2652/4887 2896/2649/4890 2897/2639/4892 
f 2897/2639/4892 2895/2654/4889 2894/2652/4887 
f 2895/2654/4889 2897/2639/4892 2896/2655/4893 
f 2896/2655/4893 2892/2656/4894 2895/2654/4889 
f 2557/2397/4895 2556/2396/4896 2687/2395/4897 
f 2704/1772/4898 2693/2384/4899 2692/2393/4900 
f 2692/2393/4900 2691/2394/4901 2704/1772/4898 
f 2683/2363/4902 2625/2362/4903 2690/1713/4904 
f 2898/881/4905 989/889/4906 2899/888/4907 
f 2899/888/4907 2900/887/4908 2898/881/4905 
f 2900/887/4908 2899/888/4907 990/890/4909 
f 990/890/4909 2901/891/4910 2900/887/4908 
f 2901/891/4910 990/890/4909 1001/901/4911 
f 2900/887/4908 2901/891/4910 2688/886/4912 
f 2688/886/4912 2902/884/4913 2900/887/4908 
f 2898/881/4905 2900/887/4908 2902/884/4913 
f 2902/884/4913 2903/883/4914 2898/881/4905 
f 2625/885/4915 2903/883/4914 2902/884/4913 
f 2902/884/4913 2688/886/4912 2625/885/4915 
f 2667/892/4916 2688/886/4912 2901/891/4910 
f 2901/891/4910 2438/893/4917 2667/892/4916 
f 2711/894/4918 2667/892/4916 2438/893/4917 
f 2438/893/4917 2439/895/4919 2711/894/4918 
f 2438/893/4917 2901/891/4910 2904/896/4920 
f 2904/896/4920 997/897/4921 2438/893/4917 
f 999/899/4922 2904/896/4920 2901/891/4910 
f 998/898/4923 997/897/4921 2904/896/4920 
f 2904/896/4920 999/899/4922 1000/900/4924 
f 2898/881/4905 2903/883/4914 2905/882/4925 
f 2905/882/4925 981/878/4926 2898/881/4905 
f 981/878/4927 983/880/4928 2906/879/4929 
f 2906/879/4929 2898/452/4930 981/878/4927 
f 980/877/4931 981/878/4932 2905/874/4933 
f 2898/452/4930 2906/879/4929 1003/902/4934 
f 1003/902/4934 989/453/4935 2898/452/4930 
f 1002/450/4936 1003/902/4934 2906/879/4929 
f 2906/879/4929 983/880/4928 1002/450/4936 
f 2905/874/4937 2903/870/4938 2907/872/4939 
f 2907/872/4939 660/875/4940 2905/874/4937 
f 979/876/4941 2905/874/4937 660/875/4940 
f 2907/872/4939 2903/870/4938 2908/868/4942 
f 2908/868/4942 658/873/4943 2907/872/4939 
f 2624/867/4944 2908/868/4942 2903/870/4938 
f 2903/870/4938 2625/871/4945 2624/867/4944 
f 2908/868/4942 2624/867/4944 2909/863/4946 
f 2909/863/4946 663/869/4947 2908/868/4942 
f 2909/863/4946 2624/867/4944 2910/866/4948 
f 2909/863/4949 2911/860/4950 2912/864/4951 
f 2912/864/4951 665/865/4952 2909/863/4949 
f 2911/860/4950 2909/863/4949 2910/862/4953 
f 2910/862/4953 2913/861/4954 2911/860/4950 
f 2914/849/4955 2911/860/4950 2913/861/4954 
f 2913/861/4954 2915/848/4956 2914/849/4955 
f 2916/835/4957 2914/849/4955 2915/848/4956 
f 2915/848/4956 2450/846/4958 2916/835/4957 
f 2449/963/4959 2450/846/4958 2915/848/4956 
f 2917/836/4960 2916/835/4957 2450/846/4958 
f 2450/846/4958 2445/845/4961 2917/836/4960 
f 2916/835/4957 2917/836/4960 2918/831/4962 
f 2918/831/4962 2919/834/4963 2916/835/4957 
f 2914/849/4955 2916/835/4957 2919/834/4963 
f 2919/834/4963 2920/850/4964 2914/849/4955 
f 2911/860/4950 2914/849/4955 2920/850/4964 
f 2921/833/4965 2920/850/4964 2919/834/4963 
f 2919/834/4963 2918/831/4962 2921/833/4965 
f 952/832/4966 2921/833/4965 2918/831/4962 
f 2918/831/4962 2922/829/4967 952/832/4966 
f 2923/826/4968 2922/829/4967 2918/831/4962 
f 2918/831/4962 2917/836/4960 2923/826/4968 
f 2924/837/4969 2923/826/4968 2917/836/4960 
f 2917/836/4960 2445/845/4961 2924/837/4969 
f 2925/844/4970 2924/837/4969 2445/845/4961 
f 2445/845/4961 2643/847/4971 2925/844/4970 
f 2926/838/4972 2924/837/4969 2925/844/4970 
f 2925/844/4970 2927/843/4973 2926/838/4972 
f 2924/837/4969 2926/838/4972 2928/822/4974 
f 2928/822/4974 2923/826/4968 2924/837/4969 
f 2923/826/4968 2928/822/4974 2929/825/4975 
f 2929/825/4975 947/827/4976 2923/826/4968 
f 2922/829/4967 2923/826/4968 947/827/4976 
f 947/827/4976 950/830/4977 2922/829/4967 
f 948/828/4978 947/827/4976 2929/825/4975 
f 2930/823/4979 2929/825/4975 2928/822/4974 
f 2928/822/4974 941/821/4980 2930/823/4979 
f 944/824/4981 2930/823/4979 941/821/4980 
f 941/821/4980 2928/822/4974 2931/818/4982 
f 2931/818/4982 940/820/4983 941/821/4980 
f 2932/816/4984 2931/818/4982 2928/822/4974 
f 2928/822/4974 2926/838/4972 2932/816/4984 
f 2933/839/4985 2932/816/4984 2926/838/4972 
f 2926/838/4972 2927/843/4973 2933/839/4985 
f 2934/841/4986 2933/839/4985 2927/843/4973 
f 2935/840/4987 2933/839/4985 2934/841/4986 
f 2934/841/4986 2936/842/4988 2935/840/4987 
f 2933/839/4985 2935/840/4987 2937/815/4989 
f 2937/815/4989 2932/816/4984 2933/839/4985 
f 2938/812/4990 2932/816/4984 2937/815/4989 
f 2937/815/4989 2939/814/4991 2938/812/4990 
f 2940/801/4992 2938/812/4990 2939/814/4991 
f 929/800/4993 2938/812/4990 2940/801/4992 
f 2940/801/4992 2941/798/4994 929/800/4993 
f 2938/812/4990 929/800/4993 934/813/4995 
f 934/813/4995 2932/816/4984 2938/812/4990 
f 2932/816/4984 934/813/4995 937/817/4996 
f 937/817/4996 2931/818/4982 2932/816/4984 
f 2931/818/4982 937/817/4996 2942/819/4997 
f 2942/819/4997 940/820/4983 2931/818/4982 
f 928/799/4998 929/800/4993 2941/798/4994 
f 2941/798/4994 2943/795/4999 928/799/4998 
f 2944/797/5000 2943/795/4999 2941/798/4994 
f 930/802/5001 928/799/4998 2943/795/4999 
f 2945/796/5002 2943/795/4999 2944/797/5000 
f 931/803/5003 930/802/5001 2943/795/4999 
f 2943/795/4999 2946/804/5004 931/803/5003 
f 2947/805/5005 2946/804/5004 2943/795/4999 
f 826/806/5006 931/803/5003 2946/804/5004 
f 2948/807/5007 2946/804/5004 2947/805/5005 
f 2847/808/5008 826/806/5006 2946/804/5004 
f 2946/804/5004 2948/807/5007 2847/808/5008 
f 2846/809/5009 2847/808/5008 2948/807/5007 
f 2948/807/5007 2949/810/5010 2846/809/5009 
f 2848/811/5011 2846/809/5009 2949/810/5010 
f 2899/454/5012 1881/455/5013 990/457/5014 
f 989/2349/5015 1881/455/5016 2899/454/5017 
f 1877/2359/5018 999/461/5019 2901/460/5020 
f 2901/460/5020 2950/2360/5021 1877/2359/5018 
f 1879/458/5022 1877/2359/5018 2950/2360/5021 
f 1001/2358/5023 2950/2360/5021 2901/460/5020 
f 1880/2361/5024 1879/458/5022 2950/2360/5021 
f 2950/2360/5021 1001/2358/5023 1880/2361/5024 
f 1876/458/5025 1873/461/5026 2904/460/5027 
f 2904/460/5027 1000/2358/5028 1876/458/5025 
f 1871/2353/5029 998/2352/5030 2904/2351/5031 
f 2904/2351/5031 2951/2354/5032 1871/2353/5029 
f 1874/2356/5033 1871/2353/5029 2951/2354/5032 
f 1873/2355/5034 2951/2354/5032 2904/2351/5031 
f 1875/2357/5035 1874/2356/5033 2951/2354/5032 
f 2951/2354/5032 1873/2355/5034 1875/2357/5035 
f 1867/2347/5036 1455/457/5037 2437/454/5038 
f 2437/454/5038 2952/2348/5039 1867/2347/5036 
f 1869/455/5040 1867/2347/5036 2952/2348/5039 
f 997/2349/5041 2952/2348/5039 2437/454/5038 
f 1870/2350/5042 1869/455/5040 2952/2348/5039 
f 2952/2348/5039 997/2349/5041 1870/2350/5042 
f 1863/2343/5043 1350/461/5044 2953/460/5045 
f 2953/460/5045 2954/2344/5046 1863/2343/5043 
f 1865/458/5047 1863/2343/5043 2954/2344/5046 
f 1352/2345/5048 2954/2344/5046 2953/460/5045 
f 1866/2346/5049 1865/458/5047 2954/2344/5046 
f 2954/2344/5046 1352/2345/5048 1866/2346/5049 
f 1860/2340/5050 1352/453/5051 2442/452/5052 
f 2442/452/5052 2955/2341/5053 1860/2340/5050 
f 1862/450/5054 1860/2340/5050 2955/2341/5053 
f 2955/2341/5053 2442/452/5052 1458/2342/5055 
f 1458/2342/5055 1862/450/5054 2955/2341/5053 
f 2716/452/5056 1348/2339/5057 1859/450/5058 
f 2956/2337/5059 1858/2338/5060 1857/2336/5061 
f 1857/2336/5061 2957/2334/5062 2956/2337/5059 
f 2957/2334/5062 1857/2336/5061 1339/2335/5063 
f 2953/1633/5064 1350/1636/5065 1348/1634/5066 
f 1348/1634/5066 2716/1629/5067 2953/1633/5064 
f 2651/1631/5068 2953/1633/5064 2716/1629/5067 
f 2953/1633/5064 2651/1631/5068 2443/1635/5069 
f 2443/1635/5069 2442/1637/5070 2953/1633/5064 
f 1352/1638/5071 2953/1633/5064 2442/1637/5070 
f 2958/1628/5072 2651/1631/5068 2716/1629/5067 
f 2716/1629/5067 2957/1626/5073 2958/1628/5072 
f 2959/1627/5074 2958/1628/5072 2957/1626/5073 
f 2957/1626/5073 2960/1624/5075 2959/1627/5074 
f 2960/1624/5075 2957/1626/5073 1339/1625/5076 
f 2956/1630/5077 2957/1626/5073 2716/1629/5067 
f 2716/1629/5067 1346/1632/5078 2956/1630/5077 
f 2961/1934/5079 2962/1939/5080 2960/1938/5081 
f 2960/1938/5081 2963/1935/5082 2961/1934/5079 
f 2963/1935/5082 2960/1938/5081 1339/1937/5083 
f 1339/1937/5083 1579/1936/5084 2963/1935/5082 
f 1576/1933/5085 2963/1935/5082 1579/1936/5084 
f 2963/1935/5082 1576/1933/5085 2964/1932/5086 
f 2964/1932/5086 2961/1934/5079 2963/1935/5082 
f 2964/1932/5086 1576/1933/5085 1574/1931/5087 
f 1574/1931/5087 2965/1930/5088 2964/1932/5086 
f 2965/1930/5088 1574/1931/5087 1572/1929/5089 
f 2964/1932/5086 2965/1930/5088 2966/1898/5090 
f 2966/1898/5090 2961/1934/5079 2964/1932/5086 
f 2961/1934/5079 2966/1898/5090 2967/1896/5091 
f 2967/1896/5091 2968/1940/5092 2961/1934/5079 
f 2969/1894/5093 2967/1896/5091 2966/1898/5090 
f 2970/1941/5094 2968/1940/5092 2967/1896/5091 
f 2967/1896/5091 2971/1942/5095 2970/1941/5094 
f 2972/1897/5096 2971/1942/5095 2967/1896/5091 
f 2967/1896/5091 2973/1895/5097 2972/1897/5096 
f 2973/1895/5097 2967/1896/5091 2969/1894/5093 
f 2969/1894/5093 2974/1888/5098 2973/1895/5097 
f 2975/1893/5099 2974/1888/5098 2969/1894/5093 
f 2969/1894/5093 2976/1899/5100 2975/1893/5099 
f 2977/1900/5101 2975/1893/5099 2976/1899/5100 
f 2975/1893/5099 2977/1900/5101 2978/1901/5102 
f 2978/1901/5102 2979/1892/5103 2975/1893/5099 
f 2974/1888/5098 2975/1893/5099 2979/1892/5103 
f 2979/1892/5103 2980/1890/5104 2974/1888/5098 
f 2981/1887/5105 2974/1888/5098 2980/1890/5104 
f 2982/1872/5106 2974/1888/5098 2981/1887/5105 
f 2983/1889/5107 2981/1887/5105 2980/1890/5104 
f 2980/1890/5104 2984/1891/5108 2983/1889/5107 
f 2984/1891/5108 2980/1890/5104 2979/1892/5103 
f 2979/1892/5103 2985/1902/5109 2984/1891/5108 
f 2978/1901/5102 2985/1902/5109 2979/1892/5103 
f 2984/1891/5108 2985/1902/5109 2986/1903/5110 
f 2986/1903/5110 2987/1904/5111 2984/1891/5108 
f 2987/1904/5111 2986/1903/5110 2988/1905/5112 
f 2986/1903/5110 2985/1902/5109 2989/1906/5113 
f 2989/1906/5113 2990/1907/5114 2986/1903/5110 
f 2991/1908/5115 2986/1903/5110 2990/1907/5114 
f 2992/1909/5116 2990/1907/5114 2989/1906/5113 
f 2989/1906/5113 2985/1902/5109 2993/1910/5117 
f 2993/1910/5117 2994/1911/5118 2989/1906/5113 
f 2995/1912/5119 2989/1906/5113 2994/1911/5118 
f 2996/1913/5120 2989/1906/5113 2995/1912/5119 
f 2997/1914/5121 2995/1912/5119 2994/1911/5118 
f 2994/1911/5118 2998/1915/5122 2997/1914/5121 
f 2998/1915/5122 2994/1911/5118 2999/1916/5123 
f 2999/1916/5123 3000/1917/5124 2998/1915/5122 
f 3001/1918/5125 3000/1917/5124 2999/1916/5123 
f 2999/1916/5123 3002/1919/5126 3001/1918/5125 
f 3002/1919/5126 2999/1916/5123 2994/1911/5118 
f 3003/1918/5127 3001/1918/5125 3002/1919/5126 
f 3004/1920/5128 3002/1919/5126 2994/1911/5118 
f 2994/1911/5118 3005/1921/5129 3004/1920/5128 
f 3005/1921/5129 2994/1911/5118 2993/1910/5117 
f 2993/1910/5117 3006/1922/5130 3005/1921/5129 
f 3007/1923/5131 3006/1922/5130 2993/1910/5117 
f 2993/1910/5117 2985/1902/5109 3007/1923/5131 
f 2978/1901/5102 3007/1923/5131 2985/1902/5109 
f 3007/1923/5131 2978/1901/5102 3008/1924/5132 
f 3008/1924/5132 3006/1922/5130 3007/1923/5131 
f 2977/1900/5101 3008/1924/5132 2978/1901/5102 
f 3006/1922/5130 3008/1924/5132 3009/1925/5133 
f 3009/1925/5133 3010/2263/5134 3006/1922/5130 
f 3005/1921/5129 3006/1922/5130 3010/2263/5134 
f 3010/2263/5134 3004/1920/5128 3005/1921/5129 
f 3011/2262/5135 3004/1920/5128 3010/2263/5134 
f 3010/2263/5134 3012/2264/5136 3011/2262/5135 
f 3009/1925/5133 3012/2264/5136 3010/2263/5134 
f 3013/2265/5137 3011/2262/5135 3012/2264/5136 
f 3014/2292/5138 3012/2264/5136 3009/1925/5133 
f 3009/1925/5133 1570/1927/5139 3014/2292/5138 
f 3015/2266/5140 3014/2292/5138 1570/1927/5139 
f 1569/1926/5141 1570/1927/5139 3009/1925/5133 
f 3009/1925/5133 3008/1924/5132 1569/1926/5141 
f 2977/1900/5101 1569/1926/5141 3008/1924/5132 
f 1571/1928/5142 1569/1926/5141 2977/1900/5101 
f 2977/1900/5101 1572/1929/5089 1571/1928/5142 
f 1572/1929/5089 2977/1900/5101 2965/1930/5088 
f 3015/2266/5140 1570/1927/5139 1839/2291/5143 
f 1839/2291/5143 3016/2267/5144 3015/2266/5140 
f 3016/2267/5144 1839/2291/5143 1838/2290/5145 
f 3015/2266/5140 3016/2267/5144 3017/2261/5146 
f 3017/2261/5146 3013/2265/5137 3015/2266/5140 
f 3011/2262/5135 3013/2265/5137 3017/2261/5146 
f 3017/2261/5146 3018/2258/5147 3011/2262/5135 
f 3004/1920/5128 3011/2262/5135 3018/2258/5147 
f 3018/2258/5147 3019/2254/5148 3004/1920/5128 
f 3002/1919/5126 3004/1920/5128 3019/2254/5148 
f 3019/2254/5148 3020/2257/5149 3002/1919/5126 
f 3019/2254/5148 3018/2258/5147 3021/2259/5150 
f 3021/2259/5150 3022/2260/5151 3019/2254/5148 
f 3023/2255/5152 3019/2254/5153 3024/2256/5154 
f 3022/2260/5151 3021/2259/5150 3025/2270/5155 
f 3025/2270/5155 3026/2271/5156 3022/2260/5151 
f 3027/2272/5157 3022/2260/5151 3026/2271/5156 
f 3028/2273/5158 3026/2271/5156 3025/2270/5155 
f 3025/2270/5155 3029/2274/5159 3028/2273/5158 
f 3030/2275/5160 3028/2273/5158 3029/2274/5159 
f 3029/2274/5159 3031/2276/5161 3030/2275/5160 
f 3032/2277/5162 3031/2276/5161 3029/2274/5159 
f 3029/2274/5159 3033/2278/5163 3032/2277/5162 
f 3034/2269/5164 3033/2278/5163 3029/2274/5159 
f 3029/2274/5159 3025/2270/5155 3034/2269/5164 
f 3021/2259/5150 3034/2269/5164 3025/2270/5155 
f 3017/2261/5146 3034/2269/5164 3021/2259/5150 
f 3021/2259/5150 3018/2258/5147 3017/2261/5146 
f 3035/2268/5165 3034/2269/5164 3017/2261/5146 
f 3017/2261/5146 3016/2267/5144 3035/2268/5165 
f 3033/2278/5163 3034/2269/5164 3035/2268/5165 
f 3035/2268/5165 3036/2279/5166 3033/2278/5163 
f 3032/2277/5162 3033/2278/5163 3036/2279/5166 
f 3036/2279/5166 3037/2280/5167 3032/2277/5162 
f 3038/2281/5168 3037/2280/5167 3036/2279/5166 
f 3036/2279/5166 1714/2282/5169 3038/2281/5168 
f 1831/2283/5170 1714/2282/5169 3036/2279/5166 
f 3036/2279/5166 1832/2284/5171 1831/2283/5170 
f 1832/2284/5171 3036/2279/5166 3035/2268/5165 
f 3035/2268/5165 1833/2285/5172 1832/2284/5171 
f 1833/2285/5172 3035/2268/5165 3016/2267/5144 
f 3016/2267/5144 3039/2286/5173 1833/2285/5172 
f 1835/2287/5174 1833/2285/5172 3039/2286/5173 
f 1838/2290/5145 3039/2286/5173 3016/2267/5144 
f 1836/2288/5175 1835/2287/5174 3039/2286/5173 
f 3039/2286/5173 1838/2290/5145 1837/2289/5176 
f 1837/2289/5176 1836/2288/5175 3039/2286/5173 
f 3040/2014/5177 3041/2015/5178 3042/2013/5179 
f 3042/2013/5179 3043/2008/5180 3040/2014/5177 
f 3043/2008/5180 3042/2013/5179 3044/2012/5181 
f 3045/2005/5182 3043/2008/5183 3044/2007/5184 
f 3044/2007/5184 2983/2006/5185 3045/2005/5182 
f 2987/2010/5186 3045/2005/5187 2983/2009/5188 
f 2983/2009/5188 2984/2011/5189 2987/2010/5186 
f 3046/2240/5190 1641/2241/5191 1807/2230/5192 
f 1807/2230/5192 3047/2238/5193 3046/2240/5190 
f 3048/2239/5194 3046/2240/5190 3047/2238/5193 
f 3046/2240/5190 3048/2239/5194 3041/2242/5195 
f 3041/2242/5195 3040/2243/5196 3046/2240/5190 
f 3049/2237/5197 3048/2239/5194 3047/2238/5193 
f 3047/2238/5193 3050/2231/5198 3049/2237/5197 
f 1807/2230/5192 3050/2231/5198 3047/2238/5193 
f 3051/2236/5199 3049/2237/5197 3050/2231/5198 
f 3050/2231/5198 3052/2235/5200 3051/2236/5199 
f 3053/2234/5201 3052/2235/5200 3050/2231/5198 
f 3050/2231/5198 3054/2233/5202 3053/2234/5201 
f 3055/2232/5203 3054/2233/5202 3050/2231/5198 
f 3050/2231/5198 3056/2229/5204 3055/2232/5203 
f 3056/2229/5204 3050/2231/5198 1807/2230/5192 
f 1807/2230/5192 1806/2228/5205 3056/2229/5204 
f 3057/2227/5206 3056/2229/5204 1806/2228/5205 
f 1806/2228/5205 1782/2226/5207 3057/2227/5206 
f 3058/2223/5208 3057/2227/5206 1782/2226/5207 
f 1782/2226/5207 3059/2225/5209 3058/2223/5208 
f 3060/2224/5210 3058/2223/5208 3059/2225/5209 
f 2976/2319/5211 2965/2320/5212 3061/2318/5213 
f 3061/2318/5213 2977/2316/5214 2976/2319/5211 
f 2965/2317/5215 2977/2316/5214 3061/2318/5213 
f 2981/1887/5105 2983/1889/5107 3044/1886/5216 
f 3044/1886/5216 2982/1872/5106 2981/1887/5105 
f 2982/1872/5106 3044/1886/5216 3042/1884/5217 
f 3042/1884/5217 3062/1871/5218 2982/1872/5106 
f 3063/1870/5219 2982/1872/5106 3062/1871/5218 
f 3064/1883/5220 3062/1871/5218 3042/1884/5217 
f 3042/1884/5217 3041/1885/5221 3064/1883/5220 
f 3048/2136/5222 3064/1883/5220 3041/1885/5221 
f 3065/2137/5223 3064/1883/5220 3048/2136/5222 
f 3048/2136/5222 3049/2138/5224 3065/2137/5223 
f 3066/2148/5225 3065/2137/5223 3049/2138/5224 
f 3049/2138/5224 3067/2154/5226 3066/2148/5225 
f 3067/2154/5226 3049/2138/5224 3051/2155/5227 
f 3051/2155/5227 3068/2156/5228 3067/2154/5226 
f 3052/2157/5229 3068/2156/5228 3051/2155/5227 
f 3069/2153/5230 3067/2154/5226 3068/2156/5228 
f 3068/2156/5228 3052/2157/5229 3069/2153/5230 
f 3066/2148/5225 3067/2154/5226 3069/2153/5230 
f 3069/2153/5230 3070/2149/5231 3066/2148/5225 
f 3071/2146/5232 3066/2148/5225 3070/2149/5231 
f 3065/2137/5223 3066/2148/5225 3071/2146/5232 
f 3071/2146/5232 3072/2144/5233 3065/2137/5223 
f 3073/2143/5234 3072/2144/5233 3071/2146/5232 
f 3071/2146/5232 3074/2145/5235 3073/2143/5234 
f 3074/2145/5235 3071/2146/5232 3070/2149/5231 
f 3070/2149/5231 3075/2150/5236 3074/2145/5235 
f 3076/2151/5237 3075/2150/5236 3070/2149/5231 
f 3070/2149/5231 3077/2152/5238 3076/2151/5237 
f 3077/2152/5238 3070/2149/5231 3069/2153/5230 
f 3069/2153/5230 3078/2158/5239 3077/2152/5238 
f 3078/2158/5239 3069/2153/5230 3052/2157/5229 
f 3052/2157/5229 3053/2159/5240 3078/2158/5239 
f 3077/2152/5238 3078/2158/5239 3053/2159/5240 
f 3053/2159/5240 3079/2160/5241 3077/2152/5238 
f 3054/2161/5242 3079/2160/5241 3053/2159/5240 
f 3077/2152/5238 3079/2160/5241 3080/2162/5243 
f 3080/2162/5243 3076/2151/5237 3077/2152/5238 
f 3080/2162/5243 3079/2160/5241 3054/2161/5242 
f 3054/2161/5242 3081/2163/5244 3080/2162/5243 
f 3076/2151/5237 3080/2162/5243 3081/2163/5244 
f 3055/2165/5245 3081/2163/5244 3054/2161/5242 
f 3076/2151/5237 3081/2163/5244 3082/2164/5246 
f 3082/2164/5246 3075/2150/5236 3076/2151/5237 
f 3075/2150/5236 3082/2164/5246 3083/2180/5247 
f 3083/2180/5247 3084/2181/5248 3075/2150/5236 
f 3085/1879/5249 3075/2150/5236 3084/2181/5248 
f 3074/2145/5235 3075/2150/5236 3085/1879/5249 
f 3085/1879/5249 3086/1881/5250 3074/2145/5235 
f 3073/2143/5234 3074/2145/5235 3086/1881/5250 
f 3086/1881/5250 3087/1882/5251 3073/2143/5234 
f 3088/2142/5252 3073/2143/5234 3087/1882/5251 
f 3072/2144/5233 3073/2143/5234 3088/2142/5252 
f 3089/2141/5253 3088/2142/5252 3087/1882/5251 
f 3087/1882/5251 3090/2139/5254 3089/2141/5253 
f 3064/1883/5220 3090/2139/5254 3087/1882/5251 
f 3087/1882/5251 3091/1873/5255 3064/1883/5220 
f 3091/1873/5255 3087/1882/5251 3086/1881/5250 
f 3086/1881/5250 3092/1880/5256 3091/1873/5255 
f 3092/1880/5256 3086/1881/5250 3085/1879/5249 
f 3093/1874/5257 3091/1873/5255 3092/1880/5256 
f 3092/1880/5256 3085/1879/5249 3094/1878/5258 
f 3094/1878/5258 3093/1874/5257 3092/1880/5256 
f 3093/1874/5257 3094/1878/5258 3095/1875/5259 
f 3095/1875/5259 3096/1867/5260 3093/1874/5257 
f 3097/1869/5261 3093/1874/5257 3096/1867/5260 
f 3091/1873/5255 3093/1874/5257 3097/1869/5261 
f 3097/1869/5261 3062/1871/5218 3091/1873/5255 
f 3064/1883/5220 3091/1873/5255 3062/1871/5218 
f 3063/1870/5219 3062/1871/5218 3097/1869/5261 
f 3097/1869/5261 3098/1868/5262 3063/1870/5219 
f 3098/1868/5262 3097/1869/5261 3096/1867/5260 
f 3096/1867/5260 3099/1866/5263 3098/1868/5262 
f 3100/1864/5264 3099/1866/5263 3096/1867/5260 
f 3096/1867/5260 3095/1875/5259 3100/1864/5264 
f 3101/1865/5265 3099/1866/5263 3100/1864/5264 
f 3100/1864/5264 3102/1855/5266 3101/1865/5265 
f 3102/1855/5266 3100/1864/5264 3103/1854/5267 
f 3103/1854/5267 3101/1853/5268 3102/1855/5266 
f 3101/1853/5268 3103/1854/5267 3104/1852/5269 
f 3104/1852/5269 3099/1848/5270 3101/1853/5268 
f 3105/1856/5271 3104/1852/5269 3103/1854/5267 
f 3103/1854/5267 3106/1863/5272 3105/1856/5271 
f 3100/1864/5264 3106/1863/5272 3103/1854/5267 
f 3107/1862/5273 3105/1856/5271 3106/1863/5272 
f 3106/1863/5272 3100/1864/5264 3107/1862/5273 
f 3108/1876/5274 3107/1862/5273 3100/1864/5264 
f 3100/1864/5264 3095/1875/5259 3108/1876/5274 
f 3109/1877/5275 3108/1876/5274 3095/1875/5259 
f 3095/1875/5259 3094/1878/5258 3109/1877/5275 
f 3110/1861/5276 3109/1877/5275 3094/1878/5258 
f 3094/1878/5258 3085/1879/5249 3110/1861/5276 
f 3109/1877/5275 3110/1861/5276 3111/1860/5277 
f 3111/1860/5277 3108/1876/5274 3109/1877/5275 
f 3107/1862/5273 3108/1876/5274 3111/1860/5277 
f 3111/1860/5277 3112/1857/5278 3107/1862/5273 
f 3105/1856/5271 3107/1862/5273 3112/1857/5278 
f 3112/1857/5278 3113/1851/5279 3105/1856/5271 
f 3104/1852/5269 3105/1856/5271 3113/1851/5279 
f 3113/1851/5279 3099/1848/5270 3104/1852/5269 
f 3114/1850/5280 3099/1848/5270 3113/1851/5279 
f 3113/1851/5279 3112/1857/5278 3114/1850/5280 
f 3098/1849/5281 3099/1848/5270 3114/1850/5280 
f 3115/1858/5282 3114/1850/5280 3112/1857/5278 
f 3112/1857/5278 3116/1859/5283 3115/1858/5282 
f 3116/1859/5283 3112/1857/5278 3111/1860/5277 
f 3111/1860/5277 3110/1861/5276 3116/1859/5283 
f 3085/1879/5249 3117/2202/5284 3118/2203/5285 
f 3118/2203/5285 3119/2206/5286 3085/1879/5249 
f 3110/2207/5287 3085/1879/5249 3119/2206/5286 
f 3117/2202/5284 3085/1879/5249 3084/2181/5248 
f 3084/2181/5248 3120/2201/5288 3117/2202/5284 
f 3118/2203/5285 3117/2202/5284 3120/2201/5288 
f 3121/2182/5289 3120/2201/5288 3084/2181/5248 
f 3084/2181/5248 3083/2180/5247 3121/2182/5289 
f 3120/2201/5288 3121/2182/5289 1791/2200/5290 
f 1791/2200/5290 3118/2203/5285 3120/2201/5288 
f 3118/2203/5285 1791/2200/5290 1795/2204/5291 
f 1795/2204/5291 1492/2205/5292 3118/2203/5285 
f 3119/2206/5286 3118/2203/5285 1492/2205/5292 
f 1791/2200/5290 3121/2182/5289 3122/2183/5293 
f 3122/2183/5293 1790/2199/5294 1791/2200/5290 
f 1789/2198/5295 1790/2199/5294 3122/2183/5293 
f 3122/2183/5293 3123/2184/5296 1789/2198/5295 
f 1788/2197/5297 1789/2198/5295 3123/2184/5296 
f 3124/2178/5298 3123/2184/5296 3122/2183/5293 
f 3122/2183/5293 3121/2182/5289 3124/2178/5298 
f 3083/2180/5247 3124/2178/5298 3121/2182/5289 
f 3125/2172/5299 3124/2178/5298 3083/2180/5247 
f 3083/2180/5247 3082/2164/5246 3125/2172/5299 
f 3124/2178/5298 3125/2172/5299 3126/2177/5300 
f 3126/2177/5300 3127/2179/5301 3124/2178/5298 
f 3123/2184/5296 3124/2178/5298 3127/2179/5301 
f 3127/2179/5301 3128/2185/5302 3123/2184/5296 
f 1788/2197/5297 3123/2184/5296 3128/2185/5302 
f 3128/2185/5302 1787/2196/5303 1788/2197/5297 
f 3129/2195/5304 1787/2196/5303 3128/2185/5302 
f 3128/2185/5302 3130/2186/5305 3129/2195/5304 
f 3130/2186/5305 3128/2185/5302 3127/2179/5301 
f 3127/2179/5301 3131/2187/5306 3130/2186/5305 
f 3132/2188/5307 3130/2186/5305 3131/2187/5306 
f 3131/2187/5306 3133/2189/5308 3132/2188/5307 
f 3059/2190/5309 3132/2188/5307 3133/2189/5308 
f 3132/2188/5307 3059/2190/5309 1782/2191/5310 
f 1782/2191/5310 1783/2192/5311 3132/2188/5307 
f 1784/2193/5312 3132/2188/5307 1783/2192/5311 
f 3130/2186/5305 3132/2188/5307 1784/2193/5312 
f 1784/2193/5312 1785/2194/5313 3130/2186/5305 
f 3129/2195/5304 3130/2186/5305 1785/2194/5313 
f 3134/2176/5314 3126/2177/5300 3125/2172/5299 
f 3125/2172/5299 3135/2173/5315 3134/2176/5314 
f 3060/2175/5316 3134/2176/5314 3135/2173/5315 
f 3135/2173/5315 3058/2174/5317 3060/2175/5316 
f 3057/2168/5318 3058/2174/5317 3135/2173/5315 
f 3135/2173/5315 3136/2170/5319 3057/2168/5318 
f 3136/2170/5319 3135/2173/5315 3125/2172/5299 
f 3125/2172/5299 3137/2171/5320 3136/2170/5319 
f 3137/2171/5320 3125/2172/5299 3082/2164/5246 
f 3082/2164/5246 3138/2169/5321 3137/2171/5320 
f 3139/2167/5322 3138/2169/5321 3082/2164/5246 
f 3082/2164/5246 3056/2166/5323 3139/2167/5322 
f 3057/2168/5318 3139/2167/5322 3056/2166/5323 
f 3136/2170/5319 3139/2167/5322 3057/2168/5318 
f 3055/2165/5324 3056/2166/5323 3082/2164/5246 
f 3140/2071/5325 3141/2072/5326 3142/2066/5327 
f 3142/2066/5327 3143/2067/5328 3140/2071/5325 
f 3144/2070/5329 3140/2071/5325 3143/2067/5328 
f 3143/2067/5328 3145/2068/5330 3144/2070/5329 
f 3146/2065/5331 3145/2068/5330 3143/2067/5328 
f 3143/2067/5328 3142/2066/5327 3146/2065/5331 
f 3147/2063/5332 3146/2065/5331 3142/2066/5327 
f 3148/2060/5333 3146/2065/5331 3147/2063/5332 
f 3147/2063/5332 3149/2061/5334 3148/2060/5333 
f 3146/2065/5331 3148/2060/5333 3150/2064/5335 
f 3150/2064/5335 3145/2068/5330 3146/2065/5331 
f 3151/2069/5336 3145/2068/5330 3150/2064/5335 
f 3150/2064/5335 3148/2060/5333 3152/2059/5337 
f 3152/2059/5337 3153/2062/5338 3150/2064/5335 
f 3154/2057/5339 3152/2059/5337 3148/2060/5333 
f 3148/2060/5333 3149/2061/5334 3154/2057/5339 
f 2972/2058/5340 3152/2059/5337 3154/2057/5339 
f 3154/2057/5339 3155/2056/5341 2972/2058/5340 
f 3156/2055/5342 3155/2056/5341 3154/2057/5339 
f 3154/2057/5339 3149/2061/5334 3156/2055/5342 
f 3153/2062/5343 3156/2055/5342 3149/2061/5334 
f 3114/2053/5344 3155/2056/5341 3156/2055/5342 
f 3156/2055/5342 3157/2054/5345 3114/2053/5344 
f 3147/2063/5346 3142/2066/5347 3141/2072/5348 
f 3141/2072/5348 3144/2070/5349 3147/2063/5346 
f 3144/2070/5349 3141/2072/5348 3140/2071/5350 
f 3151/2069/5351 3147/2063/5346 3144/2070/5349 
f 3144/2070/5349 3145/2068/5352 3151/2069/5351 
f 3147/2063/5346 3151/2069/5351 3153/2062/5353 
f 3153/2062/5353 3149/2061/5354 3147/2063/5346 
f 3150/2064/5355 3153/2062/5353 3151/2069/5351 
f 3153/2062/5356 3152/2059/5357 3157/2054/5358 
f 3157/2054/5358 3156/2055/5359 3153/2062/5356 
f 3157/2054/5358 3152/2059/5357 2972/2058/5360 
f 2972/2058/5360 3063/2073/5361 3157/2054/5358 
f 3098/2056/5362 3157/2054/5358 3063/2073/5361 
f 3114/2053/5363 3157/2054/5358 3098/2056/5362 
f 3000/1917/5364 3001/1918/5365 3158/2333/5366 
f 3158/2333/5366 2998/1915/5367 3000/1917/5364 
f 2997/1914/5368 2998/1915/5369 3159/2332/5370 
f 3159/2332/5370 2995/1912/5371 2997/1914/5368 
f 2989/1906/5372 2996/1913/5373 3160/2327/5374 
f 3160/2327/5374 2992/1909/5375 2989/1906/5372 
f 2992/1909/5375 3160/2327/5374 3161/2326/5376 
f 3161/2326/5376 2990/1907/5377 2992/1909/5375 
f 2991/1908/5378 2990/1907/5379 3162/2325/5380 
f 3162/2325/5380 2988/1905/5381 2991/1908/5378 
f 2986/1903/5382 2991/1908/5378 2988/1905/5381 
f 2996/2328/5383 2995/2331/5384 3163/2330/5385 
f 3163/2330/5385 3160/2329/5386 2996/2328/5383 
f 3161/2001/5387 3160/2002/5388 3163/1999/5389 
f 3163/1999/5389 3164/1976/5390 3161/2001/5387 
f 3159/1997/5391 3164/1976/5390 3163/1999/5389 
f 3163/1999/5389 2995/2000/5392 3159/1997/5391 
f 3158/1975/5393 3164/1976/5390 3159/1997/5391 
f 3159/1997/5391 2998/1998/5394 3158/1975/5393 
f 3165/1965/5395 3164/1976/5390 3158/1975/5393 
f 3158/1975/5393 3003/1974/5396 3165/1965/5395 
f 3003/1974/5396 3158/1975/5393 3001/1996/5397 
f 3165/1965/5395 3003/1974/5396 3023/1973/5398 
f 3023/1973/5398 3024/1970/5399 3165/1965/5395 
f 3166/1967/5400 3165/1965/5395 3024/1970/5399 
f 3024/1970/5399 3027/1971/5401 3166/1967/5400 
f 3026/1972/5402 3166/1967/5400 3027/1971/5401 
f 3167/1963/5403 3165/1965/5395 3166/1967/5400 
f 3166/1967/5400 3031/1968/5404 3167/1963/5403 
f 3031/1968/5404 3166/1967/5400 3030/1969/5405 
f 1597/1964/5406 3165/1965/5395 3167/1963/5403 
f 3167/1963/5403 1593/1960/5407 1597/1964/5406 
f 1593/1960/5407 3167/1963/5403 3037/1962/5408 
f 3037/1962/5408 3038/1961/5409 1593/1960/5407 
f 3165/1965/5395 1597/1964/5406 1599/1966/5410 
f 1599/1966/5410 3164/1976/5390 3165/1965/5395 
f 3164/1976/5390 1599/1966/5410 1609/1977/5411 
f 1609/1977/5411 3168/1978/5412 3164/1976/5390 
f 1611/1979/5413 3168/1978/5412 1609/1977/5411 
f 3161/2001/5387 3164/1976/5390 3168/1978/5412 
f 3169/1980/5414 3168/1978/5412 1611/1979/5413 
f 1611/1979/5413 1613/1981/5415 3169/1980/5414 
f 3170/1982/5416 3169/1980/5414 1613/1981/5415 
f 1613/1981/5415 1615/1983/5417 3170/1982/5416 
f 3171/1984/5418 3170/1982/5416 1615/1983/5417 
f 3170/1982/5416 3171/1984/5418 3172/1985/5419 
f 3172/1985/5419 3173/1986/5420 3170/1982/5416 
f 3169/1980/5414 3170/1982/5416 3173/1986/5420 
f 3173/1986/5420 2988/1987/5421 3169/1980/5414 
f 3162/1988/5422 3169/1980/5414 2988/1987/5421 
f 3168/1978/5412 3169/1980/5414 3162/1988/5422 
f 3162/1988/5422 3174/2003/5423 3168/1978/5412 
f 3161/2001/5387 3168/1978/5412 3174/2003/5423 
f 3174/2003/5423 2990/2004/5424 3161/2001/5387 
f 3162/1988/5422 2990/2004/5424 3174/2003/5423 
f 2987/1989/5425 2988/1987/5421 3173/1986/5420 
f 3173/1986/5420 3045/1990/5426 2987/1989/5425 
f 3045/1990/5426 3173/1986/5420 3172/1985/5419 
f 3172/1985/5419 3043/1991/5427 3045/1990/5426 
f 3040/1992/5428 3043/1991/5427 3172/1985/5419 
f 3172/1985/5419 3171/1984/5418 3040/1992/5428 
f 3046/1993/5429 3040/1992/5428 3171/1984/5418 
f 3171/1984/5418 3175/1994/5430 3046/1993/5429 
f 3175/1994/5430 3171/1984/5418 3176/1995/5431 
f 2965/2216/5432 2976/2214/5433 3177/2215/5434 
f 3177/2215/5434 3178/2212/5435 2965/2216/5432 
f 2966/2211/5436 2965/2216/5432 3178/2212/5435 
f 3179/2209/5437 3178/2212/5435 3177/2215/5434 
f 3177/2215/5434 3180/2208/5438 3179/2209/5437 
f 3181/2210/5439 3178/2212/5435 3179/2209/5437 
f 2966/2211/5440 3178/2212/5441 3181/2210/5442 
f 3181/2210/5442 3180/2208/5443 2966/2211/5440 
f 3180/2208/5443 3181/2210/5442 3179/2209/5444 
f 2969/2213/5445 2966/2211/5440 3180/2208/5443 
f 3180/2208/5443 2976/2214/5446 2969/2213/5445 
f 2976/2214/5446 3180/2208/5443 3177/2215/5447 
f 3003/1918/5448 3002/1919/5449 3020/2257/5450 
f 3020/2257/5450 3023/2321/5451 3003/1918/5448 
f 3023/2321/5451 3020/2257/5450 3182/2322/5452 
f 3182/2322/5452 3183/2323/5453 3023/2321/5451 
f 3019/2254/5454 3023/2321/5451 3183/2323/5453 
f 3183/2323/5453 3020/2257/5450 3019/2254/5454 
f 3020/2257/5450 3183/2323/5453 3184/2324/5455 
f 3184/2324/5455 3182/2322/5452 3020/2257/5450 
f 3184/2324/5455 3183/2323/5453 3182/2322/5452 
f 3185/2313/5456 3024/2315/5457 3019/2314/5458 
f 3019/2314/5458 3022/2312/5459 3185/2313/5456 
f 3186/2311/5460 3185/2313/5456 3022/2312/5459 
f 3187/2310/5461 3185/2313/5456 3186/2311/5460 
f 3027/2308/5462 3186/2311/5460 3022/2312/5459 
f 3188/2309/5463 3187/2310/5461 3186/2311/5460 
f 3186/2311/5460 3027/2308/5462 3188/2309/5463 
f 3185/2306/5464 3187/2310/5461 3188/2309/5463 
f 3188/2309/5463 3027/2308/5462 3185/2306/5464 
f 3024/2307/5465 3185/2306/5464 3027/2308/5462 
f 3189/2298/5466 3166/2297/5467 3026/2296/5468 
f 3026/2296/5468 3190/2299/5469 3189/2298/5466 
f 3190/2299/5469 3026/2296/5468 3028/2300/5470 
f 3191/2301/5471 3189/2298/5466 3190/2299/5469 
f 3190/2299/5469 3192/2302/5472 3191/2301/5471 
f 3192/2302/5472 3190/2299/5469 3028/2300/5470 
f 3028/2300/5470 3030/2303/5473 3192/2302/5472 
f 3166/2304/5474 3192/2302/5472 3030/2303/5473 
f 3192/2302/5472 3166/2304/5474 3189/2305/5475 
f 3189/2305/5475 3191/2301/5471 3192/2302/5472 
f 3193/2294/5476 3194/2295/5477 3195/2115/5478 
f 3195/2115/5478 3196/2293/5479 3193/2294/5476 
f 3031/2104/5480 3193/2294/5476 3196/2293/5479 
f 3032/2108/5481 3193/2294/5476 3031/2104/5480 
f 3194/2295/5482 3193/2294/5483 3032/2108/5484 
f 3032/2108/5484 3197/2294/5485 3194/2295/5482 
f 3197/2294/5485 3032/2108/5484 3037/2104/5486 
f 3195/2115/5487 3194/2295/5482 3197/2294/5485 
f 3197/2294/5485 3037/2104/5486 3196/2293/5488 
f 3196/2293/5488 3195/2115/5487 3197/2294/5485 
f 3196/2293/5488 3037/2104/5486 3167/2105/5489 
f 3167/2105/5489 3031/2104/5490 3196/2293/5488 
f 3060/2252/5491 3059/2253/5492 3133/2246/5493 
f 3133/2246/5493 3198/2251/5494 3060/2252/5491 
f 3199/2250/5495 3198/2251/5494 3133/2246/5493 
f 3133/2246/5493 3200/2247/5496 3199/2250/5495 
f 3127/2244/5497 3200/2247/5496 3133/2246/5493 
f 3133/2246/5493 3131/2245/5498 3127/2244/5497 
f 3200/2247/5496 3127/2244/5497 3126/2248/5499 
f 3126/2248/5499 3134/2249/5500 3200/2247/5496 
f 3134/2249/5501 3060/2252/5502 3198/2251/5503 
f 3198/2251/5503 3201/2246/5504 3134/2249/5501 
f 3200/2247/5505 3134/2249/5501 3201/2246/5504 
f 3201/2246/5504 3198/2251/5503 3199/2250/5506 
f 3199/2250/5506 3200/2247/5505 3201/2246/5504 
f 3012/2221/5507 3014/2222/5508 3202/2219/5509 
f 3202/2219/5509 3013/2220/5510 3012/2221/5507 
f 3015/2217/5511 3013/2220/5510 3202/2219/5509 
f 3202/2219/5509 3014/2218/5512 3015/2217/5511 
f 3116/1845/5513 3110/1847/5514 3119/1846/5515 
f 3119/1846/5515 1492/1844/5516 3116/1845/5513 
f 3115/1842/5517 3116/1845/5513 1492/1844/5516 
f 1492/1844/5516 1491/1843/5518 3115/1842/5517 
f 3090/2139/5254 3064/1883/5220 3065/2137/5223 
f 3065/2137/5223 3203/2140/5519 3090/2139/5254 
f 3204/2147/5520 3203/2140/5519 3065/2137/5223 
f 3065/2137/5223 3072/2144/5233 3204/2147/5520 
f 3176/2029/5521 3171/2038/5522 1615/2037/5523 
f 1615/2037/5523 1652/2036/5524 3176/2029/5521 
f 3205/2028/5525 3176/2029/5521 1652/2036/5524 
f 3175/2022/5526 3176/2029/5521 3205/2028/5525 
f 3205/2028/5525 1652/2036/5524 1651/2035/5527 
f 1651/2035/5527 3206/2034/5528 3205/2028/5525 
f 3206/2034/5528 1651/2035/5527 1653/2039/5529 
f 1653/2039/5529 3207/2040/5530 3206/2034/5528 
f 3207/2040/5530 1653/2039/5529 1655/2041/5531 
f 3208/2032/5532 3206/2034/5528 3207/2040/5530 
f 3207/2040/5530 1655/2041/5531 3209/2042/5533 
f 3209/2042/5533 3208/2032/5532 3207/2040/5530 
f 3209/2042/5533 1655/2041/5531 1663/2049/5534 
f 1663/2049/5534 3210/2048/5535 3209/2042/5533 
f 3210/2048/5535 1663/2049/5534 1661/2047/5536 
f 3209/2042/5533 3210/2048/5535 3211/2043/5537 
f 3211/2043/5537 3208/2032/5532 3209/2042/5533 
f 3212/2045/5538 3211/2043/5537 3210/2048/5535 
f 3210/2048/5535 1661/2047/5536 3212/2045/5538 
f 1660/2046/5539 3212/2045/5538 1661/2047/5536 
f 3212/2045/5538 1660/2046/5539 1658/2044/5540 
f 1658/2044/5540 3211/2043/5537 3212/2045/5538 
f 3211/2043/5537 1658/2044/5540 1649/2033/5541 
f 1649/2033/5541 3208/2032/5532 3211/2043/5537 
f 3208/2032/5532 1649/2033/5541 1647/2031/5542 
f 1647/2031/5542 3213/2030/5543 3208/2032/5532 
f 3206/2034/5528 3208/2032/5532 3213/2030/5543 
f 3213/2030/5543 3205/2028/5525 3206/2034/5528 
f 3205/2028/5525 3213/2030/5543 3214/2026/5544 
f 3214/2026/5544 3175/2022/5526 3205/2028/5525 
f 1644/2027/5545 3214/2026/5544 3213/2030/5543 
f 3213/2030/5543 1647/2031/5542 1644/2027/5545 
f 3214/2026/5544 1644/2027/5545 1642/2025/5546 
f 1642/2025/5546 3175/2022/5526 3214/2026/5544 
f 3175/2022/5526 1642/2025/5546 1641/2024/5547 
f 1641/2024/5547 3046/2023/5548 3175/2022/5526 
f 3155/1955/5549 3114/1958/5550 3115/1957/5551 
f 3115/1957/5551 3215/1953/5552 3155/1955/5549 
f 2972/1897/5096 3155/1955/5549 3215/1953/5552 
f 1592/1956/5553 3215/1953/5552 3115/1957/5551 
f 3115/1957/5551 1491/1959/5554 1592/1956/5553 
f 3215/1953/5552 1592/1956/5553 1590/1954/5555 
f 1590/1954/5555 3216/1943/5556 3215/1953/5552 
f 2972/1897/5096 3215/1953/5552 3216/1943/5556 
f 3216/1943/5556 2971/1942/5095 2972/1897/5096 
f 2970/1941/5094 2971/1942/5095 3216/1943/5556 
f 3216/1943/5556 3217/1944/5557 2970/1941/5094 
f 1588/1952/5558 3217/1944/5557 3216/1943/5556 
f 3218/1945/5559 2970/1941/5094 3217/1944/5557 
f 3217/1944/5557 1588/1952/5558 1587/1951/5560 
f 1587/1951/5560 3219/1946/5561 3217/1944/5557 
f 3218/1945/5559 3217/1944/5557 3219/1946/5561 
f 3219/1946/5561 1436/1947/5562 3218/1945/5559 
f 1584/1948/5563 1436/1947/5562 3219/1946/5561 
f 3219/1946/5561 1585/1949/5564 1584/1948/5563 
f 1586/1950/5565 1585/1949/5564 3219/1946/5561 
f 3219/1946/5561 1587/1951/5560 1586/1950/5565 
f 3216/2132/5566 1590/2131/5567 1730/2130/5568 
f 1730/2130/5568 3220/2133/5569 3216/2132/5566 
f 1588/2135/5570 3216/2132/5566 3220/2133/5569 
f 3220/2133/5569 1730/2130/5568 1732/2134/5571 
f 1732/2134/5571 1588/2135/5570 3220/2133/5569 
f 3221/2119/5572 2962/2118/5573 2961/2117/5574 
f 2961/2117/5574 3222/2120/5575 3221/2119/5572 
f 3223/2121/5576 3221/2119/5572 3222/2120/5575 
f 3224/2122/5577 3222/2120/5575 2961/2117/5574 
f 2961/2117/5574 2968/2123/5578 3224/2122/5577 
f 2962/2124/5579 3224/2122/5577 2968/2123/5578 
f 3224/2122/5577 2962/2124/5579 3221/2125/5580 
f 3221/2125/5580 3223/2126/5581 3224/2122/5577 
f 3225/2127/5582 3224/2122/5577 3223/2126/5581 
f 3222/2120/5575 3224/2122/5577 3225/2127/5582 
f 3226/2128/5583 3225/2127/5582 3223/2126/5581 
f 3227/2129/5584 3222/2120/5575 3225/2127/5582 
f 3225/2127/5582 3226/2128/5583 3227/2129/5584 
f 3223/2121/5576 3222/2120/5575 3227/2129/5584 
f 3227/2129/5584 3226/2128/5583 3223/2121/5576 
f 3228/3380/5585 912/3381/5586 908/3382/5587 
f 908/3382/5587 3229/3383/5588 3228/3380/5585 
f 3229/3383/5588 908/3382/5587 906/3384/5589 
f 3230/3385/5590 3231/3386/5591 906/3384/5592 
f 906/3384/5592 905/3365/5593 3230/3385/5590 
f 3232/3387/5594 3231/3386/5591 3230/3385/5590 
f 3230/3385/5590 3233/3366/5595 3232/3387/5594 
f 3233/3366/5595 3230/3385/5590 905/3365/5593 
f 905/3365/5593 838/3364/5596 3233/3366/5595 
f 3234/3367/5597 3233/3366/5595 838/3364/5596 
f 838/3364/5596 839/3368/5598 3234/3367/5597 
f 847/3369/5599 3234/3367/5597 839/3368/5598 
f 3234/3367/5597 847/3369/5599 2829/3388/5600 
f 2829/3388/5600 3235/3389/5601 3234/3367/5597 
f 3236/3390/5602 3234/3367/5597 3235/3389/5601 
f 3233/3366/5595 3234/3367/5597 3236/3390/5602 
f 3236/3390/5602 3232/3387/5594 3233/3366/5595 
f 1712/2106/5603 1593/2105/5604 3038/2104/5605 
f 3038/2104/5605 3237/2107/5606 1712/2106/5603 
f 1715/2109/5607 1712/2106/5603 3237/2107/5606 
f 3237/2107/5606 3038/2104/5605 1714/2108/5608 
f 1714/2108/5608 1716/2110/5609 3237/2107/5606 
f 3238/2111/5610 3237/2107/5606 1716/2110/5609 
f 1715/2109/5607 3237/2107/5606 3238/2111/5610 
f 3238/2111/5610 1716/2110/5609 1718/2112/5611 
f 1718/2112/5611 3239/2113/5612 3238/2111/5610 
f 1715/2109/5607 3238/2111/5610 3239/2113/5612 
f 3239/2113/5612 1720/2114/5613 1715/2109/5607 
f 1721/2115/5614 1720/2114/5613 3239/2113/5612 
f 3239/2113/5612 1722/2116/5615 1721/2115/5614 
f 1718/2112/5611 1722/2116/5615 3239/2113/5612 
f 2973/2076/5616 2974/2075/5617 2982/2074/5618 
f 2982/2074/5618 3240/2077/5619 2973/2076/5616 
f 3241/2078/5620 2973/2076/5616 3240/2077/5619 
f 3240/2077/5619 3242/2079/5621 3241/2078/5620 
f 3243/2080/5622 3242/2079/5621 3240/2077/5619 
f 3240/2077/5619 3244/2081/5623 3243/2080/5622 
f 3244/2081/5623 3240/2077/5619 2982/2074/5618 
f 2982/2074/5618 3063/2082/5624 3244/2081/5623 
f 3245/2083/5625 3244/2081/5623 3063/2082/5624 
f 3063/2082/5624 3246/2084/5626 3245/2083/5625 
f 3246/2084/5626 3063/2082/5624 2972/2085/5627 
f 2972/2085/5627 2973/2086/5628 3246/2084/5626 
f 3247/2087/5629 3246/2084/5626 2973/2086/5628 
f 2973/2086/5628 3241/2088/5630 3247/2087/5629 
f 3242/2089/5631 3247/2087/5629 3241/2088/5630 
f 3247/2087/5629 3242/2089/5631 3243/2090/5632 
f 3243/2090/5632 3248/2091/5633 3247/2087/5629 
f 3246/2084/5626 3247/2087/5629 3248/2091/5633 
f 3248/2091/5633 3245/2083/5625 3246/2084/5626 
f 3249/2092/5634 3245/2083/5625 3248/2091/5633 
f 3248/2091/5633 3243/2090/5632 3249/2092/5634 
f 3250/2093/5635 3249/2092/5634 3243/2090/5632 
f 3249/2092/5634 3250/2093/5635 3251/2094/5636 
f 3251/2094/5636 3252/2095/5637 3249/2092/5634 
f 3245/2083/5625 3249/2092/5634 3252/2095/5637 
f 3252/2095/5637 3244/2081/5623 3245/2083/5625 
f 3244/2081/5623 3252/2095/5637 3253/2096/5638 
f 3253/2096/5638 3250/2097/5639 3244/2081/5623 
f 3243/2080/5622 3244/2081/5623 3250/2097/5639 
f 3254/2098/5640 3250/2097/5639 3253/2096/5638 
f 3253/2096/5638 3255/2099/5641 3254/2098/5640 
f 3256/2100/5642 3254/2098/5640 3255/2099/5641 
f 3255/2099/5641 3253/2096/5638 3257/2101/5643 
f 3257/2101/5643 3256/2100/5642 3255/2099/5641 
f 3257/2101/5643 3253/2096/5638 3252/2095/5637 
f 3252/2095/5637 3251/2094/5636 3257/2101/5643 
f 3258/2102/5644 3257/2101/5643 3251/2094/5636 
f 3251/2094/5636 3250/2093/5635 3258/2102/5644 
f 3256/2100/5642 3257/2101/5643 3258/2102/5644 
f 3258/2102/5644 3250/2093/5635 3254/2103/5645 
f 3254/2103/5645 3256/2100/5642 3258/2102/5644 
f 3089/2020/5646 3090/2021/5647 3203/2019/5648 
f 3203/2019/5648 3088/2016/5649 3089/2020/5646 
f 3088/2016/5649 3203/2019/5648 3204/2018/5650 
f 3204/2018/5650 3072/2017/5651 3088/2016/5649 
f 2672/1690/5652 2703/1691/5653 3259/938/5654 
f 3259/938/5654 2674/1689/5655 2672/1690/5652 
f 2674/1689/5655 3259/938/5654 2703/1687/5656 
f 2703/1687/5656 2669/1688/5657 2674/1689/5655 
f 2670/956/5658 2669/1688/5657 2703/1687/5656 
f 2703/1687/5656 3260/1686/5659 2670/956/5658 
f 2701/1692/5660 3260/1686/5659 2703/1687/5656 
f 3261/1685/5661 2670/956/5658 3260/1686/5659 
f 3260/1686/5659 2701/1692/5660 3261/1685/5661 
f 2688/1693/5662 3261/1685/5661 2701/1692/5660 
f 2670/956/5658 3261/1685/5661 2688/1684/5663 
f 2688/1684/5663 2667/1683/5664 2670/956/5658 
f 2676/1785/5665 2671/1841/5666 3262/1772/5667 
f 1859/450/5668 1343/452/5669 1346/453/5670 
f 1893/3284/5671 1023/3285/5672 1029/2397/5673 
f 1029/2397/5673 1891/2396/5674 1893/3284/5671 
f 2959/1723/5675 2960/1724/5676 2962/1721/5677 
f 2962/1721/5677 3263/1657/5678 2959/1723/5675 
f 3264/1725/5679 2959/1723/5675 3263/1657/5678 
f 3264/1722/5680 3263/1657/5678 2962/1721/5677 
f 2962/1721/5677 3265/1718/5681 3264/1722/5680 
f 3265/1718/5681 2962/1721/5677 2968/1719/5682 
f 2968/1719/5682 3266/1717/5683 3265/1718/5681 
f 3267/1715/5684 3265/1718/5681 3266/1717/5683 
f 3266/1717/5683 3268/1716/5685 3267/1715/5684 
f 3268/1720/5686 3266/1717/5683 2968/1719/5682 
f 2968/1719/5682 2970/1726/5687 3268/1720/5686 
f 3269/1727/5688 3268/1720/5686 2970/1726/5687 
f 3270/1728/5689 3268/1720/5686 3269/1727/5688 
f 3269/1727/5688 2970/1726/5687 3218/1729/5690 
f 3271/1730/5691 3270/1728/5689 3269/1727/5688 
f 3269/1727/5688 3218/1729/5690 1436/1731/5692 
f 1436/1731/5692 1437/1732/5693 3269/1727/5688 
f 3272/1733/5694 3269/1727/5688 1437/1732/5693 
f 3271/1730/5691 3269/1727/5688 3272/1733/5694 
f 3272/1733/5694 3270/1734/5695 3271/1730/5691 
f 1373/1662/5696 3270/1734/5695 3272/1733/5694 
f 3272/1733/5694 1437/1732/5693 1373/1662/5696 
f 3270/1734/5695 1373/1662/5696 3273/1643/5697 
f 3273/1643/5697 3274/1735/5698 3270/1734/5695 
f 3268/1736/5699 3270/1734/5695 3274/1735/5698 
f 3274/1735/5698 3267/1737/5700 3268/1736/5699 
f 3267/1737/5700 3274/1735/5698 2658/1738/5701 
f 2658/1738/5701 3275/1739/5702 3267/1737/5700 
f 3276/1740/5703 3267/1737/5700 3275/1739/5702 
f 3265/1741/5704 3267/1737/5700 3276/1740/5703 
f 3276/1740/5703 3277/1742/5705 3265/1741/5704 
f 3278/1657/5706 3265/1741/5704 3277/1742/5705 
f 3264/1658/5707 3265/1741/5704 3278/1657/5706 
f 2958/1743/5708 3278/1657/5706 3277/1742/5705 
f 3264/1658/5707 3278/1657/5706 2958/1659/5709 
f 2958/1659/5709 2959/1660/5710 3264/1658/5707 
f 3279/1673/5711 3280/1671/5712 2709/1840/5713 
f 3281/1770/5714 3282/1773/5715 3283/1772/5716 
f 3283/1772/5716 3284/1771/5717 3281/1770/5714 
f 3285/1642/5718 3281/1770/5714 3284/1771/5717 
f 3286/1639/5719 3281/1770/5714 3285/1642/5718 
f 3287/1774/5720 3284/1771/5717 3283/1772/5716 
f 3283/1772/5716 3282/1775/5721 3287/1774/5720 
f 3288/1776/5722 3287/1774/5720 3282/1775/5721 
f 2441/1777/5723 3287/1774/5720 3288/1776/5722 
f 3288/1776/5722 3282/1775/5721 2440/1778/5724 
f 2440/1778/5724 3289/1749/5725 3288/1776/5722 
f 3290/1779/5726 3288/1776/5722 3289/1749/5725 
f 2441/1777/5723 3288/1776/5722 3290/1779/5726 
f 3290/1779/5726 2440/1780/5727 2441/1777/5723 
f 3289/1749/5725 2440/1780/5727 3290/1779/5726 
f 3285/1642/5728 1464/1783/5729 1463/1782/5730 
f 1463/1782/5730 1390/1781/5731 3285/1642/5728 
f 3291/1641/5732 3285/1642/5728 1390/1781/5731 
f 3292/508/5733 782/3190/5734 721/3189/5735 
f 721/3189/5735 716/3191/5736 3292/508/5733 
f 1004/3193/5737 3292/508/5738 716/3192/5739 
f 1320/1582/5740 1322/1584/5741 723/3391/5742 
f 723/3391/5742 726/3392/5743 1320/1582/5740 
f 3293/3393/5744 1320/1582/5740 726/3392/5743 
f 1321/1583/5745 1320/1582/5740 3293/3393/5744 
f 3293/3393/5744 726/3392/5743 3294/3394/5746 
f 1322/3395/5747 1321/1583/5745 3293/3393/5744 
f 3293/3393/5744 3294/3394/5746 3295/3396/5748 
f 3295/3396/5748 1322/3395/5747 3293/3393/5744 
f 782/3187/5749 1310/508/5750 724/1547/5751 
f 724/1547/5751 721/3188/5752 782/3187/5749 
f 1454/2334/5753 1456/2335/5754 2432/3184/5755 
f 2432/3184/5755 3296/3185/5756 1454/2334/5753 
f 1455/3186/5757 1454/2334/5753 3296/3185/5756 
f 3296/3185/5756 2432/3184/5755 2435/2338/5758 
f 2435/2338/5758 1455/3186/5757 3296/3185/5756 
f 2907/452/5759 658/451/5760 657/450/5761 
f 657/450/5761 660/453/5762 2907/452/5759 
f 663/456/5763 662/455/5764 2908/454/5765 
f 2908/454/5766 662/455/5767 658/457/5768 
f 2909/460/5769 665/459/5770 664/458/5771 
f 664/458/5771 663/461/5772 2909/460/5769 
f 2912/464/5773 668/463/5774 667/462/5775 
f 667/462/5775 665/465/5776 2912/464/5773 
f 3297/468/5777 671/467/5778 670/466/5779 
f 670/466/5779 673/469/5780 3297/468/5777 
f 3298/472/5781 675/471/5782 674/470/5783 
f 674/470/5783 677/473/5784 3298/472/5781 
f 3299/3397/5785 2613/3398/5786 3300/3399/5787 
f 3300/3399/5787 3301/3400/5788 3299/3397/5785 
f 3302/3401/5789 3299/3397/5785 3301/3400/5788 
f 3303/3402/5790 3301/3400/5788 3300/3399/5787 
f 3304/3403/5791 3302/3401/5789 3301/3400/5788 
f 3301/3400/5788 3303/3402/5790 3304/3403/5791 
f 3305/3404/5792 3302/3401/5789 3304/3403/5791 
f 3304/3403/5791 3303/3402/5790 3305/3404/5792 
f 2463/3405/5793 3302/3401/5789 3305/3404/5792 
f 3300/3406/5794 3305/3404/5792 3303/3402/5790 
f 2613/3407/5795 2463/3405/5793 3305/3404/5792 
f 3305/3404/5792 3300/3406/5794 2613/3407/5795 
f 3306/1580/5796 2874/1581/5797 2866/1574/5798 
f 2866/1574/5798 3307/1573/5799 3306/1580/5796 
f 3307/1573/5799 2866/1574/5798 2867/1572/5800 
f 3308/1577/5801 3306/1580/5796 3307/1573/5799 
f 3309/1570/5802 3307/1573/5799 2867/1572/5800 
f 3310/1575/5803 3308/1577/5801 3307/1573/5799 
f 3307/1573/5799 3309/1570/5802 3310/1575/5803 
f 3306/1578/5804 3308/1577/5801 3310/1575/5803 
f 3310/1575/5803 3311/1576/5805 3306/1578/5804 
f 3311/1576/5805 3310/1575/5803 3309/1570/5802 
f 2874/1579/5806 3306/1578/5804 3311/1576/5805 
f 2869/1571/5807 3309/1570/5802 2867/1572/5800 
f 3312/3408/5808 3313/3409/5809 3314/3410/5810 
f 3314/3410/5810 3315/3411/5811 3312/3408/5808 
f 3315/3411/5811 3314/3410/5810 2860/3412/5812 
f 2860/3412/5812 3316/3413/5813 3315/3411/5811 
f 3317/3414/5814 3315/3411/5811 3316/3413/5813 
f 3316/3413/5813 3318/3415/5815 3317/3414/5814 
f 3319/3416/5816 3317/3414/5814 3318/3415/5815 
f 3317/3414/5814 3319/3416/5816 3320/3417/5817 
f 3320/3417/5817 3315/3411/5811 3317/3414/5814 
f 3312/3408/5808 3315/3411/5811 3320/3417/5817 
f 3320/3417/5817 3316/3418/5818 3312/3408/5808 
f 2860/3419/5819 3312/3408/5808 3316/3418/5818 
f 3318/3420/5820 3316/3418/5818 3320/3417/5817 
f 3320/3417/5817 3319/3416/5816 3318/3420/5820 
f 3321/1702/5821 2654/1703/5822 2653/1698/5823 
f 2653/1698/5823 3322/1701/5824 3321/1702/5821 
f 3323/938/5825 3321/1702/5821 3322/1701/5824 
f 3322/1701/5824 3324/1704/5826 3323/938/5825 
f 3321/1705/5827 3323/938/5825 3324/1704/5826 
f 3324/1704/5826 2654/1706/5828 3321/1705/5827 
f 2658/1700/5829 2654/1706/5828 3324/1704/5826 
f 3324/1704/5826 3322/1701/5824 2658/1700/5829 
f 3325/1699/5830 2658/1700/5829 3322/1701/5824 
f 3322/1701/5824 2653/1698/5823 3325/1699/5830 
f 3276/1696/5831 3325/1699/5830 2653/1698/5823 
f 2658/1700/5829 3325/1699/5830 3276/1696/5831 
f 3276/1696/5831 2653/1698/5823 2652/1697/5832 
f 2652/1697/5832 3326/1685/5833 3276/1696/5831 
f 3277/956/5834 3276/1696/5831 3326/1685/5833 
f 3326/1685/5833 2651/1695/5835 3277/956/5834 
f 2958/1694/5836 3277/956/5834 2651/1695/5835 
f 3327/1707/5837 2659/1709/5838 2658/1700/5839 
f 2658/1700/5839 3274/1708/5840 3327/1707/5837 
f 3328/925/5841 2659/1709/5838 3327/1707/5837 
f 3327/1707/5837 3329/1664/5842 3328/925/5841 
f 1420/1710/5843 3329/1664/5842 3327/1707/5837 
f 3327/1707/5837 3274/1708/5840 1420/1710/5843 
f 1373/927/5844 1420/1710/5843 3274/1708/5840 
f 3329/1664/5842 1420/1710/5843 2659/1663/5845 
f 2658/1839/5846 3276/1740/5847 3275/1739/5848 
f 3330/3421/5849 3313/3422/5850 3331/3423/5851 
f 3331/3423/5851 3332/3424/5852 3330/3421/5849 
f 3332/3424/5852 3331/3423/5851 3333/3425/5853 
f 3333/3425/5853 3330/3426/5854 3332/3424/5852 
f 3330/3426/5854 3333/3425/5853 2456/3427/5855 
f 2456/3427/5855 3313/3428/5856 3330/3426/5854 
f 2868/3429/5857 2861/3430/5858 3334/3431/5859 
f 3334/3431/5859 3335/3432/5860 2868/3429/5857 
f 3314/3433/5861 2868/3429/5857 3335/3432/5860 
f 3335/3432/5860 2860/3434/5862 3314/3433/5861 
f 2860/3434/5862 3335/3432/5860 3336/3435/5863 
f 3336/3435/5863 2861/3436/5864 2860/3434/5862 
f 3337/3437/5865 3336/3435/5863 3335/3432/5860 
f 3335/3432/5860 3334/3431/5859 3337/3437/5865 
f 3338/1577/5866 3337/3437/5865 3334/3431/5859 
f 3337/3437/5865 3338/1577/5866 3339/3438/5867 
f 3339/3438/5867 3336/3435/5863 3337/3437/5865 
f 2861/3436/5864 3336/3435/5863 3339/3438/5867 
f 3339/3438/5867 3334/3439/5868 2861/3436/5864 
f 3338/1577/5866 3334/3439/5868 3339/3438/5867 
f 2461/1553/5869 3340/1551/5870 3341/1552/5871 
f 2464/3193/5872 2462/508/5873 2461/3190/5874 
f 3342/903/5875 3343/907/5876 3344/906/5877 
f 3344/906/5877 2464/905/5878 3342/903/5875 
f 2464/905/5878 3344/906/5877 3345/508/5879 
f 2461/904/5880 3342/903/5875 2464/905/5878 
f 3345/508/5881 3344/3440/5882 3343/3441/5883 
f 3343/3441/5883 2463/3442/5884 3345/508/5881 
f 2464/905/5885 3345/508/5881 2463/3442/5884 
f 3346/508/5886 3302/507/5887 2463/506/5888 
f 2463/506/5888 3343/509/5889 3346/508/5886 
f 3302/510/5890 3346/508/5891 3343/509/5892 
f 2457/513/5893 2456/517/5894 2459/516/5895 
f 2459/516/5895 2458/515/5896 2457/513/5893 
f 2616/528/5897 3347/508/5898 3299/527/5899 
f 2613/529/5900 3299/527/5901 3347/508/5902 
f 3347/508/5902 2616/530/5903 2613/529/5900 
f 2871/533/5904 2872/532/5905 3348/531/5906 
f 3349/548/5907 3350/546/5908 3351/549/5909 
f 752/554/5910 751/553/5911 3352/552/5912 
f 3352/552/5912 3353/555/5913 752/554/5910 
f 755/557/5914 752/554/5910 3353/555/5913 
f 3353/555/5913 3352/552/5912 3354/556/5915 
f 756/558/5916 755/557/5914 3353/555/5913 
f 3353/555/5913 3354/556/5915 756/558/5916 
f 757/559/5917 756/558/5916 3354/556/5915 
f 3354/556/5915 3355/560/5918 757/559/5917 
f 3352/563/5919 3302/562/5920 3356/561/5921 
f 3355/566/5922 761/565/5923 760/564/5924 
f 760/564/5924 762/567/5925 3355/566/5922 
f 757/568/5926 3355/566/5922 762/567/5925 
f 3357/569/5927 3343/570/5928 3358/572/5929 
f 3358/572/5929 3359/573/5930 3357/569/5927 
f 3359/573/5930 3358/572/5929 3360/574/5931 
f 3360/574/5931 3361/575/5932 3359/573/5930 
f 3362/576/5933 3359/573/5930 3361/575/5932 
f 3357/569/5927 3359/573/5930 3362/576/5933 
f 3362/576/5933 3363/577/5934 3357/569/5927 
f 3354/571/5935 3357/569/5927 3363/577/5934 
f 3363/577/5934 3355/578/5936 3354/571/5935 
f 3342/579/5937 3355/578/5936 3363/577/5934 
f 3363/577/5934 3364/580/5938 3342/579/5937 
f 3362/576/5933 3364/580/5938 3363/577/5934 
f 3343/581/5939 3342/579/5937 3364/580/5938 
f 3364/580/5938 3358/582/5940 3343/581/5939 
f 3365/583/5941 3358/582/5940 3364/580/5938 
f 3364/580/5938 3362/576/5933 3365/583/5941 
f 3361/575/5932 3365/583/5941 3362/576/5933 
f 3365/583/5941 3361/575/5932 3360/584/5942 
f 3360/584/5942 3358/582/5940 3365/583/5941 
f 3343/570/5943 3357/569/5944 3354/571/5945 
f 3366/587/5946 3367/586/5947 3368/585/5948 
f 3368/585/5948 3369/588/5949 3366/587/5946 
f 3370/589/5950 3366/587/5946 3369/588/5949 
f 3369/588/5949 3368/585/5948 3371/590/5951 
f 3371/590/5951 3370/589/5950 3369/588/5949 
f 3371/590/5951 3368/585/5948 3372/591/5952 
f 3372/591/5952 3373/592/5953 3371/590/5951 
f 3370/589/5950 3371/590/5951 3373/592/5953 
f 3373/592/5953 3366/593/5954 3370/589/5950 
f 3367/562/5955 3366/593/5954 3373/592/5953 
f 3373/592/5953 3372/591/5952 3367/562/5955 
f 3372/596/5956 3368/595/5957 3374/594/5958 
f 3374/594/5958 3375/3443/5959 3372/596/5956 
f 3376/589/5960 3375/3443/5959 3374/594/5958 
f 3377/1407/5961 3372/596/5956 3375/3443/5959 
f 3375/3443/5959 3341/1408/5962 3377/1407/5961 
f 3378/3444/5963 3341/1408/5962 3375/3443/5959 
f 3375/3443/5959 3376/589/5960 3378/3444/5963 
f 3374/616/5964 3378/3444/5963 3376/589/5960 
f 3378/3444/5963 3374/616/5964 3368/1410/5965 
f 3368/1410/5965 3341/1408/5962 3378/3444/5963 
f 3379/599/5966 3367/598/5967 2461/597/5968 
f 2461/597/5968 3380/600/5969 3379/599/5966 
f 3381/601/5970 3379/599/5966 3380/600/5969 
f 3380/600/5969 2461/597/5968 3382/602/5971 
f 3382/602/5971 3381/601/5970 3380/600/5969 
f 3382/602/5971 2461/597/5968 3341/603/5972 
f 3341/603/5972 3383/604/5973 3382/602/5971 
f 3381/601/5970 3382/602/5971 3383/604/5973 
f 3383/604/5973 3379/605/5974 3381/601/5970 
f 3368/606/5975 3379/605/5974 3383/604/5973 
f 3383/604/5973 3341/603/5972 3368/606/5975 
f 3367/607/5976 3379/605/5974 3368/606/5975 
f 3384/610/5977 3341/609/5978 3385/608/5979 
f 3385/608/5979 3386/508/5980 3384/610/5977 
f 3349/611/5981 3384/610/5977 3386/508/5980 
f 3341/614/5982 3386/508/5983 3385/613/5984 
f 3387/615/5985 3341/562/5986 3388/616/5987 
f 3388/616/5987 3389/589/5988 3387/615/5985 
f 3390/617/5989 3387/615/5985 3389/589/5988 
f 3389/589/5988 3388/618/5990 3390/617/5989 
f 3341/586/5991 3390/617/5989 3388/618/5990 
f 3390/617/5989 3341/586/5991 3384/585/5992 
f 3384/585/5992 3387/615/5985 3390/617/5989 
f 3387/615/5985 3384/585/5992 3377/591/5993 
f 3341/562/5994 3387/615/5995 3377/591/5996 
f 799/620/5997 3377/619/5998 3391/508/5999 
f 3391/508/5999 3392/621/6000 799/620/5997 
f 3392/621/6000 3391/508/5999 3384/622/6001 
f 3384/622/6002 3391/508/6003 3377/623/6004 
f 3377/626/6005 799/625/6006 801/624/6007 
f 801/624/6007 3393/627/6008 3377/626/6005 
f 3372/629/6009 3377/626/6005 3393/627/6008 
f 803/628/6010 3393/627/6008 801/624/6007 
f 761/630/6011 3372/629/6009 3393/627/6008 
f 3393/627/6008 3394/631/6012 761/630/6011 
f 3394/631/6012 3393/627/6008 803/628/6010 
f 803/628/6010 805/632/6013 3394/631/6012 
f 761/630/6011 3394/631/6012 805/632/6013 
f 3395/635/6014 3349/634/6015 3351/633/6016 
f 3351/633/6016 3396/636/6017 3395/635/6014 
f 3397/637/6018 3395/635/6014 3396/636/6017 
f 3349/638/6019 3395/635/6014 3397/637/6018 
f 3397/637/6018 3396/636/6017 3392/639/6020 
f 3384/640/6021 3349/638/6019 3397/637/6018 
f 3397/637/6018 3392/639/6020 3384/640/6021 
f 3398/642/6022 3399/641/6023 3400/508/6024 
f 3400/508/6024 3401/643/6025 3398/642/6022 
f 3402/644/6026 3401/643/6025 3400/508/6024 
f 3400/508/6024 3399/645/6027 3402/644/6026 
f 815/648/6028 814/647/6029 3398/646/6030 
f 3398/646/6030 816/649/6031 815/648/6028 
f 3401/650/6032 816/649/6031 3398/646/6030 
f 817/653/6033 816/652/6034 3401/651/6035 
f 3401/651/6035 818/654/6036 817/653/6033 
f 3403/655/6037 818/654/6036 3401/651/6035 
f 3403/658/6038 821/657/6039 820/656/6040 
f 820/656/6040 3404/659/6041 3403/658/6038 
f 818/661/6042 3403/658/6038 3404/659/6041 
f 823/660/6043 3404/659/6041 820/656/6040 
f 824/662/6044 818/661/6042 3404/659/6041 
f 3404/659/6041 823/660/6043 824/662/6044 
f 3313/709/6045 2456/708/6046 2455/707/6047 
f 2455/707/6047 2615/710/6048 3313/709/6045 
f 3314/711/6049 3313/709/6045 2615/710/6048 
f 2615/710/6048 2872/712/6050 3314/711/6049 
f 2616/713/6051 2872/712/6050 2615/710/6048 
f 2868/714/6052 3314/711/6049 2872/712/6050 
f 2940/717/6053 2939/716/6054 3405/715/6055 
f 3405/715/6055 3406/718/6056 2940/717/6053 
f 3406/718/6056 3405/715/6055 3407/719/6057 
f 2940/717/6053 3406/718/6056 3408/720/6058 
f 3408/720/6058 3409/721/6059 2940/717/6053 
f 3408/720/6058 3406/718/6056 3410/722/6060 
f 3407/724/6061 3405/723/6062 2939/716/6063 
f 3406/718/6064 3407/719/6065 2939/725/6066 
f 2939/725/6066 3411/726/6067 3406/718/6064 
f 3411/726/6067 2939/725/6066 3412/727/6068 
f 3412/727/6068 3413/728/6069 3411/726/6067 
f 3406/718/6064 3411/726/6067 3413/728/6069 
f 3413/728/6069 3414/729/6070 3406/718/6064 
f 3410/730/6071 3406/718/6064 3414/729/6070 
f 3414/729/6070 3408/731/6072 3410/730/6071 
f 3409/732/6073 3408/731/6072 3414/729/6070 
f 3414/729/6070 3415/733/6074 3409/732/6073 
f 3415/733/6074 3414/729/6070 3413/728/6069 
f 3413/728/6069 3416/734/6075 3415/733/6074 
f 3416/734/6075 3413/728/6069 3412/727/6068 
f 3412/727/6068 2936/735/6076 3416/734/6075 
f 3417/736/6077 3416/734/6075 2936/735/6076 
f 3415/733/6074 3416/734/6075 3417/736/6077 
f 3417/736/6077 3418/737/6078 3415/733/6074 
f 3419/738/6079 3415/733/6074 3418/737/6078 
f 3409/732/6073 3415/733/6074 3419/738/6079 
f 3419/738/6079 3420/739/6080 3409/732/6073 
f 3421/740/6081 3420/739/6080 3419/738/6079 
f 3419/738/6079 2944/741/6082 3421/740/6081 
f 2944/741/6082 3419/738/6079 3418/737/6078 
f 3418/737/6078 3422/742/6083 2944/741/6082 
f 3422/742/6083 3418/737/6078 3417/736/6077 
f 2944/741/6082 3422/742/6083 3423/743/6084 
f 3423/743/6084 3424/744/6085 2944/741/6082 
f 2945/745/6086 3424/744/6085 3423/743/6084 
f 3423/743/6084 2943/746/6087 2945/745/6086 
f 2943/746/6087 3423/743/6084 3422/742/6083 
f 3422/742/6083 3425/747/6088 2943/746/6087 
f 3417/736/6077 3425/747/6088 3422/742/6083 
f 3426/748/6089 2943/746/6087 3425/747/6088 
f 3425/747/6088 2947/749/6090 3426/748/6089 
f 2948/750/6091 2947/749/6090 3425/747/6088 
f 3425/747/6088 3417/736/6077 2948/750/6091 
f 2949/751/6092 2948/750/6091 3417/736/6077 
f 3417/736/6077 3427/752/6093 2949/751/6092 
f 3427/752/6093 3417/736/6077 2936/735/6076 
f 2936/735/6076 3428/753/6094 3427/752/6093 
f 3428/753/6094 2936/735/6076 3429/754/6095 
f 2949/751/6092 3427/752/6093 3428/753/6094 
f 3428/753/6094 3430/755/6096 2949/751/6092 
f 3429/754/6095 3430/755/6096 3428/753/6094 
f 2949/751/6092 3430/755/6096 3431/756/6097 
f 3431/756/6097 2848/757/6098 2949/751/6092 
f 2850/758/6099 2848/757/6098 3431/756/6097 
f 3431/756/6097 2718/759/6100 2850/758/6099 
f 2717/760/6101 2850/758/6099 2718/759/6100 
f 3429/754/6102 3432/765/6103 3433/764/6104 
f 2941/786/6105 2940/717/6106 3409/721/6107 
f 3409/721/6107 2944/787/6108 2941/786/6105 
f 3421/788/6109 2944/787/6108 3409/721/6107 
f 3409/721/6107 3420/789/6110 3421/788/6109 
f 2945/791/6111 2944/787/6112 3424/790/6113 
f 2947/794/6114 2943/793/6115 3426/792/6116 
f 2935/910/6117 2936/909/6118 3412/908/6119 
f 3412/908/6119 2939/911/6120 2935/910/6117 
f 3434/912/6121 2935/910/6117 2939/911/6120 
f 2937/913/6122 2935/910/6117 3434/912/6121 
f 3434/912/6121 2939/911/6120 3435/914/6123 
f 3435/914/6123 2937/913/6122 3434/912/6121 
f 3429/917/6124 2936/916/6125 3436/915/6126 
f 3436/915/6126 3432/918/6127 3429/917/6124 
f 2934/919/6128 3432/918/6127 3436/915/6126 
f 3436/915/6126 2936/920/6129 2934/919/6128 
f 2939/923/6130 2937/922/6131 3435/921/6132 
f 3437/926/6133 3438/925/6134 2696/924/6135 
f 2696/924/6135 1013/927/6136 3437/926/6133 
f 1014/928/6137 3437/926/6133 1013/927/6136 
f 3439/929/6138 3437/926/6133 1014/928/6137 
f 2696/931/6139 3439/929/6140 2687/930/6141 
f 3439/929/6142 2696/931/6143 3438/925/6144 
f 3438/925/6144 3437/926/6145 3439/929/6142 
f 2627/934/6146 2628/933/6147 3440/932/6148 
f 3440/932/6148 3441/935/6149 2627/934/6146 
f 3441/935/6149 3440/932/6148 2628/936/6150 
f 2628/936/6150 3442/937/6151 3441/935/6149 
f 2621/940/6152 2558/939/6153 2685/938/6154 
f 2685/938/6154 2628/941/6155 2621/940/6152 
f 3443/944/6156 3444/943/6157 3442/942/6158 
f 3442/942/6158 3445/945/6159 3443/944/6156 
f 3445/945/6159 3442/942/6158 2687/946/6160 
f 2687/946/6160 3439/947/6161 3445/945/6159 
f 3443/948/6162 3445/945/6159 3439/947/6161 
f 2543/932/6163 2542/961/6164 3446/960/6165 
f 3446/960/6165 2544/962/6166 2543/932/6163 
f 3447/966/6167 3448/965/6168 3441/964/6169 
f 3441/964/6169 3449/967/6170 3447/966/6167 
f 668/858/6171 2912/864/4951 2911/860/4950 
f 2911/860/4950 3450/855/6172 668/858/6171 
f 3450/855/6172 2911/860/4950 2920/850/4964 
f 668/858/6171 3450/855/6172 3297/857/6173 
f 3297/857/6173 673/859/6174 668/858/6171 
f 671/856/6175 3297/857/6173 3450/855/6172 
f 3450/855/6172 677/854/6176 671/856/6175 
f 677/854/6176 3450/855/6172 2920/850/4964 
f 2920/850/4964 3298/853/6177 677/854/6176 
f 675/851/6178 3298/853/6177 2920/850/4964 
f 2920/850/4964 2921/833/4965 675/851/6178 
f 970/852/6179 675/851/6178 2921/833/4965 
f 3432/970/6180 2934/969/6181 2927/968/6182 
f 2927/968/6182 3451/971/6183 3432/970/6180 
f 3452/972/6184 3432/970/6180 3451/971/6183 
f 3451/971/6183 2927/968/6182 2925/973/6185 
f 3452/972/6184 3451/971/6183 3433/974/6186 
f 3433/974/6186 3432/975/6187 3452/972/6184 
f 3449/977/6188 3453/932/6189 3444/976/6190 
f 3454/932/6191 2647/979/6192 3449/978/6193 
f 3449/978/6193 3444/980/6194 3454/932/6191 
f 3455/981/6195 3454/932/6191 3444/980/6194 
f 3454/932/6191 3455/981/6195 2648/982/6196 
f 2648/982/6196 2647/983/6197 3454/932/6191 
f 3456/986/6198 3457/985/6199 2712/984/6200 
f 2712/984/6200 3458/987/6201 3456/986/6198 
f 3459/988/6202 3456/986/6198 3458/987/6201 
f 3460/989/6203 3456/986/6198 3459/988/6202 
f 3459/988/6202 3461/990/6204 3460/989/6203 
f 3462/991/6205 3461/990/6204 3459/988/6202 
f 3459/988/6202 3458/987/6201 3462/991/6205 
f 3460/992/6206 3461/990/6204 3462/991/6205 
f 3462/991/6205 3456/993/6207 3460/992/6206 
f 3463/994/6208 3456/993/6207 3462/991/6205 
f 3462/991/6205 3458/987/6201 3463/994/6208 
f 2712/984/6200 3463/994/6208 3458/987/6201 
f 2637/995/6209 3463/994/6208 2712/984/6200 
f 2637/997/6210 2712/984/6211 3464/996/6212 
f 3464/996/6212 3448/998/6213 2637/997/6210 
f 3465/999/6214 3448/998/6213 3464/996/6212 
f 3464/996/6212 2712/1000/6215 3465/999/6214 
f 2714/1001/6216 3448/998/6213 3465/999/6214 
f 3465/999/6214 2712/1000/6215 2714/1001/6216 
f 3463/994/6208 2637/995/6209 2636/1002/6217 
f 2636/1002/6217 3466/1003/6218 3463/994/6208 
f 3456/993/6207 3463/994/6208 3466/1003/6218 
f 3466/1003/6218 3467/1004/6219 3456/993/6207 
f 3468/1007/6220 3469/1006/6221 3470/1005/6222 
f 3470/1005/6222 2542/1008/6223 3468/1007/6220 
f 3446/1009/6224 2542/1008/6223 3470/1005/6222 
f 3470/1005/6222 2640/1010/6225 3446/1009/6224 
f 2640/1010/6225 3470/1005/6222 3469/1011/6226 
f 3471/1014/6227 3468/1013/6228 3472/1012/6229 
f 3472/1012/6229 3473/1015/6230 3471/1014/6227 
f 3474/1017/6231 3473/1015/6230 3472/1012/6229 
f 3475/1016/6232 3471/1014/6227 3473/1015/6230 
f 3473/1015/6230 3476/1018/6233 3475/1016/6232 
f 3476/1018/6233 3473/1015/6230 3474/1017/6231 
f 3474/1017/6231 3472/1021/6234 3476/1018/6233 
f 3468/1020/6235 3476/1018/6233 3472/1021/6234 
f 3476/1018/6233 3468/1020/6235 3477/1019/6236 
f 3477/1019/6236 3475/1016/6232 3476/1018/6233 
f 3478/773/6237 3469/770/6238 3468/774/6239 
f 3468/774/6239 3471/775/6240 3478/773/6237 
f 3479/776/6241 3478/773/6237 3471/775/6240 
f 3471/775/6240 3480/777/6242 3479/776/6241 
f 3481/1023/6243 3482/1022/6244 3483/932/6245 
f 3484/932/6246 3442/1042/6247 2628/1041/6248 
f 2628/1041/6248 2686/1043/6249 3484/932/6246 
f 3442/1044/6250 3484/932/6246 2686/1043/6249 
f 2686/1043/6249 2687/1045/6251 3442/1044/6250 
f 3442/1046/6252 3444/976/6253 3453/932/6254 
f 3453/932/6254 3441/1047/6255 3442/1046/6252 
f 3449/1048/6256 3441/1047/6255 3453/932/6254 
f 2626/932/6257 2627/1035/6258 2715/1050/6259 
f 2715/1050/6259 2623/1049/6260 2626/932/6257 
f 3441/1053/6261 3448/1052/6262 3485/1051/6263 
f 3485/1051/6263 2627/1054/6264 3441/1053/6261 
f 2715/1055/6265 2627/1054/6264 3485/1051/6263 
f 3485/1051/6263 2714/1056/6266 2715/1055/6265 
f 3448/1057/6267 2714/1056/6268 3485/1051/6269 
f 3486/1060/6270 3487/1059/6271 3488/1058/6272 
f 3488/1058/6272 3489/1061/6273 3486/1060/6270 
f 3490/1062/6274 3489/1061/6273 3488/1058/6272 
f 3488/1058/6272 3491/1063/6275 3490/1062/6274 
f 1091/1064/6276 3490/1062/6274 3491/1063/6275 
f 3491/1063/6275 1092/1065/6277 1091/1064/6276 
f 1093/1066/6278 1092/1065/6277 3491/1063/6275 
f 3439/1069/6279 1014/1068/6280 3492/1067/6281 
f 3492/1067/6281 3493/1070/6282 3439/1069/6279 
f 3443/1072/6283 3439/1069/6279 3493/1070/6282 
f 3493/1070/6282 3492/1067/6281 3494/1071/6284 
f 3494/1071/6284 3495/1073/6285 3493/1070/6282 
f 3443/1072/6283 3493/1070/6282 3495/1073/6285 
f 3495/1073/6285 3494/1071/6284 3496/1074/6286 
f 3496/1074/6286 3443/1072/6283 3495/1073/6285 
f 3444/1077/6287 3497/1076/6288 3455/1075/6289 
f 3497/1076/6290 3444/1077/6291 3443/1078/6292 
f 3443/1078/6292 3496/1079/6293 3497/1076/6290 
f 3455/1080/6294 3497/1076/6290 3496/1079/6293 
f 3496/1079/6293 3498/1081/6295 3455/1080/6294 
f 3499/932/6296 2634/1083/6297 3447/1082/6298 
f 3447/1082/6298 3449/1084/6299 3499/932/6296 
f 3500/1085/6300 3499/932/6296 3449/1084/6299 
f 2634/1086/6301 3499/932/6296 3500/1085/6300 
f 3500/1085/6300 3449/1084/6299 2647/1087/6302 
f 2647/1087/6302 2634/1086/6301 3500/1085/6300 
f 3501/1090/6303 2635/1089/6304 2637/1088/6305 
f 2637/1088/6305 3448/1091/6306 3501/1090/6303 
f 3447/1092/6307 3501/1090/6303 3448/1091/6306 
f 2635/1093/6308 3501/1090/6303 3447/1092/6307 
f 3447/1092/6307 2634/1094/6309 2635/1093/6308 
f 3455/1097/6310 3498/1096/6311 3489/1095/6312 
f 3489/1095/6312 3502/1098/6313 3455/1097/6310 
f 2648/1099/6314 3455/1097/6310 3502/1098/6313 
f 3502/1098/6313 2649/1100/6315 2648/1099/6314 
f 3496/1103/6316 1093/1102/6317 3491/1101/6318 
f 3491/1101/6318 3488/1104/6319 3496/1103/6316 
f 3503/1105/6320 3496/1103/6316 3488/1104/6319 
f 3498/1106/6321 3496/1103/6316 3503/1105/6320 
f 3503/1105/6320 3488/1104/6319 3487/1059/6322 
f 3489/1061/6323 3498/1106/6321 3503/1105/6320 
f 3503/1105/6320 3487/1059/6322 3486/1107/6324 
f 3486/1107/6324 3489/1061/6323 3503/1105/6320 
f 3504/1116/6325 3505/1115/6326 3506/1114/6327 
f 3506/1114/6327 3507/1117/6328 3504/1116/6325 
f 3508/932/6329 3504/1116/6325 3507/1117/6328 
f 2647/1118/6330 3504/1116/6325 3508/932/6329 
f 3508/932/6329 2634/1119/6331 2647/1118/6330 
f 2712/1122/6332 3457/1121/6333 3509/1120/6334 
f 3509/1120/6334 2910/1123/6335 2712/1122/6332 
f 2910/1123/6335 3509/1120/6334 2913/1124/6336 
f 2624/1125/6337 2712/1122/6332 2910/1123/6335 
f 2913/1126/6338 3509/1120/6339 3457/1121/6340 
f 2638/932/6341 2635/1128/6342 2631/1127/6343 
f 2631/1127/6343 2636/1129/6344 2638/932/6341 
f 2636/1129/6344 2631/1127/6343 2630/1130/6345 
f 3510/1136/6346 3467/1135/6347 3511/1134/6348 
f 3511/1134/6348 3512/1137/6349 3510/1136/6346 
f 3512/1137/6349 3511/1134/6348 3513/1090/6350 
f 2630/1138/6351 3510/1136/6346 3512/1137/6349 
f 3512/1137/6349 3514/1139/6352 2630/1138/6351 
f 3514/1139/6352 3512/1137/6349 3513/1090/6350 
f 3513/1090/6350 3511/1142/6353 3514/1139/6352 
f 3466/1141/6354 3514/1139/6352 3511/1142/6353 
f 3511/1142/6353 3467/1143/6355 3466/1141/6354 
f 3514/1139/6352 3466/1141/6354 2636/1140/6356 
f 2636/1140/6356 2630/1138/6351 3514/1139/6352 
f 2646/932/6357 2649/1144/6358 3505/1147/6359 
f 3505/1147/6359 3515/1148/6360 2646/932/6357 
f 3515/1148/6360 3505/1147/6359 3504/1149/6361 
f 2647/1146/6362 2646/932/6363 3515/1150/6364 
f 3515/1150/6364 3504/1151/6365 2647/1146/6362 
f 3508/932/6366 3507/1152/6367 2634/1119/6368 
f 3516/1155/6369 3517/1154/6370 2632/1153/6371 
f 2632/1153/6371 2631/1156/6372 3516/1155/6369 
f 2634/1157/6373 3516/1155/6369 2631/1156/6372 
f 3516/1155/6369 2634/1157/6373 3507/1158/6374 
f 3507/1158/6374 3506/1159/6375 3516/1155/6369 
f 3517/1161/6376 3516/1155/6377 3506/1160/6378 
f 2632/1170/6379 3517/1169/6380 3518/932/6381 
f 3518/932/6381 3519/1171/6382 2632/1170/6379 
f 2544/1172/6383 2632/1170/6384 3519/1171/6385 
f 3519/1171/6385 2545/1173/6386 2544/1172/6383 
f 3518/932/6387 3517/1169/6388 3520/1174/6389 
f 3520/1174/6389 3519/1175/6390 3518/932/6387 
f 2545/1176/6391 3519/1175/6390 3520/1174/6389 
f 3521/1179/6392 3522/1178/6393 3523/1177/6394 
f 3523/1177/6394 2545/1180/6395 3521/1179/6392 
f 3477/1181/6396 2545/1180/6395 3523/1177/6394 
f 3521/1179/6392 2545/1180/6395 3520/1182/6397 
f 3520/1182/6397 3517/1183/6398 3521/1179/6392 
f 3524/1184/6399 3521/1179/6392 3517/1183/6398 
f 3475/1186/6400 3477/1185/6401 3523/1177/6402 
f 3523/1177/6402 3522/1178/6403 3475/1186/6400 
f 2649/1100/6404 3502/1098/6405 3489/1187/6406 
f 3489/1190/6407 3525/1189/6408 3526/1188/6409 
f 3526/1188/6409 2649/1191/6410 3489/1190/6407 
f 2649/1191/6410 3526/1188/6409 3527/1192/6411 
f 3527/1192/6411 3505/1193/6412 2649/1191/6410 
f 3506/1194/6413 3505/1193/6412 3527/1192/6411 
f 3527/1192/6411 3526/1195/6414 3506/1194/6413 
f 3526/1197/6415 3524/1196/6416 3528/1098/6417 
f 3528/1098/6417 3506/1198/6418 3526/1197/6415 
f 3517/1199/6419 3506/1198/6418 3528/1098/6417 
f 3528/1098/6417 3524/1200/6420 3517/1199/6419 
f 3482/1203/6421 2448/1202/6422 3467/1201/6423 
f 3467/1201/6423 3510/1204/6424 3482/1203/6421 
f 3529/1205/6425 3482/1203/6421 3510/1204/6424 
f 3483/932/6426 3482/1203/6421 3529/1205/6425 
f 2630/1206/6427 3529/1205/6425 3510/1204/6424 
f 3481/1023/6428 3483/932/6426 3529/1205/6425 
f 3529/1205/6425 2630/1206/6427 2544/1207/6429 
f 2544/1207/6429 3481/1023/6428 3529/1205/6425 
f 3481/1023/6428 2544/1207/6429 3446/1208/6430 
f 3446/1208/6430 2448/1209/6431 3481/1023/6428 
f 3482/1022/6432 3481/1023/6428 2448/1209/6431 
f 3530/1212/6433 2449/1211/6434 3531/1210/6435 
f 3531/1210/6435 3532/1213/6436 3530/1212/6433 
f 3467/1214/6437 3532/1213/6436 3531/1210/6435 
f 3533/932/6438 3530/1212/6433 3532/1213/6436 
f 2448/1215/6439 3532/1213/6436 3467/1214/6437 
f 3534/1216/6440 3533/932/6438 3532/1213/6436 
f 3532/1213/6436 2448/1215/6439 3534/1216/6440 
f 3530/1217/6441 3533/932/6438 3534/1216/6440 
f 3534/1216/6440 2448/1215/6439 3530/1217/6441 
f 2449/1218/6442 3530/1217/6441 2448/1215/6439 
f 2640/1221/6443 2639/1220/6444 3535/1219/6445 
f 3535/1219/6445 3536/1090/6446 2640/1221/6443 
f 3446/1222/6447 2640/1221/6443 3536/1090/6446 
f 3536/1090/6446 3537/1223/6448 3446/1222/6447 
f 3535/1224/6449 3537/1223/6448 3536/1090/6446 
f 2448/1225/6450 3446/1222/6447 3537/1223/6448 
f 3537/1223/6448 3535/1224/6449 2444/1226/6451 
f 2444/1226/6451 2448/1225/6450 3537/1223/6448 
f 2444/1226/6451 3535/1224/6449 2639/1227/6452 
f 2639/1229/6453 2643/1228/6454 3538/932/6455 
f 3539/1241/6456 3451/1240/6457 2925/1239/6458 
f 2925/1239/6458 3540/1242/6459 3539/1241/6456 
f 3541/1243/6460 3539/1241/6456 3540/1242/6459 
f 3540/1242/6459 2925/1239/6458 2643/1244/6461 
f 3542/1245/6462 3541/1243/6460 3540/1242/6459 
f 3540/1242/6459 2643/1244/6461 3542/1245/6462 
f 3539/1246/6463 3541/1243/6460 3542/1245/6462 
f 3542/1245/6462 3451/1247/6464 3539/1246/6463 
f 2644/1248/6465 3451/1247/6464 3542/1245/6462 
f 3542/1245/6462 2643/1244/6461 2644/1248/6465 
f 3468/1266/6466 2542/1265/6467 3543/1264/6468 
f 3543/1264/6469 2542/1268/6470 2545/1267/6471 
f 2545/1267/6471 3477/1269/6472 3543/1264/6469 
f 3468/1266/6473 3543/1264/6469 3477/1269/6472 
f 2640/1252/6474 3469/1250/6475 2641/1251/6476 
f 3544/932/6477 3545/1271/6478 3546/1270/6479 
f 3546/1270/6479 3524/1272/6480 3544/932/6477 
f 3547/1273/6481 3544/932/6477 3524/1272/6480 
f 3545/1274/6482 3544/932/6483 3547/1273/6484 
f 3545/1277/6485 3548/1276/6486 3546/1275/6487 
f 3549/1280/6488 1173/1279/6489 3545/1277/6490 
f 3545/1277/6490 3547/1281/6491 3549/1280/6488 
f 3545/1277/6490 1173/1279/6489 1172/1278/6492 
f 3549/1280/6488 3547/1281/6491 1175/1282/6493 
f 1175/1282/6493 1176/1283/6494 3549/1280/6488 
f 1177/1284/6495 3549/1280/6488 1176/1283/6494 
f 3549/1280/6488 1177/1284/6495 3550/1285/6496 
f 3550/1285/6496 1173/1279/6489 3549/1280/6488 
f 1179/1286/6497 1173/1279/6489 3550/1285/6496 
f 3550/1285/6496 1180/1059/6498 1179/1286/6497 
f 1177/1284/6495 1180/1059/6498 3550/1285/6496 
f 3551/932/6499 3521/1288/6500 3524/1287/6501 
f 3524/1287/6501 3546/1289/6502 3551/932/6499 
f 3548/1290/6503 3551/932/6499 3546/1289/6502 
f 3521/1288/6504 3551/932/6505 3522/1291/6506 
f 3522/1292/6507 3551/932/6508 3548/1290/6509 
f 3489/1295/6510 3490/1294/6511 1182/1293/6512 
f 1182/1293/6512 3525/1296/6513 3489/1295/6510 
f 3525/1296/6513 1182/1293/6512 1183/1297/6514 
f 1183/1297/6514 1175/1298/6515 3525/1296/6513 
f 3526/1299/6516 3525/1296/6513 1175/1298/6515 
f 1175/1298/6515 3547/1300/6517 3526/1299/6516 
f 3524/1301/6518 3526/1299/6516 3547/1300/6517 
f 3490/1304/6519 1091/1303/6520 1184/1302/6521 
f 1184/1302/6521 3552/1305/6522 3490/1304/6519 
f 1182/1307/6523 3490/1304/6519 3552/1305/6522 
f 1186/1306/6524 3552/1305/6522 1184/1302/6521 
f 1187/1308/6525 1182/1307/6523 3552/1305/6522 
f 3552/1305/6522 3553/1309/6526 1187/1308/6525 
f 3553/1309/6526 3552/1305/6522 1186/1306/6524 
f 1186/1306/6524 1189/1310/6527 3553/1309/6526 
f 1187/1308/6525 3553/1309/6526 1189/1310/6527 
f 3554/1313/6528 3402/1312/6529 3480/1311/6530 
f 3480/1311/6530 3403/1314/6531 3554/1313/6528 
f 3401/1315/6532 3554/1313/6528 3403/1314/6531 
f 3402/1316/6533 3554/1313/6528 3401/1315/6532 
f 3403/1319/6534 3480/1318/6535 3555/1317/6536 
f 3555/1317/6536 3556/1320/6537 3403/1319/6534 
f 3557/1321/6538 3403/1319/6534 3556/1320/6537 
f 3556/1320/6537 3558/1322/6539 3557/1321/6538 
f 3403/1319/6534 3557/1321/6538 3559/1323/6540 
f 3559/1323/6540 821/1324/6541 3403/1319/6534 
f 3545/1325/6542 821/1324/6541 3559/1323/6540 
f 3559/1323/6540 3548/1326/6543 3545/1325/6542 
f 3548/1326/6543 3559/1323/6540 3560/1327/6544 
f 3560/1327/6544 3522/1328/6545 3548/1326/6543 
f 3475/1329/6546 3522/1328/6545 3560/1327/6544 
f 3560/1327/6544 3561/1330/6547 3475/1329/6546 
f 3561/1330/6547 3560/1327/6544 3559/1323/6540 
f 3559/1323/6540 3562/1331/6548 3561/1330/6547 
f 3562/1331/6548 3559/1323/6540 3557/1321/6538 
f 3557/1321/6538 3558/1322/6539 3562/1331/6548 
f 3563/1332/6549 3562/1331/6548 3558/1322/6539 
f 3558/1322/6539 3556/1333/6550 3563/1332/6549 
f 3555/1334/6551 3563/1332/6549 3556/1333/6550 
f 3563/1332/6549 3555/1334/6551 3564/1335/6552 
f 3564/1335/6552 3562/1331/6548 3563/1332/6549 
f 3561/1330/6547 3562/1331/6548 3564/1335/6552 
f 3564/1335/6552 3475/1329/6546 3561/1330/6547 
f 3471/1336/6553 3475/1329/6546 3564/1335/6552 
f 3564/1335/6552 3480/1337/6554 3471/1336/6553 
f 3480/1337/6554 3564/1335/6552 3555/1334/6551 
f 3398/1340/6555 814/1339/6556 3565/1338/6557 
f 3565/1338/6557 3399/1341/6558 3398/1340/6555 
f 3566/1342/6559 3399/1341/6558 3565/1338/6557 
f 3565/1338/6557 3567/1343/6560 3566/1342/6559 
f 3568/1344/6561 3567/1343/6560 3565/1338/6557 
f 3565/1338/6557 3569/1345/6562 3568/1344/6561 
f 3570/1346/6563 3568/1344/6561 3569/1345/6562 
f 3567/1343/6560 3568/1344/6561 3571/508/6564 
f 3571/508/6564 3572/1347/6565 3567/1343/6560 
f 3566/1342/6559 3567/1343/6560 3572/1347/6565 
f 3572/1347/6565 3571/508/6564 3568/1348/6566 
f 3568/1348/6566 3566/1342/6559 3572/1347/6565 
f 3570/1349/6567 3566/1342/6559 3568/1348/6566 
f 3573/1351/6568 3570/1349/6569 3574/1350/6570 
f 3574/1350/6570 3575/1352/6571 3573/1351/6568 
f 3576/508/6572 3573/1351/6568 3575/1352/6571 
f 3575/1352/6571 3574/1350/6570 3577/1353/6573 
f 3577/1353/6573 3576/508/6572 3575/1352/6571 
f 3577/1353/6573 3574/1350/6570 3578/1354/6574 
f 3578/1354/6574 3579/1355/6575 3577/1353/6573 
f 3576/508/6572 3577/1353/6573 3579/1355/6575 
f 3579/1355/6575 3573/1356/6576 3576/508/6572 
f 3566/1357/6577 3573/1356/6576 3579/1355/6575 
f 3579/1355/6575 3578/1354/6574 3566/1357/6577 
f 3570/1346/6578 3573/1356/6576 3566/1357/6577 
f 3402/1360/6579 3399/1359/6580 3566/1358/6581 
f 3566/1358/6581 3580/1361/6582 3402/1360/6579 
f 3480/1362/6583 3402/1360/6579 3580/1361/6582 
f 3580/1361/6582 3581/508/6584 3480/1362/6583 
f 3582/1363/6585 3480/1362/6583 3581/508/6584 
f 3479/1364/6586 3480/1362/6583 3582/1363/6585 
f 3582/1363/6585 3581/508/6584 3580/1365/6587 
f 3580/1365/6587 3578/1366/6588 3582/1363/6585 
f 3578/1366/6588 3580/1365/6587 3566/1367/6589 
f 3351/1370/6590 3583/1369/6591 3396/1368/6592 
f 3569/1371/6593 3396/1368/6594 3583/1369/6595 
f 3583/1369/6595 3584/1372/6596 3569/1371/6593 
f 3585/508/6597 3584/1372/6596 3583/1369/6595 
f 3586/1373/6598 3569/1371/6593 3584/1372/6596 
f 3584/1372/6596 3585/508/6597 3586/1373/6598 
f 3570/1374/6599 3569/1371/6593 3586/1373/6598 
f 3586/1373/6598 3351/1375/6600 3570/1374/6599 
f 3583/1376/6601 3351/1375/6600 3586/1373/6598 
f 3586/1373/6598 3585/508/6597 3583/1376/6601 
f 3392/577/6602 3396/1378/6603 1220/1377/6604 
f 1220/1377/6604 1221/1379/6605 3392/577/6602 
f 799/1380/6606 3392/577/6602 1221/1379/6605 
f 3587/1381/6607 3342/1382/6608 3588/1386/6609 
f 3588/1386/6609 3589/1387/6610 3587/1381/6607 
f 3590/1388/6611 3587/1381/6607 3589/1387/6610 
f 3355/1383/6612 3587/1381/6607 3590/1388/6611 
f 3590/1388/6611 3367/1384/6613 3355/1383/6612 
f 2461/1389/6614 3367/1384/6613 3590/1388/6611 
f 3590/1388/6611 3591/1390/6615 2461/1389/6614 
f 3591/1390/6615 3590/1388/6611 3589/1387/6610 
f 3589/1387/6610 3588/1391/6616 3591/1390/6615 
f 3342/1392/6617 3591/1390/6615 3588/1391/6616 
f 2461/1389/6614 3591/1390/6615 3342/1392/6617 
f 761/1385/6618 3367/1384/6619 3372/1393/6620 
f 3342/1382/6621 3587/1381/6622 3355/1383/6623 
f 761/1385/6624 3355/1383/6625 3367/1384/6626 
f 2616/1396/6627 3592/1395/6628 3593/1394/6629 
f 3594/1399/6630 3593/1398/6631 3592/1397/6632 
f 3592/1397/6632 3595/1400/6633 3594/1399/6630 
f 3595/1400/6633 3592/1397/6632 3596/589/6634 
f 3596/589/6634 3597/1401/6635 3595/1400/6633 
f 3594/1399/6630 3595/1400/6633 3597/1401/6635 
f 3597/1401/6635 3299/1402/6636 3594/1399/6630 
f 2616/1396/6637 3299/1402/6636 3597/1401/6635 
f 3597/1401/6635 3592/1395/6638 2616/1396/6637 
f 3596/589/6634 3592/1395/6638 3597/1401/6635 
f 3598/1404/6639 3599/1403/6640 2871/1405/6641 
f 2871/1405/6641 3600/3445/6642 3598/1404/6639 
f 3600/3445/6642 2871/1405/6641 2616/1415/6643 
f 3598/1404/6639 3600/3445/6642 3601/3446/6644 
f 3601/3446/6644 3602/3447/6645 3598/1404/6639 
f 3603/589/6646 3602/3447/6645 3601/3446/6644 
f 3601/3446/6644 3604/3448/6647 3603/589/6646 
f 3600/3445/6642 3604/3448/6647 3601/3446/6644 
f 3602/3449/6648 3603/589/6646 3604/3448/6647 
f 3604/3448/6647 3598/3450/6649 3602/3449/6648 
f 3605/3451/6650 3598/3450/6649 3604/3448/6647 
f 3604/3448/6647 3600/3445/6642 3605/3451/6650 
f 2616/1415/6643 3605/3451/6650 3600/3445/6642 
f 3605/3451/6650 2616/1415/6643 3593/3452/6651 
f 3593/3452/6651 3599/3453/6652 3605/3451/6650 
f 3598/3450/6649 3605/3451/6650 3599/3453/6652 
f 3352/1407/6653 751/596/6654 3594/1406/6655 
f 3594/1406/6655 3606/590/6656 3352/1407/6653 
f 3302/1408/6657 3352/1407/6653 3606/590/6656 
f 3607/589/6658 3606/590/6656 3594/1406/6655 
f 3608/592/6659 3302/1408/6657 3606/590/6656 
f 3606/590/6656 3607/589/6658 3608/592/6659 
f 3299/1410/6660 3302/1408/6657 3608/592/6659 
f 3608/592/6659 3594/1409/6661 3299/1410/6660 
f 3607/589/6658 3594/1409/6661 3608/592/6659 
f 3609/1413/6662 3610/1412/6663 2870/1411/6664 
f 2870/1411/6664 3611/1414/6665 3609/1413/6662 
f 3612/589/6666 3609/1413/6662 3611/1414/6665 
f 3611/1414/6665 2870/1411/6664 2871/1415/6667 
f 2871/1415/6667 3613/1416/6668 3611/1414/6665 
f 3612/589/6666 3611/1414/6665 3613/1416/6668 
f 3613/1416/6668 3609/1417/6669 3612/589/6666 
f 3610/1418/6670 3609/1417/6669 3613/1416/6668 
f 3613/1416/6668 3599/1419/6671 3610/1418/6670 
f 2871/1415/6667 3599/1419/6671 3613/1416/6668 
f 3614/1422/6672 3610/1421/6673 1243/1420/6674 
f 1243/1420/6674 1245/1423/6675 3614/1422/6672 
f 1246/1424/6676 3614/1422/6672 1245/1423/6675 
f 3615/1425/6677 3614/1422/6672 1246/1424/6676 
f 3616/1428/6678 3617/1427/6679 1248/1426/6680 
f 1248/1426/6680 1251/1429/6681 3616/1428/6678 
f 1252/1430/6682 3616/1428/6678 1251/1429/6681 
f 3618/1433/6683 3616/1432/6684 1252/1431/6685 
f 1252/1431/6685 1254/1434/6686 3618/1433/6683 
f 1255/1435/6687 3618/1433/6683 1254/1434/6686 
f 3617/1438/6688 3615/1437/6689 1246/1436/6690 
f 1246/1436/6690 1256/1439/6691 3617/1438/6688 
f 1248/1440/6692 3617/1438/6688 1256/1439/6691 
f 2873/1455/6693 2875/1454/6694 1264/1453/6695 
f 1264/1453/6695 3619/1456/6696 2873/1455/6693 
f 1266/1457/6697 2873/1455/6693 3619/1456/6696 
f 3619/1456/6696 3620/1458/6698 1266/1457/6697 
f 3621/1459/6699 3620/1458/6698 3619/1456/6696 
f 3619/1456/6696 3622/1460/6700 3621/1459/6699 
f 3622/1460/6700 3619/1456/6696 1264/1453/6695 
f 1264/1453/6695 1266/1461/6701 3622/1460/6700 
f 3620/1462/6702 3622/1460/6700 1266/1461/6701 
f 3621/1459/6699 3622/1460/6700 3620/1462/6702 
f 2832/1465/6703 2873/1464/6704 1266/1463/6705 
f 1266/1463/6705 3623/1466/6706 2832/1465/6703 
f 3623/1466/6706 1266/1463/6705 1272/1467/6707 
f 1273/1468/6708 2832/1465/6703 3623/1466/6706 
f 3623/1466/6706 1272/1467/6707 1274/1469/6709 
f 1274/1469/6709 1273/1468/6708 3623/1466/6706 
f 3614/1472/6710 2869/1471/6711 3624/1470/6712 
f 3624/1470/6712 3625/3454/6713 3614/1472/6710 
f 3626/589/6714 3625/3454/6713 3624/1470/6712 
f 3610/3455/6715 3614/1472/6710 3625/3454/6713 
f 3625/3454/6713 2870/3456/6716 3610/3455/6715 
f 3627/3457/6717 2870/3456/6716 3625/3454/6713 
f 3625/3454/6713 3626/589/6714 3627/3457/6717 
f 3624/3458/6718 3627/3457/6717 3626/589/6714 
f 3627/3457/6717 3624/3458/6718 2869/3459/6719 
f 2869/3459/6719 2870/3456/6716 3627/3457/6717 
f 3615/1475/6720 3309/1474/6721 3628/1473/6722 
f 3628/1473/6722 3614/1476/6723 3615/1475/6720 
f 3614/1476/6723 3628/1473/6722 3629/589/6724 
f 3629/589/6724 2869/1477/6725 3614/1476/6723 
f 2869/1477/6725 3629/589/6724 3628/1478/6726 
f 3628/1478/6726 3309/1479/6727 2869/1477/6725 
f 3617/1482/6728 3311/1481/6729 3630/1480/6730 
f 3630/1480/6730 3615/1483/6731 3617/1482/6728 
f 3615/1483/6731 3630/1480/6730 3631/1484/6732 
f 3631/1484/6732 3309/1485/6733 3615/1483/6731 
f 3632/1486/6734 3631/1484/6732 3630/1480/6730 
f 3630/1480/6730 3633/1487/6735 3632/1486/6734 
f 3634/1488/6736 3632/1486/6734 3633/1487/6735 
f 3632/1486/6734 3634/1488/6736 3631/1484/6732 
f 3634/1488/6736 3633/1487/6735 3630/1489/6737 
f 3630/1489/6737 3635/1490/6738 3634/1488/6736 
f 3631/1484/6732 3634/1488/6736 3635/1490/6738 
f 3635/1490/6738 3309/1485/6733 3631/1484/6732 
f 3309/1485/6733 3635/1490/6738 3630/1489/6737 
f 3630/1489/6737 3311/1491/6739 3309/1485/6733 
f 3616/1494/6740 2874/1493/6741 3636/1492/6742 
f 3636/1492/6742 3617/1495/6743 3616/1494/6740 
f 3637/1496/6744 3617/1495/6743 3636/1492/6742 
f 3636/1492/6742 3638/1497/6745 3637/1496/6744 
f 3638/1497/6745 3636/1492/6742 3639/1498/6746 
f 3639/1498/6746 3640/1499/6747 3638/1497/6745 
f 3641/1500/6748 3638/1497/6745 3640/1499/6747 
f 3637/1496/6744 3638/1497/6745 3641/1500/6748 
f 3641/1500/6748 3640/1499/6747 3639/1501/6749 
f 3639/1501/6749 3636/1502/6750 3641/1500/6748 
f 3642/1503/6751 3641/1500/6748 3636/1502/6750 
f 3637/1496/6744 3641/1500/6748 3642/1503/6751 
f 3642/1503/6751 3617/1495/6743 3637/1496/6744 
f 3311/1504/6752 3617/1495/6743 3642/1503/6751 
f 3642/1503/6751 2874/1505/6753 3311/1504/6752 
f 2874/1505/6753 3642/1503/6751 3636/1502/6750 
f 3618/1508/6754 2554/1507/6755 3643/1506/6756 
f 3643/1506/6756 3616/1509/6757 3618/1508/6754 
f 3644/1510/6758 3616/1509/6757 3643/1506/6756 
f 3643/1506/6756 3645/589/6759 3644/1510/6758 
f 2874/1511/6760 3616/1509/6757 3644/1510/6758 
f 3644/1510/6758 3645/589/6759 3646/1512/6761 
f 3646/1512/6761 2874/1511/6760 3644/1510/6758 
f 2554/1513/6762 2874/1511/6760 3646/1512/6761 
f 3646/1512/6761 3643/1514/6763 2554/1513/6762 
f 3645/589/6764 3643/1514/6765 3646/1512/6766 
f 1255/1517/6767 2551/1516/6768 3647/1515/6769 
f 3647/1515/6769 3648/1518/6770 1255/1517/6767 
f 3649/508/6771 3648/1518/6770 3647/1515/6769 
f 3618/1519/6772 1255/1517/6767 3648/1518/6770 
f 3648/1518/6770 2554/1520/6773 3618/1519/6772 
f 3650/1521/6774 2554/1520/6773 3648/1518/6770 
f 3648/1518/6770 3649/508/6771 3650/1521/6774 
f 3647/1522/6775 3650/1521/6774 3649/508/6771 
f 3650/1521/6774 3647/1522/6775 2551/1523/6776 
f 2551/1523/6776 2554/1520/6773 3650/1521/6774 
f 1302/1526/6777 2875/1525/6778 3651/1524/6779 
f 3651/1524/6779 3652/1527/6780 1302/1526/6777 
f 3653/1529/6781 3652/1527/6780 3651/1524/6779 
f 2546/1528/6782 1302/1526/6777 3652/1527/6780 
f 3652/1527/6780 2553/1530/6783 2546/1528/6782 
f 3654/1531/6784 2553/1530/6783 3652/1527/6780 
f 3652/1527/6780 3653/1529/6781 3654/1531/6784 
f 3651/1532/6785 3654/1531/6784 3653/1529/6781 
f 3654/1531/6784 3651/1532/6785 2875/1533/6786 
f 2875/1533/6786 2553/1530/6783 3654/1531/6784 
f 2546/1536/6787 1255/1535/6788 1306/1534/6789 
f 1306/1534/6789 1302/1537/6790 2546/1536/6787 
f 3578/1555/6791 3655/1554/6792 3656/508/6793 
f 3656/508/6793 3582/1556/6794 3578/1555/6791 
f 3479/1557/6795 3582/1556/6794 3656/508/6793 
f 3656/508/6793 3655/1558/6796 3479/1557/6795 
f 2664/1650/6797 1364/1651/6798 1360/1646/6799 
f 1360/1646/6799 3657/1647/6800 2664/1650/6797 
f 2452/1649/6801 2664/1650/6797 3657/1647/6800 
f 3658/1643/6802 3657/1647/6800 1360/1646/6799 
f 1360/1646/6799 3659/1645/6803 3658/1643/6802 
f 2453/1644/6804 3658/1643/6802 3659/1645/6803 
f 3657/1647/6800 3658/1643/6802 2453/1648/6805 
f 2453/1648/6805 2452/1649/6801 3657/1647/6800 
f 2665/1653/6806 2452/1649/6807 2451/1652/6808 
f 2451/1652/6808 2454/1654/6809 2665/1653/6806 
f 2655/1655/6810 2665/1653/6806 2454/1654/6809 
f 2454/1654/6809 2443/1656/6811 2655/1655/6810 
f 3660/1657/6812 2655/1655/6810 2443/1656/6811 
f 2656/1658/6813 2655/1655/6810 3660/1657/6812 
f 3660/1657/6812 2443/1659/6814 2656/1658/6813 
f 2651/1660/6815 2656/1658/6813 2443/1659/6814 
f 3661/1823/6816 3285/1827/6817 3284/1746/6818 
f 3284/1746/6818 3662/1821/6819 3661/1823/6816 
f 3285/1822/6820 3661/1823/6816 3662/1821/6819 
f 3662/1821/6819 1464/1710/6821 3285/1822/6820 
f 3659/1793/6822 1464/1710/6821 3662/1821/6819 
f 3662/1821/6819 3284/1746/6818 3659/1793/6822 
f 1360/927/6823 1464/1710/6821 3659/1793/6822 
f 2453/951/6824 3659/1793/6822 3284/1746/6818 
f 3284/1746/6818 3663/938/6825 2453/951/6824 
f 2454/1824/6826 2453/951/6824 3663/938/6825 
f 3663/938/6825 3287/1698/6827 2454/1824/6826 
f 3664/1825/6828 2454/1824/6826 3287/1698/6827 
f 2443/1797/6829 2454/1824/6826 3664/1825/6828 
f 2441/1826/6830 3664/1825/6828 3287/1698/6827 
f 3665/1685/6831 2443/1797/6829 3664/1825/6828 
f 3664/1825/6828 2441/1826/6830 3665/1685/6831 
f 3291/1672/6832 1390/1651/6833 1382/1670/6834 
f 1382/1670/6834 3666/1667/6835 3291/1672/6832 
f 3281/1649/6836 3291/1672/6832 3666/1667/6835 
f 3666/1667/6835 1382/1670/6834 1381/1668/6837 
f 1381/1668/6837 3667/1666/6838 3666/1667/6835 
f 3668/1643/6839 3666/1667/6835 3667/1666/6838 
f 3667/1666/6838 3669/1665/6840 3668/1643/6839 
f 3666/1667/6835 3668/1643/6839 3669/1669/6841 
f 3669/1669/6841 3280/1671/6842 3666/1667/6835 
f 3281/1649/6836 3666/1667/6835 3280/1671/6842 
f 3280/1671/6842 3279/1673/6843 3281/1649/6836 
f 3282/1674/6844 3281/1649/6836 3279/1673/6843 
f 3279/1673/6843 2709/1675/6845 3282/1674/6844 
f 3670/1676/6846 3282/1674/6844 2709/1675/6845 
f 2440/1677/6847 3282/1674/6844 3670/1676/6846 
f 3670/1676/6846 3671/1657/6848 2440/1677/6847 
f 2439/1659/6849 2440/1677/6847 3671/1657/6848 
f 1323/1587/6850 970/1586/6851 2921/1585/6852 
f 2921/1585/6852 3672/1588/6853 1323/1587/6850 
f 1325/1590/6854 1323/1587/6850 3672/1588/6853 
f 952/1589/6855 3672/1588/6853 2921/1585/6852 
f 1326/1591/6856 1325/1590/6854 3672/1588/6853 
f 3672/1588/6853 952/1589/6855 1326/1591/6856 
f 2922/1594/6857 950/1593/6858 1327/1592/6859 
f 1327/1592/6859 952/1595/6860 2922/1594/6857 
f 2942/1598/6861 937/1597/6862 1328/1596/6863 
f 1328/1596/6863 940/1599/6864 2942/1598/6861 
f 1329/1602/6865 948/1601/6866 2929/1600/6867 
f 2929/1600/6867 3673/1603/6868 1329/1602/6865 
f 1331/1605/6869 1329/1602/6865 3673/1603/6868 
f 3673/1603/6868 2929/1600/6867 2930/1604/6870 
f 2930/1604/6870 3674/1606/6871 3673/1603/6868 
f 1331/1605/6869 3673/1603/6868 3674/1606/6871 
f 3674/1606/6871 1333/1607/6872 1331/1605/6869 
f 3675/1608/6873 1333/1607/6872 3674/1606/6871 
f 3674/1606/6871 2930/1604/6870 3675/1608/6873 
f 944/1609/6874 3675/1608/6873 2930/1604/6870 
f 3675/1608/6873 944/1609/6874 1335/1610/6875 
f 1335/1610/6875 1333/1607/6872 3675/1608/6873 
f 1381/1668/6876 3669/1665/6877 3667/1666/6878 
f 3676/1795/6879 3677/931/6880 3678/925/6881 
f 3678/925/6881 3679/1794/6882 3676/1795/6879 
f 1469/928/6883 3676/1795/6879 3679/1794/6882 
f 3679/1794/6882 1381/927/6884 1469/928/6883 
f 3669/1793/6885 1381/927/6884 3679/1794/6882 
f 3679/1794/6882 3678/925/6881 3669/1793/6885 
f 3280/951/6886 3669/1793/6885 3678/925/6881 
f 3678/925/6881 3677/1748/6887 3280/951/6886 
f 3680/938/6888 3280/951/6886 3677/1748/6887 
f 2709/1755/6889 3280/951/6886 3680/938/6888 
f 3680/938/6888 3681/1792/6890 2709/1755/6889 
f 2710/1754/6891 2709/1755/6889 3681/1792/6890 
f 3670/956/6892 2709/1755/6893 2708/1685/6894 
f 2708/1685/6894 2439/1694/6895 3670/956/6892 
f 2439/1694/6895 2708/1685/6894 2711/1796/6896 
f 3682/1678/6897 2679/1679/6898 2676/1640/6899 
f 1468/1791/6900 2679/1679/6901 3676/1680/6902 
f 3676/1680/6902 1469/1783/6903 1468/1791/6900 
f 2676/1785/6904 3677/1786/6905 3676/1680/6906 
f 3676/1680/6906 3682/1784/6907 2676/1785/6904 
f 3683/1639/6908 3682/1784/6907 3676/1680/6906 
f 3677/1786/6905 2676/1785/6904 3262/1772/6909 
f 3262/1772/6909 3681/1787/6910 3677/1786/6905 
f 3681/1787/6910 3262/1772/6909 2671/1788/6911 
f 2671/1788/6911 2668/1756/6912 3681/1787/6910 
f 3684/1749/6913 3681/1787/6910 2668/1756/6912 
f 2710/1789/6914 3681/1787/6910 3684/1749/6913 
f 3684/1749/6913 2667/1780/6915 2710/1789/6914 
f 2711/1790/6916 2710/1789/6914 2667/1780/6915 
f 2705/1801/6917 2675/1802/6918 2681/1800/6919 
f 2681/1800/6919 3685/925/6920 2705/1801/6917 
f 3686/1681/6921 3685/925/6920 2681/1800/6919 
f 2681/1800/6919 1474/1799/6922 3686/1681/6921 
f 1473/1795/6923 3686/1681/6921 1474/1799/6922 
f 2705/1682/6924 3686/1681/6921 1473/1795/6923 
f 2441/1798/6925 2443/1797/6926 3665/1685/6927 
f 3291/1641/6928 3281/1640/6929 3286/1639/6930 
f 3286/1639/6930 3285/1642/6931 3291/1641/6928 
f 1373/1662/6932 3274/1661/6933 3273/1643/6934 
f 3329/1664/6935 2659/1663/6936 3328/925/6937 
f 2679/1679/6938 3682/1678/6939 3683/1639/6940 
f 3683/1639/6940 3676/1680/6941 2679/1679/6938 
f 2705/1682/6942 3685/925/6943 3686/1681/6944 
f 2666/1713/6945 2668/1712/6946 2670/1711/6947 
f 2670/1711/6947 2667/1714/6948 2666/1713/6945 
f 3663/938/6949 3284/1746/6950 3287/1745/6951 
f 3680/938/6952 3677/1748/6953 3681/1747/6954 
f 2652/1697/6955 2651/958/6956 3326/1685/6957 
f 2656/1751/6958 2651/1750/6959 2650/1749/6960 
f 2650/1749/6960 2653/1752/6961 2656/1751/6958 
f 3670/1676/6962 2439/1743/6963 3671/1657/6964 
f 2668/1756/6965 2667/1750/6966 3684/1749/6967 
f 3687/3460/6968 3688/3461/6969 3689/3462/6970 
f 3689/3462/6970 3690/3463/6971 3687/3460/6968 
f 3691/3464/6972 3690/3463/6971 3689/3462/6970 
f 3689/3462/6970 3688/3465/6973 3691/3464/6972 
f 3692/3462/6974 3693/3461/6975 3694/3460/6976 
f 3694/3460/6976 3695/3463/6977 3692/3462/6974 
f 3696/3464/6978 3692/3462/6974 3695/3463/6977 
f 3693/3465/6979 3692/3462/6974 3696/3464/6978 
f 3697/3466/6980 3698/3467/6981 3699/3468/6982 
f 3699/3468/6982 3700/3469/6983 3697/3466/6980 
f 3701/3470/6984 3697/3466/6980 3700/3469/6983 
f 3698/3471/6985 3697/3466/6980 3701/3470/6984 
f 3702/3468/6986 3703/3467/6987 3704/3466/6988 
f 3704/3466/6988 3705/3469/6989 3702/3468/6986 
f 3706/3470/6990 3705/3469/6989 3704/3466/6988 
f 3704/3466/6988 3703/3471/6991 3706/3470/6990 
f 3707/3472/6992 3708/3473/6993 3709/3474/6994 
f 3709/3474/6994 3710/3475/6995 3707/3472/6992 
f 3711/3476/6996 3707/3472/6992 3710/3475/6995 
f 3708/3477/6997 3707/3472/6992 3711/3476/6996 
f 3712/3474/6998 3713/3473/6999 3714/3472/7000 
f 3714/3472/7000 3715/3475/7001 3712/3474/6998 
f 3716/3476/7002 3715/3475/7001 3714/3472/7000 
f 3714/3472/7000 3713/3477/7003 3716/3476/7002 
f 3717/3478/7004 3718/3479/7005 3719/3480/7006 
f 3719/3480/7006 3720/3481/7007 3717/3478/7004 
f 3721/3482/7008 3717/3478/7004 3720/3481/7007 
f 3718/3483/7009 3717/3478/7004 3721/3482/7008 
f 3722/3480/7010 3723/3479/7011 3724/3478/7012 
f 3724/3478/7012 3725/3481/7013 3722/3480/7010 
f 3726/3482/7014 3725/3481/7013 3724/3478/7012 
f 3724/3478/7012 3723/3483/7015 3726/3482/7014 
f 3727/3484/7016 3728/3485/7017 3729/3486/7018 
f 3729/3486/7018 3730/3486/7019 3727/3484/7016 
f 3731/3486/7020 3728/3485/7021 3727/3484/7022 
f 3727/3484/7022 3730/3486/7023 3731/3486/7020 
f 3732/3487/7024 3733/3488/7025 3734/3489/7026 
f 3735/3487/7027 3733/3488/7028 3732/3487/7029 
f 3736/3487/7030 3734/3489/7031 3733/3488/7032 
f 3733/3488/7032 3735/3487/7033 3736/3487/7030 
f 3737/3490/7034 3738/3491/7035 3739/3492/7036 
f 3739/3492/7036 3740/3140/7037 3737/3490/7034 
f 3738/3493/7038 3737/3490/7034 3740/3140/7037 
f 3741/3492/7039 3742/3491/7040 3743/3490/7041 
f 3743/3490/7041 3744/3140/7042 3741/3492/7039 
f 3744/3140/7042 3743/3490/7041 3742/3493/7043 
f 3745/3475/7044 3746/3494/7045 3747/3495/7046 
f 3747/3495/7046 3748/3496/7047 3745/3475/7044 
f 3748/3496/7047 3747/3495/7046 3749/3497/7048 
f 3749/3497/7048 3750/3498/7049 3748/3496/7047 
f 3745/3475/7044 3748/3496/7047 3750/3498/7049 
f 3750/3498/7049 3751/3499/7050 3745/3475/7044 
f 3746/3500/7051 3751/3499/7050 3750/3498/7049 
f 3750/3498/7049 3747/3501/7052 3746/3500/7051 
f 3749/3497/7048 3747/3501/7052 3750/3498/7049 
f 3752/3495/7053 3753/3494/7054 3754/3475/7055 
f 3754/3475/7055 3755/3496/7056 3752/3495/7053 
f 3756/3497/7057 3752/3495/7053 3755/3496/7056 
f 3755/3496/7056 3757/3498/7058 3756/3497/7057 
f 3757/3498/7058 3755/3496/7056 3754/3475/7055 
f 3754/3475/7055 3758/3499/7059 3757/3498/7058 
f 3753/3500/7060 3757/3498/7058 3758/3499/7059 
f 3757/3498/7058 3753/3500/7060 3752/3501/7061 
f 3752/3501/7061 3756/3497/7057 3757/3498/7058 
f 3759/3490/7062 3760/3491/7063 3761/3492/7064 
f 3761/3492/7064 3762/3140/7065 3759/3490/7062 
f 3760/3502/7066 3759/3490/7062 3762/3140/7065 
f 3763/3492/7067 3764/3491/7068 3765/3490/7069 
f 3765/3490/7069 3766/3140/7070 3763/3492/7067 
f 3766/3140/7070 3765/3490/7069 3764/3502/7071 
f 3767/3490/7072 3768/3491/7073 3769/3492/7074 
f 3769/3492/7074 3770/3140/7075 3767/3490/7072 
f 3768/3503/7076 3767/3490/7072 3770/3140/7075 
f 3771/3492/7077 3772/3491/7078 3773/3490/7079 
f 3773/3490/7079 3774/3140/7080 3771/3492/7077 
f 3774/3140/7080 3773/3490/7079 3772/3503/7081 
f 3775/3490/7082 3776/3491/7083 3777/3492/7084 
f 3777/3492/7084 3778/3140/7085 3775/3490/7082 
f 3776/3504/7086 3775/3490/7082 3778/3140/7085 
f 3779/3492/7087 3780/3491/7088 3781/3490/7089 
f 3781/3490/7089 3782/3140/7090 3779/3492/7087 
f 3782/3140/7090 3781/3490/7089 3780/3504/7091 
f 3783/3490/7092 3784/3505/7093 3785/3506/7094 
f 3785/3506/7094 3786/3507/7095 3783/3490/7092 
f 3784/3508/7096 3783/3490/7092 3786/3507/7095 
f 3787/3506/7097 3788/3505/7098 3789/3490/7099 
f 3789/3490/7099 3790/3507/7100 3787/3506/7097 
f 3790/3507/7100 3789/3490/7099 3788/3508/7101 
f 3791/3509/7102 3792/3510/7103 3793/3511/7104 
f 3794/3509/7105 3792/3510/7106 3791/3509/7107 
f 3795/3509/7108 3793/3511/7109 3792/3510/7110 
f 3792/3510/7110 3794/3509/7111 3795/3509/7108 
f 3796/3512/7112 3797/2947/7113 3798/2950/7114 
f 3798/2950/7114 3799/2945/7115 3796/3512/7112 
f 3800/3513/7116 3796/3512/7112 3799/2945/7115 
f 3801/2949/7117 3796/3512/7112 3800/3513/7116 
f 3802/2952/7118 3803/2938/7119 3798/2950/7120 
f 3798/2950/7120 3804/2943/7121 3802/2952/7118 
f 3805/2953/7122 3803/2938/7119 3802/2952/7118 
f 3802/2952/7118 3806/2941/7123 3805/2953/7122 
f 3807/2936/7124 3808/2934/7125 3805/2953/7126 
f 3805/2953/7126 3809/2942/7127 3807/2936/7124 
f 3806/2941/7128 3802/2952/7129 3804/2943/7130 
f 3804/2943/7130 3810/2940/7131 3806/2941/7128 
f 3811/2944/7132 3810/2940/7131 3804/2943/7130 
f 3804/2943/7130 3797/2947/7133 3811/2944/7132 
f 3798/2950/7134 3797/2947/7133 3804/2943/7130 
f 3799/2945/7135 3798/2950/7136 3803/2938/7137 
f 3803/2938/7137 3811/2944/7132 3799/2945/7135 
f 3812/2946/7138 3799/2945/7135 3811/2944/7132 
f 3800/3513/7139 3799/2945/7135 3812/2946/7138 
f 3797/2947/7133 3812/2946/7138 3811/2944/7132 
f 3801/2949/7140 3800/3513/7139 3812/2946/7138 
f 3812/2946/7138 3797/2947/7133 3801/2949/7140 
f 3796/3512/7141 3801/2949/7140 3797/2947/7133 
f 3810/2940/7131 3811/2944/7132 3803/2938/7137 
f 3803/2938/7137 3813/2937/7142 3810/2940/7131 
f 3806/2941/7128 3810/2940/7131 3813/2937/7142 
f 3813/2937/7142 3809/2942/7143 3806/2941/7128 
f 3805/2953/7144 3806/2941/7128 3809/2942/7143 
f 3814/2939/7145 3809/2942/7143 3813/2937/7142 
f 3813/2937/7142 3808/2934/7146 3814/2939/7145 
f 3808/2934/7146 3813/2937/7142 3803/2938/7137 
f 3803/2938/7137 3805/2953/7147 3808/2934/7146 
f 3815/3514/7148 3814/2939/7145 3808/2934/7146 
f 3808/2934/7146 3807/2936/7149 3815/3514/7148 
f 3816/2944/7150 3817/2945/7151 3818/2946/7152 
f 3818/2946/7152 3819/2947/7153 3816/2944/7150 
f 3820/2949/7154 3819/2947/7153 3818/2946/7152 
f 3821/2943/7155 3816/2944/7150 3819/2947/7153 
f 3819/2947/7153 3822/2950/7156 3821/2943/7155 
f 3816/2944/7150 3821/2943/7155 3823/2940/7157 
f 3823/2940/7157 3824/2938/7158 3816/2944/7150 
f 3825/2941/7159 3823/2940/7157 3821/2943/7155 
f 3826/2937/7160 3824/2938/7158 3823/2940/7157 
f 3823/2940/7157 3825/2941/7159 3826/2937/7160 
f 3827/2939/7161 3828/2934/7162 3826/2937/7163 
f 3826/2937/7163 3829/2942/7164 3827/2939/7161 
f 3817/2945/7165 3816/2944/7166 3824/2938/7167 
f 3824/2938/7167 3822/2950/7168 3817/2945/7165 
f 3830/2951/7169 3817/2945/7165 3822/2950/7168 
f 3817/2945/7165 3830/2951/7169 3831/2948/7170 
f 3831/2948/7170 3818/2946/7171 3817/2945/7165 
f 3820/2949/7172 3818/2946/7171 3831/2948/7170 
f 3831/2948/7170 3830/2951/7169 3820/2949/7172 
f 3819/2947/7173 3820/2949/7172 3830/2951/7169 
f 3830/2951/7169 3822/2950/7168 3819/2947/7173 
f 3822/2950/7168 3824/2938/7167 3832/2952/7174 
f 3832/2952/7174 3821/2943/7175 3822/2950/7168 
f 3825/2941/7176 3821/2943/7175 3832/2952/7174 
f 3832/2952/7174 3833/2953/7177 3825/2941/7176 
f 3833/2953/7177 3832/2952/7174 3824/2938/7167 
f 3824/2938/7167 3828/2934/7178 3833/2953/7177 
f 3826/2937/7179 3828/2934/7178 3824/2938/7167 
f 3829/2942/7180 3826/2937/7181 3825/2941/7176 
f 3825/2941/7176 3833/2953/7177 3829/2942/7180 
f 3834/2936/7182 3829/2942/7180 3833/2953/7177 
f 3833/2953/7177 3828/2934/7178 3834/2936/7182 
f 3835/3514/7183 3834/2936/7182 3828/2934/7178 
f 3828/2934/7178 3827/2939/7184 3835/3514/7183 
f 3836/3139/7185 3837/3515/7186 3838/3516/7187 
f 3838/3516/7187 3839/3517/7188 3836/3139/7185 
f 3837/3518/7189 3836/3139/7185 3839/3517/7188 
f 3840/3516/7190 3841/3515/7191 3842/3139/7192 
f 3842/3139/7192 3843/3517/7193 3840/3516/7190 
f 3843/3517/7193 3842/3139/7192 3841/3518/7194 
f 3844/3519/7195 3845/3520/7196 3846/3521/7197 
f 3846/3521/7197 3847/3522/7198 3844/3519/7195 
f 3845/3523/7199 3844/3519/7195 3847/3522/7198 
f 3848/3521/7200 3849/3520/7201 3850/3519/7202 
f 3850/3519/7202 3851/3522/7203 3848/3521/7200 
f 3851/3522/7203 3850/3519/7202 3849/3523/7204 
f 3852/3519/7205 3853/3520/7206 3854/3521/7207 
f 3854/3521/7207 3855/3522/7208 3852/3519/7205 
f 3853/3524/7209 3852/3519/7205 3855/3522/7208 
f 3856/3521/7210 3857/3520/7211 3858/3519/7212 
f 3858/3519/7212 3859/3522/7213 3856/3521/7210 
f 3859/3522/7213 3858/3519/7212 3857/3524/7214 
f 3860/3519/7215 3861/3520/7216 3862/3521/7217 
f 3862/3521/7217 3863/3522/7218 3860/3519/7215 
f 3861/3525/7219 3860/3519/7215 3863/3522/7218 
f 3864/3521/7220 3865/3520/7221 3866/3519/7222 
f 3866/3519/7222 3867/3522/7223 3864/3521/7220 
f 3867/3522/7223 3866/3519/7222 3865/3525/7224 
f 3868/3519/7225 3869/3520/7226 3870/3521/7227 
f 3870/3521/7227 3871/3522/7228 3868/3519/7225 
f 3869/3526/7229 3868/3519/7225 3871/3522/7228 
f 3872/3521/7230 3873/3520/7231 3874/3519/7232 
f 3874/3519/7232 3875/3522/7233 3872/3521/7230 
f 3875/3522/7233 3874/3519/7232 3873/3526/7234 
f 3876/3527/7235 3877/3528/7236 3878/3529/7237 
f 3878/3529/7237 3879/3530/7238 3876/3527/7235 
f 3880/3531/7239 3879/3530/7238 3878/3529/7237 
f 3878/3529/7237 3877/3532/7240 3880/3531/7239 
f 3881/3533/7241 3882/3534/7242 3883/3529/7243 
f 3883/3529/7243 3884/3535/7244 3881/3533/7241 
f 3885/3536/7245 3884/3535/7244 3883/3529/7243 
f 3883/3529/7243 3882/3532/7246 3885/3536/7245 
f 3886/3537/7247 3887/3538/7248 3888/3539/7249 
f 3888/3539/7249 3889/3540/7250 3886/3537/7247 
f 3890/3541/7251 3889/3540/7250 3888/3539/7249 
f 3888/3539/7249 3887/3542/7252 3890/3541/7251 
f 3891/3497/7253 3892/3543/7254 3893/3544/7255 
f 3893/3544/7255 3894/3545/7256 3891/3497/7253 
f 3892/3546/7257 3891/3497/7253 3894/3545/7256 
f 3895/3544/7258 3896/3543/7259 3897/3497/7260 
f 3897/3497/7260 3898/3545/7261 3895/3544/7258 
f 3898/3545/7261 3897/3497/7260 3896/3546/7262 
f 3899/3139/7263 3900/3515/7264 3901/3516/7265 
f 3901/3516/7265 3902/3517/7266 3899/3139/7263 
f 3900/3547/7267 3899/3139/7263 3902/3517/7266 
f 3903/3516/7268 3904/3515/7269 3905/3139/7270 
f 3905/3139/7270 3906/3517/7271 3903/3516/7268 
f 3906/3517/7271 3905/3139/7270 3904/3547/7272 
f 3907/3399/7273 729/3398/7274 731/3397/7275 
f 731/3397/7275 3908/3400/7276 3907/3399/7273 
f 3909/3402/7277 3907/3399/7273 3908/3400/7276 
f 3908/3400/7276 731/3397/7275 717/3401/7278 
f 717/3401/7278 3910/3403/7279 3908/3400/7276 
f 3909/3402/7277 3908/3400/7276 3910/3403/7279 
f 3910/3403/7279 717/3401/7278 3911/3404/7280 
f 3911/3404/7280 3909/3402/7277 3910/3403/7279 
f 3907/3406/7281 3909/3402/7277 3911/3404/7280 
f 3911/3404/7280 729/3407/7282 3907/3406/7281 
f 716/3405/7283 729/3407/7282 3911/3404/7280 
f 3911/3404/7280 717/3401/7278 716/3405/7283 
f 723/3548/7284 1322/3395/7285 3295/3396/7286 
f 726/3549/7287 3912/3424/7288 3294/3550/7289 
f 3912/3424/7290 726/3549/7291 725/3551/7292 
f 725/3551/7292 1309/3552/7293 3912/3424/7290 
f 3294/3553/7294 3912/3424/7290 1309/3552/7293 
f 3913/3426/7295 867/3428/7296 723/3427/7297 
f 723/3427/7297 3914/3425/7298 3913/3426/7295 
f 3915/3424/7299 3913/3426/7295 3914/3425/7298 
f 3914/3425/7298 723/3427/7297 3295/3554/7300 
f 3295/3554/7300 862/3555/7301 3914/3425/7298 
f 3916/3423/7302 3914/3425/7298 862/3555/7301 
f 3915/3424/7299 3914/3425/7298 3916/3423/7302 
f 3916/3423/7302 3913/3421/7303 3915/3424/7299 
f 867/3422/7304 3913/3421/7303 3916/3423/7302 
f 3916/3423/7302 862/3555/7301 867/3422/7304 
f 3917/3431/7305 860/3430/7306 864/3429/7307 
f 864/3429/7307 3918/3432/7308 3917/3431/7305 
f 3918/3432/7308 864/3429/7307 868/3433/7309 
f 868/3433/7309 861/3434/7310 3918/3432/7308 
f 3919/3435/7311 3918/3432/7308 861/3434/7310 
f 861/3434/7310 860/3436/7312 3919/3435/7311 
f 3918/3432/7308 3919/3435/7311 3920/3437/7313 
f 3920/3437/7313 3917/3431/7305 3918/3432/7308 
f 3921/1577/7314 3917/3431/7305 3920/3437/7313 
f 3920/3437/7313 3922/3438/7315 3921/1577/7314 
f 3922/3438/7315 3920/3437/7313 3919/3435/7311 
f 3919/3435/7311 860/3436/7312 3922/3438/7315 
f 3917/3439/7316 3922/3438/7315 860/3436/7312 
f 3921/1577/7314 3922/3438/7315 3917/3439/7316 
f 3292/508/7317 1004/3193/7318 782/3190/7319 
f 719/3441/7320 1005/3440/7321 1006/508/7322 
f 1006/508/7322 716/3442/7323 719/3441/7320 
f 716/3442/7323 1006/508/7322 1004/905/7324 
f 3923/3556/7325 2062/3557/7326 2057/3558/7327 
f 2057/3558/7327 2054/3559/7328 3923/3556/7325 
f 2062/3560/7329 3923/3556/7325 2054/3559/7328 
f 3924/3561/7330 979/2345/7331 3925/3562/7332 
f 3925/3562/7332 3926/458/7333 3924/3561/7330 
f 3925/3562/7332 979/2345/7331 978/460/7334 
f 3927/3563/7335 3926/458/7333 3925/3562/7332 
f 3925/3562/7332 978/460/7334 980/461/7336 
f 980/461/7336 3927/3563/7335 3925/3562/7332 
f 3928/3564/7337 3929/3565/7338 3930/3566/7339 
f 3930/3566/7339 3931/3567/7340 3928/3564/7337 
f 3932/3568/7341 3930/3566/7339 3929/3565/7338 
f 3933/3569/7342 3931/3567/7340 3930/3566/7339 
f 3930/3566/7339 3932/3568/7341 3933/3569/7342 
f 3934/3565/7343 3928/3564/7344 3935/3566/7345 
f 3935/3566/7345 3932/3568/7346 3934/3565/7343 
f 3931/3567/7347 3935/3566/7345 3928/3564/7344 
f 3933/3569/7348 3932/3568/7346 3935/3566/7345 
f 3935/3566/7345 3931/3567/7347 3933/3569/7348 
f 3936/3570/7349 3937/3571/7350 3938/3572/7351 
f 3938/3572/7351 3939/480/7352 3936/3570/7349 
f 3940/476/7353 3939/480/7352 3938/3572/7351 
f 3938/3572/7351 3941/475/7354 3940/476/7353 
f 3942/3573/7355 3941/475/7354 3938/3572/7351 
f 3938/3572/7351 3943/3574/7356 3942/3573/7355 
f 3937/3571/7350 3943/3574/7356 3938/3572/7351 
f 3944/478/7357 3942/3573/7355 3943/3574/7356 
f 3943/3574/7356 3937/3571/7350 3944/478/7357 
f 3945/3572/7358 3937/3571/7359 3936/3570/7360 
f 3936/3570/7360 3939/480/7361 3945/3572/7358 
f 3946/476/7362 3945/3572/7358 3939/480/7361 
f 3945/3572/7358 3946/476/7362 3941/475/7363 
f 3941/475/7363 3942/3573/7364 3945/3572/7358 
f 3947/3574/7365 3945/3572/7358 3942/3573/7364 
f 3937/3571/7359 3945/3572/7358 3947/3574/7365 
f 3947/3574/7365 3942/3573/7364 3944/478/7366 
f 3944/478/7366 3937/3571/7359 3947/3574/7365 
f 3948/3575/7367 3949/3576/7368 3950/3577/7369 
f 3950/3577/7369 3951/3578/7370 3948/3575/7367 
f 3952/3579/7371 3950/3577/7369 3949/3576/7368 
f 3953/3580/7372 3951/3578/7370 3950/3577/7369 
f 3950/3577/7369 3952/3579/7371 3953/3580/7372 
f 3954/3576/7373 3948/3575/7374 3955/3577/7375 
f 3955/3577/7375 3952/3579/7376 3954/3576/7373 
f 3951/3578/7377 3955/3577/7375 3948/3575/7374 
f 3953/3580/7378 3952/3579/7376 3955/3577/7375 
f 3955/3577/7375 3951/3578/7377 3953/3580/7378 
f 3956/3581/7379 733/3582/7380 735/3583/7381 
f 735/3583/7381 730/3584/7382 3956/3581/7379 
f 733/3582/7380 3956/3581/7379 3957/3585/7383 
f 3957/3585/7383 3958/3586/7384 733/3582/7380 
f 3959/3587/7385 3958/3586/7384 3957/3585/7383 
f 3957/3585/7383 3960/3588/7386 3959/3587/7385 
f 3961/508/7387 3959/3587/7385 3960/3588/7386 
f 3960/3588/7386 3962/3589/7388 3961/508/7387 
f 3957/3585/7383 3962/3589/7388 3960/3588/7386 
f 3959/3590/7389 3961/508/7387 3962/3589/7388 
f 3962/3589/7388 3957/3585/7383 3963/3591/7390 
f 3963/3591/7390 3959/3590/7389 3962/3589/7388 
f 3963/3591/7390 3957/3585/7383 3956/3581/7379 
f 3956/3581/7379 3964/3592/7391 3963/3591/7390 
f 3964/3592/7391 3956/3581/7379 730/3584/7382 
f 730/3584/7382 734/532/7392 3964/3592/7391 
f 733/531/7393 3964/3592/7391 734/532/7392 
f 3963/3591/7390 3964/3592/7391 733/531/7393 
f 733/531/7393 3958/3593/7394 3963/3591/7390 
f 3959/3590/7389 3963/3591/7390 3958/3593/7394 
f 3965/3594/7395 1227/3595/7396 1233/3596/7397 
f 1233/3596/7397 1238/3597/7398 3965/3594/7395 
f 3966/3598/7399 1227/3595/7396 3965/3594/7395 
f 1243/3599/7400 3965/3594/7395 1238/3597/7398 
f 3967/3600/7401 3966/3598/7399 3965/3594/7395 
f 3965/3594/7395 1243/3599/7400 3968/3601/7402 
f 3969/3602/7403 3967/3600/7401 3965/3594/7395 
f 3965/3594/7395 3968/3601/7402 3969/3602/7403 
f 759/561/7404 750/563/7405 3970/3603/7406 
f 3970/3603/7406 3971/589/7407 759/561/7404 
f 3970/3603/7406 750/563/7405 754/3604/7408 
f 754/3604/7408 719/585/7409 3970/3603/7406 
f 3972/3605/7410 3970/3603/7406 719/585/7409 
f 3971/589/7407 3970/3603/7406 3972/3605/7410 
f 3972/3605/7410 759/3606/7411 3971/589/7407 
f 717/586/7412 759/3606/7411 3972/3605/7410 
f 3972/3605/7410 719/585/7409 717/586/7412 
f 781/594/7413 779/596/7414 3973/3443/7415 
f 3973/3443/7415 3974/589/7416 781/594/7413 
f 3973/3443/7415 779/596/7414 794/1407/7417 
f 794/1407/7417 787/1408/7418 3973/3443/7415 
f 3975/3444/7419 3973/3443/7415 787/1408/7418 
f 3974/589/7416 3973/3443/7415 3975/3444/7419 
f 3975/3444/7419 781/616/7420 3974/589/7416 
f 773/1410/7421 781/616/7420 3975/3444/7419 
f 3975/3444/7419 787/1408/7418 773/1410/7421 
f 3976/3607/7422 1172/3608/7423 3977/3609/7424 
f 3977/3609/7424 3978/3610/7425 3976/3607/7422 
f 3977/3609/7424 1172/3608/7423 1168/3611/7426 
f 3979/3612/7427 3978/3610/7425 3977/3609/7424 
f 3977/3609/7424 1168/3611/7426 821/3613/7428 
f 821/3613/7428 3979/3612/7427 3977/3609/7424 
f 3980/3614/7429 1096/3615/7430 1098/1074/7431 
f 1098/1074/7431 1093/3616/7432 3980/3614/7429 
f 1094/1067/7433 1096/3615/7430 3980/3614/7429 
f 3980/3614/7429 1093/3616/7432 1014/3617/7434 
f 1014/3617/7434 1094/1067/7433 3980/3614/7429 
f 973/3618/7435 967/3619/7436 3981/3620/7437 
f 3981/3620/7437 1050/3621/7438 973/3618/7435 
f 3981/3620/7437 967/3619/7436 1039/3622/7439 
f 1051/3623/7440 1050/3621/7438 3981/3620/7437 
f 3981/3620/7437 1039/3622/7439 1144/3624/7441 
f 1144/3624/7441 3982/3625/7442 3981/3620/7437 
f 1051/3623/7440 3981/3620/7437 3982/3625/7442 
f 3982/3625/7442 1144/3624/7441 3983/932/7443 
f 3983/932/7443 3984/3626/7444 3982/3625/7442 
f 1051/3623/7440 3982/3625/7442 3984/3626/7444 
f 3984/3626/7444 1064/3627/7445 1051/3623/7440 
f 1144/3628/7446 1064/3627/7445 3984/3626/7444 
f 3984/3626/7444 3983/932/7443 1144/3628/7446 
f 1150/3629/7447 1153/3630/7448 3985/3631/7449 
f 3985/3631/7449 1154/932/7450 1150/3629/7447 
f 3985/3631/7449 1153/3630/7448 964/3632/7451 
f 966/3633/7452 1154/932/7450 3985/3631/7449 
f 3985/3631/7449 964/3632/7451 966/3633/7452 
f 3986/3634/7453 1201/3635/7454 1205/3636/7455 
f 1205/3636/7455 807/3637/7456 3986/3634/7453 
f 814/3638/7457 1201/3635/7454 3986/3634/7453 
f 1220/3639/7458 3986/3634/7453 807/3637/7456 
f 3987/3640/7459 814/3638/7457 3986/3634/7453 
f 3986/3634/7453 1220/3639/7458 3988/3641/7460 
f 3989/3642/7461 3987/3640/7459 3986/3634/7453 
f 3986/3634/7453 3988/3641/7460 3989/3642/7461 
f 3990/3451/7462 1234/3450/7463 1233/3453/7464 
f 1233/3453/7464 1227/3452/7465 3990/3451/7462 
f 730/1415/7466 3990/3451/7462 1227/3452/7465 
f 3991/3445/7467 3990/3451/7462 730/1415/7466 
f 730/1415/7466 735/1405/7468 3991/3445/7467 
f 1234/1404/7469 3991/3445/7467 735/1405/7468 
f 3992/3446/7470 3991/3445/7467 1234/1404/7469 
f 1234/1404/7469 3993/3447/7471 3992/3446/7470 
f 3994/589/7472 3992/3446/7470 3993/3447/7471 
f 3992/3446/7470 3994/589/7472 3995/3448/7473 
f 3995/3448/7473 3991/3445/7467 3992/3446/7470 
f 3990/3451/7462 3991/3445/7467 3995/3448/7473 
f 3995/3448/7473 1234/3450/7463 3990/3451/7462 
f 3993/3449/7474 1234/3450/7463 3995/3448/7473 
f 3995/3448/7473 3994/589/7472 3993/3449/7474 
f 3996/3643/7475 751/3644/7476 1229/3645/7477 
f 1229/3645/7477 1227/3646/7478 3996/3643/7475 
f 3997/3647/7479 751/3644/7476 3996/3643/7475 
f 3996/3643/7475 1227/3646/7478 3966/3648/7480 
f 3966/3648/7480 3997/3647/7479 3996/3643/7475 
f 1275/1470/7481 1244/1472/7482 3998/3454/7483 
f 3998/3454/7483 3999/589/7484 1275/1470/7481 
f 3998/3454/7483 1244/1472/7482 1238/3455/7485 
f 1238/3455/7485 866/3456/7486 3998/3454/7483 
f 4000/3457/7487 3998/3454/7483 866/3456/7486 
f 3999/589/7484 3998/3454/7483 4000/3457/7487 
f 4000/3457/7487 1275/3458/7488 3999/589/7484 
f 865/3459/7489 1275/3458/7488 4000/3457/7487 
f 4000/3457/7487 866/3456/7486 865/3459/7489 
f 4001/3649/7490 4002/3650/7491 4003/3651/7492 
f 4003/3651/7492 4004/3652/7493 4001/3649/7490 
f 1302/3653/7494 4003/3651/7492 4002/3650/7491 
f 1264/3654/7495 4004/3652/7493 4003/3651/7492 
f 4003/3651/7492 1302/3653/7494 856/2863/7496 
f 856/2863/7496 1264/3654/7495 4003/3651/7492 
f 1786/3655/7497 1787/3656/7498 4005/3657/7499 
f 4005/3657/7499 1785/3658/7500 1786/3655/7497 
f 4005/3657/7499 1787/3656/7498 4006/3659/7501 
f 4007/3660/7502 1785/3658/7500 4005/3657/7499 
f 4005/3657/7499 4008/3661/7503 4007/3660/7502 
f 4008/3661/7503 4005/3657/7499 4006/3659/7501 
f 4006/3659/7501 4009/3662/7504 4008/3661/7503 
f 4010/3663/7505 4008/3661/7503 4009/3662/7504 
f 4008/3661/7503 4010/3663/7505 4011/3664/7506 
f 4011/3664/7506 4007/3660/7502 4008/3661/7503 
f 1762/3665/7507 1761/3666/7508 4012/3667/7509 
f 4012/3667/7509 1760/3666/7510 1762/3665/7507 
f 4012/3667/7509 1761/3666/7508 1758/3668/7511 
f 1758/3668/7511 1760/3666/7510 4012/3667/7509 
f 4013/3669/7512 1943/3670/7513 4014/3671/7514 
f 4014/3671/7514 1941/3672/7515 4013/3669/7512 
f 1934/3673/7516 1943/3670/7513 4013/3669/7512 
f 4013/3669/7512 1941/3672/7515 1934/3673/7516 
f 4015/3674/7517 2236/3675/7518 2226/2678/7519 
f 2226/2678/7519 4016/2873/7520 4015/3674/7517 
f 4017/2675/7521 4015/3674/7517 4016/2873/7520 
f 4015/3674/7517 4017/2675/7521 4018/2870/7522 
f 4018/2870/7522 2236/3675/7518 4015/3674/7517 
f 2224/3676/7523 2236/3675/7518 4018/2870/7522 
f 4018/2870/7522 2225/3677/7524 2224/3676/7523 
f 4019/3678/7525 2225/3677/7524 4018/2870/7522 
f 4018/2870/7522 4017/2675/7521 4019/3678/7525 
f 4016/3679/7526 4019/3678/7525 4017/2675/7521 
f 4019/3678/7525 4016/3679/7526 2226/2677/7527 
f 2226/2677/7527 2225/3677/7524 4019/3678/7525 
f 4020/3680/7528 2231/3681/7529 2228/3682/7530 
f 2228/3682/7530 4021/3683/7531 4020/3680/7528 
f 4022/3684/7532 4020/3680/7528 4021/3683/7531 
f 4020/3680/7528 4022/3684/7532 4023/3685/7533 
f 4023/3685/7533 2231/3681/7529 4020/3680/7528 
f 2216/3686/7534 2231/3681/7529 4023/3685/7533 
f 4023/3685/7533 2228/3687/7535 2216/3686/7534 
f 4021/3688/7536 2228/3687/7535 4023/3685/7533 
f 4023/3685/7533 4022/3684/7532 4021/3688/7536 
f 2235/3689/7537 2227/3690/7538 4024/3691/7539 
f 4024/3691/7539 2226/3692/7540 2235/3689/7537 
f 4024/3691/7539 2227/3690/7538 4025/3693/7541 
f 4025/3693/7541 4026/2675/7542 4024/3691/7539 
f 4027/3694/7543 4024/3691/7539 4026/2675/7542 
f 2226/3692/7540 4024/3691/7539 4027/3694/7543 
f 4027/3694/7543 2227/3695/7544 2226/3692/7540 
f 4025/3696/7545 2227/3695/7544 4027/3694/7543 
f 4027/3694/7543 4026/2675/7542 4025/3696/7545 
f 2169/3011/7546 2139/3697/7547 4028/3010/7548 
f 4028/3010/7548 2168/3008/7549 2169/3011/7546 
f 4028/3010/7548 2139/3697/7547 2168/3008/7549 
f 4029/3698/7550 2293/3699/7551 2295/3700/7552 
f 2295/3700/7552 2284/3701/7553 4029/3698/7550 
f 2291/3702/7554 2293/3699/7551 4029/3698/7550 
f 4029/3698/7550 2284/3701/7553 2283/3703/7555 
f 2287/3704/7556 2291/3702/7554 4029/3698/7550 
f 4029/3698/7550 2283/3703/7555 2287/3704/7556 
f 2639/3629/7557 3538/932/7558 4030/3631/7559 
f 4030/3631/7559 2444/3630/7560 2639/3629/7557 
f 4030/3631/7559 3538/932/7558 2643/3633/7561 
f 2445/3632/7562 2444/3630/7560 4030/3631/7559 
f 4030/3631/7559 2643/3633/7561 2445/3632/7562 
f 4031/3705/7563 2793/3706/7564 2787/3707/7565 
f 2787/3707/7565 2788/3708/7566 4031/3705/7563 
f 2804/3709/7567 4031/3705/7563 2788/3708/7566 
f 4031/3705/7563 2804/3709/7567 2541/3710/7568 
f 2541/3710/7568 4032/3711/7569 4031/3705/7563 
f 4033/3712/7570 4031/3705/7563 4032/3711/7569 
f 2793/3706/7564 4031/3705/7563 4033/3712/7570 
f 4033/3712/7570 2471/3713/7571 2793/3706/7564 
f 4034/3714/7572 2471/3713/7571 4033/3712/7570 
f 4033/3712/7570 4035/3715/7573 4034/3714/7572 
f 4032/3711/7569 4035/3715/7573 4033/3712/7570 
f 4036/3705/7574 2535/3709/7575 1952/3708/7576 
f 1952/3708/7576 2473/3707/7577 4036/3705/7574 
f 2541/3710/7578 2535/3709/7575 4036/3705/7574 
f 2472/3706/7579 4036/3705/7574 2473/3707/7577 
f 4032/3711/7580 2541/3710/7578 4036/3705/7574 
f 4036/3705/7574 4037/3712/7581 4032/3711/7580 
f 4037/3712/7581 4036/3705/7574 2472/3706/7579 
f 2472/3706/7579 2471/3713/7582 4037/3712/7581 
f 4034/3714/7583 4037/3712/7581 2471/3713/7582 
f 4037/3712/7581 4034/3714/7583 4035/3715/7584 
f 4035/3715/7584 4032/3711/7580 4037/3712/7581 
f 814/3638/7585 3987/3640/7586 4038/3634/7587 
f 4038/3634/7587 3565/3635/7588 814/3638/7585 
f 3989/3642/7589 4038/3634/7587 3987/3640/7586 
f 3569/3636/7590 3565/3635/7588 4038/3634/7587 
f 4038/3634/7587 3989/3642/7589 3988/3641/7591 
f 3396/3637/7592 3569/3636/7590 4038/3634/7587 
f 4038/3634/7587 3988/3641/7591 1220/3639/7593 
f 1220/3639/7593 3396/3637/7592 4038/3634/7587 
f 4039/3716/7594 2495/3717/7595 1923/3718/7596 
f 1923/3718/7596 1922/3719/7597 4039/3716/7594 
f 4040/3720/7598 2495/3717/7595 4039/3716/7594 
f 4039/3716/7594 1922/3719/7597 4041/3721/7599 
f 4042/3722/7600 4040/3720/7598 4039/3716/7594 
f 4039/3716/7594 4041/3721/7599 4042/3722/7600 
f 2515/3723/7601 4043/3724/7602 4044/3725/7603 
f 4044/3725/7603 2499/3726/7604 2515/3723/7601 
f 4045/3727/7605 4044/3725/7603 4043/3724/7602 
f 2514/3728/7606 2499/3726/7604 4044/3725/7603 
f 4044/3725/7603 4045/3727/7605 2514/3728/7606 
f 1943/3670/7607 2814/3673/7608 4046/3669/7609 
f 4046/3669/7609 4014/3671/7610 1943/3670/7607 
f 4046/3669/7609 2814/3673/7608 1941/3672/7611 
f 1941/3672/7611 4014/3671/7610 4046/3669/7609 
f 4047/3725/7612 2772/3726/7613 2514/3728/7614 
f 2514/3728/7614 4045/3727/7615 4047/3725/7612 
f 2515/3723/7616 2772/3726/7613 4047/3725/7612 
f 4047/3725/7612 4045/3727/7615 4043/3724/7617 
f 4043/3724/7617 2515/3723/7616 4047/3725/7612 
f 4041/3721/7618 1922/3719/7619 4048/3716/7620 
f 4048/3716/7620 4042/3722/7621 4041/3721/7618 
f 4048/3716/7620 1922/3719/7619 2783/3718/7622 
f 4040/3720/7623 4042/3722/7621 4048/3716/7620 
f 4048/3716/7620 2783/3718/7622 2495/3717/7624 
f 2495/3717/7624 4040/3720/7623 4048/3716/7620 
f 4010/3663/7625 4009/3662/7626 4049/3661/7627 
f 4049/3661/7627 4011/3664/7628 4010/3663/7625 
f 4006/3659/7629 4049/3661/7627 4009/3662/7626 
f 4007/3660/7630 4011/3664/7628 4049/3661/7627 
f 4049/3661/7627 4006/3659/7629 4050/3657/7631 
f 4050/3657/7631 4007/3660/7630 4049/3661/7627 
f 4050/3657/7631 4006/3659/7629 1787/3656/7632 
f 1787/3656/7632 3129/3655/7633 4050/3657/7631 
f 1785/3658/7634 4050/3657/7631 3129/3655/7633 
f 4007/3660/7630 4050/3657/7631 1785/3658/7634 
f 4051/3667/7635 3138/3666/7636 3139/3668/7637 
f 3139/3668/7637 3136/3666/7638 4051/3667/7635 
f 3137/3665/7639 3138/3666/7636 4051/3667/7635 
f 4051/3667/7635 3136/3666/7638 3137/3665/7639 
f 2905/460/7640 979/2345/7641 4052/3562/7642 
f 4052/3562/7642 980/461/7643 2905/460/7640 
f 4052/3562/7642 979/2345/7641 3924/3561/7644 
f 3927/3563/7645 980/461/7643 4052/3562/7642 
f 4052/3562/7642 3924/3561/7644 3926/458/7646 
f 3926/458/7646 3927/3563/7645 4052/3562/7642 
f 4053/3581/7647 2616/3584/7648 2871/3583/7649 
f 2871/3583/7649 3348/3582/7650 4053/3581/7647 
f 2616/3584/7648 4053/3581/7647 4054/3592/7651 
f 4054/3592/7651 2872/532/7652 2616/3584/7648 
f 3348/531/7653 2872/532/7652 4054/3592/7651 
f 4054/3592/7651 4055/3591/7654 3348/531/7653 
f 4053/3581/7647 4055/3591/7654 4054/3592/7651 
f 4056/3593/7655 3348/531/7653 4055/3591/7654 
f 4055/3591/7654 4057/3590/7656 4056/3593/7655 
f 4057/3590/7656 4055/3591/7654 4058/3589/7657 
f 4058/3589/7657 4059/508/7658 4057/3590/7656 
f 4060/3585/7659 4058/3589/7657 4055/3591/7654 
f 4055/3591/7654 4053/3581/7647 4060/3585/7659 
f 3348/3582/7650 4060/3585/7659 4053/3581/7647 
f 4060/3585/7659 3348/3582/7650 4056/3586/7660 
f 4056/3586/7660 4057/3587/7661 4060/3585/7659 
f 4061/3588/7662 4060/3585/7659 4057/3587/7661 
f 4058/3589/7657 4060/3585/7659 4061/3588/7662 
f 4061/3588/7662 4057/3587/7661 4059/508/7658 
f 4059/508/7658 4058/3589/7657 4061/3588/7662 
f 3599/3596/7663 3593/3595/7664 4062/3594/7665 
f 4062/3594/7665 3610/3597/7666 3599/3596/7663 
f 3966/3598/7667 4062/3594/7665 3593/3595/7664 
f 1243/3599/7668 3610/3597/7666 4062/3594/7665 
f 4062/3594/7665 3966/3598/7667 3967/3600/7669 
f 3968/3601/7670 1243/3599/7668 4062/3594/7665 
f 4062/3594/7665 3967/3600/7669 3969/3602/7671 
f 3969/3602/7671 3968/3601/7670 4062/3594/7665 
f 3354/3604/7672 3352/563/7673 4063/3603/7674 
f 4063/3603/7674 3343/585/7675 3354/3604/7672 
f 4063/3603/7674 3352/563/7673 3356/561/7676 
f 3356/561/7676 4064/589/7677 4063/3603/7674 
f 4065/3605/7678 4063/3603/7674 4064/589/7677 
f 3343/585/7675 4063/3603/7674 4065/3605/7678 
f 4065/3605/7678 3302/586/7679 3343/585/7675 
f 3356/3606/7680 3302/586/7679 4065/3605/7678 
f 4065/3605/7678 4064/589/7677 3356/3606/7680 
f 3545/3611/7681 1172/3608/7682 4066/3609/7683 
f 4066/3609/7683 821/3613/7684 3545/3611/7681 
f 4066/3609/7683 1172/3608/7682 3976/3607/7685 
f 3979/3612/7686 821/3613/7684 4066/3609/7683 
f 4066/3609/7683 3976/3607/7685 3978/3610/7687 
f 3978/3610/7687 3979/3612/7686 4066/3609/7683 
f 3496/1074/7688 3494/3615/7689 4067/3614/7690 
f 4067/3614/7690 1093/3616/7691 3496/1074/7688 
f 3492/1067/7692 4067/3614/7690 3494/3615/7689 
f 1014/3617/7693 1093/3616/7691 4067/3614/7690 
f 4067/3614/7690 3492/1067/7692 1014/3617/7693 
f 4068/3620/7694 2915/3619/7695 2913/3618/7696 
f 2913/3618/7696 3457/3621/7697 4068/3620/7694 
f 2449/3622/7698 2915/3619/7695 4068/3620/7694 
f 4068/3620/7694 3457/3621/7697 3456/3623/7699 
f 3531/3624/7700 2449/3622/7698 4068/3620/7694 
f 4068/3620/7694 3456/3623/7699 4069/3625/7701 
f 4069/3625/7701 3531/3624/7700 4068/3620/7694 
f 4070/932/7702 3531/3624/7700 4069/3625/7701 
f 4069/3625/7701 4071/3626/7703 4070/932/7702 
f 4071/3626/7703 4069/3625/7701 3456/3623/7699 
f 3456/3623/7699 3467/3627/7704 4071/3626/7703 
f 3531/3628/7705 4071/3626/7703 3467/3627/7704 
f 4070/932/7702 4071/3626/7703 3531/3628/7705 
f 3594/3645/7706 751/3644/7707 4072/3643/7708 
f 4072/3643/7708 3593/3646/7709 3594/3645/7706 
f 3997/3647/7710 4072/3643/7708 751/3644/7707 
f 3966/3648/7711 3593/3646/7709 4072/3643/7708 
f 4072/3643/7708 3997/3647/7710 3966/3648/7711 
f 4073/3651/7712 4002/3650/7713 4001/3649/7714 
f 4001/3649/7714 4004/3652/7715 4073/3651/7712 
f 1302/3653/7716 4002/3650/7713 4073/3651/7712 
f 1264/3654/7717 4073/3651/7712 4004/3652/7715 
f 2875/2863/7718 1302/3653/7716 4073/3651/7712 
f 4073/3651/7712 1264/3654/7717 2875/2863/7718 
f 4074/3411/7719 4075/3413/7720 861/3412/7721 
f 861/3412/7721 868/3410/7722 4074/3411/7719 
f 4075/3413/7720 4074/3411/7719 4076/3414/7723 
f 4076/3414/7723 4077/3415/7724 4075/3413/7720 
f 4078/3416/7725 4077/3415/7724 4076/3414/7723 
f 4076/3414/7723 4079/3417/7726 4078/3416/7725 
f 4074/3411/7719 4079/3417/7726 4076/3414/7723 
f 4077/3420/7727 4078/3416/7725 4079/3417/7726 
f 4079/3417/7726 4075/3418/7728 4077/3420/7727 
f 4080/3408/7729 4075/3418/7728 4079/3417/7726 
f 4079/3417/7726 4074/3411/7719 4080/3408/7729 
f 868/3410/7722 4080/3408/7729 4074/3411/7719 
f 4080/3408/7729 868/3410/7722 867/3409/7730 
f 867/3409/7730 862/3729/7731 4080/3408/7729 
f 861/3419/7732 4080/3408/7729 862/3729/7731 
f 4075/3418/7728 4080/3408/7729 861/3419/7732 
# 6438 faces

#
# object Dragon006
#

v  20.0440 -0.2023 -2.7013
v  20.0440 -0.1871 -2.5142
v  20.0103 -0.1771 -2.5100
v  19.9908 -0.1663 -2.6763
v  20.0440 -0.1875 -2.7241
v  19.9670 -0.1037 -2.6015
v  19.9669 -0.1449 -2.7854
v  19.9624 -0.1095 -2.4288
v  19.9927 -0.1714 -2.3162
v  19.9772 -0.0158 -2.5547
v  19.9816 -0.0140 -2.6664
v  20.0154 0.0178 -2.5605
v  20.0201 0.0232 -2.7035
v  20.0440 0.0571 -2.7601
v  20.0440 0.0246 -2.5508
v  20.0440 0.0170 -2.7147
v  20.0440 0.0307 -2.8855
v  20.0180 0.0100 -2.8371
v  20.0440 0.0054 -2.8670
v  19.9661 -0.0487 -2.7514
v  19.9678 -0.0904 -2.7865
v  19.9240 -0.0454 -2.7710
v  19.9315 -0.1351 -2.9194
v  19.9658 -0.1318 -2.8948
v  20.0440 -0.1495 -4.3534
v  20.0440 -0.1339 -4.3396
v  20.0776 -0.1257 -4.3030
v  20.0440 -0.1476 -4.1467
v  20.0776 -0.1377 -4.1136
v  20.1151 -0.0521 -4.2674
v  20.0440 -0.1613 -4.1582
v  20.0440 -0.1525 -4.0665
v  20.0663 -0.1486 -4.0367
v  20.0659 -0.1613 -4.0508
v  20.0440 -0.1659 -4.0715
v  20.0440 -0.1674 -3.7798
v  20.0646 -0.1632 -3.7335
v  20.0440 -0.1842 -3.7968
v  20.0440 -0.1761 -3.6068
v  20.0829 -0.1675 -3.5844
v  20.0440 -0.1947 -3.6248
v  20.0440 -0.1814 -3.4030
v  20.0766 -0.1710 -3.3665
v  20.0440 -0.1949 -3.4120
v  20.0440 -0.1823 -3.2556
v  20.0869 -0.1633 -3.2792
v  20.1091 -0.1248 -3.3919
v  20.1132 -0.1275 -3.5635
v  20.0940 -0.1425 -3.8238
v  20.0933 -0.1345 -3.9924
v  20.1156 -0.1110 -3.9294
v  20.1425 -0.1096 -3.9235
v  20.1144 -0.0602 -3.8880
v  20.1184 -0.0727 -3.6938
v  20.1160 -0.0895 -3.4609
v  20.1202 -0.0890 -3.3114
v  20.1488 -0.1095 -3.3777
v  20.1246 -0.1176 -3.1742
v  20.0855 -0.1617 -3.1065
v  20.0440 -0.1807 -3.0580
v  20.0669 -0.1806 -3.0134
v  20.0440 -0.1915 -3.0733
v  20.0440 -0.1876 -2.7874
v  20.0968 -0.1587 -2.9663
v  20.1181 -0.1168 -2.9780
v  20.1222 -0.1318 -2.8948
v  20.1211 -0.1449 -2.7854
v  20.0972 -0.1663 -2.6763
v  20.1240 -0.1064 -4.0409
v  20.1234 -0.0618 -4.0434
v  20.0690 -0.0016 -3.8979
v  20.0756 -0.0057 -3.7607
v  20.0996 -0.0275 -3.7034
v  20.1426 -0.0556 -3.7038
v  20.1050 -0.0558 -3.5132
v  20.1265 -0.0546 -3.4968
v  20.0888 -0.0242 -3.4534
v  20.0863 -0.0199 -3.5469
v  20.0440 -0.0014 -3.5867
v  20.0440 0.0182 -3.8038
v  20.0440 -0.0014 -3.7855
v  20.0440 0.0242 -3.9230
v  20.0440 0.0011 -3.9104
v  20.0703 -0.0003 -4.0269
v  20.0440 0.0353 -4.0600
v  20.0440 0.0078 -4.0488
v  20.0726 -0.0024 -4.0982
v  20.0440 0.0050 -4.0982
v  20.1118 -0.0625 -4.0980
v  20.1153 -0.0915 -4.0574
v  20.0728 0.0048 -4.2269
v  20.0440 0.0337 -4.2844
v  20.0440 0.0137 -4.2670
v  20.0725 0.0112 -4.3341
v  20.0440 0.0532 -4.3389
v  20.0440 0.0402 -4.3401
v  20.0440 0.0731 -4.4103
v  20.0440 0.0102 -4.3597
v  20.0440 0.0163 -3.6070
v  20.0440 -0.0008 -3.4482
v  20.0661 0.0068 -3.4099
v  20.0440 0.0159 -3.4536
v  20.0440 0.0143 -3.3445
v  20.0989 -0.0341 -3.2747
v  20.1195 -0.0887 -3.2347
v  20.1004 -0.0262 -3.1653
v  20.1497 -0.0887 -3.2142
v  20.1173 -0.0887 -3.0332
v  20.1400 -0.0886 -3.0209
v  20.0929 -0.0239 -2.9643
v  20.1244 -0.0888 -2.9341
v  20.1202 -0.0904 -2.7865
v  20.1219 -0.0487 -2.7514
v  20.0700 0.0100 -2.8371
v  20.0440 0.0050 -2.9764
v  20.0440 0.0106 -3.1428
v  20.0663 0.0084 -3.1440
v  20.0440 -0.0003 -3.1554
v  20.0440 0.0031 -3.2705
v  20.0440 -0.2031 -2.4511
v  20.0440 -0.1997 -2.3003
v  20.0135 -0.1956 -2.4342
v  20.0091 0.0226 -2.4017
v  20.0440 0.0679 -2.6030
v  20.0440 0.0222 -2.4435
v  19.9284 -0.0176 -2.5996
v  19.9551 -0.0232 -2.3032
v  19.9338 -0.1005 -2.3575
v  20.0440 0.0429 -2.4761
v  20.0440 0.0268 -2.3026
v  19.9912 -0.1587 -2.9663
v  20.0211 -0.1806 -3.0134
v  20.0025 -0.1617 -3.1065
v  19.9699 -0.1168 -2.9780
v  19.9636 -0.0888 -2.9341
v  19.9951 -0.0239 -2.9643
v  20.0217 0.0084 -3.1440
v  19.9876 -0.0262 -3.1653
v  19.9891 -0.0341 -3.2747
v  20.0219 0.0068 -3.4099
v  19.9992 -0.0242 -3.4534
v  20.0017 -0.0199 -3.5469
v  20.0124 -0.0057 -3.7607
v  20.0190 -0.0016 -3.8979
v  20.0177 -0.0003 -4.0269
v  20.0154 -0.0024 -4.0982
v  19.9762 -0.0625 -4.0980
v  20.0152 0.0048 -4.2269
v  20.0155 0.0112 -4.3341
v  19.9729 -0.0521 -4.2674
v  20.0104 -0.1377 -4.1136
v  20.0104 -0.1257 -4.3030
v  19.9727 -0.0915 -4.0574
v  19.9646 -0.0618 -4.0434
v  19.9737 -0.0602 -3.8880
v  19.9640 -0.1064 -4.0409
v  19.9724 -0.1110 -3.9294
v  19.9455 -0.1096 -3.9235
v  19.9941 -0.1425 -3.8238
v  19.9947 -0.1345 -3.9924
v  19.9748 -0.1275 -3.5635
v  19.9696 -0.0727 -3.6938
v  19.9884 -0.0275 -3.7034
v  19.9454 -0.0556 -3.7038
v  19.9830 -0.0558 -3.5132
v  19.9615 -0.0546 -3.4968
v  19.9720 -0.0895 -3.4609
v  19.9789 -0.1248 -3.3919
v  20.0051 -0.1675 -3.5844
v  20.0234 -0.1632 -3.7335
v  20.0221 -0.1613 -4.0508
v  20.0217 -0.1486 -4.0367
v  20.0114 -0.1710 -3.3665
v  20.0011 -0.1633 -3.2792
v  19.9634 -0.1176 -3.1742
v  19.9707 -0.0887 -3.0332
v  19.9480 -0.0886 -3.0209
v  19.9383 -0.0887 -3.2142
v  19.9685 -0.0887 -3.2347
v  19.9678 -0.0890 -3.3114
v  19.9392 -0.1095 -3.3777
v  19.4904 -0.0740 -0.2088
v  19.5765 -0.0951 -0.1982
v  19.5614 -0.1225 -0.1842
v  19.5482 -0.1273 -0.1671
v  19.5394 -0.1132 -0.1338
v  19.5497 -0.0554 -0.1177
v  19.5264 -0.0747 -0.0826
v  19.5515 -0.0465 -0.1508
v  19.5593 -0.0258 -0.1335
v  19.5668 -0.0461 -0.1814
v  19.6362 0.1310 -0.0723
v  19.6059 0.1364 -0.1538
v  19.4759 0.1091 -0.1998
v  19.6006 0.0306 -0.1098
v  19.6217 0.0916 -0.1578
v  19.6187 0.0401 -0.1797
v  19.5951 0.0026 -0.1804
v  19.6056 -0.0093 -0.2327
v  19.6435 0.0799 -0.2628
v  19.6153 -0.0996 -0.2873
v  19.6588 -0.0202 -0.3202
v  19.5950 0.0892 -0.0902
v  19.6098 0.0557 -0.0308
v  19.6759 0.1376 -0.0028
v  19.7129 0.2045 -0.0307
v  19.6866 0.2025 -0.0998
v  19.6408 0.1868 -0.1624
v  19.6942 0.1915 -0.2219
v  19.6514 0.1812 -0.2178
v  19.7601 0.2942 -0.1486
v  19.7541 0.2653 -0.2551
v  19.8481 0.3612 -0.2401
v  19.8381 0.3502 -0.3476
v  19.7691 0.2549 -0.3615
v  19.7554 0.2130 0.0145
v  19.7268 0.1381 0.0265
v  19.7984 0.1795 0.1181
v  19.8051 0.1106 0.1318
v  19.7250 0.0781 0.0374
v  19.6566 0.0964 0.0099
v  19.6431 0.0578 0.0389
v  19.5833 0.0067 -0.0050
v  19.5918 0.0130 -0.0836
v  19.5560 -0.0289 -0.0385
v  19.5791 0.0099 -0.1001
v  19.5464 -0.0738 0.0512
v  19.6069 -0.0172 0.1052
v  19.6326 0.0405 0.0523
v  19.6933 0.0372 0.0767
v  19.7458 0.0086 0.0748
v  19.7889 0.0653 0.0270
v  19.8438 -0.0124 0.1137
v  19.7961 -0.0276 0.0467
v  19.8647 -0.0363 -0.0703
v  19.7099 -0.0213 0.1281
v  19.6714 0.0028 0.1093
v  19.6655 0.0075 0.1221
v  19.6540 -0.0468 0.1402
v  19.5945 -0.0528 0.1277
v  19.6377 -0.0890 0.1740
v  19.6907 -0.0571 0.1416
v  19.7420 -0.0530 0.1090
v  19.8187 -0.0928 -0.0265
v  19.8220 -0.1574 -0.0863
v  19.8593 -0.0999 -0.2132
v  19.7776 -0.1250 0.0451
v  19.7835 -0.2090 -0.0173
v  19.7508 -0.1783 0.0887
v  19.7132 -0.0953 0.1400
v  19.6670 -0.1137 0.1911
v  19.6939 -0.1336 0.1725
v  19.7144 -0.2365 0.1226
v  19.6766 -0.1737 0.2048
v  19.6479 -0.1631 0.2312
v  19.6149 -0.1615 0.2394
v  19.6286 -0.1033 0.2167
v  19.5848 -0.1060 0.1791
v  19.5349 -0.1027 0.1020
v  19.5346 -0.1362 0.1370
v  19.5347 -0.1712 0.1716
v  19.5706 -0.1740 0.2305
v  19.5374 -0.2064 0.2063
v  19.5146 -0.2666 0.1600
v  19.5164 -0.2231 0.0950
v  19.5213 -0.3324 0.0485
v  19.5101 -0.1976 0.0387
v  19.5315 -0.1050 0.0672
v  19.5334 -0.0888 0.0210
v  19.5230 -0.1097 -0.0133
v  19.5101 -0.1106 -0.0724
v  19.5142 -0.1218 0.0177
v  19.5097 -0.1666 0.0166
v  19.5155 -0.2470 0.0564
v  19.5167 -0.2297 -0.0018
v  19.5408 -0.3143 -0.0454
v  19.5221 -0.2299 -0.0397
v  19.4780 -0.2033 -0.0743
v  19.5149 -0.1910 -0.0375
v  19.5258 -0.2017 -0.0853
v  19.5385 -0.2481 -0.0902
v  19.5680 -0.3154 -0.0695
v  19.5555 -0.2781 -0.1004
v  19.5431 -0.2168 -0.1250
v  19.5488 -0.1581 -0.1454
v  19.5707 -0.1517 -0.1826
v  19.5640 -0.2475 -0.1449
v  19.5851 -0.2029 -0.2310
v  19.5996 -0.2771 -0.1583
v  19.5979 -0.2976 -0.0884
v  19.6035 -0.3159 -0.0773
v  19.6402 -0.3023 -0.0682
v  19.6403 -0.3207 -0.0780
v  19.6654 -0.2890 -0.1499
v  19.6252 -0.2385 -0.2418
v  19.6987 -0.2474 -0.2501
v  19.6567 -0.1461 -0.3444
v  19.7141 -0.1901 -0.3481
v  19.5936 -0.1133 -0.2263
v  19.6597 0.1313 -0.2153
v  19.5008 0.0974 -0.3363
v  19.5329 -0.1344 -0.1130
v  19.5178 -0.1438 -0.0731
v  19.4991 -0.1095 -0.1716
v  19.5128 0.0376 -0.2853
v  19.5139 -0.1573 -0.0431
v  19.4684 -0.1793 -0.0835
v  19.4696 -0.1289 -0.0784
v  19.4880 0.0225 -0.1502
v  19.5437 -0.0315 -0.0803
v  19.7145 -0.0757 -0.4694
v  19.7525 -0.0469 -0.4785
v  19.7616 -0.0897 -0.4471
v  19.7181 -0.0963 -0.3968
v  19.6280 0.1330 -0.2056
v  19.5363 0.1483 -0.2756
v  19.6562 0.1318 -0.3179
v  19.5337 0.2764 -0.3916
v  19.7233 0.2033 -0.3817
v  19.7368 0.1490 -0.3862
v  19.6910 0.1071 -0.3491
v  19.5013 -0.2669 0.0099
v  19.4530 -0.1624 -0.0488
v  19.4964 -0.1742 -0.0232
v  19.5027 -0.1553 -0.1793
v  19.5576 -0.1025 -0.2850
v  19.4899 -0.0996 -0.3482
v  19.6462 -0.8076 0.0391
v  19.6263 -0.8163 0.0189
v  19.6419 -0.8487 0.0079
v  19.6389 -0.8892 0.0615
v  19.6561 -0.8444 0.1002
v  19.6861 -0.7888 0.0703
v  19.6399 -0.9246 0.1381
v  19.7205 -0.8014 0.1618
v  19.7303 -0.7869 0.1207
v  19.6608 -0.8634 0.1538
v  19.6651 -0.8597 0.2294
v  19.6455 -0.9539 0.2311
v  19.6445 -0.9481 0.2741
v  19.6546 -0.8581 0.2716
v  19.6491 -0.9317 0.3389
v  19.7018 -0.8526 0.2178
v  19.7002 -0.8518 0.1536
v  19.7622 -0.8819 0.1545
v  19.7564 -0.8835 0.2424
v  19.7047 -0.8314 0.3079
v  19.6499 -0.8624 0.3297
v  19.6877 -0.8328 0.3589
v  19.6630 -0.8727 0.3634
v  19.6706 -0.9235 0.3812
v  19.7237 -0.8393 0.3709
v  19.7597 -0.8744 0.3215
v  19.7310 -0.8848 0.3810
v  19.7464 -0.9511 0.3588
v  19.7100 -0.9303 0.3824
v  19.7599 -0.9540 0.2449
v  19.7577 -0.9393 0.1393
v  19.7701 -0.8814 0.0583
v  19.7542 -0.9248 0.0108
v  19.7340 -0.8180 0.0241
v  19.7262 -0.8613 -0.0645
v  19.6939 -0.9289 -0.0479
v  19.7021 -0.9547 0.0167
v  19.7084 -0.9861 0.1241
v  19.7136 -0.9900 0.2263
v  19.7188 -0.9939 0.3315
v  19.7172 -0.9699 0.3667
v  19.6777 -0.9724 0.3504
v  19.6742 -0.9942 0.2908
v  19.6672 -0.9953 0.2317
v  19.6651 -0.9918 0.1194
v  19.6511 -0.9089 -0.0000
v  19.6427 -0.8935 -0.0232
v  19.6361 -0.9689 -0.2137
v  19.6357 -0.8978 -0.1698
v  19.6554 -0.9141 -0.1341
v  19.6359 -0.9477 -0.1457
v  19.6669 -0.8857 -0.0812
v  19.6358 -0.9495 -0.0985
v  19.6406 -0.8520 -0.1115
v  19.5886 -0.8957 -0.0477
v  19.5987 -0.8985 -0.0702
v  19.6357 -0.9300 -0.0471
v  19.6279 -0.9059 0.0047
v  19.6192 -0.8441 0.0486
v  19.6215 -0.9260 0.0542
v  19.6175 -0.8732 0.0790
v  19.5766 -0.9438 0.0035
v  19.5519 -0.8901 -0.0225
v  19.5530 -0.8199 -0.0062
v  19.5339 -0.8837 0.0157
v  19.5608 -0.9794 0.0686
v  19.6171 -0.9597 0.1829
v  19.6136 -0.9091 0.2012
v  19.5930 -0.9424 0.3262
v  19.5901 -0.8833 0.3210
v  19.5673 -0.9003 0.3837
v  19.5524 -0.9543 0.3882
v  19.4885 -0.9477 0.3774
v  19.4699 -0.8999 0.3671
v  19.5244 -0.9919 0.3289
v  19.5398 -1.0031 0.1773
v  19.5043 -0.9530 0.0729
v  19.4872 -0.9741 0.1774
v  19.4809 -0.9692 0.3213
v  19.4715 -0.8982 0.3037
v  19.4819 -0.9143 0.1832
v  19.5513 -0.8668 0.1949
v  19.5677 -0.8219 0.0690
v  19.5764 -0.7857 0.0284
v  19.5343 -0.8405 0.2987
v  19.5018 -0.8484 0.3491
v  19.5420 -0.8442 0.3542
v  19.6563 -0.5944 -0.3644
v  19.6307 -0.5805 -0.3411
v  19.6311 -0.5795 -0.3650
v  19.6861 -0.5919 -0.3665
v  19.6734 -0.6097 -0.3275
v  19.6766 -0.6133 -0.4075
v  19.6563 -0.6150 -0.4028
v  19.6530 -0.6715 -0.5104
v  19.6450 -0.6074 -0.4083
v  19.6543 -0.6107 -0.4341
v  19.6519 -0.6005 -0.4150
v  19.6745 -0.6101 -0.4448
v  19.6708 -0.6013 -0.4173
v  19.7279 -0.5556 -0.2969
v  19.7103 -0.5811 -0.3415
v  19.6992 -0.5003 -0.3424
v  19.6961 -0.4711 -0.3240
v  19.7281 -0.4410 -0.2595
v  19.7316 -0.5222 -0.2263
v  19.7369 -0.5887 -0.2830
v  19.7034 -0.3925 -0.1378
v  19.7207 -0.4469 -0.0983
v  19.6844 -0.5407 -0.1860
v  19.6962 -0.3371 -0.0303
v  19.6989 -0.3936 0.0178
v  19.7007 -0.3015 0.0830
v  19.6790 -0.4999 -0.0891
v  19.6582 -0.4461 0.0428
v  19.6396 -0.5061 -0.0972
v  19.6522 -0.5367 -0.1985
v  19.5828 -0.5008 -0.1184
v  19.6083 -0.5318 -0.2212
v  19.5554 -0.4648 -0.1619
v  19.5845 -0.5164 -0.2680
v  19.5310 -0.4089 -0.0457
v  19.5598 -0.4563 0.0302
v  19.6136 -0.4654 0.0450
v  19.6405 -0.3834 0.1566
v  19.6875 -0.3379 0.1165
v  19.6953 -0.2733 0.1485
v  19.6767 -0.3038 0.1750
v  19.6644 -0.2078 0.2250
v  19.6530 -0.2647 0.2431
v  19.5991 -0.2280 0.2800
v  19.5424 -0.2393 0.2592
v  19.5937 -0.2773 0.2842
v  19.6401 -0.3282 0.2302
v  19.6374 -0.3476 0.1954
v  19.5946 -0.3980 0.1704
v  19.5310 -0.3480 0.1634
v  19.5481 -0.3753 -0.1277
v  19.5666 -0.4217 -0.2316
v  19.5797 -0.3718 -0.1526
v  19.6155 -0.3709 -0.1677
v  19.5935 -0.4087 -0.2544
v  19.5999 -0.4460 -0.3289
v  19.5705 -0.4842 -0.3115
v  19.6057 -0.5350 -0.3116
v  19.6033 -0.5510 -0.2812
v  19.6171 -0.5936 -0.3130
v  19.6087 -0.5415 -0.3599
v  19.6680 -0.6739 -0.5236
v  19.6196 -0.5028 -0.3880
v  19.6420 -0.5385 -0.4098
v  19.6618 -0.5904 -0.4531
v  19.6491 -0.4956 -0.3906
v  19.7081 -0.5552 -0.3969
v  19.6192 -0.4517 -0.3549
v  19.6244 -0.4309 -0.3267
v  19.6650 -0.4435 -0.3282
v  19.6353 -0.4127 -0.3013
v  19.6897 -0.4103 -0.2767
v  19.6242 -0.3918 -0.2775
v  19.6639 -0.3753 -0.1665
v  19.6610 -0.6993 -0.2523
v  19.6609 -0.6776 -0.2843
v  19.6806 -0.7320 -0.2872
v  19.6766 -0.6928 -0.2607
v  19.7782 -0.1282 -0.4031
v  19.7397 -0.1335 -0.4047
v  19.6791 -0.1252 -0.4260
v  19.6923 -0.1298 -0.3780
v  19.7144 -0.1618 -0.3794
v  19.4852 -0.1635 -0.1429
v  19.4551 -0.1900 -0.0485
v  19.5236 0.0666 -0.1832
v  19.7984 -0.6213 0.3061
v  19.8115 -0.6729 0.2637
v  19.7934 -0.6496 0.2426
v  19.7677 -0.6626 0.2650
v  19.7550 -0.7151 0.2256
v  19.7826 -0.7106 0.1910
v  19.7609 -0.7553 0.1793
v  19.7453 -0.7644 0.2076
v  19.7780 -0.7316 0.2588
v  19.7883 -0.6731 0.3060
v  19.7756 -0.6352 0.3171
v  19.7988 -0.6151 0.3899
v  19.8136 -0.6455 0.3161
v  19.8070 -0.6301 0.3906
v  19.8056 -0.7256 0.2241
v  19.7880 -0.7602 0.1790
v  19.7994 -0.7750 0.2065
v  19.7699 -0.7857 0.2399
v  19.7653 -0.7994 0.2478
v  19.7259 -0.7703 0.1936
v  19.7547 -0.7566 0.1491
v  19.7558 -0.8337 0.2073
v  19.8133 -0.7864 0.2030
v  19.7981 -0.7634 0.1486
v  19.7978 -0.8244 0.1671
v  19.7815 -0.8030 0.1294
v  19.6818 -0.7408 0.0144
v  19.7081 -0.7599 -0.0549
v  19.6395 -0.7727 0.0006
v  19.5792 -0.7473 0.0029
v  19.6173 -0.7188 -0.0443
v  19.6711 -0.7160 -0.0387
v  19.6725 -0.6495 -0.1010
v  19.7018 -0.6956 -0.1331
v  19.6225 -0.6593 -0.1109
v  19.5953 -0.7177 -0.1492
v  19.5815 -0.7646 -0.0954
v  19.5608 -0.7781 -0.0358
v  19.5763 -0.8198 -0.0763
v  19.6525 -0.7963 -0.1256
v  19.6539 -0.7547 -0.1709
v  19.6033 -0.6757 -0.2017
v  19.6303 -0.6172 -0.1433
v  19.6771 -0.6093 -0.1254
v  19.7167 -0.6296 -0.1495
v  19.7186 -0.6731 -0.1907
v  19.7207 -0.5833 -0.1893
v  19.7279 -0.6160 -0.2461
v  19.6827 -0.5732 -0.1670
v  19.6357 -0.5700 -0.1927
v  19.6046 -0.6207 -0.2793
v  19.6718 -0.6443 -0.3163
v  19.6837 -0.6707 -0.2873
v  19.6812 -0.8898 -0.0807
v  20.0206 -0.0599 -5.0794
v  20.0322 -0.0811 -5.0648
v  20.0053 -0.1081 -5.0947
v  19.9873 -0.1609 -5.1300
v  19.9826 -0.0910 -5.0966
v  19.9938 -0.0522 -5.0682
v  19.9829 -0.1132 -5.0919
v  20.0031 -0.0762 -5.0500
v  19.6133 -0.9119 -0.1350
v  19.6353 -0.8760 -0.1308
v  19.5808 -0.4741 -0.5436
v  19.5765 -0.4495 -0.5455
v  19.5241 -0.4694 -0.6686
v  19.5679 -0.4615 -0.5371
v  19.5409 -0.1503 -0.2183
v  19.5172 -0.2930 0.2325
v  19.5198 -0.2548 0.2246
v  19.5417 -0.2811 0.2693
v  19.5887 -0.3519 0.2402
v  19.5353 -0.3334 0.2362
v  19.5414 -0.3458 0.1949
v  19.5887 -0.3645 0.2004
v  19.6951 -0.6860 -0.5059
v  19.7166 -0.2838 0.0617
v  19.7411 -0.2484 0.0216
v  19.7120 -0.3015 -0.0413
v  19.7391 -0.2754 -0.0962
v  19.7858 -0.2341 -0.1822
v  19.8261 -0.1718 -0.2740
v  19.8516 -0.1206 -0.3283
v  19.7835 0.0691 -0.5583
v  19.6740 0.0720 -0.5285
v  19.7772 0.1182 -0.5382
v  19.5987 0.0882 -0.5513
v  19.7514 0.1437 -0.4937
v  19.7132 0.1175 -0.4450
v  19.7028 0.0603 -0.4149
v  19.7056 0.0023 -0.4160
v  19.7458 0.3221 -0.4447
v  19.8083 0.2084 -0.4762
v  20.1565 -0.1351 -2.9194
v  20.1210 -0.1037 -2.6015
v  20.1064 -0.0140 -2.6664
v  20.0679 0.0232 -2.7035
v  20.0726 0.0178 -2.5605
v  20.1108 -0.0158 -2.5547
v  20.1256 -0.1095 -2.4288
v  20.1640 -0.0454 -2.7710
v  20.0777 -0.1771 -2.5100
v  20.0953 -0.1714 -2.3162
v  20.1596 -0.0176 -2.5996
v  20.1542 -0.1005 -2.3575
v  20.1329 -0.0232 -2.3032
v  20.0789 0.0226 -2.4017
v  19.6894 -0.0223 -0.3790
v  19.6438 -0.0734 -0.3829
v  19.5918 -0.0389 -0.4365
v  19.6160 -0.0603 -0.3667
v  20.0745 -0.1956 -2.4342
v  19.8345 -0.1122 -0.4484
v  19.8410 -0.0746 -0.5899
v  19.8641 0.1071 -0.6604
v  19.8748 0.1995 -0.5865
v  19.6964 0.0678 -0.3850
v  19.6580 0.0393 -0.4037
v  19.6238 0.0017 -0.3598
v  19.6054 0.0544 -0.4712
v  19.6087 0.0380 -0.3338
v  19.6321 0.0794 -0.3560
v  19.6539 0.0787 -0.3866
v  19.5291 0.0776 -0.1552
v  19.5062 -0.1303 0.0190
v  20.0827 -0.1081 -5.0947
v  20.0558 -0.0811 -5.0648
v  20.0674 -0.0599 -5.0794
v  20.1007 -0.1609 -5.1300
v  20.1054 -0.0910 -5.0966
v  20.0942 -0.0522 -5.0682
v  20.1051 -0.1132 -5.0919
v  20.0849 -0.0762 -5.0500
v  20.0051 -0.0798 -5.1423
v  19.9867 -0.0528 -5.1294
v  19.9784 -0.1133 -5.2296
v  20.0154 -0.0685 -5.1612
v  20.0010 -0.0431 -5.1524
v  20.1096 -0.1133 -5.2296
v  20.1013 -0.0528 -5.1294
v  20.0829 -0.0798 -5.1423
v  20.0726 -0.0685 -5.1612
v  20.0870 -0.0431 -5.1524
v  19.9718 -0.0948 -5.3960
v  20.0178 -0.0981 -5.3630
v  20.0064 -0.0815 -5.3541
v  20.0025 -0.0611 -5.3631
v  20.0816 -0.0815 -5.3541
v  20.0702 -0.0981 -5.3630
v  20.1162 -0.0948 -5.3960
v  20.0856 -0.0611 -5.3631
v  20.0440 -0.1446 -5.4406
v  20.0440 -0.1173 -5.4148
v  20.0369 -0.1147 -5.4216
v  20.0410 -0.1389 -5.4435
v  20.0440 -0.1899 -5.4631
v  20.0440 -0.1117 -5.4305
v  20.0440 -0.1333 -5.4463
v  20.0511 -0.1147 -5.4216
v  20.0470 -0.1389 -5.4435
v  20.0440 -0.1544 -5.3913
v  20.0440 -0.1072 -5.3312
v  20.0279 -0.1016 -5.3438
v  20.0440 -0.0977 -5.3536
v  20.0601 -0.1016 -5.3438
v  20.0440 -0.1713 -5.3367
v  20.0440 -0.1005 -5.2486
v  20.0198 -0.0921 -5.2671
v  20.0440 -0.0862 -5.2815
v  20.0682 -0.0921 -5.2671
v  20.0440 0.1305 -5.4028
v  20.0440 0.0497 -5.3592
v  20.0283 0.0515 -5.3425
v  20.0440 0.0558 -5.3213
v  20.0597 0.0515 -5.3425
v  20.0440 0.0847 -5.2934
v  20.0440 0.0323 -5.2445
v  20.0315 0.0359 -5.2317
v  20.0440 0.0411 -5.2153
v  20.0565 0.0359 -5.2317
v  20.0440 0.0802 -5.1902
v  20.0440 0.0388 -5.1852
v  20.0365 0.0341 -5.1790
v  20.0440 0.0379 -5.1736
v  20.0515 0.0341 -5.1790
v  20.0440 0.0584 -5.1593
v  20.0440 0.0331 -5.1468
v  20.0307 0.0284 -5.1330
v  20.0440 0.0312 -5.1213
v  19.5484 -0.1471 0.0990
v  19.5437 -0.1815 0.0965
v  19.4831 -0.1857 0.0766
v  19.5339 -0.1451 0.1255
v  19.5500 -0.1753 0.1277
v  19.5641 -0.1916 0.1523
v  19.5556 -0.2443 0.1463
v  19.4739 -0.2510 0.1330
v  19.5425 -0.1915 0.1921
v  19.5638 -0.2404 0.1944
v  19.5544 -0.1663 0.1191
v  19.5487 -0.2107 0.1155
v  19.4783 -0.2200 0.1050
v  19.5360 -0.1632 0.1534
v  19.5566 -0.2021 0.1549
v  19.4832 -0.9014 0.3523
v  19.5171 -0.9517 0.3728
v  19.4796 -0.8829 0.4682
v  19.5154 -0.8425 0.4613
v  19.5100 -0.9352 0.4869
v  19.4787 -0.8899 0.5684
v  19.5074 -0.8572 0.5854
v  19.5009 -0.9357 0.5900
v  19.4771 -0.9117 0.6500
v  19.4864 -0.9726 0.7026
v  19.5175 -0.9184 0.6509
v  19.4744 -0.9617 0.7204
v  19.4977 -0.8935 0.6773
v  19.4804 -1.0031 0.7492
v  19.5242 -0.8581 0.3403
v  19.5700 -0.9121 0.3594
v  19.5491 -0.8937 0.4744
v  19.5332 -0.8966 0.5723
v  19.4980 -0.9646 0.7221
v  19.4860 -0.9551 0.7389
v  19.6632 -0.8754 0.3510
v  19.6925 -0.9266 0.3613
v  19.6668 -0.8586 0.4923
v  19.7064 -0.8239 0.4824
v  19.6951 -0.9079 0.5033
v  19.6714 -0.8706 0.5843
v  19.7047 -0.8424 0.5947
v  19.6720 -0.9050 0.6622
v  19.6929 -0.9212 0.6069
v  19.6828 -0.9718 0.7267
v  19.6726 -0.9592 0.7436
v  19.6978 -0.8868 0.6827
v  19.6858 -0.9518 0.7595
v  19.6782 -1.0003 0.7786
v  19.7039 -0.8390 0.3423
v  19.7332 -0.8880 0.3519
v  19.7357 -0.8712 0.4930
v  19.7293 -0.8805 0.5839
v  19.7188 -0.9126 0.6614
v  19.6977 -0.9635 0.7433
v  20.0573 0.0284 -5.1330
v  19.8975 -0.1727 -0.5321
v  19.8937 -0.2083 -0.3401
v  19.9067 -0.2154 -0.1993
v  19.9141 -0.1464 -0.0902
v  19.9833 -0.2067 -0.0875
v  19.9891 -0.1439 -0.0090
v  19.9175 -0.1116 -0.0221
v  20.0440 0.0612 -5.1373
v  20.0440 0.0339 -5.1270
v  20.0307 0.0266 -5.1137
v  20.0440 0.0272 -5.1018
v  20.0573 0.0266 -5.1137
v  20.0440 0.0618 -5.1158
v  20.0440 0.0301 -5.1034
v  20.0284 0.0220 -5.0877
v  20.0440 0.0230 -5.0738
v  20.0440 0.0533 -5.0172
v  20.0440 0.0180 -4.9602
v  20.0633 0.0126 -4.9773
v  20.0440 0.0180 -4.9977
v  20.0247 0.0126 -4.9773
v  20.0440 0.0500 -5.0609
v  20.0440 0.0206 -5.0042
v  20.0633 0.0152 -5.0211
v  20.0440 0.0206 -5.0415
v  20.0247 0.0152 -5.0211
v  20.0440 0.0728 -5.1014
v  20.0440 0.0258 -5.0449
v  20.0633 0.0204 -5.0617
v  20.0440 0.0258 -5.0820
v  20.0247 0.0204 -5.0617
v  20.0596 0.0220 -5.0877
v  20.0708 -0.1097 -5.4756
v  20.0440 -0.1182 -5.3346
v  20.0440 -0.1222 -5.4699
v  20.0440 -0.1119 -5.4923
v  20.0662 -0.1129 -5.3319
v  20.0440 -0.1056 -5.2921
v  20.0644 -0.1006 -5.2936
v  20.0648 -0.1129 -5.2596
v  20.0440 -0.1174 -5.2597
v  20.0440 -0.0940 -5.1560
v  20.0661 -0.0903 -5.1559
v  20.0939 -0.0713 -5.2380
v  20.0960 -0.0763 -5.3096
v  20.1006 -0.0825 -5.4635
v  20.1047 -0.0869 -5.5113
v  20.0741 -0.1137 -5.5295
v  20.0440 -0.1222 -5.5378
v  20.0440 -0.1043 -5.5569
v  20.1046 -0.0592 -5.5128
v  20.1175 -0.0007 -5.4474
v  20.1089 -0.0025 -5.3160
v  20.0970 -0.0122 -5.2362
v  20.0967 -0.0664 -5.1509
v  20.0838 -0.0732 -4.9601
v  20.0440 -0.0864 -4.9566
v  20.0440 -0.0789 -4.9094
v  20.0762 -0.0742 -4.8935
v  20.0440 -0.0892 -4.8809
v  20.0821 -0.0732 -4.8452
v  20.0440 -0.0850 -4.8361
v  20.0692 -0.0921 -4.8139
v  20.0440 -0.0944 -4.8132
v  20.0790 -0.0909 -4.7648
v  20.0440 -0.0996 -4.7666
v  20.0440 -0.1072 -4.6128
v  20.0780 -0.0974 -4.6049
v  20.0440 -0.1243 -4.4606
v  20.0659 -0.1224 -4.4479
v  20.0440 -0.1633 -4.4800
v  20.0440 -0.1311 -4.4038
v  20.0674 -0.1215 -4.4019
v  20.0890 -0.1056 -4.3985
v  20.0873 -0.1022 -4.4356
v  20.1111 -0.0793 -4.4619
v  20.1108 -0.0579 -4.6161
v  20.1091 -0.0521 -4.7622
v  20.1180 -0.0383 -4.8693
v  20.0963 -0.0240 -4.8952
v  20.0893 -0.0087 -4.8547
v  20.0993 -0.0095 -4.7681
v  20.1028 -0.0144 -4.6235
v  20.1188 -0.0481 -4.5851
v  20.1170 -0.0542 -4.4896
v  20.1038 -0.0169 -4.4556
v  20.1295 -0.0548 -4.4816
v  20.1105 -0.0426 -4.3969
v  20.0718 0.0127 -4.4122
v  20.0440 0.0183 -4.4237
v  20.0728 0.0210 -4.4966
v  20.0754 0.0169 -4.6032
v  20.0710 0.0143 -4.6578
v  20.0678 0.0178 -4.6972
v  20.0678 0.0239 -4.7914
v  20.0670 0.0192 -4.8646
v  20.0440 0.0178 -4.8766
v  20.0646 0.0147 -4.9147
v  20.1092 -0.0200 -4.9552
v  20.1019 -0.0196 -4.9792
v  20.0668 0.0234 -4.9569
v  20.0440 0.0208 -4.9195
v  20.0440 0.0336 -4.9590
v  20.0645 0.0172 -4.9680
v  20.0440 0.0219 -4.9642
v  20.0440 0.0392 -5.1269
v  20.0665 0.0310 -5.1269
v  20.0440 0.0359 -5.1627
v  20.1026 -0.0153 -5.1418
v  20.0649 0.0279 -5.1646
v  20.0981 -0.0158 -5.1666
v  20.0664 0.0467 -5.2239
v  20.0440 0.0565 -5.2253
v  20.0440 0.0473 -5.2542
v  20.0662 0.0366 -5.2529
v  20.0727 0.0647 -5.3400
v  20.0440 0.0766 -5.3444
v  20.0736 0.0569 -5.3854
v  20.0440 0.0641 -5.3809
v  20.0440 0.0745 -5.3937
v  20.0440 0.0695 -5.4305
v  20.0737 0.0580 -5.4315
v  20.1069 0.0085 -5.4956
v  20.0719 0.0639 -5.4830
v  20.0440 0.0747 -5.4828
v  20.0946 -0.0144 -5.5961
v  20.0855 -0.0669 -5.6010
v  20.0440 -0.0863 -5.6265
v  20.0720 -0.0587 -5.7467
v  20.0440 -0.0699 -5.7523
v  20.0440 0.0122 -5.9458
v  20.0790 -0.0191 -5.7404
v  20.0440 0.0305 -5.5991
v  20.0440 0.0153 -5.7397
v  20.0440 0.0374 -4.5067
v  20.0440 0.0159 -4.5023
v  20.0440 0.0412 -4.6309
v  20.0440 0.0197 -4.6209
v  20.0440 0.0378 -4.6739
v  20.0440 0.0177 -4.6639
v  20.0440 0.0394 -4.7120
v  20.0440 0.0182 -4.7035
v  20.0440 0.0451 -4.8080
v  20.0440 0.0193 -4.7929
v  20.0440 0.0320 -4.8841
v  20.0152 0.0210 -4.4966
v  20.0162 0.0127 -4.4122
v  19.9775 -0.0426 -4.3969
v  19.9990 -0.1056 -4.3985
v  20.0206 -0.1215 -4.4019
v  20.0221 -0.1224 -4.4479
v  20.0100 -0.0974 -4.6049
v  20.0007 -0.1022 -4.4356
v  19.9769 -0.0793 -4.4619
v  19.9585 -0.0548 -4.4816
v  19.9842 -0.0169 -4.4556
v  19.9852 -0.0144 -4.6235
v  20.0126 0.0169 -4.6032
v  20.0170 0.0143 -4.6578
v  20.0202 0.0178 -4.6972
v  20.0202 0.0239 -4.7914
v  20.0210 0.0192 -4.8646
v  19.9987 -0.0087 -4.8547
v  19.9887 -0.0095 -4.7681
v  19.9789 -0.0521 -4.7622
v  19.9772 -0.0579 -4.6161
v  19.9692 -0.0481 -4.5851
v  19.9710 -0.0542 -4.4896
v  20.0090 -0.0909 -4.7648
v  20.0188 -0.0921 -4.8139
v  20.0059 -0.0732 -4.8452
v  19.9700 -0.0383 -4.8693
v  19.9917 -0.0240 -4.8952
v  20.0235 0.0147 -4.9147
v  20.0212 0.0234 -4.9569
v  19.9788 -0.0200 -4.9552
v  20.0118 -0.0742 -4.8935
v  20.0042 -0.0732 -4.9601
v  20.0219 -0.0903 -5.1559
v  20.0232 -0.1129 -5.2596
v  20.0236 -0.1006 -5.2936
v  19.9941 -0.0713 -5.2380
v  19.9913 -0.0664 -5.1509
v  19.9861 -0.0196 -4.9792
v  20.0235 0.0172 -4.9680
v  20.0215 0.0310 -5.1269
v  19.9854 -0.0153 -5.1418
v  20.0231 0.0279 -5.1646
v  19.9899 -0.0158 -5.1666
v  19.9910 -0.0122 -5.2362
v  19.9920 -0.0763 -5.3096
v  20.0218 -0.1129 -5.3319
v  20.0172 -0.1097 -5.4756
v  20.0139 -0.1137 -5.5295
v  19.9833 -0.0869 -5.5113
v  19.9874 -0.0825 -5.4635
v  19.9705 -0.0007 -5.4474
v  19.9791 -0.0025 -5.3160
v  20.0218 0.0366 -5.2529
v  20.0216 0.0467 -5.2239
v  20.0153 0.0647 -5.3400
v  20.0144 0.0569 -5.3854
v  20.0143 0.0580 -5.4315
v  19.9811 0.0085 -5.4956
v  19.9834 -0.0592 -5.5128
v  20.0025 -0.0669 -5.6010
v  19.9934 -0.0144 -5.5961
v  20.0161 0.0639 -5.4830
v  20.0090 -0.0191 -5.7404
v  20.0160 -0.0587 -5.7467
v  19.6848 -0.8994 0.3488
v  19.5925 -0.4216 -0.5055
v  19.5412 -0.4157 -0.6203
v  19.5897 -0.3980 -0.5048
v  19.5815 -0.4109 -0.5000
v  19.6179 -0.5588 -0.4658
v  19.5702 -0.5594 -0.5729
v  19.6190 -0.5402 -0.4804
v  19.6049 -0.5443 -0.4718
v  19.5910 -0.3570 -0.4593
v  19.5549 -0.2784 -0.5550
v  19.5990 -0.3496 -0.4577
v  19.5928 -0.3354 -0.4465
v  19.5837 -0.3480 -0.4474
v  19.6686 -0.7304 -0.3290
v  19.9688 -0.0976 -5.0018
v  19.9656 -0.1156 -5.0460
v  19.9907 -0.1037 -5.0040
v  20.0069 -0.0651 -4.9674
v  20.0292 -0.0857 -4.9791
v  20.0273 -0.0649 -4.9947
v  19.9781 -0.0789 -5.0083
v  20.0079 -0.0437 -4.9866
v  20.0973 -0.1037 -5.0040
v  20.1224 -0.1156 -5.0460
v  20.1192 -0.0976 -5.0018
v  20.0811 -0.0651 -4.9674
v  20.0588 -0.0857 -4.9791
v  20.0607 -0.0649 -4.9947
v  20.1099 -0.0789 -5.0083
v  20.0801 -0.0437 -4.9866
v  20.0440 0.1088 -5.4407
v  20.0440 0.0595 -5.3986
v  20.0875 0.0763 -5.4588
v  20.0440 0.1428 -5.5161
v  20.0934 0.0146 -5.4172
v  20.0440 0.0019 -5.4438
v  20.0440 0.0545 -5.4785
v  20.0733 0.1204 -5.5227
v  20.0440 0.1323 -5.6036
v  20.0440 0.1032 -5.5295
v  20.0005 0.0763 -5.4588
v  19.9946 0.0146 -5.4172
v  20.0147 0.1204 -5.5227
# 1000 vertices

vn -0.0870 0.9501 -0.2995
vn 0.6004 0.0258 -0.7993
vn 0.7899 -0.4453 -0.4216
vn 0.2867 0.3741 0.8820
vn 0.0482 -0.2971 0.9536
vn 0.0180 0.0471 -0.9987
vn 0.2264 0.0603 0.9722
vn -0.1907 0.9516 0.2411
vn 0.4746 -0.6017 0.6424
vn 0.7321 0.6785 -0.0614
vn 0.1958 -0.2967 0.9347
vn 0.2853 -0.0963 0.9536
vn 0.6902 0.3115 -0.6531
vn 0.6375 -0.3773 0.6717
vn 0.3748 0.4443 -0.8137
vn 0.3393 0.6574 -0.6728
vn 0.0682 0.2981 -0.9521
vn 0.6472 -0.2859 0.7066
vn 0.6840 0.1994 -0.7017
vn 0.9860 0.1421 -0.0868
vn 0.3537 0.8757 -0.3288
vn -0.1586 -0.0451 0.9863
vn -0.4527 -0.1145 -0.8843
vn 0.1554 -0.9426 -0.2956
vn -0.1035 -0.9381 0.3306
vn 0.7759 0.4058 -0.4830
vn -0.0937 0.7972 -0.5965
vn 0.4603 0.0832 0.8839
vn -0.4188 -0.7437 -0.5210
vn -0.8987 -0.2738 -0.3426
vn 0.4756 -0.8273 -0.2989
vn -0.1706 0.8082 -0.5637
vn -0.8070 -0.5554 -0.2009
vn 0.6241 -0.3155 -0.7148
vn 0.2456 0.3631 0.8988
vn -0.5387 0.3092 -0.7837
vn 0.4473 -0.8152 -0.3680
vn 0.5308 -0.6068 -0.5916
vn 0.5447 -0.8333 0.0945
vn -0.7736 0.3067 -0.5546
vn 0.0189 -0.7361 -0.6766
vn 0.9341 -0.1722 -0.3128
vn -0.0506 -0.0737 0.9960
vn 0.9553 -0.2778 -0.1011
vn 0.3868 -0.3624 -0.8480
vn 0.2644 0.5329 0.8038
vn 0.0827 -0.9596 -0.2691
vn 0.6855 -0.3193 -0.6543
vn 0.0526 0.2708 0.9612
vn 0.5880 -0.6962 -0.4117
vn -0.4137 -0.5670 0.7123
vn 0.5967 0.7740 -0.2116
vn -0.1883 -0.8615 -0.4715
vn 0.3383 0.9282 -0.1551
vn -0.4004 -0.1905 0.8963
vn -0.1035 0.0267 -0.9943
vn 0.4435 -0.4977 0.7454
vn -0.5470 0.6759 0.4939
vn -0.3538 0.6157 -0.7041
vn -0.1975 -0.5061 -0.8395
vn 0.0481 -0.4332 0.9000
vn -0.2288 0.7368 0.6363
vn -0.5938 -0.5996 0.5365
vn -0.2791 -0.4046 0.8708
vn -0.8085 -0.4129 0.4193
vn 0.9051 -0.1923 -0.3793
vn -0.2946 -0.1072 0.9496
vn 0.9135 -0.3217 -0.2489
vn -0.3753 -0.6010 0.7056
vn -0.0856 0.1657 -0.9825
vn 0.5342 0.8367 -0.1205
vn -0.1851 -0.3915 0.9014
vn 0.1037 -0.1061 0.9889
vn 0.2130 -0.0279 0.9767
vn -0.7478 -0.6404 0.1753
vn -0.2432 0.7799 0.5768
vn -0.3425 -0.2737 -0.8988
vn -0.5137 0.0907 -0.8532
vn -0.6876 0.3416 0.6407
vn -0.0492 0.2708 0.9614
vn -0.7220 0.3227 0.6120
vn 0.2432 0.8758 0.4170
vn -0.9775 -0.0385 -0.2072
vn -0.8180 0.5263 -0.2323
vn 0.1329 -0.4920 0.8604
vn 0.6506 0.2341 -0.7224
vn 0.4160 0.8714 -0.2599
vn 0.5447 0.3629 -0.7560
vn 0.4812 0.8417 -0.2450
vn 0.3088 0.5140 -0.8003
vn -0.5180 0.3081 0.7979
vn 0.7592 0.6264 -0.1767
vn 0.4899 0.4355 -0.7552
vn -0.1606 -0.3914 -0.9061
vn -0.5343 0.4934 0.6863
vn -0.3426 -0.0284 -0.9390
vn -0.3630 -0.8344 -0.4147
vn 0.4358 -0.6887 -0.5794
vn 0.8188 0.5336 -0.2117
vn 0.8576 0.2008 -0.4734
vn -0.6994 0.4198 -0.5785
vn 0.5858 0.5840 -0.5619
vn 0.4589 0.6846 -0.5663
vn 0.9424 0.3182 0.1027
vn 0.0465 -0.7852 -0.6175
vn 0.3416 0.9329 -0.1142
vn 0.7521 0.3436 -0.5624
vn -0.6962 0.3114 0.6468
vn 0.8588 0.1168 -0.4988
vn -0.2590 0.6240 0.7372
vn -0.7656 0.6430 0.0207
vn 0.5997 0.0542 0.7984
vn -0.7904 0.5132 0.3344
vn -0.9906 -0.1255 -0.0539
vn 0.3950 0.8703 0.2943
vn -0.6172 0.5669 0.5456
vn -0.7418 0.4326 -0.5125
vn -0.2398 0.9077 0.3445
vn 0.3163 -0.9018 0.2945
vn -0.2738 0.7393 0.6152
vn -0.7576 0.0572 -0.6502
vn -0.7207 0.6864 0.0974
vn -0.3152 0.6278 0.7117
vn -0.7544 -0.3172 -0.5747
vn -0.8661 -0.4005 -0.2990
vn -0.3745 0.6613 -0.6499
vn -0.1639 0.6778 0.7167
vn 0.8130 -0.1960 -0.5483
vn -0.0123 -0.2638 0.9645
vn -0.0803 0.0035 -0.9968
vn -0.3174 -0.8538 -0.4126
vn 0.3552 0.2518 0.9002
vn -0.1746 -0.2544 -0.9512
vn -0.5744 0.5816 -0.5760
vn 0.5323 0.0059 -0.8466
vn 0.5241 0.1053 0.8451
vn -0.5473 0.0631 0.8345
vn 0.7869 -0.4224 -0.4498
vn 0.1060 -0.0142 0.9943
vn 0.1478 0.5209 0.8407
vn 0.2763 0.5042 -0.8182
vn 0.2651 -0.5106 0.8179
vn 0.5424 -0.4314 0.7209
vn -0.1830 0.7453 -0.6412
vn 0.4701 0.6611 -0.5848
vn -0.0159 -0.3203 -0.9472
vn -0.4383 0.7580 -0.4830
vn 0.2899 -0.0836 0.9534
vn 0.1361 0.0217 -0.9905
vn 0.4228 -0.8884 0.1787
vn -0.4813 0.4398 -0.7583
vn -0.6820 -0.2169 -0.6984
vn 0.7218 -0.0424 0.6908
vn 0.1571 0.9030 -0.3998
vn 0.0240 -0.4200 -0.9072
vn 0.9647 0.0362 0.2608
vn -0.9186 0.3700 -0.1389
vn -0.2083 0.0145 -0.9780
vn 0.8264 0.5592 -0.0655
vn -0.4142 0.5712 0.7087
vn 0.0838 0.2591 -0.9622
vn -0.2270 -0.0291 0.9735
vn -0.0977 -0.1192 0.9881
vn 0.4311 -0.3242 0.8421
vn 0.1682 -0.3946 0.9033
vn -0.0745 0.1040 0.9918
vn 0.7411 0.1147 0.6615
vn -0.6924 -0.1293 0.7099
vn 0.8711 -0.4711 0.1386
vn -0.5026 0.5351 0.6790
vn -0.5452 0.8288 -0.1260
vn -0.0626 -0.8659 0.4962
vn -0.3274 -0.8985 0.2924
vn -0.4304 -0.7869 0.4422
vn 0.2564 0.7446 0.6163
vn 0.7596 0.0706 -0.6466
vn -0.4055 -0.0386 -0.9133
vn -0.3770 -0.6034 0.7027
vn -0.6695 -0.6270 -0.3983
vn 0.8705 -0.3929 -0.2964
vn -0.8645 0.0190 -0.5023
vn 0.8380 0.5343 -0.1109
vn 0.0760 -0.1786 -0.9810
vn -0.3858 -0.6776 0.6261
vn -0.3064 -0.7479 0.5889
vn 0.4226 0.1427 0.8950
vn 0.5385 -0.5730 0.6178
vn -0.9199 -0.1680 0.3544
vn 0.4460 0.2006 -0.8723
vn 0.6660 0.3013 0.6823
vn 0.5906 -0.0193 0.8067
vn -0.9742 -0.2251 0.0182
vn 0.4762 0.1921 0.8581
vn 0.5800 -0.1426 0.8020
vn -0.9891 0.1281 -0.0723
vn 0.5298 0.1809 0.8286
vn 0.5018 -0.3463 0.7927
vn -0.9120 0.1951 -0.3607
vn 0.5053 0.3111 0.8049
vn 0.5813 -0.4121 0.7016
vn -0.9954 0.0831 0.0474
vn 0.1490 -0.3918 -0.9079
vn -0.6846 -0.2563 0.6824
vn 0.3315 -0.0265 -0.9431
vn 0.5281 0.1660 0.8328
vn 0.6890 -0.2190 0.6909
vn -0.8832 -0.3803 0.2743
vn 0.6940 0.4325 -0.5755
vn 0.4847 -0.8049 0.3423
vn -0.8431 -0.4403 -0.3088
vn 0.7602 -0.2639 0.5936
vn 0.0885 0.8427 -0.5311
vn 0.5303 0.3117 -0.7884
vn -0.2620 0.3606 0.8952
vn 0.8013 -0.5663 -0.1928
vn 0.3447 -0.8397 -0.4197
vn 0.3331 -0.2676 -0.9041
vn -0.4584 -0.6142 0.6424
vn 0.2279 0.7827 0.5791
vn -0.4563 -0.4986 0.7370
vn 0.9460 -0.1619 0.2810
vn 0.8298 -0.4882 0.2703
vn 0.0996 0.0100 -0.9950
vn 0.1991 -0.4893 -0.8491
vn 0.1860 -0.5102 -0.8397
vn 0.4216 0.4444 -0.7904
vn 0.9226 -0.0896 0.3752
vn -0.2537 0.8738 0.4148
vn 0.3521 -0.7759 0.5235
vn 0.0887 -0.8943 -0.4385
vn 0.0917 -0.8518 0.5158
vn -0.4535 0.6994 0.5525
vn -0.5642 0.3893 -0.7281
vn 0.3105 -0.5201 0.7957
vn -0.0893 -0.1728 -0.9809
vn -0.8939 -0.1827 0.4094
vn 0.5734 0.2218 0.7887
vn 0.2569 0.5043 0.8245
vn -0.5241 -0.0574 0.8497
vn 0.7703 0.1559 0.6183
vn -0.9518 -0.0356 -0.3047
vn 0.5083 0.1282 0.8516
vn -0.9563 0.0537 0.2874
vn -0.0672 0.2703 0.9604
vn 0.5686 0.3013 0.7654
vn -0.6018 0.7672 -0.2217
vn -0.4072 0.4749 -0.7802
vn -0.4432 -0.4005 -0.8020
vn 0.6103 0.5730 0.5470
vn 0.4694 0.1822 0.8640
vn -0.2334 0.9651 0.1191
vn 0.3046 0.9525 -0.0062
vn 0.5870 -0.6085 0.5340
vn -0.9822 0.0293 0.1856
vn 0.6055 0.1193 0.7869
vn -0.0517 -0.9255 -0.3751
vn 0.2991 -0.8582 -0.4172
vn -0.3700 0.2496 0.8949
vn 0.0787 -0.0135 -0.9968
vn -0.7968 -0.2092 -0.5669
vn -0.0046 -0.2656 0.9641
vn 0.1611 -0.2578 -0.9527
vn 0.8186 -0.1639 0.5505
vn -0.1733 -0.8607 -0.4787
vn -0.8097 0.5186 -0.2747
vn -0.3407 -0.0646 -0.9380
vn 0.7034 -0.6693 0.2395
vn -0.0869 0.8838 -0.4597
vn -0.5179 0.6210 0.5884
vn -0.7003 -0.5080 -0.5016
vn -0.0706 -0.1529 -0.9857
vn -0.5738 0.5019 -0.6472
vn -0.6593 0.6261 -0.4163
vn -0.8718 -0.3662 -0.3254
vn 0.6206 0.7180 0.3150
vn 0.8342 0.5004 0.2319
vn 0.4359 0.3405 -0.8331
vn 0.1234 -0.9770 -0.1741
vn -0.5381 -0.7264 0.4276
vn 0.2765 0.5224 0.8066
vn 0.4800 0.5989 -0.6410
vn -0.7750 -0.5864 -0.2358
vn 0.0757 -0.9174 -0.3907
vn 0.0676 0.1172 -0.9908
vn -0.5536 -0.7147 0.4275
vn 0.5461 0.7761 -0.3153
vn 0.3184 0.8931 -0.3178
vn -0.1733 -0.8841 -0.4340
vn -0.7018 -0.4251 -0.5716
vn 0.5655 -0.4984 -0.6572
vn -0.1153 -0.9690 0.2183
vn -0.2920 0.5760 -0.7635
vn -0.7617 -0.0527 -0.6458
vn -0.3923 -0.5940 0.7023
vn 0.6524 0.7511 -0.1008
vn -0.9628 -0.2678 0.0347
vn -0.4339 -0.7925 -0.4286
vn 0.1384 0.8828 0.4488
vn 0.0563 0.2321 -0.9711
vn -0.3330 -0.8692 -0.3656
vn -0.3818 -0.9218 -0.0675
vn -0.5213 -0.7580 0.3921
vn 0.7428 0.5371 0.3997
vn 0.6749 0.5945 -0.4371
vn -0.1754 -0.4475 0.8769
vn 0.4707 0.4383 0.7657
vn -0.7886 -0.4834 -0.3801
vn -0.3941 -0.8563 -0.3337
vn -0.6871 -0.6437 0.3369
vn -0.7259 -0.6677 -0.1649
vn 0.5855 0.8025 -0.1148
vn -0.2770 -0.5372 0.7967
vn -0.1126 0.7083 0.6969
vn 0.0269 0.3094 -0.9506
vn 0.0791 0.7528 -0.6535
vn -0.6130 -0.6302 0.4765
vn -0.4069 0.1293 -0.9043
vn -0.3405 -0.7254 0.5982
vn -0.4840 0.7837 -0.3893
vn 0.2837 -0.8348 0.4718
vn -0.2287 -0.7845 0.5765
vn -0.7624 0.4208 -0.4917
vn 0.0847 0.6617 0.7450
vn -0.1916 0.9535 0.2325
vn -0.1421 0.6738 -0.7251
vn 0.9283 0.3176 0.1932
vn 0.1591 -0.4557 -0.8758
vn -0.1644 -0.7107 0.6840
vn -0.2945 -0.7909 0.5365
vn -0.8833 0.2176 0.4153
vn 0.5461 0.7171 -0.4330
vn 0.4291 0.4298 -0.7944
vn -0.1061 -0.9642 0.2430
vn -0.2489 -0.2225 0.9426
vn 0.6572 -0.2793 0.7000
vn 0.3329 -0.7447 -0.5784
vn 0.1144 0.6687 0.7347
vn 0.1381 0.9843 0.1099
vn 0.3237 0.8106 -0.4880
vn -0.5730 0.8177 -0.0548
vn -0.0749 -0.9672 0.2428
vn 0.1155 0.7814 0.6133
vn -0.0398 0.9533 -0.2993
vn -0.4089 0.8084 -0.4235
vn -0.9848 -0.1287 -0.1165
vn -0.0236 -0.9903 0.1368
vn -0.8848 -0.2911 -0.3638
vn -0.4096 -0.4956 -0.7659
vn -0.1580 -0.7297 0.6652
vn 0.1473 -0.2797 0.9487
vn 0.8199 0.4431 0.3626
vn 0.3154 0.8305 0.4591
vn 0.2203 0.5872 0.7789
vn -0.0131 0.7281 -0.6853
vn 0.0528 0.3516 -0.9347
vn -0.2330 -0.1064 -0.9666
vn 0.1445 0.7840 0.6037
vn -0.0939 0.3563 -0.9296
vn -0.4898 -0.5383 0.6858
vn 0.2419 -0.0459 0.9692
vn -0.0666 0.5430 -0.8371
vn -0.1309 -0.3945 -0.9095
vn -0.3632 0.4146 -0.8344
vn -0.0908 0.7081 -0.7002
vn -0.3368 0.9356 0.1056
vn -0.1346 0.7701 -0.6236
vn 0.1270 -0.8472 -0.5159
vn 0.8666 -0.0907 0.4906
vn -0.6446 -0.3588 -0.6751
vn -0.1953 0.8540 -0.4822
vn 0.3174 0.9443 0.0874
vn -0.5988 0.7010 0.3873
vn 0.7264 -0.0881 0.6816
vn -0.0715 -0.3827 0.9211
vn 0.3850 -0.1315 -0.9135
vn 0.1659 0.9806 -0.1043
vn -0.4739 0.2575 0.8421
vn -0.2941 0.6916 -0.6598
vn -0.1713 -0.5940 0.7860
vn -0.8460 0.3456 0.4059
vn 0.5694 -0.0695 -0.8191
vn 0.8159 -0.4273 0.3895
vn 0.4067 -0.7364 -0.5407
vn -0.0121 -0.4435 -0.8962
vn 0.9477 -0.2889 -0.1359
vn 0.9410 -0.3384 -0.0010
vn 0.7025 -0.6201 -0.3493
vn 0.7447 -0.5425 -0.3887
vn -0.4590 -0.0722 0.8855
vn 0.2397 0.5893 -0.7716
vn 0.1470 0.3866 -0.9104
vn 0.0845 0.8318 -0.5486
vn -0.6600 -0.4567 0.5965
vn -0.9378 -0.0005 -0.3471
vn 0.4283 0.2110 -0.8787
vn 0.7665 -0.2722 0.5816
vn 0.7253 -0.5339 -0.4346
vn 0.8012 0.5054 -0.3203
vn -0.8132 0.3758 -0.4444
vn -0.9689 0.1399 -0.2040
vn -0.0748 -0.7414 0.6669
vn 0.3196 0.8288 0.4593
vn 0.7776 -0.6107 0.1495
vn 0.6188 0.0804 -0.7814
vn 0.5329 0.4164 -0.7366
vn 0.5127 -0.3710 0.7742
vn 0.9495 0.0776 0.3040
vn 0.3133 0.5127 0.7994
vn 0.9389 0.3182 -0.1310
vn 0.7342 -0.6166 0.2841
vn -0.1819 -0.1244 -0.9754
vn -0.6492 0.6901 -0.3198
vn 0.9708 0.2332 -0.0563
vn 0.1356 0.4350 0.8902
vn -0.6823 -0.7238 0.1025
vn 0.9455 0.0255 0.3247
vn -0.7353 0.5421 -0.4068
vn -0.9132 -0.1264 0.3875
vn 0.9416 -0.0643 0.3306
vn -0.6427 0.7659 0.0169
vn 0.0366 0.6115 -0.7904
vn -0.6541 -0.4740 -0.5895
vn -0.8044 0.2699 -0.5292
vn 0.8832 -0.0152 -0.4687
vn 0.9888 0.1353 -0.0635
vn -0.7223 0.5940 -0.3542
vn 0.1874 0.4517 -0.8723
vn -0.2147 0.6112 -0.7618
vn -0.0536 -0.7313 -0.6799
vn -0.4668 -0.0067 0.8843
vn -0.1217 0.4168 -0.9008
vn 0.8180 0.0472 0.5733
vn 0.5273 -0.2850 -0.8005
vn -0.5388 0.3209 -0.7789
vn 0.6581 0.7290 0.1883
vn 0.3180 -0.7868 -0.5290
vn -0.5847 0.1906 0.7886
vn 0.6748 0.0550 -0.7360
vn 0.3689 0.1327 0.9200
vn -0.4970 -0.7483 -0.4393
vn 0.3926 0.4378 -0.8088
vn 0.8141 0.1135 -0.5695
vn 0.2915 0.0191 -0.9564
vn 0.0377 0.9441 0.3276
vn 0.6378 -0.7650 0.0896
vn 0.3159 -0.9488 -0.0052
vn 0.1903 0.9788 -0.0756
vn -0.5488 -0.2096 -0.8093
vn -0.5124 -0.5009 -0.6976
vn 0.3112 0.5981 0.7385
vn 0.9846 0.0946 0.1467
vn -0.4871 0.7077 -0.5117
vn 0.8297 -0.1823 0.5276
vn -0.9629 -0.2697 0.0042
vn -0.6477 0.0852 -0.7571
vn 0.1950 0.9131 0.3580
vn -0.8825 -0.4694 -0.0286
vn 0.3251 0.8575 -0.3987
vn 0.6682 -0.5714 -0.4765
vn 0.1376 0.9901 0.0290
vn 0.0233 -0.8339 -0.5514
vn -0.5337 -0.2636 0.8035
vn -0.5294 0.5994 -0.6004
vn 0.0001 -0.7898 0.6134
vn 0.8585 0.1741 0.4823
vn -0.1066 -0.9151 -0.3888
vn -0.8531 -0.3075 -0.4215
vn 0.5799 0.6413 0.5024
vn -0.6344 -0.1453 -0.7592
vn 0.0799 -0.2773 0.9575
vn -0.8775 0.4692 0.0987
vn 0.7016 0.3797 0.6029
vn -0.8943 0.1455 -0.4231
vn 0.9034 -0.4178 -0.0970
vn -0.0314 -0.0937 -0.9951
vn 0.0993 -0.8348 0.5415
vn 0.4000 -0.4452 -0.8011
vn 0.4439 -0.1023 -0.8902
vn 0.6029 0.7784 -0.1748
vn -0.9330 -0.1614 -0.3216
vn -0.5045 -0.2911 -0.8129
vn -0.9925 0.0217 0.1205
vn 0.7743 0.4233 -0.4704
vn 0.6006 0.1915 0.7763
vn 0.9006 0.4282 -0.0750
vn 0.6673 -0.2702 -0.6940
vn 0.4135 0.0226 0.9102
vn 0.3186 -0.3657 -0.8745
vn -0.2914 -0.9477 -0.1301
vn 0.3125 -0.0756 0.9469
vn 0.8158 -0.0148 0.5781
vn -0.3985 -0.9145 0.0696
vn 0.0970 -0.3363 0.9368
vn -0.1982 0.4211 -0.8851
vn 0.7774 0.1292 0.6156
vn 0.2335 0.0160 0.9722
vn -0.2907 0.7075 -0.6441
vn -0.7555 -0.5735 -0.3166
vn 0.8076 0.2395 0.5389
vn 0.7932 0.4110 0.4494
vn 0.1348 0.4948 0.8585
vn 0.2886 0.8307 0.4761
vn 0.8905 0.4034 -0.2104
vn 0.2931 0.9267 0.2350
vn -0.3848 -0.3185 -0.8663
vn 0.7652 0.1941 -0.6139
vn -0.8014 0.2149 -0.5581
vn 0.1025 -0.5446 0.8324
vn -0.8525 -0.4970 0.1620
vn 0.8367 0.5013 0.2204
vn 0.9530 -0.2413 -0.1831
vn 0.4062 0.5317 -0.7431
vn 0.7002 0.6626 0.2660
vn -0.6918 -0.3067 -0.6538
vn -0.0723 -0.9872 0.1422
vn -0.3209 0.4094 -0.8541
vn -0.4247 0.8463 0.3216
vn -0.0855 0.9150 0.3944
vn -0.7373 -0.6226 -0.2621
vn -0.2267 -0.1074 0.9680
vn -0.2187 0.9173 0.3326
vn -0.0687 0.0011 0.9976
vn -0.0227 0.0795 -0.9966
vn -0.7017 -0.6651 -0.2557
vn -0.2382 0.1891 0.9526
vn -0.0832 -0.2332 0.9689
vn -0.9181 -0.0178 0.3960
vn -0.9074 0.0214 0.4197
vn -0.2768 0.3488 -0.8954
vn 0.1323 -0.4624 -0.8767
vn 0.0936 -0.2377 -0.9668
vn 0.7621 0.1860 -0.6201
vn -0.5753 0.5603 0.5959
vn 0.9793 0.0734 -0.1888
vn -0.3535 0.9222 -0.1568
vn 0.9244 0.2412 -0.2954
vn 0.4575 -0.4313 -0.7776
vn 0.6870 0.4276 -0.5876
vn -0.3118 -0.8882 0.3374
vn -0.1224 -0.7713 -0.6246
vn -0.0498 -0.3124 0.9486
vn -0.2082 -0.0371 0.9774
vn -0.4144 0.2962 0.8606
vn -0.6113 0.5477 0.5713
vn -0.8051 0.3897 0.4471
vn -0.4894 -0.8707 -0.0482
vn -0.1337 -0.0835 0.9875
vn 0.0464 0.8828 -0.4675
vn -0.6308 -0.1205 0.7666
vn -0.2890 0.8452 0.4496
vn -0.2903 -0.4255 0.8571
vn 0.9942 0.0529 0.0938
vn 0.7769 -0.3080 -0.5491
vn 0.3244 -0.9389 0.1150
vn 0.6119 0.5489 0.5695
vn 0.0287 -0.4383 0.8984
vn -0.6764 -0.3899 0.6249
vn -0.7008 -0.6560 0.2804
vn 0.1874 -0.6979 -0.6912
vn -0.6468 -0.3776 -0.6626
vn 0.0134 -0.9878 -0.1550
vn -0.6120 0.7892 -0.0516
vn -0.2496 0.7255 0.6414
vn 0.0686 -0.5636 0.8232
vn 0.0502 -0.0920 0.9945
vn -0.7866 0.2365 0.5704
vn -0.6298 -0.2513 -0.7349
vn -0.1479 -0.6427 0.7517
vn -0.1987 -0.3943 -0.8972
vn -0.2463 -0.4948 0.8334
vn -0.6551 -0.3797 -0.6532
vn 0.4096 0.6665 -0.6229
vn 0.1660 -0.2739 -0.9473
vn 0.3112 0.2343 -0.9210
vn 0.7314 0.4079 -0.5465
vn -0.4258 0.5431 0.7237
vn 0.5694 0.5811 -0.5814
vn -0.1251 0.8234 0.5536
vn 0.6921 -0.3081 0.6527
vn 0.0525 -0.7253 0.6864
vn 0.2278 0.3255 0.9177
vn -0.6426 -0.2955 -0.7069
vn 0.1556 -0.9283 0.3377
vn 0.8369 -0.5416 0.0797
vn -0.0155 0.8412 -0.5405
vn 0.9270 0.2302 0.2961
vn 0.8939 0.0752 0.4420
vn 0.5191 0.3031 0.7992
vn 0.0497 -0.1293 0.9904
vn -0.7179 -0.5227 0.4598
vn 0.4371 -0.1637 -0.8844
vn -0.2160 -0.9124 0.3477
vn -0.1385 -0.0237 -0.9901
vn 0.6200 -0.7660 0.1697
vn -0.5102 -0.4580 0.7280
vn -0.8641 0.3323 -0.3780
vn 0.5590 -0.4412 -0.7020
vn -0.8754 -0.4513 0.1731
vn 0.0510 -0.5526 -0.8319
vn 0.9338 -0.0619 0.3524
vn -0.5778 -0.0844 -0.8118
vn 0.3679 -0.3334 0.8680
vn 0.3067 0.5459 0.7797
vn 0.4976 0.1704 -0.8505
vn -0.3067 -0.9418 -0.1379
vn 0.9187 0.2155 0.3310
vn 0.4355 -0.7571 -0.4870
vn -0.0044 -0.3047 -0.9524
vn -0.5802 0.7916 0.1919
vn -0.1768 0.5393 0.8234
vn -0.1406 -0.2057 -0.9685
vn -0.0150 0.9840 0.1777
vn 0.3395 0.3539 0.8715
vn 0.5951 -0.6648 0.4516
vn -0.2959 -0.9493 -0.1059
vn -0.5021 -0.4022 0.7656
vn -0.3437 0.8185 -0.4603
vn 0.2658 -0.9516 -0.1544
vn -0.1855 -0.2847 -0.9405
vn -0.8739 -0.1605 0.4588
vn 0.2043 -0.9699 0.1322
vn 0.1561 -0.3115 -0.9373
vn 0.1786 0.9726 0.1491
vn -0.5322 0.2599 0.8057
vn 0.4792 0.0809 -0.8740
vn -0.1048 0.2383 0.9655
vn 0.7131 -0.4175 0.5633
vn 0.1464 0.5088 0.8483
vn 0.6168 -0.4920 0.6144
vn 0.0475 0.4953 -0.8674
vn 0.2159 -0.1675 -0.9619
vn 0.0550 0.6738 0.7369
vn 0.2043 -0.0312 -0.9784
vn -0.7020 0.4443 0.5566
vn -0.7430 -0.6536 0.1441
vn 0.2467 0.7333 0.6336
vn 0.4110 0.8665 -0.2832
vn 0.3318 -0.5740 -0.7487
vn -0.9139 0.2713 0.3018
vn 0.1663 -0.3957 -0.9032
vn -0.9759 -0.1737 -0.1319
vn -0.0312 0.5944 -0.8035
vn 0.7926 0.4499 0.4115
vn -0.3513 -0.8405 -0.4126
vn 0.3498 0.8603 0.3708
vn -0.8208 0.0408 -0.5698
vn -0.9320 -0.2420 0.2697
vn -0.2615 0.2827 0.9229
vn -0.6484 0.0919 -0.7557
vn 0.3112 0.2896 0.9051
vn -0.0367 0.3142 -0.9486
vn 0.7656 0.6431 -0.0172
vn 0.1060 0.8237 0.5570
vn -0.0016 -0.0131 -0.9999
vn -0.0729 0.5452 0.8352
vn -0.2721 -0.3369 -0.9014
vn 0.8083 0.0975 -0.5807
vn -0.2860 0.6080 0.7406
vn -0.9329 0.2647 -0.2443
vn -0.7080 0.0414 0.7050
vn -0.8731 -0.1802 0.4529
vn 0.5073 -0.6499 0.5659
vn -0.7914 0.5954 0.1387
vn -0.0046 0.3717 -0.9283
vn 0.2395 0.2061 -0.9488
vn -0.7206 0.5086 -0.4712
vn 0.0055 0.5706 0.8212
vn -0.3767 0.6928 0.6149
vn -0.9485 0.3098 -0.0656
vn -0.4008 -0.8469 -0.3495
vn 0.1514 -0.4561 -0.8769
vn 0.1509 0.8995 0.4100
vn -0.4468 -0.7980 -0.4044
vn -0.4740 -0.8718 -0.1238
vn 0.7910 0.3854 0.4752
vn -0.0219 -0.0301 0.9993
vn -0.6660 0.0083 0.7459
vn 0.6592 0.4897 0.5707
vn -0.7896 -0.6051 -0.1023
vn -0.4226 -0.0785 -0.9029
vn -0.4617 0.3526 -0.8139
vn -0.6240 0.1073 0.7740
vn 0.9540 0.0951 0.2842
vn -0.4705 0.8709 -0.1418
vn 0.9061 -0.1505 0.3954
vn 0.7747 0.2893 -0.5623
vn 0.9710 -0.2379 -0.0233
vn -0.9032 0.2836 0.3221
vn 0.6947 -0.1127 0.7104
vn -0.5518 0.4819 0.6807
vn 0.7162 -0.4174 -0.5594
vn 0.8915 -0.0460 -0.4507
vn 0.3190 0.9247 0.2078
vn -0.4152 -0.8243 -0.3849
vn -0.9639 -0.0426 -0.2627
vn -0.6805 -0.7326 0.0156
vn 0.7259 -0.0737 0.6838
vn -0.6408 -0.7396 -0.2058
vn -0.0906 -0.0324 0.9954
vn 0.3576 0.0412 0.9330
vn 0.5601 -0.0834 -0.8242
vn -0.2017 -0.5702 0.7963
vn -0.9082 0.3751 -0.1857
vn -0.6713 0.3052 0.6754
vn -0.5873 -0.4090 0.6984
vn 0.2898 0.1787 -0.9402
vn 0.2980 -0.6733 -0.6766
vn 0.7421 -0.5209 -0.4220
vn -0.8016 0.5942 0.0660
vn 0.7943 0.0843 0.6017
vn 0.0565 -0.9255 -0.3744
vn -0.7357 -0.5187 0.4355
vn 0.8927 0.1236 -0.4333
vn -0.6477 -0.1327 0.7502
vn -0.5985 0.0444 -0.7999
vn 0.4738 0.4005 -0.7843
vn 0.0630 -0.8580 -0.5097
vn 0.1387 -0.7314 -0.6677
vn -0.7055 0.1663 -0.6889
vn 0.7927 -0.0309 0.6088
vn -0.1414 0.2194 -0.9653
vn 0.6453 0.4979 -0.5794
vn 0.7470 -0.6547 -0.1157
vn -0.5452 -0.7327 0.4074
vn 0.2930 -0.8050 -0.5158
vn 0.9747 -0.0246 -0.2222
vn -0.6562 0.4365 -0.6155
vn -0.0486 0.8749 -0.4818
vn -0.8103 -0.5502 0.2015
vn 0.0985 -0.9897 0.1037
vn 0.1761 0.7138 -0.6779
vn 0.6940 0.5004 -0.5176
vn -0.9921 -0.0870 -0.0908
vn 0.2303 -0.7414 -0.6303
vn 0.1808 0.6091 0.7722
vn 0.1124 0.7661 -0.6328
vn 0.2025 -0.8954 0.3966
vn -0.5587 0.5605 -0.6114
vn -0.0049 0.9856 0.1688
vn 0.1578 -0.6599 0.7346
vn -0.1327 -0.8133 -0.5666
vn -0.5408 0.3703 0.7552
vn 0.1456 -0.5885 -0.7953
vn 0.2710 -0.5279 0.8049
vn 0.4931 0.0360 -0.8692
vn -0.3824 0.6088 -0.6951
vn 0.5387 0.8069 0.2421
vn 0.3829 -0.5495 0.7426
vn 0.0998 0.7131 -0.6940
vn -0.0782 0.4777 -0.8750
vn 0.7789 0.2532 0.5738
vn -0.6439 -0.3813 -0.6634
vn 0.7798 -0.6258 0.0160
vn -0.2576 0.7497 0.6096
vn -0.5376 -0.3890 -0.7481
vn -0.8768 -0.4745 -0.0781
vn 0.5509 -0.4278 0.7166
vn -0.6307 0.2145 -0.7458
vn -0.1037 -0.9931 0.0554
vn -0.0116 -0.7690 0.6392
vn -0.4960 -0.0904 0.8636
vn -0.6401 -0.6564 -0.3992
vn -0.0416 -0.4348 0.8996
vn -0.8950 0.3819 -0.2304
vn -0.3738 -0.2617 -0.8898
vn -0.7864 -0.5699 -0.2383
vn -0.3157 0.1899 -0.9297
vn -0.5382 0.6972 -0.4735
vn 0.0755 0.1409 -0.9871
vn -0.0918 0.9699 0.2257
vn -0.9251 -0.3201 0.2042
vn 0.5008 -0.1339 -0.8551
vn -0.3298 -0.1812 -0.9265
vn -0.2605 -0.9153 0.3071
vn -0.2076 0.5755 -0.7910
vn 0.9487 0.2161 0.2308
vn -0.6425 0.7422 -0.1905
vn -0.9331 0.3584 0.0292
vn 0.3455 -0.8192 -0.4577
vn 0.9020 -0.2698 0.3370
vn -0.9904 0.1311 -0.0435
vn -0.5430 0.1911 0.8177
vn -0.3414 0.2853 0.8956
vn 0.1166 0.0635 0.9911
vn 0.6102 -0.4623 0.6434
vn -0.5724 0.8166 -0.0737
vn 0.6959 0.4394 0.5681
vn -0.1877 0.9228 0.3365
vn 0.1690 -0.9140 -0.3689
vn -0.3803 0.8727 -0.3062
vn -0.8250 0.5604 -0.0728
vn -0.4800 0.5563 0.6784
vn -0.2863 0.9526 -0.1026
vn 0.7233 0.0199 0.6903
vn -0.6900 -0.7122 0.1293
vn 0.0330 0.7380 -0.6740
vn 0.1273 0.2232 0.9664
vn -0.3344 0.9377 -0.0944
vn -0.7153 0.1331 0.6860
vn 0.8227 -0.5474 -0.1537
vn 0.4730 -0.0807 -0.8774
vn 0.8928 0.4288 0.1382
vn 0.1459 0.3743 -0.9157
vn -0.8197 -0.4359 0.3715
vn 0.0053 -0.3730 0.9278
vn -0.2363 0.2605 -0.9361
vn 0.1864 0.1725 0.9672
vn 0.3469 -0.9358 -0.0625
vn 0.0043 -0.8814 0.4723
vn 0.3808 -0.4391 0.8138
vn -0.3300 -0.2836 0.9004
vn 0.5817 -0.5342 -0.6134
vn -0.1902 0.8030 -0.5648
vn 0.4360 -0.2916 0.8514
vn 0.7225 -0.5755 0.3832
vn -0.0562 0.9240 -0.3781
vn 0.6077 -0.2334 -0.7591
vn 0.0796 -0.9084 0.4104
vn -0.0189 0.5029 -0.8641
vn -0.1226 0.5063 -0.8536
vn -0.2249 0.9710 0.0808
vn -0.5141 -0.3213 0.7952
vn -0.1538 0.8591 0.4882
vn 0.7622 -0.5654 0.3151
vn 0.3756 0.9200 0.1118
vn -0.6895 -0.0194 -0.7240
vn -0.4884 -0.3090 0.8161
vn -0.3280 -0.5182 0.7898
vn 0.9735 0.1967 0.1166
vn 0.5931 -0.0839 0.8008
vn -0.5260 0.1179 -0.8423
vn -0.0376 -0.3345 -0.9416
vn 0.1947 0.9141 0.3556
vn 0.0689 0.0753 0.9948
vn 0.2184 -0.6491 0.7287
vn -0.0060 0.5058 -0.8626
vn 0.9103 0.4026 -0.0962
vn 0.6935 0.7202 0.0180
vn 0.9668 0.2035 0.1545
vn -0.6997 0.7110 0.0704
vn -0.8706 0.4507 0.1973
vn -0.0522 -0.3206 -0.9458
vn 0.5202 0.0275 0.8536
vn 0.7388 0.3650 0.5666
vn -0.3410 -0.3223 -0.8831
vn -0.1235 -0.2458 -0.9614
vn -0.5592 -0.8203 -0.1205
vn 0.5500 -0.6683 -0.5009
vn -0.0424 -0.2098 0.9768
vn 0.1548 0.3393 0.9279
vn -0.8059 -0.5917 -0.0180
vn -0.6707 0.6415 -0.3723
vn -0.3754 0.1035 0.9211
vn 0.3363 -0.6031 -0.7233
vn -0.7159 0.6734 -0.1846
vn 0.6576 0.0623 0.7507
vn -0.9516 0.2973 0.0777
vn -0.9416 -0.1393 0.3066
vn -0.0059 0.7593 -0.6507
vn -0.1047 0.8358 0.5389
vn -0.0656 0.3266 0.9429
vn 0.8328 0.1414 -0.5351
vn 0.1250 0.0384 -0.9914
vn 0.7286 -0.6002 0.3300
vn 0.3740 0.0566 0.9257
vn 0.8556 -0.2443 -0.4563
vn 0.7310 0.6332 0.2545
vn 0.0159 0.5833 -0.8121
vn 0.4297 0.5012 -0.7511
vn 0.4921 0.6269 0.6040
vn 0.3217 0.1894 0.9277
vn -0.1815 -0.9722 -0.1482
vn 0.4566 -0.1567 0.8758
vn 0.4987 0.1553 -0.8527
vn -0.9982 0.0540 -0.0259
vn 0.3824 0.6974 -0.6062
vn 0.8283 -0.3603 -0.4291
vn -0.4162 -0.0374 -0.9085
vn -0.8187 -0.0520 0.5719
vn -0.3713 -0.9266 -0.0603
vn -0.7899 0.2034 -0.5786
vn 0.4433 -0.8939 0.0664
vn -0.2416 0.7932 0.5590
vn 0.3943 -0.2516 0.8839
vn 0.0658 0.1524 -0.9861
vn -0.4857 -0.4251 -0.7638
vn -0.4148 -0.3748 -0.8291
vn 0.6479 -0.7610 -0.0326
vn 0.0973 -0.0412 0.9944
vn -0.1900 -0.9224 -0.3364
vn 0.9788 -0.2046 -0.0138
vn 0.8740 0.0965 0.4762
vn 0.1213 -0.8417 0.5261
vn -0.3124 -0.2104 -0.9264
vn 0.5482 -0.3335 -0.7670
vn 0.4892 -0.1688 -0.8557
vn -0.2333 -0.8624 0.4493
vn 0.2327 0.5934 0.7706
vn 0.3250 -0.8435 -0.4277
vn -0.2522 -0.8712 -0.4212
vn -0.1248 0.6595 -0.7412
vn 0.8664 0.4993 -0.0085
vn 0.0446 -0.1684 -0.9847
vn 0.0208 -0.1648 -0.9861
vn -0.9898 0.1289 0.0609
vn 0.7388 0.6736 -0.0216
vn -0.2671 -0.6459 0.7152
vn -0.7520 -0.2014 0.6276
vn -0.0550 0.2246 0.9729
vn 0.6888 0.7249 0.0071
vn -0.7968 0.0464 0.6025
vn 0.0351 0.6209 0.7831
vn 0.2325 0.6638 -0.7108
vn 0.6181 0.7752 0.1306
vn 0.5433 -0.0026 0.8395
vn -0.8697 0.3123 0.3823
vn 0.4263 0.8614 -0.2762
vn 0.6639 0.6956 0.2744
vn 0.0979 -0.4820 -0.8707
vn -0.9578 -0.2433 0.1529
vn 0.1229 -0.6379 -0.7602
vn 0.4380 0.1826 0.8802
vn 0.7495 -0.6620 -0.0009
vn -0.1673 0.8985 0.4059
vn -0.7925 0.0373 -0.6087
vn -0.4557 0.0100 0.8901
vn 0.8580 0.5077 0.0785
vn 0.8328 0.4967 0.2446
vn -0.6723 0.0842 -0.7354
vn -0.2215 -0.9567 -0.1889
vn -0.8576 -0.4652 0.2193
vn 0.1157 -0.3447 -0.9316
vn -0.4053 -0.7439 0.5314
vn 0.1317 0.0569 -0.9897
vn 0.5202 -0.8267 -0.2143
vn -0.9716 0.0358 -0.2340
vn 0.8264 -0.1529 0.5419
vn 0.5629 -0.2740 -0.7798
vn -0.9357 -0.1445 -0.3219
vn -0.6365 0.6000 -0.4846
vn 0.6767 -0.7328 0.0715
vn 0.1957 -0.9345 0.2974
vn -0.7927 0.5926 -0.1432
vn 0.7141 0.5899 0.3770
vn -0.0404 0.9977 -0.0543
vn 0.5118 -0.8104 0.2853
vn 0.9850 -0.1576 0.0697
vn -0.7677 -0.6076 0.2038
vn -0.2400 0.0630 0.9687
vn 0.4259 -0.7483 -0.5086
vn -0.4620 0.0876 0.8825
vn 0.0917 -0.9391 0.3311
vn 0.9051 -0.2654 -0.3321
vn -0.0321 0.0480 -0.9983
vn -0.2993 0.3733 0.8781
vn -0.1708 -0.9400 -0.2954
vn 0.1441 -0.0464 0.9885
vn 0.4463 -0.1286 -0.8856
vn -0.6840 0.1855 -0.7055
vn -0.9863 0.1322 -0.0988
vn -0.8108 0.1561 0.5641
vn 0.8159 0.4741 -0.3309
vn 0.2561 -0.7506 -0.6092
vn -0.6988 0.3000 -0.6494
vn -0.2096 -0.9762 -0.0559
vn 0.9542 -0.0146 -0.2987
vn -0.2993 -0.0969 0.9492
vn 0.2007 0.5268 0.8259
vn -0.2094 -0.2961 0.9319
vn -0.7420 0.6673 -0.0653
vn 0.1739 0.9535 0.2462
vn -0.7795 0.3839 -0.4949
vn 0.0952 0.8062 -0.5839
vn -0.7922 -0.4342 -0.4288
vn -0.4873 -0.5977 0.6366
vn -0.2402 -0.4469 -0.8617
vn 0.9611 -0.0845 -0.2630
vn -0.6842 -0.3098 0.6603
vn -0.8241 0.5603 -0.0837
vn 0.1960 0.0154 -0.9805
vn 0.9234 0.3627 -0.1260
vn 0.4766 0.4586 -0.7501
vn 0.6835 -0.2324 -0.6920
vn -0.2942 -0.0874 0.9517
vn -0.4330 -0.8837 0.1776
vn -0.1491 0.0207 -0.9886
vn 0.0212 -0.3306 -0.9435
vn 0.4436 0.7643 -0.4681
vn -0.0180 -0.4292 -0.9030
vn -0.4353 -0.8878 -0.1493
vn 0.7097 0.6384 -0.2979
vn 0.5889 0.0215 0.8079
vn -0.1628 0.5159 0.8410
vn -0.0793 0.0481 0.9957
vn 0.4937 0.1875 -0.8492
vn -0.2759 -0.5098 0.8149
vn -0.8303 -0.5132 0.2172
vn -0.2795 0.4896 -0.8260
vn 0.2254 -0.8992 0.3751
vn 0.7943 0.5281 -0.3003
vn 0.7524 -0.2539 -0.6078
vn 0.5407 -0.0296 0.8407
vn 0.8343 -0.5452 0.0814
vn 0.2351 0.7735 0.5886
vn 0.3068 -0.8544 0.4194
vn 0.5217 -0.8402 0.1477
vn 0.3723 0.6839 -0.6274
vn -0.5907 0.7594 0.2727
vn -0.7876 -0.4107 -0.4594
vn -0.1203 -0.0136 0.9926
vn -0.5337 0.1068 0.8389
vn 0.7657 -0.0184 -0.6429
vn -0.6204 -0.2990 -0.7251
vn 0.8466 0.0046 -0.5322
vn -0.6474 0.0416 -0.7610
vn 0.9890 -0.0050 -0.1480
vn -0.8326 0.2851 -0.4748
vn -0.5822 0.6650 -0.4678
vn -0.0056 0.9991 0.0412
vn -0.7897 0.5817 0.1949
vn -0.7189 0.0629 0.6923
vn -0.0712 -0.7391 0.6698
vn -0.4011 0.7224 0.5632
vn -0.6579 -0.5337 0.5314
vn -0.7323 -0.6002 -0.3217
vn -0.1000 -0.1389 -0.9852
vn 0.5395 -0.2691 -0.7978
vn 0.3165 0.7735 -0.5491
vn -0.0140 -0.8526 -0.5223
vn 0.5640 0.4412 0.6980
vn 0.1068 0.4302 0.8964
vn 0.4116 0.3742 -0.8310
vn -0.0155 -0.9838 -0.1786
vn 0.3956 -0.8732 0.2847
vn -0.3103 -0.7753 0.5501
vn 0.4057 -0.7519 0.5196
vn -0.4494 0.3338 -0.8286
vn -0.4168 -0.6753 -0.6085
vn -0.6711 0.4629 0.5792
vn -0.2927 -0.3996 -0.8687
vn -0.2259 0.9696 -0.0945
vn 0.3349 -0.3136 0.8885
vn 0.5046 -0.0324 -0.8628
vn 0.7788 0.0046 0.6273
vn 0.3478 0.9180 -0.1908
vn 0.1167 -0.0911 -0.9890
vn 0.2416 0.1766 0.9542
vn -0.6062 0.2248 -0.7628
vn 0.9976 -0.0022 -0.0685
vn -0.9166 0.0770 -0.3924
vn 0.3165 0.9214 -0.2255
vn -0.1109 -0.9910 -0.0753
vn 0.9470 0.2483 -0.2036
vn 0.7702 -0.4353 0.4662
vn -0.3667 0.5652 -0.7390
vn 0.9031 0.2959 0.3112
vn -0.7745 0.5863 0.2376
vn 0.5628 -0.1043 0.8200
vn 0.0263 0.9766 -0.2134
vn -0.5721 -0.6845 0.4519
vn 0.0940 0.2166 -0.9717
vn -0.2804 0.5871 -0.7594
vn -0.0113 0.7595 -0.6505
vn 0.9464 -0.1376 0.2922
vn 0.9540 0.2936 0.0602
vn 0.0999 0.8352 0.5408
vn 0.0445 0.3096 0.9498
vn -0.8370 0.1326 -0.5309
vn -0.1346 0.0478 -0.9897
vn -0.7235 -0.5987 0.3436
vn -0.3631 0.0468 0.9306
vn -0.8532 -0.2363 -0.4650
vn -0.1613 0.8044 0.5718
vn -0.0217 -0.6498 0.7598
vn 0.5688 0.6259 0.5336
vn -0.2489 -0.1759 0.9524
vn 0.2414 -0.9417 -0.2345
vn 0.2971 -0.8494 -0.4361
vn -0.5728 0.6240 0.5316
vn 0.0110 -0.6454 0.7638
vn 0.1692 0.8035 0.5708
vn 0.2390 -0.1821 0.9538
vn -0.2426 -0.9429 -0.2281
vn -0.3078 -0.8487 -0.4301
vn -0.1489 -0.9794 -0.1364
vn 0.3679 -0.8113 -0.4544
vn 0.3597 -0.8285 -0.4293
vn 0.4797 -0.3326 -0.8120
vn -0.2271 -0.9553 0.1892
vn 0.6185 0.1885 -0.7629
vn 0.2518 -0.9624 -0.1017
vn -0.3621 -0.8204 -0.4426
vn -0.3654 -0.8075 -0.4631
vn 0.1414 -0.9777 -0.1552
vn -0.4902 -0.3372 -0.8037
vn -0.2542 -0.9608 -0.1109
vn -0.6292 0.1830 -0.7554
vn 0.2271 -0.9586 0.1716
vn 0.0251 0.4566 -0.8893
vn 0.4585 -0.6038 -0.6521
vn 0.5810 0.1736 0.7952
vn 0.1873 0.4672 0.8641
vn 0.8839 0.4480 0.1340
vn 0.1577 -0.9854 0.0648
vn 0.2516 -0.0561 0.9662
vn -0.5895 0.1761 0.7883
vn 0.6865 -0.1311 0.7152
vn 0.7869 -0.4404 0.4322
vn -0.1980 0.4643 0.8633
vn 0.8734 0.4502 -0.1857
vn 0.9428 0.3240 0.0781
vn 0.6770 0.6552 -0.3353
vn 0.8056 0.3940 0.4425
vn 0.2679 -0.4972 -0.8252
vn 0.5820 0.8087 -0.0849
vn -0.2073 -0.9533 -0.2196
vn -0.5900 0.8032 -0.0821
vn 0.7548 -0.1196 0.6449
vn 0.9946 -0.0656 0.0800
vn 0.5908 0.7934 -0.1462
vn 0.8046 0.4074 0.4320
vn 0.2685 -0.5094 -0.8176
vn 0.5941 0.8022 -0.0592
vn -0.2134 -0.9536 -0.2124
vn -0.6021 0.7964 -0.0565
vn 0.7324 -0.1146 0.6711
vn 0.9963 -0.0561 0.0651
vn 0.5975 0.7897 -0.1393
vn 0.8408 -0.4244 0.3361
vn -0.1311 0.9579 0.2556
vn 0.4403 -0.7692 -0.4631
vn 0.5772 0.5544 -0.5996
vn -0.4489 -0.7670 -0.4584
vn 0.7613 -0.6281 -0.1608
vn 0.9899 -0.1073 0.0922
vn 0.8352 0.1789 0.5201
vn 0.8311 -0.1920 0.5219
vn -0.0082 0.9715 -0.2370
vn 0.3175 -0.8956 -0.3116
vn 0.4171 0.3203 -0.8505
vn -0.3266 -0.8937 -0.3075
vn 0.5550 -0.7867 -0.2704
vn 0.9585 0.1279 0.2547
vn 0.9561 0.1557 0.2481
vn 0.8492 -0.4785 -0.2234
vn -0.5068 0.3402 0.7921
vn 0.5554 -0.4935 -0.6693
vn 0.4904 0.7937 -0.3599
vn -0.5633 -0.4927 -0.6633
vn 0.5437 -0.8257 -0.1507
vn 0.8649 -0.0860 -0.4946
vn 0.0592 -0.0232 0.9980
vn 0.7432 -0.5730 0.3455
vn -0.4480 0.8003 0.3984
vn -0.0216 -0.4914 -0.8707
vn 0.3158 0.5244 -0.7908
vn -0.7685 -0.5734 0.2839
vn -0.2774 -0.9142 -0.2954
vn 0.9027 0.1193 0.4135
vn 0.0505 -0.8118 -0.5817
vn -0.6671 0.2929 -0.6850
vn -0.3938 -0.3462 -0.8515
vn -0.7133 -0.6167 0.3330
vn -0.3835 -0.8724 -0.3030
vn 0.9325 0.2226 0.2843
vn -0.0201 -0.7300 -0.6831
vn -0.6336 0.4489 -0.6301
vn -0.3399 -0.3231 -0.8832
vn -0.7207 -0.5553 0.4150
vn -0.2533 -0.9027 -0.3477
vn 0.9236 0.2559 0.2853
vn 0.0617 -0.7978 -0.5998
vn -0.6989 0.2295 -0.6774
vn -0.4504 -0.3207 -0.8332
vn 0.6230 0.0205 0.7819
vn 0.5296 0.2981 0.7942
vn -0.0699 -0.2286 0.9710
vn 0.0425 0.9912 -0.1255
vn 0.5472 -0.1977 0.8133
vn 0.7764 -0.1840 0.6028
vn 0.5483 -0.3593 0.7552
vn -0.3489 0.5203 0.7794
vn 0.3563 0.7063 -0.6117
vn 0.4617 -0.5288 -0.7121
vn 0.0253 0.9932 0.1140
vn 0.4134 -0.0644 0.9083
vn 0.8421 -0.1551 -0.5165
vn -0.6309 0.6363 0.4439
vn 0.8662 0.4679 -0.1754
vn -0.4980 -0.7448 0.4442
vn -0.1154 0.3998 -0.9093
vn 0.0966 -0.9947 0.0353
vn -0.6063 0.0336 -0.7945
vn -0.3227 0.3862 -0.8641
vn -0.5545 -0.5628 -0.6130
vn -0.1757 -0.9629 0.2050
vn -0.0272 0.6424 -0.7659
vn -0.3658 0.3423 0.8655
vn 0.3367 0.0948 -0.9368
vn -0.4148 -0.8009 -0.4318
vn 0.0682 -0.8651 -0.4969
vn -0.6374 0.2167 0.7394
vn -0.0025 -0.8565 -0.5161
vn -0.6711 -0.1600 -0.7239
vn -0.0715 0.6860 -0.7241
vn 0.7270 -0.2367 -0.6445
vn 0.2942 -0.8210 0.4892
vn 0.3315 0.0960 -0.9386
vn -0.7950 -0.0484 -0.6046
vn 0.7098 -0.2702 0.6506
vn 0.7057 -0.0361 0.7076
vn 0.5698 0.8099 0.1392
vn 0.3064 0.9469 -0.0974
vn 0.3349 0.8704 0.3609
vn 0.0578 0.9715 -0.2300
vn -0.2138 -0.9679 0.1320
vn -0.1171 0.5922 0.7973
vn 0.4328 0.8396 -0.3282
vn 0.1041 0.9787 -0.1772
vn -0.3284 0.7134 -0.6190
vn 0.4528 0.7010 -0.5510
vn 0.1005 -0.8795 0.4652
vn -0.4502 0.8456 0.2870
vn -0.5430 0.6381 0.5459
vn 0.8895 0.4565 -0.0208
vn -0.4651 -0.7620 0.4505
vn 0.0918 0.5372 -0.8384
vn 0.0023 -0.9996 -0.0292
vn -0.6395 0.7128 0.2880
vn -0.4663 0.4503 -0.7614
vn -0.6629 -0.5990 -0.4492
vn -0.1049 -0.9916 0.0756
vn -0.9968 -0.0666 0.0435
vn -0.8889 0.4570 0.0315
vn 0.7106 -0.7034 0.0159
vn -0.5358 -0.6171 -0.5762
vn -0.7794 0.2103 -0.5902
vn 0.7005 -0.7027 0.1248
vn -0.3929 -0.4296 -0.8131
vn -0.0078 -0.5451 -0.8383
vn -0.5729 0.0353 0.8189
vn -0.4751 0.2239 -0.8510
vn 0.6269 -0.6374 0.4480
vn -0.4660 -0.6416 -0.6092
vn -0.2383 -0.4539 -0.8586
vn 0.4997 0.2770 0.8207
vn 0.5508 -0.5534 0.6248
vn 0.0154 -0.5007 -0.8655
vn 0.5299 -0.8159 -0.2313
vn 0.9504 0.0005 -0.3111
vn 0.8059 0.1279 0.5780
vn -0.0341 0.7905 -0.6116
vn 0.2802 -0.8480 -0.4499
vn -0.7124 0.6976 0.0762
vn -0.2140 0.5819 -0.7846
vn 0.4481 0.5766 -0.6832
vn 0.4166 0.8566 0.3044
vn 0.1912 0.4081 0.8927
vn -0.0132 -0.7202 -0.6937
vn -0.6414 -0.5033 0.5791
vn -0.4314 0.6953 0.5748
vn -0.6607 -0.3450 -0.6667
vn -0.2416 -0.1066 -0.9645
vn 0.4880 -0.8727 -0.0170
vn 0.7460 -0.6438 0.1704
vn -0.5146 0.6427 0.5676
vn 0.0766 -0.2302 -0.9701
vn 0.4579 0.6764 -0.5769
vn -0.0810 -0.2408 -0.9672
vn 0.5021 -0.8355 -0.2234
vn 0.8835 -0.0884 -0.4600
vn 0.6789 0.0550 0.7322
vn 0.7434 -0.6393 0.1968
vn -0.5107 0.6640 0.5461
vn 0.0635 -0.2628 -0.9628
vn 0.4378 0.6659 -0.6041
vn 0.9677 0.0493 -0.2473
vn 0.8572 0.1316 0.4979
vn 0.0638 -0.6043 -0.7942
vn 0.5377 -0.8076 -0.2423
vn -0.0707 -0.5958 -0.8000
vn 0.2617 0.4265 -0.8658
vn 0.7373 -0.5328 0.4153
vn -0.4066 0.8571 0.3164
vn 0.9649 0.1816 -0.1898
vn 0.8984 0.1181 0.4230
vn 0.2086 -0.5638 -0.7991
vn 0.4198 -0.8640 -0.2781
vn -0.2142 -0.5535 -0.8048
vn 0.2100 0.3431 -0.9155
vn 0.7257 -0.4581 0.5132
vn -0.4431 0.8823 0.1587
vn 0.9291 -0.1022 -0.3555
vn 0.7513 0.1263 0.6478
vn -0.1567 -0.6244 -0.7652
vn 0.6531 -0.7370 -0.1743
vn 0.1486 -0.6190 -0.7712
vn 0.3495 0.5582 -0.7525
vn 0.7574 -0.6110 0.2302
vn -0.3574 0.7840 0.5076
vn 0.8973 -0.0823 -0.4337
vn 0.6953 0.0720 0.7151
vn -0.0683 -0.2733 -0.9595
vn 0.5093 -0.8308 -0.2247
vn -0.8820 -0.1027 -0.4598
vn -0.6746 -0.1663 0.7192
vn -0.5629 -0.3414 -0.7527
vn -0.5089 -0.5527 -0.6600
vn -0.9457 0.0149 0.3247
vn -0.4834 -0.6362 0.6013
vn -0.6907 -0.3755 0.6180
vn -0.5127 0.3897 0.7650
vn -0.7209 0.0562 -0.6907
vn -0.6353 -0.3629 0.6817
vn -0.8116 -0.0943 0.5766
vn 0.1357 0.9628 0.2337
vn 0.1878 0.4327 -0.8817
vn -0.1392 -0.1794 -0.9739
vn -0.7718 -0.6151 0.1614
vn 0.1539 0.5466 0.8231
vn -0.7587 -0.0243 -0.6510
vn 0.1667 -0.8024 -0.5731
vn 0.1440 0.9872 -0.0679
vn -0.4992 0.2931 -0.8154
vn -0.0061 -0.8265 -0.5629
vn -0.0683 0.0360 -0.9970
vn -0.5957 -0.6135 0.5185
vn -0.5940 0.0562 -0.8025
vn -0.5761 -0.3859 0.7206
vn -0.4852 -0.5548 -0.6758
vn 0.1213 0.5561 0.8222
vn -0.6134 -0.2500 -0.7492
vn 0.3210 0.2549 0.9121
vn -0.5553 -0.5399 -0.6325
vn -0.5532 0.1120 0.8255
vn -0.7409 -0.0059 -0.6716
vn 0.0313 0.3888 0.9208
vn -0.6300 -0.3066 -0.7135
vn -0.5584 -0.4186 -0.7162
vn 0.4957 0.5370 0.6826
vn 0.2241 -0.4699 -0.8538
vn 0.1304 0.2349 0.9632
vn 0.8403 -0.5271 0.1266
vn -0.1762 -0.6771 0.7145
vn 0.6495 0.5661 0.5077
vn -0.6823 -0.7080 0.1824
vn -0.7685 -0.5973 -0.2294
vn -0.5805 -0.3935 -0.7129
vn 0.1537 0.2786 -0.9480
vn 0.2596 0.8436 -0.4701
vn -0.3801 -0.7805 -0.4963
vn -0.3948 -0.5765 -0.7153
vn -0.9336 -0.3215 -0.1579
vn 0.0760 -0.5181 0.8519
vn -0.5364 0.6699 -0.5133
vn -0.5906 0.6345 -0.4986
vn -0.3757 0.5284 0.7614
vn -0.2901 0.4038 0.8676
vn 0.4173 -0.7669 0.4875
vn -0.7131 0.7011 0.0033
vn -0.6513 -0.3479 0.6743
vn -0.3675 0.8047 -0.4663
vn -0.5630 0.3253 -0.7598
vn -0.8517 0.2552 -0.4577
vn -0.9766 0.0831 0.1985
vn -0.9707 0.0809 0.2264
vn -0.6377 0.3372 0.6925
vn -0.7495 -0.0105 0.6620
vn 0.5053 -0.8536 0.1264
vn 0.1823 -0.4092 0.8940
vn -0.0172 -0.3820 0.9240
vn 0.2859 -0.5543 0.7817
vn 0.2969 -0.2718 0.9154
vn 0.5280 0.4992 -0.6870
vn -0.4854 0.2085 -0.8491
vn -0.7302 -0.1774 -0.6598
vn -0.0161 -0.6075 0.7941
vn -0.2902 -0.5618 -0.7747
vn -0.5188 0.5109 0.6855
vn -0.8355 -0.1744 -0.5211
vn -0.7429 0.5002 -0.4449
vn -0.5157 0.5763 -0.6339
vn -0.6005 0.3620 0.7130
vn -0.9203 0.1580 -0.3578
vn -0.3596 0.6502 0.6693
vn -0.6101 0.7329 -0.3010
vn -0.8325 0.5540 0.0096
vn -0.3302 0.7497 -0.5735
vn -0.8239 -0.1245 0.5529
vn -0.6340 0.2170 0.7423
vn -0.2512 0.7523 0.6090
vn 0.7303 -0.6678 -0.1439
vn -0.9690 0.1792 0.1700
vn -0.6948 0.0907 -0.7134
vn -0.9030 0.3249 0.2813
vn -0.3514 0.7135 0.6062
vn -0.5228 0.3438 0.7801
vn -0.4150 0.6136 0.6717
vn 0.5135 -0.7278 -0.4545
vn -0.3345 0.8469 0.4133
vn 0.4560 -0.8710 0.1828
vn -0.6009 0.4055 -0.6888
vn -0.5559 0.7169 -0.4208
vn 0.4568 0.8088 0.3705
vn -0.2552 -0.6130 -0.7477
vn -0.6062 -0.3798 0.6988
vn -0.4844 -0.4470 -0.7520
vn 0.7145 -0.5043 -0.4849
vn -0.5211 0.8292 -0.2019
vn 0.1378 0.6587 -0.7397
vn 0.0633 0.6921 -0.7190
vn -0.5239 0.6001 -0.6045
vn -0.2319 0.6087 -0.7588
vn 0.3090 0.8046 -0.5070
vn 0.4281 0.5144 -0.7430
vn 0.1269 0.8755 -0.4663
vn 0.2350 0.5649 -0.7910
vn 0.2353 0.7812 -0.5782
vn 0.0467 0.5781 -0.8146
vn 0.1754 0.9168 -0.3587
vn -0.2443 0.5044 -0.8282
vn 0.0801 0.8234 -0.5618
vn 0.5822 -0.1876 -0.7911
vn -0.7683 -0.2104 0.6045
vn 0.0828 -0.7037 0.7056
vn -0.5538 0.5131 -0.6558
vn 0.9865 0.1035 0.1267
vn -0.1173 0.1619 -0.9798
vn 0.8519 0.2672 -0.4505
vn 0.1673 -0.9831 0.0744
vn 0.5545 0.3270 -0.7653
vn 0.7617 -0.6085 -0.2226
vn -0.2957 0.7181 0.6300
vn -0.6509 0.5631 0.5091
vn -0.2437 0.2817 -0.9280
vn -0.6588 0.4673 0.5896
vn 0.6340 -0.4541 0.6260
vn 0.6313 0.3540 0.6900
vn -0.9339 -0.2757 -0.2278
vn 0.7386 -0.2753 0.6154
vn -0.6521 0.3657 -0.6641
vn 0.6870 -0.7266 0.0137
vn 0.7263 -0.3801 0.5727
vn 0.5456 -0.0016 0.8380
vn -0.3981 -0.7938 -0.4597
vn 0.4052 0.6060 0.6846
vn -0.5130 -0.8504 0.1164
vn 0.4237 -0.4817 0.7671
vn -0.9506 0.0913 -0.2968
vn 0.8620 0.2415 0.4457
vn 0.3799 -0.5270 0.7602
vn -0.7244 0.1816 -0.6650
vn 0.8117 0.0968 0.5760
vn 0.4118 -0.6318 0.6567
vn -0.6938 0.3839 -0.6093
vn 0.6355 0.0744 0.7685
vn 0.4144 -0.4144 0.8103
vn -0.4200 0.4762 -0.7726
vn 0.7136 0.4998 0.4909
vn 0.3633 -0.4559 0.8125
vn -0.9896 0.0513 0.1343
vn -0.6341 -0.6768 -0.3740
vn -0.1451 -0.6123 0.7772
vn -0.0018 0.9528 0.3036
vn 0.3724 -0.8524 -0.3672
vn 0.2797 0.4055 0.8703
vn 0.0169 0.0407 -0.9990
vn 0.3192 0.1477 0.9361
vn -0.6551 0.3871 -0.6488
vn -0.7510 0.3554 -0.5565
vn 0.9006 0.2295 -0.3690
vn -0.8029 0.0185 -0.5959
vn 0.8171 -0.4740 0.3281
vn 0.9308 -0.3252 -0.1666
vn 0.1250 0.5412 0.8316
vn 0.8357 0.2026 0.5105
vn -0.7852 -0.2428 0.5697
vn 0.8034 -0.0396 0.5941
vn -0.4181 -0.9056 0.0707
vn 0.5893 -0.7955 0.1412
vn 0.5810 0.0487 -0.8124
vn -0.4783 0.6954 -0.5363
vn -0.7376 0.0287 -0.6747
vn 0.1345 0.4655 -0.8748
vn -0.5988 0.5196 0.6094
vn -0.7607 0.1308 0.6358
vn -0.6431 0.4528 -0.6175
vn 0.5950 0.3350 0.7306
vn -0.5333 0.6132 -0.5828
vn -0.7143 -0.1351 0.6867
vn -0.8073 0.4809 -0.3422
vn 0.5047 -0.6131 0.6078
vn -0.1688 0.7973 0.5795
vn 0.3675 0.2261 -0.9021
vn -0.9058 -0.1480 0.3969
vn -0.6842 0.4408 -0.5810
vn -0.4978 -0.5600 0.6623
vn 0.9216 0.1671 -0.3502
vn -0.7275 -0.2440 0.6413
vn 0.6006 0.7406 -0.3012
vn 0.8270 0.5622 -0.0002
vn 0.3159 0.7562 -0.5731
vn 0.3136 0.9041 -0.2902
vn 0.5002 -0.8104 -0.3050
vn 0.9950 -0.0581 0.0807
vn -0.6543 0.4927 0.5737
vn 0.7072 -0.0141 0.7069
vn -0.4833 0.7651 -0.4255
vn -0.7343 -0.1530 -0.6614
vn 0.8980 -0.0577 0.4363
vn -0.4094 0.8841 -0.2253
vn -0.8143 0.5628 0.1424
vn 0.0367 0.7373 0.6746
vn 0.5269 -0.8100 0.2573
vn 0.1795 -0.9836 -0.0161
vn -0.0066 -0.8270 -0.5622
vn -0.6001 -0.5532 0.5778
vn -0.1433 -0.9428 -0.3011
vn -0.2714 -0.7562 0.5954
vn -0.6631 -0.1506 0.7332
vn 0.5358 -0.0239 -0.8440
vn -0.5972 -0.7878 -0.1506
vn -0.3528 -0.7343 -0.5800
vn -0.7931 0.1937 0.5775
vn -0.3081 -0.9271 0.2136
vn -0.5479 -0.3913 0.7394
vn -0.5237 -0.7255 -0.4465
vn 0.3180 0.8531 0.4137
vn -0.2229 0.9359 0.2726
vn 0.5853 -0.7386 0.3344
vn -0.5660 0.6258 -0.5367
vn -0.1167 -0.9931 0.0133
vn 0.8699 -0.0360 -0.4918
vn -0.4461 -0.7922 -0.4164
vn -0.3786 -0.8034 -0.4596
vn 0.4056 0.7607 0.5068
vn -0.0988 -0.7472 -0.6572
vn 0.8895 -0.3762 0.2594
vn 0.8105 -0.2323 -0.5377
vn -0.5862 0.7162 -0.3787
vn -0.4558 0.4169 0.7864
vn 0.4407 0.7621 0.4743
vn -0.0234 0.4453 0.8951
vn 0.0991 0.6751 -0.7311
vn 0.7686 0.2474 0.5899
vn 0.0818 0.7101 0.6993
vn -0.7164 0.5196 0.4656
vn -0.7486 0.2061 -0.6301
vn 0.9227 -0.3270 0.2044
vn -0.8103 -0.5740 0.1182
vn -0.8665 -0.4706 -0.1666
vn 0.1069 -0.0902 -0.9902
vn 0.4314 -0.5452 0.7188
vn -0.5232 -0.3427 -0.7803
vn 0.7289 -0.6814 0.0658
vn 0.4669 -0.8793 0.0940
vn -0.5710 0.6380 0.5166
vn 0.1676 0.4299 0.8872
vn -0.8944 -0.3413 -0.2889
vn 0.2865 -0.3105 -0.9064
vn 0.0495 0.6265 0.7778
vn 0.2383 -0.9508 0.1981
vn 0.2479 -0.9640 0.0959
vn -0.2455 -0.6935 0.6774
vn -0.3091 -0.3537 -0.8828
vn 0.1633 -0.7132 -0.6817
vn -0.4418 -0.8407 0.3131
vn -0.0537 -0.3905 0.9190
vn 0.6883 -0.7183 -0.1014
vn -0.1884 -0.9036 0.3848
vn 0.0578 -0.7514 0.6573
vn 0.2202 -0.9677 0.1225
vn 0.7687 -0.5676 0.2949
vn 0.4028 -0.8911 0.2090
vn 0.0676 0.8904 0.4501
vn 0.6146 0.7603 -0.2105
vn -0.0100 0.9939 -0.1095
vn 0.6897 0.4680 -0.5526
vn -0.5676 0.0026 0.8233
vn -0.7593 0.6095 0.2281
vn -0.5320 -0.5075 0.6778
vn 0.4677 0.5047 0.7256
vn -0.8857 -0.2778 -0.3720
vn 0.3190 -0.0603 0.9458
vn -0.6989 0.6488 0.3010
vn -0.5143 0.6474 0.5625
vn -0.3240 -0.3335 0.8853
vn 0.8930 0.1553 -0.4225
vn 0.7322 -0.6175 -0.2874
vn -0.0364 -0.7678 -0.6397
vn 0.8836 -0.2751 -0.3789
vn -0.4700 0.5059 0.7233
vn 0.5429 -0.4906 0.6816
vn -0.3327 -0.0589 0.9412
vn 0.7041 0.6427 0.3019
vn 0.5194 0.6501 0.5546
vn 0.3097 -0.3348 0.8899
vn -0.8992 0.1445 -0.4129
vn -0.7286 -0.6256 -0.2788
vn 0.0253 -0.7615 -0.6477
vn 0.1501 0.6614 0.7348
vn 0.3309 0.2455 0.9112
vn -0.8209 0.5710 -0.0088
vn -0.1956 0.6228 0.7575
vn -0.6629 -0.1933 0.7233
vn 0.6129 -0.7767 -0.1453
vn 0.0468 -0.6825 -0.7294
vn -0.8624 -0.4375 -0.2547
vn 0.4093 0.8835 -0.2278
vn -0.0047 -0.6813 -0.7320
vn 0.0484 0.4920 -0.8693
vn -0.3384 -0.8346 -0.4346
vn 0.8152 0.5791 -0.0096
vn 0.6561 -0.1952 0.7290
vn -0.0794 -0.9283 0.3632
vn -0.1908 0.9488 -0.2517
vn -0.8086 0.3268 0.4893
vn 0.8577 -0.4405 -0.2651
vn 0.7458 0.3799 0.5473
vn -0.8347 0.5506 0.0104
# 1620 vertex normals

vt 0.5576 -0.0781 0.0000
vt 0.5254 -0.0762 0.0000
vt 0.5244 -0.0703 0.0000
vt 0.5586 -0.0654 0.0000
vt 0.5625 -0.0762 0.0000
vt 0.5420 -0.0508 0.0000
vt 0.5791 -0.0615 0.0000
vt 0.5107 -0.0518 0.0000
vt 0.4941 -0.0654 0.0000
vt 0.5322 -0.0332 0.0000
vt 0.5479 -0.0322 0.0000
vt 0.5322 -0.0254 0.0000
vt 0.5527 -0.0234 0.0000
vt 0.5596 -0.0156 0.0000
vt 0.5303 -0.0205 0.0000
vt 0.5625 -0.0234 0.0000
vt 0.5898 -0.0205 0.0000
vt 0.5840 -0.0273 0.0000
vt 0.5635 -0.0254 0.0000
vt 0.5908 -0.0254 0.0000
vt 0.5596 -0.0332 0.0000
vt 0.5723 -0.0400 0.0000
vt 0.5811 -0.0479 0.0000
vt 0.5635 -0.0410 0.0000
vt 0.5576 -0.0342 0.0000
vt 0.6025 -0.0596 0.0000
vt 0.5977 -0.0654 0.0000
vt 0.6006 -0.0527 0.0000
vt 0.3008 -0.0615 0.0000
vt 0.3008 -0.0576 0.0000
vt 0.2900 -0.0537 0.0000
vt 0.2568 -0.0635 0.0000
vt 0.2500 -0.0557 0.0000
vt 0.2832 -0.0352 0.0000
vt 0.2568 -0.0664 0.0000
vt 0.2412 -0.0615 0.0000
vt 0.2354 -0.0566 0.0000
vt 0.2363 -0.0596 0.0000
vt 0.2393 -0.0645 0.0000
vt 0.1924 -0.0605 0.0000
vt 0.1855 -0.0566 0.0000
vt 0.1934 -0.0635 0.0000
vt 0.1680 -0.0586 0.0000
vt 0.1631 -0.0537 0.0000
vt 0.1680 -0.0625 0.0000
vt 0.1367 -0.0615 0.0000
vt 0.1309 -0.0557 0.0000
vt 0.1367 -0.0645 0.0000
vt 0.1143 -0.0674 0.0000
vt 0.1172 -0.0557 0.0000
vt 0.1338 -0.0439 0.0000
vt 0.1611 -0.0439 0.0000
vt 0.2002 -0.0508 0.0000
vt 0.2275 -0.0518 0.0000
vt 0.2168 -0.0439 0.0000
vt 0.2158 -0.0420 0.0000
vt 0.2109 -0.0312 0.0000
vt 0.1807 -0.0332 0.0000
vt 0.1445 -0.0361 0.0000
vt 0.1211 -0.0352 0.0000
vt 0.1309 -0.0391 0.0000
vt 0.0986 -0.0430 0.0000
vt 0.0869 -0.0576 0.0000
vt 0.0791 -0.0684 0.0000
vt 0.0703 -0.0654 0.0000
vt 0.0811 -0.0713 0.0000
vt 0.0303 -0.0752 0.0000
vt 0.0615 -0.0566 0.0000
vt 0.0625 -0.0459 0.0000
vt 0.0469 -0.0498 0.0000
vt 0.0283 -0.0615 0.0000
vt 0.0088 -0.0674 0.0000
vt 0.0195 -0.0771 0.0000
vt 0.2363 -0.0439 0.0000
vt 0.2373 -0.0332 0.0000
vt 0.2129 -0.0156 0.0000
vt 0.1904 -0.0166 0.0000
vt 0.1816 -0.0225 0.0000
vt 0.1807 -0.0303 0.0000
vt 0.1533 -0.0283 0.0000
vt 0.1494 -0.0293 0.0000
vt 0.1436 -0.0195 0.0000
vt 0.1582 -0.0195 0.0000
vt 0.1650 -0.0107 0.0000
vt 0.1943 -0.0078 0.0000
vt 0.1953 -0.0117 0.0000
vt 0.2148 -0.0088 0.0000
vt 0.2158 -0.0127 0.0000
vt 0.2354 -0.0156 0.0000
vt 0.2373 -0.0059 0.0000
vt 0.2402 -0.0107 0.0000
vt 0.2490 -0.0166 0.0000
vt 0.2490 -0.0098 0.0000
vt 0.2480 -0.0342 0.0000
vt 0.2402 -0.0400 0.0000
vt 0.2773 -0.0166 0.0000
vt 0.2910 -0.0059 0.0000
vt 0.2881 -0.0117 0.0000
vt 0.3027 -0.0234 0.0000
vt 0.3066 -0.0098 0.0000
vt 0.3076 -0.0127 0.0000
vt 0.3271 -0.0127 0.0000
vt 0.3115 -0.0264 0.0000
vt 0.1650 -0.0078 0.0000
vt 0.1436 -0.0098 0.0000
vt 0.1367 -0.0107 0.0000
vt 0.1426 -0.0059 0.0000
vt 0.1270 -0.0049 0.0000
vt 0.1152 -0.0215 0.0000
vt 0.1074 -0.0371 0.0000
vt 0.0957 -0.0195 0.0000
vt 0.1025 -0.0371 0.0000
vt 0.0723 -0.0381 0.0000
vt 0.0684 -0.0381 0.0000
vt 0.0605 -0.0195 0.0000
vt 0.0547 -0.0381 0.0000
vt 0.0293 -0.0381 0.0000
vt 0.0283 -0.0254 0.0000
vt 0.0391 -0.0117 0.0000
vt 0.0430 -0.0049 0.0000
vt 0.0625 -0.0049 0.0000
vt 0.0918 -0.0029 0.0000
vt 0.0918 -0.0088 0.0000
vt 0.0947 -0.0039 0.0000
vt 0.1152 -0.0049 0.0000
vt 0.4736 -0.0879 0.0000
vt 0.4531 -0.0781 0.0000
vt 0.4736 -0.0830 0.0000
vt 0.4756 -0.0879 0.0000
vt 0.4756 -0.0820 0.0000
vt 0.4609 -0.0703 0.0000
vt 0.2783 -0.0166 0.0000
vt 0.2754 -0.0273 0.0000
vt 0.2510 -0.0137 0.0000
vt 0.2881 -0.0049 0.0000
vt 0.2559 -0.0068 0.0000
vt 0.2852 -0.0186 0.0000
vt 0.4717 -0.0176 0.0000
vt 0.4990 -0.0195 0.0000
vt 0.5059 -0.0254 0.0000
vt 0.4570 -0.0322 0.0000
vt 0.4688 -0.0469 0.0000
vt 0.4814 -0.0439 0.0000
vt 0.5029 -0.0332 0.0000
vt 0.4766 -0.0098 0.0000
vt 0.4766 -0.0137 0.0000
vt 0.4600 -0.0166 0.0000
vt 0.5586 -0.0469 0.0000
vt 0.7090 -0.9453 0.0000
vt 0.7412 -0.9580 0.0000
vt 0.7334 -0.9668 0.0000
vt 0.7256 -0.9697 0.0000
vt 0.7178 -0.9746 0.0000
vt 0.7090 -0.9775 0.0000
vt 0.7109 -0.9854 0.0000
vt 0.7012 -0.9727 0.0000
vt 0.7002 -0.9824 0.0000
vt 0.6934 -0.9688 0.0000
vt 0.6777 -0.9619 0.0000
vt 0.6572 -0.8496 0.0000
vt 0.6465 -0.8398 0.0000
vt 0.6621 -0.8125 0.0000
vt 0.6699 -0.8467 0.0000
vt 0.6807 -0.8408 0.0000
vt 0.6768 -0.8350 0.0000
vt 0.5830 -0.8574 0.0000
vt 0.5791 -0.8740 0.0000
vt 0.5957 -0.8760 0.0000
vt 0.6035 -0.8721 0.0000
vt 0.6162 -0.8906 0.0000
vt 0.5938 -0.8994 0.0000
vt 0.6328 -0.9121 0.0000
vt 0.6162 -0.9189 0.0000
vt 0.5928 -0.8486 0.0000
vt 0.6025 -0.8486 0.0000
vt 0.5996 -0.8555 0.0000
vt 0.5986 -0.8740 0.0000
vt 0.5771 -0.8584 0.0000
vt 0.5723 -0.8369 0.0000
vt 0.5840 -0.8271 0.0000
vt 0.5957 -0.8359 0.0000
vt 0.5928 -0.8252 0.0000
vt 0.5908 -0.8086 0.0000
vt 0.5986 -0.8164 0.0000
vt 0.5664 -0.8115 0.0000
vt 0.5830 -0.7969 0.0000
vt 0.5547 -0.7900 0.0000
vt 0.5723 -0.7725 0.0000
vt 0.5879 -0.7812 0.0000
vt 0.5586 -0.8447 0.0000
vt 0.5635 -0.8623 0.0000
vt 0.5400 -0.8535 0.0000
vt 0.5439 -0.8633 0.0000
vt 0.5654 -0.8770 0.0000
vt 0.5830 -0.8730 0.0000
vt 0.5879 -0.8877 0.0000
vt 0.6064 -0.8955 0.0000
vt 0.6143 -0.8818 0.0000
vt 0.6221 -0.9023 0.0000
vt 0.6211 -0.8848 0.0000
vt 0.6143 -0.9297 0.0000
vt 0.5918 -0.9307 0.0000
vt 0.5898 -0.8955 0.0000
vt 0.5742 -0.8945 0.0000
vt 0.5625 -0.9014 0.0000
vt 0.5527 -0.8857 0.0000
vt 0.5400 -0.8926 0.0000
vt 0.5498 -0.9062 0.0000
vt 0.5195 -0.8994 0.0000
vt 0.5742 -0.9336 0.0000
vt 0.5811 -0.9219 0.0000
vt 0.5830 -0.9316 0.0000
vt 0.5850 -0.9443 0.0000
vt 0.5947 -0.9453 0.0000
vt 0.5879 -0.9639 0.0000
vt 0.5791 -0.9473 0.0000
vt 0.5645 -0.9346 0.0000
vt 0.5273 -0.9199 0.0000
vt 0.5029 -0.9346 0.0000
vt 0.4863 -0.9102 0.0000
vt 0.5371 -0.9424 0.0000
vt 0.5156 -0.9531 0.0000
vt 0.5430 -0.9609 0.0000
vt 0.5693 -0.9531 0.0000
vt 0.5820 -0.9727 0.0000
vt 0.5723 -0.9697 0.0000
vt 0.5469 -0.9795 0.0000
vt 0.5732 -0.9854 0.0000
vt 0.5811 -0.9922 0.0000
vt 0.5889 -0.9961 0.0000
vt 0.5889 -0.9795 0.0000
vt 0.5957 -0.9707 0.0000
vt 0.6123 -0.9492 0.0000
vt 0.6123 -0.9648 0.0000
vt 0.6133 -0.9805 0.0000
vt 0.6016 -0.9961 0.0000
vt 0.6143 -0.9951 0.0000
vt 0.6357 -0.9941 0.0000
vt 0.6377 -0.9717 0.0000
vt 0.6592 -0.9795 0.0000
vt 0.6396 -0.9531 0.0000
vt 0.6201 -0.9414 0.0000
vt 0.6230 -0.9258 0.0000
vt 0.6318 -0.9229 0.0000
vt 0.6328 -0.9033 0.0000
vt 0.6367 -0.9141 0.0000
vt 0.6309 -0.9336 0.0000
vt 0.6377 -0.9434 0.0000
vt 0.6484 -0.9658 0.0000
vt 0.6543 -0.9570 0.0000
vt 0.6680 -0.9502 0.0000
vt 0.6553 -0.9424 0.0000
vt 0.6445 -0.9385 0.0000
vt 0.6455 -0.9463 0.0000
vt 0.6523 -0.9297 0.0000
vt 0.6494 -0.9307 0.0000
vt 0.6631 -0.9307 0.0000
vt 0.6748 -0.9385 0.0000
vt 0.6699 -0.9287 0.0000
vt 0.6582 -0.9199 0.0000
vt 0.6484 -0.9082 0.0000
vt 0.6523 -0.8975 0.0000
vt 0.6670 -0.9160 0.0000
vt 0.6650 -0.8965 0.0000
vt 0.6768 -0.9131 0.0000
vt 0.6797 -0.9297 0.0000
vt 0.6816 -0.9355 0.0000
vt 0.6895 -0.9326 0.0000
vt 0.6895 -0.9346 0.0000
vt 0.6914 -0.9111 0.0000
vt 0.6777 -0.8916 0.0000
vt 0.6914 -0.8857 0.0000
vt 0.6719 -0.8662 0.0000
vt 0.6875 -0.8662 0.0000
vt 0.6553 -0.8682 0.0000
vt 0.6504 -0.8828 0.0000
vt 0.6436 -0.8867 0.0000
vt 0.6426 -0.8936 0.0000
vt 0.6348 -0.8311 0.0000
vt 0.6191 -0.8340 0.0000
vt 0.5928 -0.7598 0.0000
vt 0.6484 -0.8164 0.0000
vt 0.6562 -0.8027 0.0000
vt 0.6670 -0.7773 0.0000
vt 0.6494 -0.8301 0.0000
vt 0.6484 -0.8418 0.0000
vt 0.6572 -0.8467 0.0000
vt 0.6611 -0.8125 0.0000
vt 0.6729 -0.8477 0.0000
vt 0.6768 -0.8271 0.0000
vt 0.6875 -0.8438 0.0000
vt 0.6816 -0.8447 0.0000
vt 0.6719 -0.8477 0.0000
vt 0.6650 -0.8516 0.0000
vt 0.6582 -0.8564 0.0000
vt 0.6445 -0.8486 0.0000
vt 0.6777 -0.8311 0.0000
vt 0.6777 -0.8398 0.0000
vt 0.6699 -0.8379 0.0000
vt 0.6611 -0.8135 0.0000
vt 0.6523 -0.8350 0.0000
vt 0.6807 -0.8232 0.0000
vt 0.7100 -0.9619 0.0000
vt 0.7275 -0.9707 0.0000
vt 0.7197 -0.9795 0.0000
vt 0.7080 -0.9824 0.0000
vt 0.7021 -0.9756 0.0000
vt 0.6953 -0.9717 0.0000
vt 0.6387 -0.8496 0.0000
vt 0.6484 -0.8516 0.0000
vt 0.6602 -0.8496 0.0000
vt 0.6562 -0.8525 0.0000
vt 0.6777 -0.8535 0.0000
vt 0.6660 -0.8535 0.0000
vt 0.7100 -0.9551 0.0000
vt 0.7344 -0.9766 0.0000
vt 0.7168 -0.9766 0.0000
vt 0.6992 -0.9766 0.0000
vt 0.6855 -0.9766 0.0000
vt 0.6436 -0.8408 0.0000
vt 0.6445 -0.8369 0.0000
vt 0.6494 -0.8457 0.0000
vt 0.6572 -0.8477 0.0000
vt 0.6709 -0.8447 0.0000
vt 0.6660 -0.8516 0.0000
vt 0.6787 -0.8477 0.0000
vt 0.6836 -0.8379 0.0000
vt 0.6445 -0.6416 0.0000
vt 0.6445 -0.6484 0.0000
vt 0.6387 -0.6514 0.0000
vt 0.6514 -0.6318 0.0000
vt 0.6504 -0.6455 0.0000
vt 0.6504 -0.6230 0.0000
vt 0.5840 -0.6045 0.0000
vt 0.6270 -0.6660 0.0000
vt 0.6035 -0.6699 0.0000
vt 0.5889 -0.6621 0.0000
vt 0.5703 -0.6562 0.0000
vt 0.5811 -0.6709 0.0000
vt 0.5674 -0.6650 0.0000
vt 0.6504 -0.9668 0.0000
vt 0.6445 -0.9912 0.0000
vt 0.6416 -0.9766 0.0000
vt 0.6289 -0.9766 0.0000
vt 0.6250 -0.9619 0.0000
vt 0.6768 -0.8369 0.0000
vt 0.6602 -0.8506 0.0000
vt 0.6523 -0.8447 0.0000
vt 0.6465 -0.8291 0.0000
vt 0.6836 -0.8311 0.0000
vt 0.6777 -0.8467 0.0000
vt 0.6680 -0.8496 0.0000
vt 0.6592 -0.8447 0.0000
vt 0.6494 -0.8330 0.0000
vt 0.6875 -0.8447 0.0000
vt 0.6494 -0.8467 0.0000
vt 0.6494 -0.8291 0.0000
vt 0.6582 -0.8516 0.0000
vt 0.6670 -0.8486 0.0000
vt 0.6719 -0.8320 0.0000
vt 0.6719 -0.8457 0.0000
vt 0.6807 -0.8389 0.0000
vt 0.9395 -0.8945 0.0000
vt 0.9434 -0.8877 0.0000
vt 0.9531 -0.8906 0.0000
vt 0.9541 -0.9082 0.0000
vt 0.9385 -0.9131 0.0000
vt 0.9268 -0.9014 0.0000
vt 0.9541 -0.9297 0.0000
vt 0.9160 -0.9238 0.0000
vt 0.9141 -0.9131 0.0000
vt 0.9375 -0.9297 0.0000
vt 0.9316 -0.9492 0.0000
vt 0.9561 -0.9541 0.0000
vt 0.9531 -0.9648 0.0000
vt 0.9307 -0.9609 0.0000
vt 0.9473 -0.9814 0.0000
vt 0.9219 -0.9443 0.0000
vt 0.9268 -0.9277 0.0000
vt 0.9092 -0.9209 0.0000
vt 0.9053 -0.9453 0.0000
vt 0.9160 -0.9678 0.0000
vt 0.9307 -0.9756 0.0000
vt 0.9170 -0.9814 0.0000
vt 0.9297 -0.9854 0.0000
vt 0.9424 -0.9932 0.0000
vt 0.9072 -0.9824 0.0000
vt 0.8994 -0.9678 0.0000
vt 0.8916 -0.9844 0.0000
vt 0.8789 -0.9697 0.0000
vt 0.8721 -0.9805 0.0000
vt 0.8877 -0.9424 0.0000
vt 0.8936 -0.9141 0.0000
vt 0.9082 -0.8896 0.0000
vt 0.8936 -0.8789 0.0000
vt 0.9141 -0.8672 0.0000
vt 0.8916 -0.8584 0.0000
vt 0.8779 -0.8604 0.0000
vt 0.8789 -0.8809 0.0000
vt 0.8760 -0.9102 0.0000
vt 0.8740 -0.9365 0.0000
vt 0.8711 -0.9619 0.0000
vt 0.8711 -0.9707 0.0000
vt 0.8623 -0.9668 0.0000
vt 0.8584 -0.9805 0.0000
vt 0.8496 -0.9688 0.0000
vt 0.8613 -0.9512 0.0000
vt 0.8613 -0.9365 0.0000
vt 0.8662 -0.9082 0.0000
vt 0.8633 -0.8701 0.0000
vt 0.8623 -0.8623 0.0000
vt 0.8496 -0.8652 0.0000
vt 0.8398 -0.8623 0.0000
vt 0.8506 -0.8828 0.0000
vt 0.8477 -0.9072 0.0000
vt 0.8496 -0.9355 0.0000
vt 0.8477 -0.9492 0.0000
vt 0.9453 -0.8848 0.0000
vt 0.9453 -0.8613 0.0000
vt 0.9326 -0.8594 0.0000
vt 0.9297 -0.8701 0.0000
vt 0.9238 -0.8447 0.0000
vt 0.9170 -0.8643 0.0000
vt 0.9414 -0.8428 0.0000
vt 0.7588 -0.7695 0.0000
vt 0.7646 -0.7695 0.0000
vt 0.7744 -0.7715 0.0000
vt 0.7803 -0.7754 0.0000
vt 0.7783 -0.7852 0.0000
vt 0.8008 -0.7812 0.0000
vt 0.7979 -0.7920 0.0000
vt 0.7793 -0.8008 0.0000
vt 0.7949 -0.8027 0.0000
vt 0.7627 -0.7891 0.0000
vt 0.7500 -0.7773 0.0000
vt 0.7305 -0.7744 0.0000
vt 0.7393 -0.7881 0.0000
vt 0.7598 -0.8086 0.0000
vt 0.7783 -0.8350 0.0000
vt 0.7949 -0.8389 0.0000
vt 0.7764 -0.8750 0.0000
vt 0.7910 -0.8799 0.0000
vt 0.7715 -0.8984 0.0000
vt 0.7637 -0.8877 0.0000
vt 0.7471 -0.8887 0.0000
vt 0.7334 -0.8926 0.0000
vt 0.7549 -0.8740 0.0000
vt 0.7568 -0.8369 0.0000
vt 0.7432 -0.8086 0.0000
vt 0.7393 -0.8379 0.0000
vt 0.7441 -0.8740 0.0000
vt 0.7295 -0.8721 0.0000
vt 0.7305 -0.8379 0.0000
vt 0.7139 -0.8369 0.0000
vt 0.7139 -0.7979 0.0000
vt 0.7139 -0.7842 0.0000
vt 0.6982 -0.7842 0.0000
vt 0.6992 -0.7939 0.0000
vt 0.6973 -0.8047 0.0000
vt 0.6904 -0.8340 0.0000
vt 0.6953 -0.8691 0.0000
vt 0.7119 -0.8652 0.0000
vt 0.7188 -0.8789 0.0000
vt 0.7002 -0.8896 0.0000
vt 0.7100 -0.8779 0.0000
vt 0.8867 -0.7139 0.0000
vt 0.8760 -0.7178 0.0000
vt 0.8799 -0.7109 0.0000
vt 0.4463 -0.5850 0.0000
vt 0.4453 -0.5908 0.0000
vt 0.4414 -0.5850 0.0000
vt 0.4434 -0.5664 0.0000
vt 0.4385 -0.5674 0.0000
vt 0.4346 -0.5840 0.0000
vt 0.4375 -0.5244 0.0000
vt 0.4346 -0.5674 0.0000
vt 0.4316 -0.5840 0.0000
vt 0.4316 -0.5664 0.0000
vt 0.4180 -0.5811 0.0000
vt 0.4258 -0.5645 0.0000
vt 0.4199 -0.5635 0.0000
vt 0.4121 -0.5791 0.0000
vt 0.7109 -0.6387 0.0000
vt 0.6973 -0.6289 0.0000
vt 0.7109 -0.6182 0.0000
vt 0.7197 -0.6162 0.0000
vt 0.7373 -0.6230 0.0000
vt 0.7334 -0.6445 0.0000
vt 0.7168 -0.6475 0.0000
vt 0.7725 -0.6221 0.0000
vt 0.7734 -0.6416 0.0000
vt 0.7402 -0.6611 0.0000
vt 0.8037 -0.6240 0.0000
vt 0.8076 -0.6426 0.0000
vt 0.8340 -0.6318 0.0000
vt 0.7686 -0.6602 0.0000
vt 0.8076 -0.6602 0.0000
vt 0.7676 -0.6699 0.0000
vt 0.7383 -0.6699 0.0000
vt 0.7637 -0.6846 0.0000
vt 0.7334 -0.6816 0.0000
vt 0.7578 -0.7012 0.0000
vt 0.7227 -0.6992 0.0000
vt 0.7939 -0.7061 0.0000
vt 0.8066 -0.6865 0.0000
vt 0.8076 -0.6719 0.0000
vt 0.8428 -0.6641 0.0000
vt 0.8379 -0.6445 0.0000
vt 0.8584 -0.6348 0.0000
vt 0.8594 -0.6494 0.0000
vt 0.8857 -0.6533 0.0000
vt 0.8750 -0.6621 0.0000
vt 0.8945 -0.6699 0.0000
vt 0.8809 -0.6738 0.0000
vt 0.8916 -0.6826 0.0000
vt 0.8779 -0.6846 0.0000
vt 0.8857 -0.6943 0.0000
vt 0.8740 -0.6748 0.0000
vt 0.8633 -0.6660 0.0000
vt 0.8564 -0.6650 0.0000
vt 0.8447 -0.6748 0.0000
vt 0.8506 -0.6914 0.0000
vt 0.8252 -0.7119 0.0000
vt 0.8027 -0.7285 0.0000
vt 0.7764 -0.7217 0.0000
vt 0.7949 -0.7334 0.0000
vt 0.7451 -0.7188 0.0000
vt 0.7695 -0.7295 0.0000
vt 0.7910 -0.7422 0.0000
vt 0.7637 -0.7373 0.0000
vt 0.7881 -0.7500 0.0000
vt 0.7402 -0.7256 0.0000
vt 0.7178 -0.7246 0.0000
vt 0.7178 -0.7129 0.0000
vt 0.7080 -0.7051 0.0000
vt 0.7119 -0.6963 0.0000
vt 0.7031 -0.6943 0.0000
vt 0.6982 -0.7021 0.0000
vt 0.6963 -0.7139 0.0000
vt 0.6904 -0.7080 0.0000
vt 0.6787 -0.7129 0.0000
vt 0.6660 -0.7207 0.0000
vt 0.6992 -0.7275 0.0000
vt 0.6846 -0.7266 0.0000
vt 0.6797 -0.7295 0.0000
vt 0.6641 -0.7158 0.0000
vt 0.6953 -0.7314 0.0000
vt 0.6816 -0.7461 0.0000
vt 0.6709 -0.7412 0.0000
vt 0.7021 -0.7490 0.0000
vt 0.6836 -0.7568 0.0000
vt 0.6738 -0.7549 0.0000
vt 0.7109 -0.7256 0.0000
vt 0.7188 -0.7295 0.0000
vt 0.7148 -0.7393 0.0000
vt 0.7266 -0.7334 0.0000
vt 0.7109 -0.7480 0.0000
vt 0.7295 -0.7471 0.0000
vt 0.7344 -0.7324 0.0000
vt 0.7607 -0.7490 0.0000
vt 0.7275 -0.7578 0.0000
vt 0.7617 -0.7617 0.0000
vt 0.7930 -0.7686 0.0000
vt 0.4268 -0.5410 0.0000
vt 0.4385 -0.5391 0.0000
vt 0.4307 -0.4824 0.0000
vt 0.4141 -0.5400 0.0000
vt 0.4072 -0.5352 0.0000
vt 0.9648 -0.9951 0.0000
vt 0.9688 -0.9980 0.0000
vt 0.9648 -0.9668 0.0000
vt 0.9570 -0.9951 0.0000
vt 0.6689 -0.8301 0.0000
vt 0.6797 -0.8223 0.0000
vt 0.6689 -0.8174 0.0000
vt 0.6484 -0.8096 0.0000
vt 0.6572 -0.8301 0.0000
vt 0.6641 -0.8428 0.0000
vt 0.6445 -0.8457 0.0000
vt 0.6465 -0.8311 0.0000
vt 0.6367 -0.8252 0.0000
vt 0.6289 -0.8359 0.0000
vt 0.6816 -0.8174 0.0000
vt 0.7100 -0.9463 0.0000
vt 0.7217 -0.9648 0.0000
vt 0.7080 -0.9697 0.0000
vt 0.6973 -0.9639 0.0000
vt 0.6924 -0.9551 0.0000
vt 0.6895 -0.9521 0.0000
vt 0.7061 -0.9629 0.0000
vt 0.6943 -0.9863 0.0000
vt 0.7061 -0.9883 0.0000
vt 0.7168 -0.9854 0.0000
vt 0.7168 -0.9736 0.0000
vt 0.7197 -0.9688 0.0000
vt 0.6924 -0.9707 0.0000
vt 0.6748 -0.8389 0.0000
vt 0.6846 -0.8379 0.0000
vt 0.6670 -0.8457 0.0000
vt 0.6553 -0.8496 0.0000
vt 0.6455 -0.8438 0.0000
vt 0.9941 -0.9463 0.0000
vt 0.9756 -0.9209 0.0000
vt 0.9932 -0.9209 0.0000
vt 0.9854 -0.9209 0.0000
vt 0.9834 -0.8926 0.0000
vt 0.9922 -0.8916 0.0000
vt 1.0000 -0.8623 0.0000
vt 0.9814 -0.8623 0.0000
vt 0.9639 -0.8926 0.0000
vt 0.9717 -0.9346 0.0000
vt 0.9883 -0.9463 0.0000
vt 0.9961 -0.9736 0.0000
vt 0.9795 -0.9463 0.0000
vt 0.9873 -0.9736 0.0000
vt 0.9707 -0.8926 0.0000
vt 0.9658 -0.8623 0.0000
vt 0.9590 -0.8623 0.0000
vt 0.8184 -0.9141 0.0000
vt 0.8193 -0.9189 0.0000
vt 0.8057 -0.9268 0.0000
vt 0.7998 -0.9229 0.0000
vt 0.7979 -0.9316 0.0000
vt 0.7891 -0.9316 0.0000
vt 0.7910 -0.9150 0.0000
vt 0.7803 -0.9209 0.0000
vt 0.8086 -0.9033 0.0000
vt 0.8291 -0.8975 0.0000
vt 0.8291 -0.9092 0.0000
vt 0.8330 -0.8994 0.0000
vt 0.8369 -0.8887 0.0000
vt 0.8320 -0.8828 0.0000
vt 0.8184 -0.8877 0.0000
vt 0.7998 -0.8867 0.0000
vt 0.7881 -0.9004 0.0000
vt 0.7705 -0.8994 0.0000
vt 0.7852 -0.8945 0.0000
vt 0.7969 -0.8594 0.0000
vt 0.8232 -0.8740 0.0000
vt 0.8145 -0.8428 0.0000
vt 0.8398 -0.8770 0.0000
vt 0.8438 -0.8848 0.0000
vt 0.8330 -0.8633 0.0000
vt 0.8311 -0.8457 0.0000
vt 0.8301 -0.8291 0.0000
vt 0.8125 -0.8154 0.0000
vt 0.8418 -0.8408 0.0000
vt 0.8438 -0.8301 0.0000
vt 0.8477 -0.8389 0.0000
vt 0.8584 -0.8350 0.0000
vt 0.8574 -0.8262 0.0000
vt 0.8496 -0.8115 0.0000
vt 0.8320 -0.8115 0.0000
vt 0.8330 -0.7861 0.0000
vt 0.8135 -0.7861 0.0000
vt 0.8486 -0.7871 0.0000
vt 0.8750 -0.7871 0.0000
vt 0.8750 -0.8066 0.0000
vt 0.8682 -0.8223 0.0000
vt 0.8701 -0.8340 0.0000
vt 0.8809 -0.8184 0.0000
vt 0.8848 -0.8311 0.0000
vt 0.8896 -0.8311 0.0000
vt 0.9033 -0.8193 0.0000
vt 0.9023 -0.8037 0.0000
vt 0.9004 -0.7842 0.0000
vt 0.8730 -0.7686 0.0000
vt 0.8477 -0.7725 0.0000
vt 0.8330 -0.7744 0.0000
vt 0.8213 -0.7705 0.0000
vt 0.8096 -0.7705 0.0000
vt 0.8232 -0.7549 0.0000
vt 0.8125 -0.7500 0.0000
vt 0.8350 -0.7588 0.0000
vt 0.8467 -0.7539 0.0000
vt 0.8359 -0.7490 0.0000
vt 0.8252 -0.7432 0.0000
vt 0.8115 -0.7354 0.0000
vt 0.8418 -0.7480 0.0000
vt 0.8457 -0.7393 0.0000
vt 0.8574 -0.7334 0.0000
vt 0.8486 -0.7285 0.0000
vt 0.8721 -0.7412 0.0000
vt 0.8955 -0.7578 0.0000
vt 0.9209 -0.7803 0.0000
vt 0.9277 -0.8057 0.0000
vt 0.9199 -0.7637 0.0000
vt 0.8984 -0.7549 0.0000
vt 0.9180 -0.7412 0.0000
vt 0.8916 -0.7480 0.0000
vt 0.8926 -0.7354 0.0000
vt 0.8975 -0.7451 0.0000
vt 0.9150 -0.7285 0.0000
vt 0.9014 -0.7178 0.0000
vt 0.9111 -0.7227 0.0000
vt 0.8926 -0.7256 0.0000
vt 0.8740 -0.7275 0.0000
vt 0.8916 -0.7109 0.0000
vt 0.9404 -0.8281 0.0000
vt 0.9199 -0.8281 0.0000
vt 0.9102 -0.8320 0.0000
vt 0.9111 -0.8467 0.0000
vt 0.9072 -0.8311 0.0000
vt 0.8984 -0.8457 0.0000
vt 0.8994 -0.8564 0.0000
vt 0.6504 -0.8008 0.0000
vt 0.6592 -0.7881 0.0000
vt 0.6279 -0.7744 0.0000
vt 0.5889 -0.7549 0.0000
vt 0.6221 -0.7920 0.0000
vt 0.6455 -0.8164 0.0000
vt 0.6113 -0.7930 0.0000
vt 0.6016 -0.7988 0.0000
vt 0.6152 -0.8311 0.0000
vt 0.6338 -0.8311 0.0000
vt 0.9053 -0.8545 0.0000
vt 0.9199 -0.8467 0.0000
vt 0.9404 -0.8496 0.0000
vt 0.7744 -0.9629 0.0000
vt 0.7803 -0.9541 0.0000
vt 0.8320 -0.9785 0.0000
vt 0.8291 -0.9863 0.0000
vt 0.8711 -0.9961 0.0000
vt 0.7666 -0.9727 0.0000
vt 0.8271 -0.9912 0.0000
vt 0.8281 -0.9980 0.0000
vt 0.7715 -0.9980 0.0000
vt 0.7471 -0.9795 0.0000
vt 0.6846 -0.8252 0.0000
vt 0.6816 -0.8359 0.0000
vt 0.6738 -0.8447 0.0000
vt 0.6650 -0.8477 0.0000
vt 0.6484 -0.8379 0.0000
vt 0.6416 -0.9492 0.0000
vt 0.6465 -0.9502 0.0000
vt 0.8643 -0.7080 0.0000
vt 0.8691 -0.6885 0.0000
vt 0.8740 -0.6914 0.0000
vt 0.8721 -0.6826 0.0000
vt 0.8613 -0.6758 0.0000
vt 0.8643 -0.6836 0.0000
vt 0.8564 -0.6865 0.0000
vt 0.8545 -0.6758 0.0000
vt 0.7773 -0.9775 0.0000
vt 0.7842 -0.9648 0.0000
vt 0.7822 -0.9707 0.0000
vt 0.5723 -0.9961 0.0000
vt 0.5488 -0.9922 0.0000
vt 0.5332 -0.9873 0.0000
vt 0.5303 -0.9805 0.0000
vt 0.5137 -0.9834 0.0000
vt 0.5225 -0.9678 0.0000
vt 0.5059 -0.9756 0.0000
vt 0.4941 -0.9863 0.0000
vt 0.4941 -0.9873 0.0000
vt 0.4951 -0.9629 0.0000
vt 0.4795 -0.9443 0.0000
vt 0.4785 -0.9736 0.0000
vt 0.4629 -0.9541 0.0000
vt 0.4678 -0.9248 0.0000
vt 0.4629 -0.9131 0.0000
vt 0.4395 -0.9199 0.0000
vt 0.4502 -0.9404 0.0000
vt 0.5771 -0.6533 0.0000
vt 0.5625 -0.6582 0.0000
vt 0.5752 -0.6270 0.0000
vt 0.5859 -0.6484 0.0000
vt 0.5762 -0.5947 0.0000
vt 0.5938 -0.6436 0.0000
vt 0.6035 -0.6396 0.0000
vt 0.6172 -0.6387 0.0000
vt 0.6299 -0.6348 0.0000
vt 0.6104 -0.6074 0.0000
vt 0.6484 -0.6152 0.0000
vt 0.6113 -0.6230 0.0000
vt 0.6514 -0.6064 0.0000
vt 0.6543 -0.6396 0.0000
vt 0.6309 -0.6426 0.0000
vt 0.6123 -0.6533 0.0000
vt 0.6670 -0.7754 0.0000
vt 0.6709 -0.7656 0.0000
vt 0.6504 -0.7617 0.0000
vt 0.5928 -0.7588 0.0000
vt 0.6680 -0.7949 0.0000
vt 0.6318 -0.8018 0.0000
vt 0.6133 -0.8193 0.0000
vt 0.6504 -0.8232 0.0000
vt 0.6289 -0.8428 0.0000
vt 0.6113 -0.8428 0.0000
vt 0.6699 -0.6973 0.0000
vt 0.6943 -0.7002 0.0000
vt 0.6729 -0.7109 0.0000
vt 0.6641 -0.7100 0.0000
vt 0.6689 -0.7246 0.0000
vt 0.6416 -0.6943 0.0000
vt 0.6494 -0.7158 0.0000
vt 0.6279 -0.7109 0.0000
vt 0.6152 -0.6963 0.0000
vt 0.6211 -0.7188 0.0000
vt 0.5996 -0.7061 0.0000
vt 0.6055 -0.7344 0.0000
vt 0.6211 -0.7305 0.0000
vt 0.6260 -0.7520 0.0000
vt 0.6309 -0.7373 0.0000
vt 0.6367 -0.7568 0.0000
vt 0.6445 -0.7461 0.0000
vt 0.6436 -0.7402 0.0000
vt 0.6523 -0.7344 0.0000
vt 0.6553 -0.7480 0.0000
vt 0.6328 -0.6094 0.0000
vt 0.6533 -0.6074 0.0000
vt 0.6523 -0.6279 0.0000
vt 0.6504 -0.6543 0.0000
vt 0.6279 -0.6416 0.0000
vt 0.6123 -0.6592 0.0000
vt 0.6426 -0.6836 0.0000
vt 0.6074 -0.6914 0.0000
vt 0.5938 -0.6807 0.0000
vt 0.5908 -0.6602 0.0000
vt 0.5723 -0.6748 0.0000
vt 0.5762 -0.6523 0.0000
vt 0.5635 -0.6436 0.0000
vt 0.5615 -0.6602 0.0000
vt 0.6494 -0.8418 0.0000
vt 0.6436 -0.8369 0.0000
vt 0.6602 -0.8525 0.0000
vt 0.6738 -0.8496 0.0000
vt 0.6816 -0.8379 0.0000
vt 0.5762 -0.7363 0.0000
vt 0.6045 -0.7363 0.0000
vt 0.6035 -0.7490 0.0000
vt 0.5859 -0.7529 0.0000
vt 0.5771 -0.7637 0.0000
vt 0.6689 -0.8018 0.0000
vt 0.6855 -0.7920 0.0000
vt 0.6533 -0.8076 0.0000
vt 0.6523 -0.8262 0.0000
vt 0.6465 -0.8467 0.0000
vt 0.5898 -0.7559 0.0000
vt 0.6309 -0.8408 0.0000
vt 0.6553 -0.8271 0.0000
vt 0.6660 -0.8008 0.0000
vt 0.6172 -0.7939 0.0000
vt 0.6416 -0.8281 0.0000
vt 0.6445 -0.8193 0.0000
vt 0.6221 -0.7930 0.0000
vt 0.5889 -0.7568 0.0000
vt 0.6465 -0.8086 0.0000
vt 0.6260 -0.7910 0.0000
vt 0.5879 -0.7539 0.0000
vt 0.6572 -0.8232 0.0000
vt 0.6367 -0.8301 0.0000
vt 0.6172 -0.8291 0.0000
vt 0.6631 -0.8320 0.0000
vt 0.6406 -0.8369 0.0000
vt 0.6191 -0.8359 0.0000
vt 0.5771 -0.5977 0.0000
vt 0.5938 -0.6641 0.0000
vt 0.6104 -0.6719 0.0000
vt 0.6309 -0.6787 0.0000
vt 0.5762 -0.5957 0.0000
vt 0.5840 -0.6592 0.0000
vt 0.5986 -0.6650 0.0000
vt 0.6152 -0.6689 0.0000
vt 0.5791 -0.6680 0.0000
vt 0.5967 -0.6787 0.0000
vt 0.6113 -0.6709 0.0000
vt 0.5635 -0.6396 0.0000
vt 0.5869 -0.6709 0.0000
vt 0.6152 -0.6787 0.0000
vt 0.5947 -0.6611 0.0000
vt 0.5762 -0.6494 0.0000
vt 0.5908 -0.6113 0.0000
vt 0.6172 -0.6533 0.0000
vt 0.6357 -0.6387 0.0000
vt 0.6318 -0.6162 0.0000
vt 0.5928 -0.6641 0.0000
vt 0.5742 -0.6494 0.0000
vt 0.5908 -0.6133 0.0000
vt 0.6172 -0.6553 0.0000
vt 0.6357 -0.6377 0.0000
vt 0.6318 -0.6143 0.0000
vt 0.5938 -0.6631 0.0000
vt 0.6172 -0.6543 0.0000
vt 0.6357 -0.6367 0.0000
vt 0.6309 -0.6143 0.0000
vt 0.9854 -0.9746 0.0000
vt 1.0000 -1.0000 0.0000
vt 0.9902 -0.8623 0.0000
vt 0.9932 -0.9736 0.0000
vt 0.9951 -0.9736 0.0000
vt 0.9971 -0.9736 0.0000
vt 0.4131 -0.4170 0.0000
vt 0.4316 -0.4111 0.0000
vt 0.4248 -0.4355 0.0000
vt 0.3916 -0.4463 0.0000
vt 0.3848 -0.4238 0.0000
vt 0.3564 -0.4268 0.0000
vt 0.3584 -0.4551 0.0000
vt 0.3262 -0.4492 0.0000
vt 0.3154 -0.4238 0.0000
vt 0.3301 -0.4727 0.0000
vt 0.3027 -0.4668 0.0000
vt 0.3037 -0.4473 0.0000
vt 0.2891 -0.4160 0.0000
vt 0.5771 -0.5957 0.0000
vt 0.5615 -0.6406 0.0000
vt 0.5850 -0.6709 0.0000
vt 0.6162 -0.6787 0.0000
vt 0.5625 -0.6377 0.0000
vt 0.5859 -0.6699 0.0000
vt 0.6152 -0.6797 0.0000
vt 0.5791 -0.6016 0.0000
vt 0.6123 -0.6748 0.0000
vt 0.5879 -0.6670 0.0000
vt 0.5664 -0.6396 0.0000
vt 0.5781 -0.5986 0.0000
vt 0.5869 -0.6631 0.0000
vt 0.5674 -0.6357 0.0000
vt 0.6133 -0.6758 0.0000
vt 0.5879 -0.6699 0.0000
vt 0.5654 -0.6436 0.0000
vt 0.3672 -0.1250 0.0000
vt 0.3262 -0.1318 0.0000
vt 0.3662 -0.1309 0.0000
vt 0.3721 -0.1289 0.0000
vt 0.3252 -0.1270 0.0000
vt 0.3125 -0.1309 0.0000
vt 0.3135 -0.1260 0.0000
vt 0.3018 -0.1279 0.0000
vt 0.3027 -0.1328 0.0000
vt 0.2646 -0.1299 0.0000
vt 0.2646 -0.1250 0.0000
vt 0.2939 -0.1162 0.0000
vt 0.3184 -0.1172 0.0000
vt 0.3643 -0.1172 0.0000
vt 0.3760 -0.1162 0.0000
vt 0.3809 -0.1221 0.0000
vt 0.3838 -0.1270 0.0000
vt 0.3896 -0.1230 0.0000
vt 0.3770 -0.1113 0.0000
vt 0.3594 -0.1006 0.0000
vt 0.3203 -0.1006 0.0000
vt 0.2939 -0.1006 0.0000
vt 0.2637 -0.1143 0.0000
vt 0.1924 -0.1191 0.0000
vt 0.1904 -0.1309 0.0000
vt 0.1738 -0.1289 0.0000
vt 0.1689 -0.1191 0.0000
vt 0.1641 -0.1289 0.0000
vt 0.1533 -0.1182 0.0000
vt 0.1504 -0.1289 0.0000
vt 0.1436 -0.1230 0.0000
vt 0.1436 -0.1299 0.0000
vt 0.1299 -0.1201 0.0000
vt 0.1299 -0.1299 0.0000
vt 0.0859 -0.1338 0.0000
vt 0.0830 -0.1260 0.0000
vt 0.0439 -0.1299 0.0000
vt 0.0391 -0.1270 0.0000
vt 0.0430 -0.1387 0.0000
vt 0.0273 -0.1309 0.0000
vt 0.0273 -0.1260 0.0000
vt 0.0127 -0.1309 0.0000
vt 0.0088 -0.1240 0.0000
vt 0.0264 -0.1201 0.0000
vt 0.0361 -0.1191 0.0000
vt 0.0430 -0.1123 0.0000
vt 0.0859 -0.1104 0.0000
vt 0.1289 -0.1064 0.0000
vt 0.1602 -0.1055 0.0000
vt 0.1709 -0.1006 0.0000
vt 0.1572 -0.0947 0.0000
vt 0.1309 -0.0938 0.0000
vt 0.0879 -0.0967 0.0000
vt 0.0762 -0.1064 0.0000
vt 0.0498 -0.1064 0.0000
vt 0.0400 -0.0967 0.0000
vt 0.0469 -0.1064 0.0000
vt 0.0254 -0.1035 0.0000
vt 0.0049 -0.1064 0.0000
vt 0.0117 -0.0908 0.0000
vt 0.0273 -0.0879 0.0000
vt 0.0137 -0.0840 0.0000
vt 0.0293 -0.0811 0.0000
vt 0.0488 -0.0840 0.0000
vt 0.0811 -0.0850 0.0000
vt 0.0967 -0.0850 0.0000
vt 0.1084 -0.0840 0.0000
vt 0.1367 -0.0820 0.0000
vt 0.1602 -0.0850 0.0000
vt 0.1660 -0.0830 0.0000
vt 0.1768 -0.0869 0.0000
vt 0.1914 -0.1006 0.0000
vt 0.1992 -0.0996 0.0000
vt 0.1914 -0.0850 0.0000
vt 0.1777 -0.0820 0.0000
vt 0.1914 -0.0791 0.0000
vt 0.1953 -0.0840 0.0000
vt 0.1943 -0.0791 0.0000
vt 0.2559 -0.0791 0.0000
vt 0.2549 -0.0850 0.0000
vt 0.2686 -0.0811 0.0000
vt 0.2607 -0.1006 0.0000
vt 0.2686 -0.0859 0.0000
vt 0.2695 -0.1006 0.0000
vt 0.2900 -0.0840 0.0000
vt 0.2910 -0.0791 0.0000
vt 0.3008 -0.0811 0.0000
vt 0.2998 -0.0869 0.0000
vt 0.3281 -0.0840 0.0000
vt 0.3291 -0.0771 0.0000
vt 0.3428 -0.0850 0.0000
vt 0.3408 -0.0791 0.0000
vt 0.3447 -0.0781 0.0000
vt 0.3555 -0.0781 0.0000
vt 0.3555 -0.0850 0.0000
vt 0.3730 -0.0977 0.0000
vt 0.3701 -0.0850 0.0000
vt 0.3711 -0.0801 0.0000
vt 0.3975 -0.1016 0.0000
vt 0.3994 -0.1123 0.0000
vt 0.4053 -0.1201 0.0000
vt 0.4297 -0.1104 0.0000
vt 0.4316 -0.1162 0.0000
vt 0.4688 -0.1006 0.0000
vt 0.4287 -0.1025 0.0000
vt 0.3994 -0.0889 0.0000
vt 0.4297 -0.0947 0.0000
vt 0.0488 -0.0771 0.0000
vt 0.0527 -0.0791 0.0000
vt 0.0850 -0.0752 0.0000
vt 0.0859 -0.0801 0.0000
vt 0.0977 -0.0781 0.0000
vt 0.0986 -0.0811 0.0000
vt 0.1084 -0.0771 0.0000
vt 0.1104 -0.0801 0.0000
vt 0.1387 -0.0742 0.0000
vt 0.1396 -0.0801 0.0000
vt 0.1660 -0.0791 0.0000
vt 0.7168 -0.8877 0.0000
vt 0.7148 -0.8838 0.0000
vt 0.7217 -0.8857 0.0000
vt 0.7217 -0.8916 0.0000
vt 0.7090 -0.8857 0.0000
vt 0.7148 -0.8936 0.0000
vt 0.7090 -0.8916 0.0000
vt 0.8262 -0.9756 0.0000
vt 0.8232 -0.9854 0.0000
vt 0.7773 -0.9590 0.0000
vt 0.7607 -0.9707 0.0000
vt 0.8213 -0.9912 0.0000
vt 0.8203 -0.9971 0.0000
vt 0.7627 -0.9980 0.0000
vt 0.7549 -0.9844 0.0000
vt 0.8027 -0.9561 0.0000
vt 0.7686 -0.9385 0.0000
vt 0.8047 -0.9473 0.0000
vt 0.8232 -0.9658 0.0000
vt 0.8398 -0.9551 0.0000
vt 0.8398 -0.9434 0.0000
vt 0.8066 -0.9395 0.0000
vt 0.8076 -0.9336 0.0000
vt 0.8291 -0.9297 0.0000
vt 0.8330 -0.9756 0.0000
vt 0.8320 -0.9795 0.0000
vt 0.7744 -0.9639 0.0000
vt 0.7646 -0.9697 0.0000
vt 0.7607 -0.9814 0.0000
vt 0.8271 -0.9922 0.0000
vt 0.9678 -0.9951 0.0000
vt 0.6396 -0.7646 0.0000
vt 0.5986 -0.7627 0.0000
vt 0.6426 -0.7773 0.0000
vt 0.6816 -0.7822 0.0000
vt 0.6768 -0.7998 0.0000
vt 0.6631 -0.8047 0.0000
vt 0.6260 -0.7979 0.0000
vt 0.6123 -0.8037 0.0000
vt 0.6553 -0.8223 0.0000
vt 0.6416 -0.8398 0.0000
vt 0.5977 -0.6543 0.0000
vt 0.6055 -0.6748 0.0000
vt 0.6133 -0.6484 0.0000
vt 0.5869 -0.6270 0.0000
vt 0.6250 -0.6699 0.0000
vt 0.6357 -0.6562 0.0000
vt 0.6260 -0.6396 0.0000
vt 0.5967 -0.6270 0.0000
vt 0.5723 -0.6006 0.0000
vt 0.6055 -0.6221 0.0000
# 1091 texture coords

o Dragon006
g Dragon006
usemtl c1200_1
s 1
f 4081/3730/7733 4082/3731/7734 4083/3732/7735 
f 4083/3732/7735 4084/3733/7736 4081/3730/7733 
f 4085/3734/7737 4081/3730/7733 4084/3733/7736 
f 4084/3733/7736 4083/3732/7735 4086/3735/7738 
f 4086/3735/7738 4087/3736/7739 4084/3733/7736 
f 4088/3737/7740 4086/3735/7738 4083/3732/7735 
f 4083/3732/7735 4089/3738/7741 4088/3737/7740 
f 4086/3735/7738 4088/3737/7740 4090/3739/7742 
f 4090/3739/7742 4091/3740/7743 4086/3735/7738 
f 4091/3740/7743 4090/3739/7742 4092/3741/7744 
f 4092/3741/7744 4093/3742/7745 4091/3740/7743 
f 4094/3743/7746 4093/3742/7745 4092/3741/7744 
f 4092/3741/7744 4095/3744/7747 4094/3743/7746 
f 4096/3745/7748 4093/3742/7745 4094/3743/7746 
f 4096/3745/7749 4097/3746/7750 4098/3747/7751 
f 4098/3747/7751 4093/3748/7752 4096/3745/7749 
f 4099/3749/7753 4098/3747/7751 4097/3746/7750 
f 4091/3750/7754 4093/3748/7752 4098/3747/7751 
f 4098/3747/7751 4100/3751/7755 4091/3750/7754 
f 4086/3735/7738 4100/3751/7756 4101/3752/7757 
f 4101/3752/7757 4087/3736/7739 4086/3735/7738 
f 4102/3753/7758 4086/3735/7738 4091/3740/7743 
f 4091/3740/7743 4100/3754/7759 4102/3753/7758 
f 4087/3736/7739 4101/3752/7757 4103/3755/7760 
f 4103/3755/7760 4104/3756/7761 4087/3736/7739 
f 4104/3757/7762 4103/3755/7760 4101/3752/7757 
f 4105/3758/7763 4106/3759/7764 4107/3760/7765 
f 4107/3760/7765 4108/3761/7766 4105/3758/7763 
f 4109/3762/7767 4108/3761/7766 4107/3760/7765 
f 4107/3760/7765 4110/3763/7768 4109/3762/7767 
f 4111/3764/7769 4108/3761/7766 4109/3762/7767 
f 4109/3762/7767 4112/3765/7770 4111/3764/7769 
f 4112/3765/7770 4109/3762/7767 4113/3766/7771 
f 4113/3766/7771 4114/3767/7772 4112/3765/7770 
f 4115/3768/7773 4112/3765/7770 4114/3767/7772 
f 4114/3767/7772 4116/3769/7774 4115/3768/7773 
f 4116/3769/7774 4114/3767/7772 4117/3770/7775 
f 4117/3770/7775 4118/3771/7776 4116/3769/7774 
f 4119/3772/7777 4118/3771/7776 4117/3770/7775 
f 4117/3770/7775 4120/3773/7778 4119/3772/7777 
f 4121/3774/7779 4119/3772/7777 4120/3773/7778 
f 4120/3773/7778 4122/3775/7780 4121/3774/7779 
f 4122/3775/7780 4120/3773/7778 4123/3776/7781 
f 4123/3776/7781 4124/3777/7782 4122/3775/7780 
f 4125/3778/7783 4124/3777/7782 4123/3776/7781 
f 4123/3776/7781 4126/3779/7784 4125/3778/7783 
f 4127/3780/7785 4126/3779/7784 4123/3776/7781 
f 4123/3776/7781 4120/3773/7778 4127/3780/7785 
f 4128/3781/7786 4127/3780/7785 4120/3773/7778 
f 4120/3773/7778 4129/3782/7787 4128/3781/7786 
f 4129/3782/7787 4120/3773/7778 4117/3770/7775 
f 4117/3770/7775 4114/3767/7772 4129/3782/7787 
f 4130/3783/7788 4129/3782/7787 4114/3767/7772 
f 4114/3767/7772 4113/3766/7771 4130/3783/7788 
f 4109/3762/7767 4130/3783/7788 4113/3766/7771 
f 4129/3782/7787 4130/3783/7788 4131/3784/7789 
f 4131/3784/7789 4132/3785/7790 4129/3782/7787 
f 4128/3781/7786 4129/3782/7787 4132/3785/7790 
f 4133/3786/7791 4132/3785/7790 4131/3784/7789 
f 4134/3787/7792 4128/3781/7786 4132/3785/7790 
f 4132/3785/7790 4133/3786/7791 4134/3787/7792 
f 4128/3781/7786 4134/3787/7792 4135/3788/7793 
f 4135/3788/7793 4127/3780/7785 4128/3781/7786 
f 4127/3780/7785 4135/3788/7793 4136/3789/7794 
f 4136/3789/7794 4137/3790/7795 4127/3780/7785 
f 4138/3791/7796 4127/3780/7785 4137/3790/7795 
f 4126/3779/7784 4127/3780/7785 4138/3791/7796 
f 4136/3789/7794 4138/3791/7796 4137/3790/7795 
f 4126/3779/7784 4138/3791/7796 4139/3792/7797 
f 4139/3792/7797 4125/3778/7783 4126/3779/7784 
f 4140/3793/7798 4125/3778/7783 4139/3792/7797 
f 4139/3792/7797 4141/3794/7799 4140/3793/7798 
f 4142/3795/7800 4140/3793/7798 4141/3794/7799 
f 4141/3794/7799 4143/3796/7801 4142/3795/7800 
f 4144/3797/7802 4143/3796/7801 4141/3794/7799 
f 4141/3794/7799 4139/3792/7797 4144/3797/7802 
f 4145/3798/7803 4144/3797/7802 4139/3792/7797 
f 4139/3792/7797 4138/3791/7796 4145/3798/7803 
f 4144/3797/7802 4145/3798/7803 4146/3799/7804 
f 4146/3799/7804 4147/3800/7805 4144/3797/7802 
f 4143/3796/7801 4144/3797/7802 4147/3800/7805 
f 4147/3800/7805 4148/3801/7806 4143/3796/7801 
f 4085/3802/7807 4143/3796/7801 4148/3801/7806 
f 4133/3786/7791 4131/3784/7789 4149/3803/7808 
f 4149/3803/7808 4150/3804/7809 4133/3786/7791 
f 4151/3805/7810 4133/3786/7791 4150/3804/7809 
f 4133/3786/7791 4151/3805/7810 4152/3806/7811 
f 4152/3806/7811 4153/3807/7812 4133/3786/7791 
f 4134/3787/7792 4133/3786/7791 4153/3807/7812 
f 4153/3807/7812 4154/3808/7813 4134/3787/7792 
f 4155/3809/7814 4134/3787/7792 4154/3808/7813 
f 4135/3788/7793 4134/3787/7792 4155/3809/7814 
f 4155/3809/7814 4156/3810/7815 4135/3788/7793 
f 4136/3789/7794 4135/3788/7793 4156/3810/7815 
f 4157/3811/7816 4156/3810/7815 4155/3809/7814 
f 4155/3809/7814 4158/3812/7817 4157/3811/7816 
f 4158/3812/7817 4155/3809/7814 4154/3808/7813 
f 4154/3808/7813 4153/3807/7812 4158/3812/7817 
f 4152/3806/7811 4158/3812/7817 4153/3807/7812 
f 4159/3813/7818 4158/3812/7817 4152/3806/7811 
f 4152/3806/7811 4160/3814/7819 4159/3813/7818 
f 4161/3815/7820 4160/3814/7819 4152/3806/7811 
f 4152/3806/7811 4151/3805/7810 4161/3815/7820 
f 4162/3816/7821 4161/3815/7820 4151/3805/7810 
f 4151/3805/7810 4163/3817/7822 4162/3816/7821 
f 4164/3818/7823 4163/3817/7822 4151/3805/7810 
f 4151/3805/7810 4150/3804/7809 4164/3818/7823 
f 4165/3819/7824 4163/3817/7822 4164/3818/7823 
f 4164/3818/7823 4166/3820/7825 4165/3819/7824 
f 4166/3820/7825 4164/3818/7823 4167/3821/7826 
f 4167/3821/7826 4168/3822/7827 4166/3820/7825 
f 4169/3823/7828 4167/3821/7826 4164/3818/7823 
f 4164/3818/7823 4150/3804/7809 4169/3823/7828 
f 4170/3824/7829 4169/3823/7828 4150/3804/7809 
f 4169/3823/7828 4170/3824/7829 4109/3762/7767 
f 4109/3762/7767 4110/3763/7768 4169/3823/7828 
f 4171/3825/7830 4169/3823/7828 4110/3763/7768 
f 4167/3821/7826 4169/3823/7828 4171/3825/7830 
f 4171/3825/7830 4168/3822/7827 4167/3821/7826 
f 4172/3826/7831 4168/3822/7827 4171/3825/7830 
f 4171/3825/7830 4173/3827/7832 4172/3826/7831 
f 4174/3828/7833 4173/3827/7832 4171/3825/7830 
f 4171/3825/7830 4110/3763/7768 4174/3828/7833 
f 4175/3829/7834 4173/3827/7832 4174/3828/7833 
f 4174/3828/7833 4176/3830/7835 4175/3829/7834 
f 4177/3831/7836 4176/3830/7835 4174/3828/7833 
f 4174/3828/7833 4178/3832/7837 4177/3831/7836 
f 4158/3812/7817 4159/3813/7818 4179/3833/7838 
f 4179/3833/7838 4180/3834/7839 4158/3812/7817 
f 4157/3811/7816 4158/3812/7817 4180/3834/7839 
f 4180/3834/7839 4181/3835/7840 4157/3811/7816 
f 4181/3835/7840 4180/3834/7839 4182/3836/7841 
f 4182/3836/7841 4183/3837/7842 4181/3835/7840 
f 4184/3838/7843 4181/3835/7840 4183/3837/7842 
f 4157/3811/7816 4181/3835/7840 4184/3838/7843 
f 4184/3838/7843 4156/3810/7815 4157/3811/7816 
f 4136/3789/7794 4156/3810/7815 4184/3838/7843 
f 4184/3838/7843 4185/3839/7844 4136/3789/7794 
f 4138/3791/7796 4136/3789/7794 4185/3839/7844 
f 4185/3839/7844 4184/3838/7843 4186/3840/7845 
f 4186/3840/7845 4187/3841/7846 4185/3839/7844 
f 4138/3791/7796 4185/3839/7844 4187/3841/7846 
f 4187/3841/7846 4188/3842/7847 4138/3791/7796 
f 4186/3840/7845 4188/3842/7847 4187/3841/7846 
f 4145/3798/7803 4138/3791/7796 4188/3842/7847 
f 4188/3842/7847 4189/3843/7848 4145/3798/7803 
f 4190/3844/7849 4189/3843/7848 4188/3842/7847 
f 4188/3842/7847 4186/3840/7845 4190/3844/7849 
f 4189/3843/7848 4190/3844/7849 4191/3845/7850 
f 4191/3845/7850 4145/3798/7803 4189/3843/7848 
f 4146/3799/7804 4145/3798/7803 4191/3845/7850 
f 4191/3845/7850 4192/3846/7851 4146/3799/7804 
f 4192/3846/7851 4191/3845/7850 4190/3844/7849 
f 4190/3844/7849 4193/3847/7852 4192/3846/7851 
f 4194/3848/7853 4193/3847/7852 4190/3844/7849 
f 4190/3844/7849 4099/3849/7854 4194/3848/7853 
f 4195/3850/7855 4099/3849/7854 4190/3844/7849 
f 4190/3844/7849 4196/3851/7856 4195/3850/7855 
f 4197/3852/7857 4196/3851/7856 4190/3844/7849 
f 4190/3844/7849 4186/3840/7845 4197/3852/7857 
f 4198/3853/7858 4196/3851/7856 4197/3852/7857 
f 4197/3852/7857 4186/3840/7845 4198/3853/7858 
f 4184/3838/7843 4198/3853/7858 4186/3840/7845 
f 4199/3854/7859 4198/3853/7858 4184/3838/7843 
f 4184/3838/7843 4183/3837/7842 4199/3854/7859 
f 4149/3803/7860 4131/3784/7861 4130/3783/7862 
f 4130/3783/7862 4170/3824/7863 4149/3803/7860 
f 4109/3762/7864 4170/3824/7863 4130/3783/7862 
f 4150/3804/7865 4149/3803/7860 4170/3824/7863 
f 4200/3855/7866 4201/3856/7867 4202/3857/7868 
f 4202/3857/7868 4082/3858/7869 4200/3855/7866 
f 4083/3859/7870 4082/3858/7869 4202/3857/7868 
f 4202/3857/7868 4089/3860/7871 4083/3859/7870 
f 4092/3861/7872 4090/3862/7873 4203/3863/7874 
f 4203/3863/7874 4204/3864/7875 4092/3861/7872 
f 4205/3865/7876 4204/3864/7875 4203/3863/7874 
f 4095/3866/7877 4092/3861/7872 4204/3864/7875 
f 4203/3867/7878 4090/3868/7879 4206/3869/7880 
f 4206/3869/7880 4207/3870/7881 4203/3867/7878 
f 4208/3871/7882 4207/3870/7881 4206/3869/7880 
f 4206/3869/7880 4088/3872/7883 4208/3871/7882 
f 4090/3873/7884 4088/3872/7883 4206/3869/7880 
f 4209/3874/7885 4205/3875/7886 4203/3867/7887 
f 4203/3867/7887 4210/3876/7888 4209/3874/7885 
f 4100/3877/7889 4086/3735/7890 4102/3753/7891 
f 4143/3796/7892 4085/3802/7893 4084/3801/7894 
f 4084/3801/7894 4087/3800/7895 4143/3796/7892 
f 4211/3797/7896 4143/3796/7892 4087/3800/7895 
f 4087/3800/7895 4104/3799/7897 4211/3797/7896 
f 4143/3796/7892 4211/3797/7896 4212/3794/7898 
f 4212/3794/7898 4142/3795/7899 4143/3796/7892 
f 4140/3793/7900 4142/3795/7899 4212/3794/7898 
f 4212/3794/7898 4213/3792/7901 4140/3793/7900 
f 4213/3792/7901 4212/3794/7898 4211/3797/7896 
f 4125/3778/7902 4140/3793/7900 4213/3792/7901 
f 4214/3798/7903 4213/3792/7901 4211/3797/7896 
f 4211/3797/7896 4104/3799/7897 4214/3798/7903 
f 4215/3845/7904 4214/3798/7903 4104/3799/7897 
f 4104/3799/7897 4101/3846/7905 4215/3845/7904 
f 4216/3844/7906 4215/3845/7904 4101/3846/7905 
f 4101/3846/7905 4100/3847/7907 4216/3844/7906 
f 4098/3848/7908 4216/3844/7906 4100/3847/7907 
f 4216/3844/7906 4098/3848/7908 4099/3849/7909 
f 4099/3849/7909 4195/3850/7910 4216/3844/7906 
f 4196/3851/7911 4216/3844/7906 4195/3850/7910 
f 4217/3852/7912 4216/3844/7906 4196/3851/7911 
f 4196/3851/7911 4198/3853/7913 4217/3852/7912 
f 4218/3840/7914 4216/3844/7906 4217/3852/7912 
f 4217/3852/7912 4198/3853/7913 4218/3840/7914 
f 4219/3838/7915 4218/3840/7914 4198/3853/7913 
f 4198/3853/7913 4199/3854/7916 4219/3838/7915 
f 4183/3837/7917 4219/3838/7915 4199/3854/7916 
f 4220/3835/7918 4219/3838/7915 4183/3837/7917 
f 4183/3837/7917 4182/3836/7919 4220/3835/7918 
f 4180/3834/7920 4220/3835/7918 4182/3836/7919 
f 4220/3835/7918 4180/3834/7920 4221/3811/7921 
f 4221/3811/7921 4219/3838/7915 4220/3835/7918 
f 4222/3812/7922 4221/3811/7921 4180/3834/7920 
f 4180/3834/7920 4179/3833/7923 4222/3812/7922 
f 4159/3813/7924 4222/3812/7922 4179/3833/7923 
f 4223/3806/7925 4222/3812/7922 4159/3813/7924 
f 4159/3813/7924 4160/3814/7926 4223/3806/7925 
f 4161/3815/7927 4223/3806/7925 4160/3814/7926 
f 4224/3805/7928 4223/3806/7925 4161/3815/7927 
f 4161/3815/7927 4162/3816/7929 4224/3805/7928 
f 4163/3817/7930 4224/3805/7928 4162/3816/7929 
f 4225/3818/7931 4224/3805/7928 4163/3817/7930 
f 4163/3817/7930 4165/3819/7932 4225/3818/7931 
f 4166/3820/7933 4225/3818/7931 4165/3819/7932 
f 4226/3821/7934 4225/3818/7931 4166/3820/7933 
f 4166/3820/7933 4168/3822/7935 4226/3821/7934 
f 4227/3823/7936 4225/3818/7931 4226/3821/7934 
f 4226/3821/7934 4168/3822/7935 4228/3825/7937 
f 4228/3825/7937 4227/3823/7936 4226/3821/7934 
f 4228/3825/7937 4168/3822/7935 4172/3826/7938 
f 4172/3826/7938 4173/3827/7939 4228/3825/7937 
f 4229/3828/7940 4228/3825/7937 4173/3827/7939 
f 4173/3827/7939 4175/3829/7941 4229/3828/7940 
f 4176/3830/7942 4229/3828/7940 4175/3829/7941 
f 4229/3828/7940 4176/3830/7942 4177/3831/7943 
f 4177/3831/7943 4178/3832/7944 4229/3828/7940 
f 4228/3825/7937 4229/3828/7940 4230/3763/7945 
f 4230/3763/7945 4227/3823/7936 4228/3825/7937 
f 4231/3762/7946 4227/3823/7936 4230/3763/7945 
f 4230/3763/7945 4232/3760/7947 4231/3762/7946 
f 4227/3823/7936 4231/3762/7946 4233/3824/7948 
f 4233/3824/7948 4234/3804/7949 4227/3823/7936 
f 4225/3818/7931 4227/3823/7936 4234/3804/7949 
f 4234/3804/7949 4224/3805/7928 4225/3818/7931 
f 4235/3786/7950 4224/3805/7928 4234/3804/7949 
f 4234/3804/7949 4236/3803/7951 4235/3786/7950 
f 4237/3784/7952 4235/3786/7950 4236/3803/7951 
f 4238/3785/7953 4235/3786/7950 4237/3784/7952 
f 4237/3784/7952 4239/3782/7954 4238/3785/7953 
f 4240/3783/7955 4239/3782/7954 4237/3784/7952 
f 4238/3785/7953 4239/3782/7954 4241/3781/7956 
f 4241/3781/7956 4242/3787/7957 4238/3785/7953 
f 4235/3786/7950 4238/3785/7953 4242/3787/7957 
f 4242/3787/7957 4243/3807/7958 4235/3786/7950 
f 4223/3806/7925 4235/3786/7950 4243/3807/7958 
f 4224/3805/7928 4235/3786/7950 4223/3806/7925 
f 4222/3812/7922 4223/3806/7925 4243/3807/7958 
f 4243/3807/7958 4244/3808/7959 4222/3812/7922 
f 4244/3808/7959 4243/3807/7958 4242/3787/7957 
f 4242/3787/7957 4245/3809/7960 4244/3808/7959 
f 4222/3812/7922 4244/3808/7959 4245/3809/7960 
f 4245/3809/7960 4221/3811/7921 4222/3812/7922 
f 4221/3811/7921 4245/3809/7960 4246/3810/7961 
f 4246/3810/7961 4219/3838/7915 4221/3811/7921 
f 4247/3788/7962 4246/3810/7961 4245/3809/7960 
f 4245/3809/7960 4242/3787/7957 4247/3788/7962 
f 4241/3781/7956 4247/3788/7962 4242/3787/7957 
f 4248/3780/7963 4247/3788/7962 4241/3781/7956 
f 4241/3781/7956 4249/3773/7964 4248/3780/7963 
f 4249/3773/7964 4241/3781/7956 4239/3782/7954 
f 4239/3782/7954 4250/3770/7965 4249/3773/7964 
f 4251/3767/7966 4250/3770/7965 4239/3782/7954 
f 4239/3782/7954 4240/3783/7955 4251/3767/7966 
f 4252/3766/7967 4251/3767/7966 4240/3783/7955 
f 4240/3783/7955 4231/3762/7946 4252/3766/7967 
f 4112/3765/7968 4252/3766/7967 4231/3762/7946 
f 4251/3767/7966 4252/3766/7967 4112/3765/7968 
f 4112/3765/7968 4231/3762/7946 4111/3764/7969 
f 4251/3767/7966 4112/3765/7968 4115/3768/7970 
f 4115/3768/7970 4116/3769/7971 4251/3767/7966 
f 4250/3770/7965 4251/3767/7966 4116/3769/7971 
f 4116/3769/7971 4118/3771/7972 4250/3770/7965 
f 4119/3772/7973 4250/3770/7965 4118/3771/7972 
f 4249/3773/7964 4250/3770/7965 4119/3772/7973 
f 4119/3772/7973 4121/3774/7974 4249/3773/7964 
f 4122/3775/7975 4249/3773/7964 4121/3774/7974 
f 4249/3773/7964 4122/3775/7975 4253/3776/7976 
f 4253/3776/7976 4248/3780/7963 4249/3773/7964 
f 4253/3776/7976 4122/3775/7975 4124/3777/7977 
f 4124/3777/7977 4125/3778/7902 4253/3776/7976 
f 4254/3779/7978 4253/3776/7976 4125/3778/7902 
f 4248/3780/7963 4253/3776/7976 4254/3779/7978 
f 4254/3779/7978 4125/3778/7902 4213/3792/7901 
f 4213/3792/7901 4255/3791/7979 4254/3779/7978 
f 4248/3780/7963 4254/3779/7978 4255/3791/7979 
f 4255/3791/7979 4213/3792/7901 4214/3798/7903 
f 4214/3798/7903 4256/3842/7980 4255/3791/7979 
f 4257/3843/7981 4256/3842/7980 4214/3798/7903 
f 4214/3798/7903 4215/3845/7904 4257/3843/7981 
f 4216/3844/7906 4256/3842/7980 4257/3843/7981 
f 4257/3843/7981 4215/3845/7904 4216/3844/7906 
f 4256/3842/7980 4216/3844/7906 4218/3840/7914 
f 4218/3840/7914 4258/3841/7982 4256/3842/7980 
f 4255/3791/7979 4256/3842/7980 4258/3841/7982 
f 4258/3841/7982 4218/3840/7914 4259/3839/7983 
f 4259/3839/7983 4255/3791/7979 4258/3841/7982 
f 4259/3839/7983 4218/3840/7914 4219/3838/7915 
f 4219/3838/7915 4260/3789/7984 4259/3839/7983 
f 4255/3791/7979 4259/3839/7983 4260/3789/7984 
f 4260/3789/7984 4219/3838/7915 4246/3810/7961 
f 4246/3810/7961 4247/3788/7962 4260/3789/7984 
f 4248/3780/7963 4260/3789/7984 4247/3788/7962 
f 4260/3789/7984 4248/3780/7963 4261/3790/7985 
f 4261/3790/7985 4255/3791/7979 4260/3789/7984 
f 4261/3790/7985 4248/3780/7963 4255/3791/7979 
f 4108/3761/7986 4111/3764/7969 4231/3762/7946 
f 4231/3762/7946 4232/3760/7947 4108/3761/7986 
f 4105/3758/7987 4108/3761/7986 4232/3760/7947 
f 4232/3760/7947 4106/3759/7988 4105/3758/7987 
f 4233/3824/7989 4231/3762/7990 4240/3783/7991 
f 4240/3783/7991 4236/3803/7992 4233/3824/7989 
f 4237/3784/7993 4236/3803/7992 4240/3783/7991 
f 4234/3804/7994 4233/3824/7989 4236/3803/7992 
f 4262/3878/7995 4263/3879/7996 4264/3880/7997 
f 4264/3880/7997 4265/3881/7998 4262/3878/7995 
f 4266/3882/7999 4262/3878/7995 4265/3881/7998 
f 4267/3883/8000 4262/3878/7995 4266/3882/7999 
f 4266/3882/7999 4268/3884/8001 4267/3883/8000 
f 4269/3885/8002 4262/3878/7995 4267/3883/8000 
f 4267/3883/8000 4270/3886/8003 4269/3885/8002 
f 4271/3887/8004 4262/3878/7995 4269/3885/8002 
f 4269/3885/8002 4270/3886/8003 4271/3887/8004 
f 4263/3888/8005 4262/3878/7995 4271/3887/8004 
f 4272/3889/8006 4273/3890/8007 4274/3891/8008 
f 4274/3891/8008 4275/3892/8009 4272/3889/8006 
f 4276/3893/8010 4275/3892/8009 4274/3891/8008 
f 4274/3891/8008 4273/3894/8011 4276/3893/8010 
f 4275/3895/8012 4276/3896/8013 4277/3897/8014 
f 4277/3897/8014 4278/3898/8015 4275/3895/8012 
f 4279/3899/8016 4278/3898/8015 4277/3897/8014 
f 4277/3897/8014 4280/3900/8017 4279/3899/8016 
f 4281/3901/8018 4279/3899/8019 4282/3902/8020 
f 4272/3903/8021 4275/3904/8022 4283/3905/8023 
f 4283/3905/8023 4284/3906/8024 4272/3903/8021 
f 4285/3907/8025 4272/3903/8021 4284/3906/8024 
f 4272/3903/8021 4285/3907/8025 4286/3908/8026 
f 4286/3908/8026 4287/3909/8027 4272/3903/8021 
f 4273/3910/8028 4272/3903/8021 4287/3909/8027 
f 4287/3909/8027 4288/3911/8029 4273/3910/8028 
f 4288/3911/8029 4287/3909/8027 4289/3912/8030 
f 4289/3912/8030 4290/3913/8031 4288/3911/8029 
f 4291/3914/8032 4289/3912/8030 4287/3909/8027 
f 4287/3909/8027 4286/3908/8026 4291/3914/8032 
f 4292/3915/8033 4289/3912/8030 4291/3914/8032 
f 4291/3914/8032 4293/3916/8034 4292/3915/8033 
f 4294/3917/8035 4292/3915/8033 4293/3916/8034 
f 4295/3918/8036 4292/3915/8033 4294/3917/8035 
f 4296/3919/8037 4286/3908/8026 4285/3907/8025 
f 4285/3907/8025 4297/3920/8038 4296/3919/8037 
f 4298/3921/8039 4296/3919/8037 4297/3920/8038 
f 4297/3920/8038 4299/3922/8040 4298/3921/8039 
f 4300/3923/8041 4299/3922/8040 4297/3920/8038 
f 4297/3920/8038 4285/3907/8025 4300/3923/8041 
f 4301/3924/8042 4300/3923/8041 4285/3907/8025 
f 4285/3907/8025 4284/3906/8024 4301/3924/8042 
f 4302/3925/8043 4301/3924/8042 4284/3906/8024 
f 4284/3906/8024 4303/3926/8044 4302/3925/8043 
f 4303/3926/8044 4284/3906/8024 4304/3927/8045 
f 4304/3927/8045 4305/3928/8046 4303/3926/8044 
f 4305/3928/8046 4304/3927/8045 4306/3929/8047 
f 4303/3926/8044 4305/3928/8046 4307/3930/8048 
f 4307/3930/8048 4308/3931/8049 4303/3926/8044 
f 4309/3932/8050 4303/3926/8044 4308/3931/8049 
f 4302/3925/8043 4303/3926/8044 4309/3932/8050 
f 4309/3932/8050 4310/3933/8051 4302/3925/8043 
f 4301/3924/8042 4302/3925/8043 4310/3933/8051 
f 4310/3933/8051 4300/3923/8041 4301/3924/8042 
f 4300/3923/8041 4310/3933/8051 4311/3934/8052 
f 4311/3934/8052 4312/3935/8053 4300/3923/8041 
f 4299/3922/8040 4300/3923/8041 4312/3935/8053 
f 4312/3935/8053 4313/3936/8054 4299/3922/8040 
f 4314/3937/8055 4313/3936/8054 4312/3935/8053 
f 4312/3935/8053 4311/3934/8052 4314/3937/8055 
f 4315/3938/8056 4313/3936/8054 4314/3937/8055 
f 4316/3939/8057 4314/3937/8055 4311/3934/8052 
f 4311/3934/8052 4310/3933/8051 4316/3939/8057 
f 4317/3940/8058 4316/3939/8057 4310/3933/8051 
f 4310/3933/8051 4308/3931/8049 4317/3940/8058 
f 4308/3931/8049 4310/3933/8051 4309/3932/8050 
f 4317/3940/8058 4308/3931/8049 4318/3941/8059 
f 4318/3941/8059 4316/3939/8057 4317/3940/8058 
f 4319/3942/8060 4316/3939/8057 4318/3941/8059 
f 4318/3941/8059 4308/3931/8049 4319/3942/8060 
f 4320/3943/8061 4319/3942/8060 4308/3931/8049 
f 4308/3931/8049 4307/3930/8048 4320/3943/8061 
f 4319/3942/8060 4320/3943/8061 4321/3944/8062 
f 4321/3944/8062 4322/3945/8063 4319/3942/8060 
f 4316/3939/8057 4319/3942/8060 4322/3945/8063 
f 4322/3945/8063 4323/3946/8064 4316/3939/8057 
f 4314/3937/8055 4316/3939/8057 4323/3946/8064 
f 4323/3946/8064 4324/3947/8065 4314/3937/8055 
f 4315/3938/8056 4314/3937/8055 4324/3947/8065 
f 4324/3947/8065 4325/3948/8066 4315/3938/8056 
f 4326/3949/8067 4315/3938/8056 4325/3948/8066 
f 4327/3950/8068 4325/3948/8066 4324/3947/8065 
f 4324/3947/8065 4323/3946/8064 4327/3950/8068 
f 4328/3951/8069 4325/3948/8066 4327/3950/8068 
f 4327/3950/8068 4323/3946/8064 4329/3952/8070 
f 4329/3952/8070 4328/3951/8069 4327/3950/8068 
f 4330/3953/8071 4329/3952/8070 4323/3946/8064 
f 4323/3946/8064 4322/3945/8063 4330/3953/8071 
f 4331/3954/8072 4330/3953/8071 4322/3945/8063 
f 4322/3945/8063 4321/3944/8062 4331/3954/8072 
f 4330/3953/8071 4331/3954/8072 4332/3955/8073 
f 4332/3955/8073 4329/3952/8070 4330/3953/8071 
f 4333/3956/8074 4329/3952/8070 4332/3955/8073 
f 4332/3955/8073 4334/3957/8075 4333/3956/8074 
f 4334/3957/8075 4332/3955/8073 4331/3954/8072 
f 4331/3954/8072 4335/3958/8076 4334/3957/8075 
f 4336/3959/8077 4335/3958/8076 4331/3954/8072 
f 4331/3954/8072 4337/3960/8078 4336/3959/8077 
f 4337/3960/8078 4331/3954/8072 4321/3944/8062 
f 4321/3944/8062 4338/3961/8079 4337/3960/8078 
f 4320/3943/8061 4338/3961/8079 4321/3944/8062 
f 4336/3959/8077 4337/3960/8078 4338/3961/8079 
f 4339/3962/8080 4338/3961/8079 4320/3943/8061 
f 4320/3943/8061 4307/3930/8048 4339/3962/8080 
f 4338/3961/8079 4339/3962/8080 4340/3963/8081 
f 4340/3963/8081 4341/3964/8082 4338/3961/8079 
f 4342/3965/8083 4338/3961/8079 4341/3964/8082 
f 4336/3959/8077 4338/3961/8079 4342/3965/8083 
f 4343/3966/8084 4342/3965/8083 4341/3964/8082 
f 4341/3964/8082 4344/3967/8085 4343/3966/8084 
f 4345/3968/8086 4344/3967/8085 4341/3964/8082 
f 4341/3964/8082 4340/3963/8081 4345/3968/8086 
f 4346/3969/8087 4344/3967/8085 4345/3968/8086 
f 4347/3970/8088 4345/3968/8086 4340/3963/8081 
f 4340/3963/8081 4339/3962/8080 4347/3970/8088 
f 4348/3971/8089 4347/3970/8088 4339/3962/8080 
f 4339/3962/8080 4307/3930/8048 4348/3971/8089 
f 4349/3972/8090 4307/3930/8048 4305/3928/8046 
f 4305/3928/8046 4350/3973/8091 4349/3972/8090 
f 4350/3973/8091 4305/3928/8046 4268/3974/8092 
f 4268/3974/8092 4351/3975/8093 4350/3973/8091 
f 4349/3972/8090 4350/3973/8091 4352/3976/8094 
f 4352/3976/8094 4348/3971/8089 4349/3972/8090 
f 4348/3971/8089 4352/3976/8094 4353/3977/8095 
f 4353/3977/8095 4347/3970/8088 4348/3971/8089 
f 4345/3968/8086 4347/3970/8088 4354/3978/8096 
f 4354/3978/8096 4346/3969/8087 4345/3968/8086 
f 4346/3969/8087 4354/3978/8096 4355/3979/8097 
f 4355/3979/8097 4356/3980/8098 4346/3969/8087 
f 4357/3981/8099 4356/3980/8098 4355/3979/8097 
f 4355/3979/8097 4358/3982/8100 4357/3981/8099 
f 4359/3983/8101 4358/3982/8100 4355/3979/8097 
f 4360/3984/8102 4357/3981/8099 4358/3982/8100 
f 4358/3982/8100 4359/3985/8103 4360/3984/8102 
f 4357/3981/8099 4360/3984/8102 4361/3986/8104 
f 4361/3986/8104 4356/3980/8098 4357/3981/8099 
f 4362/3987/8105 4356/3980/8098 4361/3986/8104 
f 4361/3986/8104 4363/3988/8106 4362/3987/8105 
f 4364/3989/8107 4363/3988/8106 4361/3986/8104 
f 4361/3986/8104 4360/3984/8102 4364/3989/8107 
f 4365/3990/8108 4364/3989/8107 4360/3984/8102 
f 4364/3989/8107 4365/3990/8108 4366/3991/8109 
f 4366/3991/8109 4367/3992/8110 4364/3989/8107 
f 4363/3988/8106 4364/3989/8107 4367/3992/8110 
f 4367/3992/8110 4366/3991/8109 4368/3993/8111 
f 4369/3994/8112 4363/3988/8106 4367/3992/8110 
f 4367/3992/8110 4368/3993/8111 4369/3994/8112 
f 4363/3988/8106 4369/3994/8112 4370/3995/8113 
f 4370/3995/8113 4362/3987/8105 4363/3988/8106 
f 4371/3996/8114 4362/3987/8105 4370/3995/8113 
f 4370/3995/8113 4372/3997/8115 4371/3996/8114 
f 4373/3998/8116 4371/3996/8114 4372/3997/8115 
f 4374/3999/8117 4372/3997/8115 4370/3995/8113 
f 4370/3995/8113 4369/3994/8112 4374/3999/8117 
f 4375/4000/8118 4374/3999/8117 4369/3994/8112 
f 4369/3994/8112 4368/3993/8111 4375/4000/8118 
f 4376/4001/8119 4374/3999/8117 4375/4000/8118 
f 4375/4000/8118 4377/4002/8120 4376/4001/8119 
f 4378/4003/8121 4376/4001/8119 4377/4002/8120 
f 4281/4004/8122 4377/4002/8120 4375/4000/8118 
f 4375/4000/8118 4368/3993/8111 4281/4004/8122 
f 4379/4005/8123 4281/4004/8122 4368/3993/8111 
f 4368/3993/8111 4366/3991/8109 4379/4005/8123 
f 4263/4006/8124 4379/4005/8123 4366/3991/8109 
f 4366/3991/8109 4264/4007/8125 4263/4006/8124 
f 4380/4008/8126 4280/4009/8127 4381/4010/8128 
f 4381/4010/8128 4276/4011/8129 4380/4008/8126 
f 4277/4012/8130 4276/4011/8129 4381/4010/8128 
f 4381/4010/8128 4280/4013/8131 4277/4012/8130 
f 4382/4014/8132 4383/4015/8133 4351/4016/8134 
f 4351/4016/8134 4384/4017/8135 4382/4014/8132 
f 4384/4017/8135 4351/4016/8134 4268/4018/8136 
f 4268/4018/8136 4266/4019/8137 4384/4017/8135 
f 4385/3891/8138 4278/4020/8139 4279/4021/8140 
f 4279/4021/8140 4271/4022/8141 4385/3891/8138 
f 4270/4023/8142 4385/3891/8138 4271/4022/8141 
f 4385/3891/8138 4270/4023/8142 4306/4024/8143 
f 4306/4024/8143 4278/4025/8144 4385/3891/8138 
f 4359/4026/8145 4386/4027/8146 4383/4028/8147 
f 4383/4028/8147 4387/4029/8148 4359/4026/8145 
f 4360/4030/8149 4387/4029/8148 4383/4028/8147 
f 4360/4031/8150 4359/4026/8145 4387/4029/8148 
f 4388/4032/8151 4383/4033/8152 4386/4034/8153 
f 4386/4034/8153 4350/4035/8154 4388/4032/8151 
f 4351/4036/8155 4388/4032/8151 4350/4035/8154 
f 4383/4037/8156 4388/4032/8151 4351/4036/8155 
f 4389/3891/8157 4270/4038/8158 4267/4039/8159 
f 4267/4039/8159 4390/4040/8160 4389/3891/8157 
f 4268/4041/8161 4390/4040/8160 4267/4039/8159 
f 4306/4042/8162 4389/3891/8157 4390/4040/8160 
f 4390/4040/8160 4268/4041/8161 4305/4043/8163 
f 4305/4043/8163 4306/4042/8162 4390/4040/8160 
f 4391/4044/8164 4392/4045/8165 4393/4046/8166 
f 4393/4046/8166 4394/4047/8167 4391/4044/8164 
f 4392/4048/8168 4391/4044/8164 4394/4047/8167 
f 4290/4049/8169 4395/4050/8170 4396/4017/8171 
f 4396/4017/8171 4288/4051/8172 4290/4049/8169 
f 4273/4052/8173 4288/4051/8172 4396/4017/8171 
f 4396/4017/8171 4395/4053/8174 4273/4052/8173 
f 4276/4054/8175 4273/4052/8173 4395/4053/8174 
f 4395/4053/8174 4380/4055/8176 4276/4054/8175 
f 4290/4056/8177 4380/4055/8176 4395/4053/8174 
f 4380/4057/8178 4290/4058/8179 4289/4059/8180 
f 4280/4060/8181 4380/4061/8182 4289/4059/8183 
f 4289/4059/8183 4397/4062/8184 4280/4060/8181 
f 4398/4063/8185 4397/4062/8184 4289/4059/8183 
f 4289/4059/8183 4292/4064/8186 4398/4063/8185 
f 4295/4065/8187 4398/4063/8185 4292/4064/8186 
f 4398/4063/8185 4295/4065/8187 4399/4066/8188 
f 4399/4066/8188 4397/4067/8189 4398/4063/8185 
f 4400/4068/8190 4399/4066/8188 4295/4065/8187 
f 4401/4069/8191 4397/4067/8189 4399/4066/8188 
f 4399/4066/8188 4400/4068/8190 4401/4069/8191 
f 4402/4070/8192 4347/4071/8193 4355/4072/8194 
f 4355/4072/8194 4354/4073/8195 4402/4070/8192 
f 4347/4074/8196 4402/4070/8192 4354/4073/8195 
f 4403/4029/8197 4386/4031/8198 4404/4075/8199 
f 4404/4075/8199 4353/4053/8200 4403/4029/8197 
f 4352/4076/8201 4403/4029/8197 4353/4053/8200 
f 4403/4029/8197 4352/4076/8201 4350/4077/8202 
f 4350/4077/8202 4386/4078/8203 4403/4029/8197 
f 4405/4029/8204 4365/4079/8205 4382/4080/8206 
f 4382/4080/8206 4266/4081/8207 4405/4029/8204 
f 4265/4082/8208 4405/4029/8204 4266/4081/8207 
f 4365/4083/8209 4405/4029/8204 4265/4082/8208 
f 4270/4084/8210 4389/3891/8211 4306/4042/8212 
f 4279/4085/8213 4281/4050/8214 4406/4086/8215 
f 4406/4086/8215 4407/3891/8216 4279/4085/8213 
f 4271/4087/8217 4279/4085/8213 4407/3891/8216 
f 4407/3891/8216 4263/4088/8218 4271/4087/8217 
f 4263/4088/8218 4407/3891/8216 4406/4089/8219 
f 4406/4089/8219 4379/4090/8220 4263/4088/8218 
f 4281/4091/8221 4379/4090/8220 4406/4089/8219 
f 4408/4092/8222 4409/4093/8223 4410/4094/8224 
f 4410/4094/8224 4411/4095/8225 4408/4092/8222 
f 4412/4096/8226 4408/4092/8222 4411/4095/8225 
f 4413/4097/8227 4408/4092/8222 4412/4096/8226 
f 4414/4098/8228 4412/4096/8226 4411/4095/8225 
f 4413/4097/8227 4412/4096/8226 4415/4099/8229 
f 4415/4099/8229 4416/4100/8230 4413/4097/8227 
f 4417/4101/8231 4412/4096/8226 4414/4098/8228 
f 4414/4098/8228 4418/4102/8232 4417/4101/8231 
f 4418/4102/8232 4414/4098/8228 4419/4103/8233 
f 4419/4103/8233 4420/4104/8234 4418/4102/8232 
f 4421/4105/8235 4418/4102/8232 4420/4104/8234 
f 4420/4104/8234 4422/4106/8236 4421/4105/8235 
f 4418/4102/8232 4421/4105/8235 4423/4107/8237 
f 4423/4107/8237 4417/4101/8231 4418/4102/8232 
f 4424/4108/8238 4417/4101/8231 4423/4107/8237 
f 4423/4107/8237 4425/4109/8239 4424/4108/8238 
f 4426/4110/8240 4425/4109/8239 4423/4107/8237 
f 4423/4107/8237 4427/4111/8241 4426/4110/8240 
f 4427/4111/8241 4423/4107/8237 4421/4105/8235 
f 4421/4105/8235 4428/4112/8242 4427/4111/8241 
f 4422/4106/8236 4428/4112/8242 4421/4105/8235 
f 4429/4113/8243 4427/4111/8241 4428/4112/8242 
f 4428/4112/8242 4422/4106/8236 4430/4114/8244 
f 4430/4114/8244 4429/4113/8243 4428/4112/8242 
f 4430/4114/8244 4422/4106/8236 4431/4115/8245 
f 4427/4111/8241 4429/4113/8243 4432/4116/8246 
f 4432/4116/8246 4433/4117/8247 4427/4111/8241 
f 4426/4110/8240 4427/4111/8241 4433/4117/8247 
f 4433/4117/8247 4432/4116/8246 4434/4118/8248 
f 4434/4118/8248 4435/4119/8249 4433/4117/8247 
f 4436/4120/8250 4435/4119/8249 4434/4118/8248 
f 4433/4117/8247 4435/4119/8249 4437/4121/8251 
f 4437/4121/8251 4426/4110/8240 4433/4117/8247 
f 4426/4110/8240 4437/4121/8251 4438/4122/8252 
f 4438/4122/8252 4425/4109/8239 4426/4110/8240 
f 4439/4123/8253 4425/4109/8239 4438/4122/8252 
f 4438/4122/8252 4440/4124/8254 4439/4123/8253 
f 4441/4125/8255 4439/4123/8253 4440/4124/8254 
f 4440/4124/8254 4442/4126/8256 4441/4125/8255 
f 4443/4127/8257 4442/4126/8256 4440/4124/8254 
f 4440/4124/8254 4444/4128/8258 4443/4127/8257 
f 4445/4129/8259 4444/4128/8258 4440/4124/8254 
f 4440/4124/8254 4438/4122/8252 4445/4129/8259 
f 4446/4130/8260 4445/4129/8259 4438/4122/8252 
f 4438/4122/8252 4437/4121/8251 4446/4130/8260 
f 4447/4131/8261 4446/4130/8260 4437/4121/8251 
f 4437/4121/8251 4435/4119/8249 4447/4131/8261 
f 4448/4132/8262 4447/4131/8261 4435/4119/8249 
f 4435/4119/8249 4436/4120/8250 4448/4132/8262 
f 4449/4133/8263 4448/4132/8262 4436/4120/8250 
f 4447/4131/8261 4448/4132/8262 4449/4133/8263 
f 4449/4133/8263 4436/4120/8250 4431/4134/8264 
f 4431/4134/8264 4422/4135/8265 4449/4133/8263 
f 4450/4136/8266 4449/4133/8263 4422/4135/8265 
f 4447/4131/8261 4449/4133/8263 4450/4136/8266 
f 4450/4136/8266 4446/4130/8260 4447/4131/8261 
f 4446/4130/8260 4450/4136/8266 4451/4137/8267 
f 4451/4137/8267 4445/4129/8259 4446/4130/8260 
f 4445/4129/8259 4451/4137/8267 4452/4138/8268 
f 4452/4138/8268 4444/4128/8258 4445/4129/8259 
f 4444/4128/8258 4452/4138/8268 4453/4139/8269 
f 4453/4139/8269 4443/4127/8257 4444/4128/8258 
f 4454/4140/8270 4443/4127/8257 4453/4139/8269 
f 4453/4139/8269 4410/4141/8271 4454/4140/8270 
f 4409/4142/8272 4454/4140/8270 4410/4141/8271 
f 4411/4143/8273 4410/4141/8271 4453/4139/8269 
f 4453/4139/8269 4452/4138/8268 4411/4143/8273 
f 4414/4144/8274 4411/4143/8273 4452/4138/8268 
f 4452/4138/8268 4451/4137/8267 4414/4144/8274 
f 4419/4145/8275 4414/4144/8274 4451/4137/8267 
f 4451/4137/8267 4420/4146/8276 4419/4145/8275 
f 4420/4146/8276 4451/4137/8267 4450/4136/8266 
f 4450/4136/8266 4422/4135/8265 4420/4146/8276 
f 4455/4147/8277 4456/4148/8278 4457/4149/8279 
f 4457/4149/8279 4458/4150/8280 4455/4147/8277 
f 4459/4151/8281 4460/4152/8282 4457/4149/8283 
f 4457/4149/8283 4461/4153/8284 4459/4151/8281 
f 4462/4154/8285 4463/4155/8286 4464/4156/8287 
f 4464/4156/8287 4454/4157/8288 4462/4154/8285 
f 4465/4158/8289 4462/4154/8285 4454/4157/8288 
f 4454/4157/8288 4409/4159/8290 4465/4158/8289 
f 4466/4160/8291 4465/4158/8289 4409/4159/8290 
f 4467/4161/8292 4465/4158/8289 4466/4160/8291 
f 4466/4160/8291 4468/4162/8293 4467/4161/8292 
f 4465/4158/8289 4467/4161/8292 4469/4163/8294 
f 4469/4163/8294 4462/4154/8285 4465/4158/8289 
f 4462/4154/8285 4469/4163/8294 4470/4164/8295 
f 4470/4164/8295 4471/4165/8296 4462/4154/8285 
f 4472/4166/8297 4471/4165/8296 4470/4164/8295 
f 4470/4164/8295 4469/4163/8294 4472/4166/8297 
f 4473/4167/8298 4472/4166/8297 4469/4163/8294 
f 4469/4163/8294 4467/4161/8292 4473/4167/8298 
f 4474/4168/8299 4473/4167/8298 4467/4161/8292 
f 4467/4161/8292 4468/4162/8293 4474/4168/8299 
f 4475/4169/8300 4474/4168/8299 4468/4162/8293 
f 4476/4170/8301 4474/4168/8299 4475/4169/8300 
f 4475/4169/8300 4477/4171/8302 4476/4170/8301 
f 4478/4172/8303 4476/4170/8301 4477/4171/8302 
f 4479/4173/8304 4476/4170/8301 4478/4172/8303 
f 4478/4172/8303 4480/4174/8305 4479/4173/8304 
f 4480/4174/8305 4478/4172/8303 4481/4175/8306 
f 4479/4173/8304 4480/4174/8305 4482/4176/8307 
f 4482/4176/8307 4476/4170/8301 4479/4173/8304 
f 4476/4170/8301 4482/4176/8307 4483/4177/8308 
f 4483/4177/8308 4474/4168/8299 4476/4170/8301 
f 4473/4167/8298 4474/4168/8299 4483/4177/8308 
f 4483/4177/8308 4484/4178/8309 4473/4167/8298 
f 4472/4166/8297 4473/4167/8298 4484/4178/8309 
f 4485/4179/8310 4484/4178/8309 4483/4177/8308 
f 4483/4177/8308 4482/4176/8307 4485/4179/8310 
f 4486/4180/8311 4485/4179/8310 4482/4176/8307 
f 4482/4176/8307 4480/4174/8305 4486/4180/8311 
f 4481/4175/8306 4486/4180/8311 4480/4174/8305 
f 4486/4180/8311 4481/4175/8306 4487/4181/8312 
f 4487/4181/8312 4488/4182/8313 4486/4180/8311 
f 4485/4179/8310 4486/4180/8311 4488/4182/8313 
f 4488/4182/8313 4484/4178/8309 4485/4179/8310 
f 4472/4166/8297 4484/4178/8309 4488/4182/8313 
f 4488/4182/8313 4489/4183/8314 4472/4166/8297 
f 4487/4181/8312 4489/4183/8314 4488/4182/8313 
f 4472/4166/8297 4489/4183/8314 4490/4184/8315 
f 4490/4184/8315 4471/4165/8296 4472/4166/8297 
f 4491/4185/8316 4471/4165/8296 4490/4184/8315 
f 4490/4184/8315 4409/4186/8317 4491/4185/8316 
f 4466/4187/8318 4409/4186/8317 4490/4184/8315 
f 4490/4184/8315 4468/4188/8319 4466/4187/8318 
f 4468/4188/8319 4490/4184/8315 4489/4183/8314 
f 4489/4183/8314 4475/4189/8320 4468/4188/8319 
f 4477/4190/8321 4475/4189/8320 4489/4183/8314 
f 4489/4183/8314 4492/4191/8322 4477/4190/8321 
f 4492/4191/8322 4489/4183/8314 4487/4181/8312 
f 4487/4181/8312 4493/4192/8323 4492/4191/8322 
f 4493/4192/8323 4487/4181/8312 4481/4175/8306 
f 4481/4175/8306 4478/4193/8324 4493/4192/8323 
f 4494/4194/8325 4493/4192/8323 4478/4193/8324 
f 4492/4191/8322 4493/4192/8323 4494/4194/8325 
f 4494/4194/8325 4478/4193/8324 4477/4190/8321 
f 4477/4190/8321 4492/4191/8322 4494/4194/8325 
f 4495/4195/8326 4496/4196/8327 4497/4197/8328 
f 4498/4198/8329 4499/4199/8330 4495/4200/8331 
f 4495/4200/8331 4500/4201/8332 4498/4198/8329 
f 4501/4202/8333 4500/4201/8332 4495/4200/8331 
f 4495/4200/8331 4497/4203/8334 4501/4202/8333 
f 4502/4204/8335 4500/4201/8332 4501/4202/8333 
f 4501/4202/8333 4497/4203/8334 4503/4205/8336 
f 4503/4205/8336 4502/4204/8335 4501/4202/8333 
f 4503/4205/8336 4497/4203/8334 4504/4206/8337 
f 4504/4206/8337 4505/4207/8338 4503/4205/8336 
f 4502/4204/8335 4503/4205/8336 4505/4207/8338 
f 4505/4207/8338 4504/4206/8337 4506/4208/8339 
f 4506/4208/8339 4507/4209/8340 4505/4207/8338 
f 4502/4204/8335 4505/4207/8338 4507/4209/8340 
f 4507/4209/8340 4506/4208/8339 4500/4210/8341 
f 4500/4210/8341 4502/4204/8335 4507/4209/8340 
f 4500/4210/8341 4506/4208/8339 4498/4211/8342 
f 4508/4212/8343 4509/4213/8344 4510/4214/8345 
f 4510/4214/8345 4511/4215/8346 4508/4212/8343 
f 4512/4216/8347 4508/4212/8343 4511/4215/8346 
f 4508/4212/8343 4512/4216/8347 4513/4217/8348 
f 4513/4217/8348 4514/4218/8349 4508/4212/8343 
f 4513/4217/8348 4512/4216/8347 4515/4219/8350 
f 4515/4219/8350 4516/4220/8351 4513/4217/8348 
f 4517/4221/8352 4513/4217/8348 4516/4220/8351 
f 4516/4220/8351 4515/4219/8350 4518/4222/8353 
f 4518/4222/8353 4519/4223/8354 4516/4220/8351 
f 4520/4224/8355 4519/4223/8354 4518/4222/8353 
f 4516/4220/8351 4519/4223/8354 4521/4225/8356 
f 4521/4225/8356 4517/4221/8352 4516/4220/8351 
f 4521/4225/8356 4519/4223/8354 4522/4226/8357 
f 4523/4227/8358 4517/4221/8352 4521/4225/8356 
f 4521/4225/8356 4522/4226/8357 4523/4227/8358 
f 4524/4228/8359 4517/4221/8352 4523/4227/8358 
f 4523/4227/8358 4525/4229/8360 4524/4228/8359 
f 4526/4230/8361 4524/4228/8359 4525/4229/8360 
f 4525/4229/8360 4527/4231/8362 4526/4230/8361 
f 4528/4232/8363 4526/4230/8361 4527/4231/8362 
f 4529/4233/8364 4527/4231/8362 4525/4229/8360 
f 4525/4229/8360 4530/4234/8365 4529/4233/8364 
f 4530/4234/8365 4525/4229/8360 4523/4227/8358 
f 4523/4227/8358 4531/4235/8366 4530/4234/8365 
f 4531/4235/8366 4523/4227/8358 4522/4226/8357 
f 4522/4226/8357 4532/4236/8367 4531/4235/8366 
f 4533/4237/8368 4532/4236/8367 4522/4226/8357 
f 4522/4226/8357 4519/4223/8354 4533/4237/8368 
f 4520/4224/8355 4533/4237/8368 4519/4223/8354 
f 4533/4237/8368 4520/4224/8355 4534/4238/8369 
f 4534/4238/8369 4535/4239/8370 4533/4237/8368 
f 4532/4236/8367 4533/4237/8368 4535/4239/8370 
f 4535/4239/8370 4534/4238/8369 4536/4240/8371 
f 4536/4240/8371 4537/4241/8372 4535/4239/8370 
f 4537/4241/8372 4536/4240/8371 4336/4242/8373 
f 4336/4242/8373 4538/4243/8374 4537/4241/8372 
f 4538/4243/8374 4336/4242/8373 4342/4244/8375 
f 4342/4244/8375 4539/4245/8376 4538/4243/8374 
f 4343/4246/8377 4539/4245/8376 4342/4244/8375 
f 4538/4243/8374 4539/4245/8376 4540/4247/8378 
f 4540/4247/8378 4537/4241/8372 4538/4243/8374 
f 4537/4241/8372 4540/4247/8378 4541/4248/8379 
f 4541/4248/8379 4535/4239/8370 4537/4241/8372 
f 4535/4239/8370 4541/4248/8379 4542/4249/8380 
f 4542/4249/8380 4532/4236/8367 4535/4239/8370 
f 4532/4236/8367 4542/4249/8380 4543/4250/8381 
f 4543/4250/8381 4531/4235/8366 4532/4236/8367 
f 4531/4235/8366 4543/4250/8381 4544/4251/8382 
f 4544/4251/8382 4530/4234/8365 4531/4235/8366 
f 4530/4234/8365 4544/4251/8382 4346/4252/8383 
f 4346/4252/8383 4529/4233/8364 4530/4234/8365 
f 4529/4233/8364 4346/4252/8383 4356/4253/8384 
f 4356/4253/8384 4545/4254/8385 4529/4233/8364 
f 4527/4231/8362 4529/4233/8364 4545/4254/8385 
f 4362/4255/8386 4545/4254/8385 4356/4253/8384 
f 4527/4231/8362 4545/4254/8385 4546/4256/8387 
f 4546/4256/8387 4528/4232/8363 4527/4231/8362 
f 4547/4257/8388 4546/4256/8387 4545/4254/8385 
f 4545/4254/8385 4362/4255/8386 4547/4257/8388 
f 4371/4258/8389 4547/4257/8388 4362/4255/8386 
f 4548/4259/8390 4547/4257/8388 4371/4258/8389 
f 4371/4258/8389 4373/4260/8391 4548/4259/8390 
f 4547/4257/8388 4548/4259/8390 4549/4261/8392 
f 4549/4261/8392 4546/4256/8387 4547/4257/8388 
f 4546/4256/8387 4549/4261/8392 4550/4262/8393 
f 4550/4262/8393 4551/4263/8394 4546/4256/8387 
f 4528/4232/8363 4546/4256/8387 4551/4263/8394 
f 4551/4263/8394 4552/4264/8395 4528/4232/8363 
f 4553/4265/8396 4528/4232/8363 4552/4264/8395 
f 4552/4264/8395 4554/4266/8397 4553/4265/8396 
f 4496/4267/8398 4554/4266/8397 4552/4264/8395 
f 4552/4264/8395 4555/4268/8399 4496/4267/8398 
f 4497/4269/8400 4496/4267/8398 4555/4268/8399 
f 4555/4268/8399 4504/4270/8401 4497/4269/8400 
f 4504/4270/8401 4555/4268/8399 4556/4271/8402 
f 4555/4268/8399 4552/4264/8395 4557/4272/8403 
f 4557/4272/8403 4558/4273/8404 4555/4268/8399 
f 4559/4274/8405 4555/4268/8399 4558/4273/8404 
f 4556/4275/8406 4555/4268/8399 4559/4274/8405 
f 4559/4274/8405 4558/4273/8404 4560/4276/8407 
f 4560/4276/8407 4561/4277/8408 4559/4274/8405 
f 4506/4278/8409 4559/4274/8405 4561/4277/8408 
f 4561/4277/8408 4560/4276/8407 4510/4279/8410 
f 4509/4280/8411 4506/4278/8409 4561/4277/8408 
f 4561/4277/8408 4510/4279/8410 4509/4280/8411 
f 4498/4281/8412 4506/4278/8409 4509/4280/8411 
f 4557/4272/8403 4552/4264/8395 4551/4263/8394 
f 4562/4282/8413 4551/4263/8394 4550/4262/8393 
f 4563/4283/8414 4550/4262/8393 4549/4261/8392 
f 4562/4282/8415 4563/4283/8416 4564/4284/8417 
f 4564/4284/8417 4560/4276/8407 4562/4282/8415 
f 4565/4285/8418 4564/4284/8417 4563/4283/8416 
f 4560/4276/8407 4564/4284/8417 4511/4286/8419 
f 4511/4286/8419 4510/4279/8410 4560/4276/8407 
f 4566/4287/8420 4511/4286/8419 4564/4284/8417 
f 4564/4284/8417 4565/4285/8418 4566/4287/8420 
f 4567/4288/8421 4566/4287/8420 4565/4285/8418 
f 4566/4287/8420 4567/4288/8421 4568/4289/8422 
f 4568/4289/8422 4512/4290/8423 4566/4287/8420 
f 4511/4286/8419 4566/4287/8420 4512/4290/8423 
f 4515/4291/8424 4512/4290/8423 4568/4289/8422 
f 4568/4289/8422 4373/4260/8391 4515/4291/8424 
f 4518/4292/8425 4515/4291/8424 4373/4260/8391 
f 4548/4259/8390 4373/4260/8391 4568/4289/8422 
f 4568/4289/8422 4567/4288/8421 4548/4259/8390 
f 4549/4261/8392 4548/4259/8390 4567/4288/8421 
f 4559/4293/8426 4506/4294/8427 4556/4295/8428 
f 4504/4296/8429 4556/4295/8430 4506/4297/8431 
f 4569/4298/8432 4570/4299/8433 4571/4300/8434 
f 4572/4301/8435 4569/4298/8436 4571/4300/8437 
f 4571/4300/8437 4570/4299/8438 4572/4301/8435 
f 4394/4302/8439 4573/4303/8440 4574/4304/8441 
f 4574/4304/8441 4575/4305/8442 4394/4302/8439 
f 4576/4306/8443 4394/4302/8439 4575/4305/8442 
f 4377/4307/8444 4394/4302/8439 4576/4306/8443 
f 4576/4306/8443 4378/4308/8445 4377/4307/8444 
f 4577/4309/8446 4378/4308/8445 4576/4306/8443 
f 4576/4306/8443 4575/4305/8442 4577/4309/8446 
f 4574/4310/8447 4577/4309/8446 4575/4305/8442 
f 4577/4309/8446 4574/4310/8447 4573/4311/8448 
f 4573/4311/8448 4378/4308/8445 4577/4309/8446 
f 4382/4312/8449 4384/4017/8450 4266/4019/8451 
f 4578/4313/8452 4360/4314/8453 4383/4315/8454 
f 4383/4315/8454 4382/4316/8455 4578/4313/8452 
f 4365/4317/8456 4578/4313/8452 4382/4316/8455 
f 4360/4318/8457 4578/4313/8452 4365/4317/8456 
f 4579/4319/8458 4355/4320/8459 4347/4321/8460 
f 4347/4321/8460 4353/4322/8461 4579/4319/8458 
f 4404/4323/8462 4579/4319/8458 4353/4322/8461 
f 4359/4324/8463 4579/4319/8458 4404/4323/8462 
f 4579/4319/8464 4359/4325/8465 4355/4320/8466 
f 4278/4326/8467 4306/4327/8468 4580/3891/8469 
f 4580/3891/8469 4275/4328/8470 4278/4326/8467 
f 4304/4329/8471 4275/4328/8470 4580/3891/8469 
f 4580/3891/8469 4306/4330/8472 4304/4329/8471 
f 4581/4331/8473 4582/4332/8474 4583/4333/8475 
f 4583/4333/8475 4584/4334/8476 4581/4331/8473 
f 4585/4335/8477 4584/4334/8476 4583/4333/8475 
f 4583/4333/8475 4586/4336/8478 4585/4335/8477 
f 4587/4337/8479 4585/4335/8477 4586/4336/8478 
f 4585/4335/8477 4587/4337/8479 4588/4338/8480 
f 4588/4338/8480 4589/4339/8481 4585/4335/8477 
f 4584/4334/8476 4585/4335/8477 4589/4339/8481 
f 4589/4339/8481 4590/4340/8482 4584/4334/8476 
f 4591/4341/8483 4584/4334/8476 4590/4340/8482 
f 4581/4331/8473 4584/4334/8476 4591/4341/8483 
f 4591/4341/8483 4592/4342/8484 4581/4331/8473 
f 4593/4343/8485 4581/4331/8473 4592/4342/8484 
f 4582/4332/8486 4581/4331/8487 4593/4343/8488 
f 4593/4343/8488 4590/4340/8489 4582/4332/8486 
f 4594/4344/8490 4590/4340/8489 4593/4343/8488 
f 4593/4343/8488 4592/4342/8491 4594/4344/8490 
f 4582/4332/8486 4590/4340/8489 4589/4339/8492 
f 4589/4339/8492 4595/4345/8493 4582/4332/8486 
f 4583/4333/8494 4582/4332/8486 4595/4345/8493 
f 4595/4345/8493 4586/4336/8495 4583/4333/8494 
f 4586/4336/8495 4595/4345/8493 4596/4338/8496 
f 4596/4338/8496 4587/4337/8497 4586/4336/8495 
f 4597/4346/8498 4596/4338/8496 4595/4345/8493 
f 4595/4345/8493 4589/4339/8492 4597/4346/8498 
f 4598/4347/8499 4597/4346/8498 4589/4339/8492 
f 4589/4339/8492 4588/4338/8500 4598/4347/8499 
f 4599/4348/8501 4598/4349/8502 4588/4350/8503 
f 4588/4350/8503 4600/4351/8504 4599/4348/8501 
f 4600/4351/8504 4588/4350/8503 4587/4352/8505 
f 4587/4352/8505 4601/4353/8506 4600/4351/8504 
f 4415/4354/8507 4600/4351/8504 4601/4353/8506 
f 4601/4353/8506 4416/4355/8508 4415/4354/8507 
f 4600/4351/8504 4415/4354/8507 4602/4356/8509 
f 4602/4356/8509 4599/4348/8501 4600/4351/8504 
f 4599/4348/8501 4602/4356/8509 4603/4357/8510 
f 4603/4357/8510 4598/4358/8511 4599/4348/8501 
f 4597/4359/8512 4598/4358/8511 4603/4357/8510 
f 4603/4357/8510 4596/4360/8513 4597/4359/8512 
f 4604/4361/8514 4596/4360/8513 4603/4357/8510 
f 4603/4357/8510 4605/4362/8515 4604/4361/8514 
f 4605/4362/8515 4603/4357/8510 4602/4356/8509 
f 4602/4356/8509 4425/4363/8516 4605/4362/8515 
f 4424/4364/8517 4425/4363/8516 4602/4356/8509 
f 4602/4356/8509 4415/4354/8507 4424/4364/8517 
f 4412/4365/8518 4424/4364/8517 4415/4354/8507 
f 4417/4366/8519 4424/4364/8517 4412/4365/8518 
f 4605/4362/8515 4425/4363/8516 4439/4367/8520 
f 4439/4367/8520 4606/4368/8521 4605/4362/8515 
f 4604/4361/8514 4605/4362/8515 4606/4368/8521 
f 4441/4369/8522 4606/4368/8521 4439/4367/8520 
f 4604/4361/8514 4606/4368/8521 4601/4370/8523 
f 4601/4370/8523 4596/4360/8513 4604/4361/8514 
f 4596/4360/8513 4601/4370/8523 4587/4371/8524 
f 4416/4372/8525 4601/4370/8523 4606/4368/8521 
f 4606/4368/8521 4441/4369/8522 4416/4372/8525 
f 4413/4373/8526 4416/4372/8525 4441/4369/8522 
f 4441/4369/8522 4607/4374/8527 4413/4373/8526 
f 4607/4374/8527 4441/4369/8522 4608/4375/8528 
f 4408/4376/8529 4413/4373/8526 4607/4374/8527 
f 4607/4374/8527 4609/4377/8530 4408/4376/8529 
f 4409/4378/8531 4408/4376/8529 4609/4377/8530 
f 4609/4377/8530 4491/4379/8532 4409/4378/8531 
f 4610/4380/8533 4491/4379/8532 4609/4377/8530 
f 4609/4377/8530 4611/4381/8534 4610/4380/8533 
f 4611/4381/8534 4609/4377/8530 4607/4374/8527 
f 4607/4374/8527 4612/4382/8535 4611/4381/8534 
f 4612/4382/8535 4607/4374/8527 4608/4375/8528 
f 4608/4375/8528 4613/4383/8536 4612/4382/8535 
f 4613/4383/8536 4608/4375/8528 4614/4384/8537 
f 4612/4382/8535 4613/4383/8536 4615/4385/8538 
f 4615/4385/8538 4611/4381/8534 4612/4382/8535 
f 4611/4381/8534 4615/4385/8538 4616/4386/8539 
f 4616/4386/8539 4617/4387/8540 4611/4381/8534 
f 4618/4388/8541 4611/4381/8534 4617/4387/8540 
f 4610/4380/8533 4611/4381/8534 4618/4388/8541 
f 4618/4388/8541 4491/4379/8532 4610/4380/8533 
f 4471/4389/8542 4491/4379/8532 4618/4388/8541 
f 4618/4388/8541 4619/4390/8543 4471/4389/8542 
f 4619/4390/8543 4618/4388/8541 4617/4387/8540 
f 4462/4391/8544 4471/4389/8542 4619/4390/8543 
f 4619/4390/8543 4463/4392/8545 4462/4391/8544 
f 4461/4393/8546 4463/4392/8545 4619/4390/8543 
f 4619/4390/8543 4620/4394/8547 4461/4393/8546 
f 4620/4394/8547 4619/4390/8543 4617/4387/8540 
f 4617/4387/8540 4616/4386/8539 4620/4394/8547 
f 4621/4395/8548 4620/4394/8547 4616/4386/8539 
f 4616/4386/8539 4622/4396/8549 4621/4395/8548 
f 4622/4396/8549 4616/4386/8539 4615/4385/8538 
f 4615/4385/8538 4623/4397/8550 4622/4396/8549 
f 4623/4397/8550 4615/4385/8538 4613/4383/8536 
f 4613/4383/8536 4624/4398/8551 4623/4397/8550 
f 4625/4399/8552 4624/4398/8551 4613/4383/8536 
f 4613/4383/8536 4614/4384/8537 4625/4399/8552 
f 4626/4400/8553 4625/4399/8552 4614/4384/8537 
f 4627/4401/8554 4625/4399/8552 4626/4400/8553 
f 4626/4400/8553 4628/4402/8555 4627/4401/8554 
f 4625/4399/8552 4627/4401/8554 4629/4403/8556 
f 4629/4403/8556 4624/4398/8551 4625/4399/8552 
f 4623/4397/8550 4624/4398/8551 4629/4403/8556 
f 4629/4403/8556 4630/4404/8557 4623/4397/8550 
f 4622/4396/8549 4623/4397/8550 4630/4404/8557 
f 4517/4405/8558 4630/4404/8557 4629/4403/8556 
f 4629/4403/8556 4627/4401/8554 4517/4405/8558 
f 4513/4406/8559 4517/4405/8558 4627/4401/8554 
f 4627/4401/8554 4628/4402/8555 4513/4406/8559 
f 4514/4407/8560 4513/4406/8559 4628/4402/8555 
f 4630/4404/8557 4517/4405/8558 4524/4408/8561 
f 4524/4408/8561 4526/4409/8562 4630/4404/8557 
f 4553/4410/8563 4630/4404/8557 4526/4409/8562 
f 4526/4409/8562 4528/4411/8564 4553/4410/8563 
f 4630/4404/8557 4553/4410/8563 4631/4412/8565 
f 4631/4412/8565 4622/4396/8549 4630/4404/8557 
f 4622/4396/8549 4631/4412/8565 4569/4413/8566 
f 4569/4413/8566 4621/4395/8548 4622/4396/8549 
f 4621/4395/8548 4569/4413/8566 4614/4414/8567 
f 4614/4414/8567 4608/4415/8568 4621/4395/8548 
f 4620/4394/8547 4621/4395/8548 4608/4415/8568 
f 4626/4416/8569 4614/4414/8567 4569/4413/8566 
f 4569/4413/8566 4572/4417/8570 4626/4416/8569 
f 4628/4418/8571 4626/4416/8569 4572/4417/8570 
f 4570/4419/8572 4569/4413/8566 4631/4412/8565 
f 4631/4412/8565 4632/4420/8573 4570/4419/8572 
f 4572/4417/8570 4570/4419/8574 4633/4421/8575 
f 4633/4421/8575 4632/4420/8573 4628/4418/8571 
f 4628/4418/8571 4572/4417/8570 4633/4421/8575 
f 4514/4422/8576 4628/4418/8571 4632/4420/8573 
f 4632/4420/8573 4509/4423/8577 4514/4422/8576 
f 4508/4424/8578 4514/4422/8576 4509/4423/8577 
f 4499/4425/8579 4509/4423/8577 4632/4420/8573 
f 4632/4420/8573 4631/4412/8565 4499/4425/8579 
f 4554/4426/8580 4499/4425/8579 4631/4412/8565 
f 4631/4412/8565 4553/4410/8563 4554/4426/8580 
f 4509/4423/8577 4499/4425/8579 4498/4427/8581 
f 4608/4415/8568 4441/4428/8582 4442/4429/8583 
f 4442/4429/8583 4620/4394/8547 4608/4415/8568 
f 4461/4393/8546 4620/4394/8547 4442/4429/8583 
f 4442/4429/8583 4634/4430/8584 4461/4393/8546 
f 4634/4430/8584 4442/4429/8583 4443/4431/8585 
f 4459/4432/8586 4461/4393/8546 4634/4430/8584 
f 4634/4430/8584 4443/4431/8585 4459/4432/8586 
f 4464/4433/8587 4459/4432/8586 4443/4431/8585 
f 4443/4431/8585 4454/4434/8588 4464/4433/8587 
f 4635/4435/8589 4636/4436/8590 4637/4437/8591 
f 4637/4437/8591 4638/4438/8592 4635/4435/8589 
f 4639/4439/8593 4635/4435/8589 4638/4438/8592 
f 4640/4440/8594 4635/4435/8589 4639/4439/8593 
f 4639/4439/8593 4638/4438/8592 4641/4441/8595 
f 4641/4441/8595 4640/4440/8594 4639/4439/8593 
f 4641/4441/8595 4638/4438/8592 4637/4442/8596 
f 4637/4442/8596 4636/4443/8597 4641/4441/8595 
f 4642/4444/8598 4641/4441/8595 4636/4443/8597 
f 4640/4440/8594 4641/4441/8595 4642/4444/8598 
f 4460/4152/8599 4459/4151/8600 4464/4445/8601 
f 4464/4445/8601 4463/4446/8602 4460/4152/8599 
f 4643/4149/8603 4460/4152/8599 4463/4446/8602 
f 4463/4446/8602 4461/4153/8604 4643/4149/8603 
f 4460/4152/8599 4643/4149/8603 4458/4150/8605 
f 4458/4150/8605 4457/4149/8606 4460/4152/8599 
f 4455/4147/8607 4458/4150/8605 4643/4149/8603 
f 4643/4149/8603 4456/4148/8608 4455/4147/8607 
f 4644/4447/8609 4456/4148/8608 4643/4149/8603 
f 4643/4149/8603 4461/4153/8604 4644/4447/8609 
f 4457/4149/8610 4644/4447/8609 4461/4153/8604 
f 4456/4148/8608 4644/4447/8609 4457/4149/8610 
f 4560/4448/8611 4557/4449/8612 4645/4450/8613 
f 4645/4450/8613 4646/4451/8614 4560/4448/8611 
f 4647/4452/8615 4646/4451/8614 4645/4450/8613 
f 4562/4453/8616 4560/4448/8611 4646/4451/8614 
f 4646/4451/8614 4647/4452/8615 4648/4454/8617 
f 4648/4454/8617 4562/4453/8616 4646/4451/8614 
f 4648/4454/8617 4647/4452/8615 4645/4455/8618 
f 4645/4455/8618 4557/4456/8619 4648/4454/8617 
f 4551/4457/8620 4648/4454/8617 4557/4456/8619 
f 4562/4453/8616 4648/4454/8617 4551/4457/8620 
f 4649/4029/8621 4366/4458/8622 4365/4459/8623 
f 4365/4459/8623 4265/4460/8624 4649/4029/8621 
f 4264/4461/8625 4649/4029/8621 4265/4460/8624 
f 4366/4462/8626 4649/4029/8621 4264/4461/8625 
f 4386/4463/8627 4359/3983/8628 4404/4464/8629 
f 4344/4465/8630 4346/4252/8383 4544/4251/8382 
f 4544/4251/8382 4650/4466/8631 4344/4465/8630 
f 4651/4467/8632 4344/4465/8630 4650/4466/8631 
f 4343/4246/8377 4344/4465/8630 4651/4467/8632 
f 4651/4467/8632 4539/4245/8376 4343/4246/8377 
f 4652/4468/8633 4539/4245/8376 4651/4467/8632 
f 4651/4467/8632 4650/4466/8631 4652/4468/8633 
f 4540/4247/8378 4539/4245/8376 4652/4468/8633 
f 4652/4468/8633 4653/4469/8634 4540/4247/8378 
f 4541/4248/8379 4540/4247/8378 4653/4469/8634 
f 4654/4470/8635 4653/4469/8634 4652/4468/8633 
f 4652/4468/8633 4650/4466/8631 4654/4470/8635 
f 4655/4471/8636 4653/4469/8634 4654/4470/8635 
f 4654/4470/8635 4650/4466/8631 4655/4471/8636 
f 4544/4251/8382 4655/4471/8636 4650/4466/8631 
f 4655/4471/8636 4544/4251/8382 4656/4472/8637 
f 4656/4472/8637 4653/4469/8634 4655/4471/8636 
f 4541/4248/8379 4653/4469/8634 4656/4472/8637 
f 4656/4472/8637 4542/4249/8380 4541/4248/8379 
f 4543/4250/8381 4542/4249/8380 4656/4472/8637 
f 4656/4472/8637 4544/4251/8382 4543/4250/8381 
f 4657/4452/8638 4495/4456/8639 4499/4473/8640 
f 4495/4449/8641 4657/4452/8642 4496/4474/8643 
f 4554/4475/8644 4496/4474/8645 4657/4452/8646 
f 4657/4452/8646 4499/4473/8647 4554/4475/8644 
f 4335/3958/8076 4336/3959/8077 4536/4476/8648 
f 4536/4476/8648 4334/3957/8075 4335/3958/8076 
f 4334/3957/8075 4536/4476/8648 4534/4477/8649 
f 4534/4477/8649 4333/3956/8074 4334/3957/8075 
f 4333/3956/8074 4534/4477/8649 4520/4478/8650 
f 4520/4478/8650 4658/4479/8651 4333/3956/8074 
f 4329/3952/8070 4333/3956/8074 4658/4479/8651 
f 4658/4479/8651 4520/4478/8650 4518/4480/8652 
f 4329/3952/8070 4658/4479/8651 4659/4481/8653 
f 4659/4481/8653 4328/3951/8069 4329/3952/8070 
f 4659/4481/8653 4658/4479/8651 4660/4482/8654 
f 4660/4482/8654 4328/3951/8069 4659/4481/8653 
f 4660/4482/8654 4658/4479/8651 4518/4480/8652 
f 4518/4480/8652 4372/4483/8655 4660/4482/8654 
f 4373/4484/8656 4372/4483/8655 4518/4480/8652 
f 4660/4482/8654 4372/4483/8655 4661/4485/8657 
f 4661/4485/8657 4328/3951/8069 4660/4482/8654 
f 4325/3948/8066 4328/3951/8069 4661/4485/8657 
f 4661/4485/8657 4662/4486/8658 4325/3948/8066 
f 4326/3949/8067 4325/3948/8066 4662/4486/8658 
f 4374/4487/8659 4662/4486/8658 4661/4485/8657 
f 4661/4485/8657 4372/4483/8655 4374/4487/8659 
f 4662/4486/8658 4374/4487/8659 4376/4488/8660 
f 4376/4488/8660 4663/4489/8661 4662/4486/8658 
f 4326/3949/8067 4662/4486/8658 4663/4489/8661 
f 4663/4489/8661 4664/4490/8662 4326/3949/8067 
f 4573/4491/8663 4664/4490/8662 4663/4489/8661 
f 4663/4489/8661 4378/4492/8664 4573/4491/8663 
f 4376/4488/8660 4378/4492/8664 4663/4489/8661 
f 4665/4493/8665 4392/4494/8666 4666/4495/8667 
f 4666/4495/8667 4667/4496/8668 4665/4493/8665 
f 4667/4496/8668 4666/4495/8667 4668/4497/8669 
f 4668/4497/8669 4669/4498/8670 4667/4496/8668 
f 4670/4499/8671 4669/4498/8670 4668/4497/8669 
f 4668/4497/8669 4671/4500/8672 4670/4499/8671 
f 4672/4501/8673 4671/4500/8672 4668/4497/8669 
f 4668/4497/8669 4666/4502/8674 4672/4501/8673 
f 4392/4503/8675 4672/4501/8673 4666/4502/8674 
f 4673/4504/8676 4674/4505/8677 4400/4506/8678 
f 4400/4506/8678 4295/4507/8679 4673/4504/8676 
f 4294/4508/8680 4673/4504/8676 4295/4507/8679 
f 4147/3736/8681 4146/3756/8682 4675/3755/8683 
f 4675/3755/8683 4192/3752/8684 4147/3736/8681 
f 4146/3757/8685 4192/3752/8684 4675/3755/8683 
f 4147/3736/8681 4192/3752/8684 4676/3735/8686 
f 4676/3735/8686 4148/3733/8687 4147/3736/8681 
f 4676/3735/8686 4192/3752/8684 4193/3751/8688 
f 4677/3750/8689 4193/3751/8690 4194/3747/8691 
f 4194/3747/8691 4678/3748/8692 4677/3750/8689 
f 4096/3745/8693 4678/3748/8692 4194/3747/8691 
f 4194/3747/8691 4097/3746/8694 4096/3745/8693 
f 4099/3749/8695 4097/3746/8694 4194/3747/8691 
f 4678/3742/8696 4096/3745/8697 4094/3743/8698 
f 4094/3743/8698 4679/3741/8699 4678/3742/8696 
f 4679/3741/8699 4094/3743/8698 4095/3744/8700 
f 4677/3740/8701 4678/3742/8696 4679/3741/8699 
f 4679/3741/8699 4680/3739/8702 4677/3740/8701 
f 4676/3735/8686 4677/3740/8701 4680/3739/8702 
f 4680/3739/8702 4681/3737/8703 4676/3735/8686 
f 4677/3740/8701 4676/3735/8686 4682/3753/8704 
f 4682/3753/8704 4193/3754/8705 4677/3740/8701 
f 4676/3735/8686 4681/3737/8703 4683/3732/8706 
f 4683/3732/8706 4148/3733/8687 4676/3735/8686 
f 4684/3738/8707 4683/3732/8706 4681/3737/8703 
f 4148/3733/8687 4683/3732/8706 4081/3730/8708 
f 4081/3730/8708 4085/3734/8709 4148/3733/8687 
f 4082/3731/8710 4081/3730/8708 4683/3732/8706 
f 4682/3753/8711 4676/3735/8712 4193/3877/8713 
f 4681/3872/8714 4680/3873/8715 4685/3869/8716 
f 4685/3869/8716 4686/3871/8717 4681/3872/8714 
f 4687/3870/8718 4686/3871/8717 4685/3869/8716 
f 4685/3869/8716 4688/3867/8719 4687/3870/8718 
f 4680/3868/8720 4688/3867/8719 4685/3869/8716 
f 4688/3867/8721 4205/3875/8722 4209/3874/8723 
f 4209/3874/8723 4210/3876/8724 4688/3867/8721 
f 4679/3861/8725 4095/3866/8726 4204/3864/8727 
f 4204/3864/8727 4688/3863/8728 4679/3861/8725 
f 4688/3863/8728 4204/3864/8727 4205/3865/8729 
f 4680/3862/8730 4679/3861/8725 4688/3863/8728 
f 4689/4509/8731 4394/4510/8732 4690/4511/8733 
f 4690/4511/8733 4691/4512/8734 4689/4509/8731 
f 4282/4513/8735 4689/4509/8731 4691/4512/8734 
f 4691/4512/8734 4692/4514/8736 4282/4513/8735 
f 4690/4515/8737 4692/4514/8736 4691/4512/8734 
f 4281/4516/8738 4282/4513/8735 4692/4514/8736 
f 4692/4514/8736 4690/4515/8737 4281/4516/8738 
f 4377/4517/8739 4281/4516/8738 4690/4515/8737 
f 4690/4515/8737 4394/4518/8740 4377/4517/8739 
f 4683/3859/8741 4684/3860/8742 4693/3857/8743 
f 4693/3857/8743 4082/3858/8744 4683/3859/8741 
f 4200/3855/8745 4082/3858/8744 4693/3857/8743 
f 4693/3857/8743 4201/3856/8746 4200/3855/8745 
f 4694/4519/8747 4664/4520/8748 4573/4521/8749 
f 4573/4521/8749 4393/4522/8750 4694/4519/8747 
f 4393/4522/8750 4573/4521/8749 4394/4523/8751 
f 4695/4524/8752 4694/4519/8747 4393/4522/8750 
f 4393/4522/8750 4392/4525/8753 4695/4524/8752 
f 4665/4526/8754 4695/4524/8752 4392/4525/8753 
f 4696/4527/8755 4695/4524/8752 4665/4526/8754 
f 4665/4526/8754 4667/4528/8756 4696/4527/8755 
f 4697/4529/8757 4696/4527/8755 4667/4528/8756 
f 4667/4528/8756 4674/4530/8758 4697/4529/8757 
f 4674/4530/8758 4667/4528/8756 4669/4531/8759 
f 4669/4531/8759 4400/4532/8760 4674/4530/8758 
f 4400/4532/8760 4669/4531/8759 4670/4533/8761 
f 4670/4533/8761 4401/4534/8762 4400/4532/8760 
f 4698/4535/8763 4401/4534/8762 4670/4533/8761 
f 4670/4533/8761 4671/4536/8764 4698/4535/8763 
f 4672/4537/8765 4698/4535/8763 4671/4536/8764 
f 4689/4538/8766 4698/4535/8763 4672/4537/8765 
f 4672/4537/8765 4392/4525/8767 4689/4538/8766 
f 4394/4523/8768 4689/4538/8766 4392/4525/8767 
f 4699/4539/8769 4698/4540/8770 4689/4541/8771 
f 4689/4541/8771 4282/4542/8772 4699/4539/8769 
f 4700/4543/8773 4699/4539/8769 4282/4542/8772 
f 4701/4497/8774 4699/4539/8769 4700/4543/8773 
f 4700/4543/8773 4702/4544/8775 4701/4497/8774 
f 4702/4544/8775 4700/4543/8773 4282/4542/8772 
f 4282/4542/8772 4279/4545/8776 4702/4544/8775 
f 4280/4546/8777 4702/4544/8775 4279/4545/8776 
f 4702/4544/8775 4280/4546/8777 4397/4547/8778 
f 4397/4547/8778 4703/4548/8779 4702/4544/8775 
f 4701/4497/8774 4702/4544/8775 4703/4548/8779 
f 4401/4549/8780 4703/4548/8779 4397/4547/8778 
f 4704/4550/8781 4701/4497/8774 4703/4548/8779 
f 4703/4548/8779 4401/4549/8780 4704/4550/8781 
f 4699/4551/8782 4701/4497/8774 4704/4550/8781 
f 4704/4550/8781 4698/4552/8783 4699/4551/8782 
f 4698/4552/8783 4704/4550/8781 4401/4549/8780 
f 4283/4553/8784 4275/4554/8785 4705/3891/8786 
f 4705/3891/8786 4284/4555/8787 4283/4553/8784 
f 4304/4556/8788 4284/4555/8787 4705/3891/8786 
f 4705/3891/8786 4275/4557/8789 4304/4556/8788 
f 4706/4558/8790 4348/4559/8791 4307/4560/8792 
f 4307/4560/8792 4349/4561/8793 4706/4558/8790 
f 4348/4562/8794 4706/4558/8790 4349/4561/8793 
f 4707/4437/8795 4708/4436/8796 4709/4435/8797 
f 4709/4435/8797 4710/4438/8798 4707/4437/8795 
f 4711/4439/8799 4710/4438/8798 4709/4435/8797 
f 4709/4435/8797 4712/4440/8800 4711/4439/8799 
f 4713/4441/8801 4710/4438/8798 4711/4439/8799 
f 4711/4439/8799 4712/4440/8800 4713/4441/8801 
f 4707/4442/8802 4710/4438/8798 4713/4441/8801 
f 4713/4441/8801 4708/4443/8803 4707/4442/8802 
f 4714/4444/8804 4708/4443/8803 4713/4441/8801 
f 4713/4441/8801 4712/4440/8800 4714/4444/8804 
f 4715/4563/8805 4716/4564/8806 4717/4438/8807 
f 4717/4438/8807 4718/4565/8808 4715/4563/8805 
f 4719/4566/8809 4718/4565/8808 4717/4438/8807 
f 4717/4438/8807 4716/4567/8810 4719/4566/8809 
f 4720/4438/8811 4721/4564/8812 4722/4563/8813 
f 4722/4563/8813 4723/4565/8814 4720/4438/8811 
f 4724/4566/8815 4720/4438/8811 4723/4565/8814 
f 4721/4567/8816 4720/4438/8811 4724/4566/8815 
f 4725/4568/8817 4726/4569/8818 4727/4570/8819 
f 4727/4570/8819 4728/4571/8820 4725/4568/8817 
f 4725/4568/8821 4728/4571/8822 4726/4569/8823 
f 4729/4570/8824 4730/4569/8825 4731/4568/8826 
f 4731/4568/8826 4732/4571/8827 4729/4570/8824 
f 4730/4569/8828 4732/4571/8829 4731/4568/8830 
f 4733/4572/8831 4734/4573/8832 4735/4574/8833 
f 4735/4574/8833 4736/4575/8834 4733/4572/8831 
f 4737/4576/8835 4733/4572/8831 4736/4575/8834 
f 4738/4577/8836 4736/4575/8834 4735/4574/8833 
f 4739/4578/8837 4737/4576/8835 4736/4575/8834 
f 4736/4575/8834 4738/4577/8836 4739/4578/8837 
f 4740/4574/8838 4734/4573/8839 4733/4572/8840 
f 4733/4572/8840 4741/4575/8841 4740/4574/8838 
f 4738/4577/8842 4740/4574/8838 4741/4575/8841 
f 4737/4576/8843 4741/4575/8841 4733/4572/8840 
f 4739/4578/8844 4738/4577/8842 4741/4575/8841 
f 4741/4575/8841 4737/4576/8843 4739/4578/8844 
f 4742/4579/8845 4743/4580/8846 4744/4581/8847 
f 4744/4581/8847 4745/4582/8848 4742/4579/8845 
f 4746/4581/8849 4743/4580/8850 4742/4579/8851 
f 4742/4579/8851 4745/4582/8852 4746/4581/8849 
f 4747/4568/8853 4748/4583/8854 4749/4584/8855 
f 4749/4584/8855 4750/4585/8856 4747/4568/8853 
f 4751/4584/8857 4748/4583/8858 4747/4568/8859 
f 4747/4568/8859 4750/4585/8860 4751/4584/8857 
f 4752/4586/8861 4753/4587/8862 4754/4588/8863 
f 4754/4588/8863 4755/4589/8864 4752/4586/8861 
f 4756/4588/8865 4753/4587/8866 4752/4586/8867 
f 4752/4586/8867 4755/4589/8868 4756/4588/8865 
f 4757/4590/8869 4758/4591/8870 4759/4592/8871 
f 4759/4592/8871 4760/4593/8872 4757/4590/8869 
f 4761/4592/8873 4758/4591/8874 4757/4590/8875 
f 4757/4590/8875 4760/4593/8876 4761/4592/8873 
f 4762/4590/8877 4763/4594/8878 4764/4595/8879 
f 4764/4595/8879 4765/4596/8880 4762/4590/8877 
f 4766/4595/8881 4763/4594/8882 4762/4590/8883 
f 4762/4590/8883 4765/4596/8884 4766/4595/8881 
f 4767/4497/8885 4768/4597/8886 4769/4598/8887 
f 4769/4598/8887 4770/4599/8888 4767/4497/8885 
f 4771/4600/8889 4772/4601/8890 4773/4602/8891 
f 4773/4602/8891 4774/4603/8892 4771/4600/8889 
f 4775/4604/8893 4774/4603/8892 4773/4602/8891 
f 4773/4602/8891 4772/4605/8894 4775/4604/8893 
f 4776/4606/8895 4777/4607/8896 4778/4608/8897 
f 4778/4608/8897 4779/4609/8898 4776/4606/8895 
f 4780/4610/8899 4779/4609/8898 4778/4608/8897 
f 4778/4608/8897 4777/4611/8900 4780/4610/8899 
f 4781/4612/8901 4782/4607/8902 4783/4608/8903 
f 4783/4608/8903 4784/4613/8904 4781/4612/8901 
f 4785/4614/8905 4784/4613/8904 4783/4608/8903 
f 4783/4608/8903 4782/4615/8906 4785/4614/8905 
f 4786/4346/8907 4787/4347/8908 4788/4345/8909 
f 4788/4345/8909 4789/4336/8910 4786/4346/8907 
f 4788/4345/8911 4790/4339/8912 4791/4332/8913 
f 4791/4332/8913 4792/4333/8914 4788/4345/8911 
f 4791/4332/8913 4790/4339/8912 4793/4340/8915 
f 4794/4343/8916 4792/4333/8914 4791/4332/8913 
f 4791/4332/8913 4793/4340/8915 4794/4343/8916 
f 4795/4616/8917 4794/4343/8916 4793/4340/8915 
f 4793/4340/8915 4796/4341/8918 4795/4616/8917 
f 4794/4343/8916 4795/4616/8917 4797/4344/8919 
f 4797/4344/8919 4798/4331/8920 4794/4343/8916 
f 4797/4344/8919 4795/4616/8917 4799/4617/8921 
f 4800/4618/8922 4786/4346/8923 4789/4336/8924 
f 4789/4336/8924 4801/4338/8925 4800/4618/8922 
f 4801/4338/8925 4789/4336/8924 4802/4335/8926 
f 4802/4335/8926 4787/4347/8927 4801/4338/8925 
f 4792/4333/8928 4802/4335/8926 4789/4336/8924 
f 4789/4336/8924 4788/4345/8929 4792/4333/8928 
f 4790/4339/8930 4788/4345/8931 4787/4347/8927 
f 4787/4347/8927 4802/4335/8926 4790/4339/8930 
f 4803/4334/8932 4790/4339/8930 4802/4335/8926 
f 4802/4335/8926 4792/4333/8928 4803/4334/8932 
f 4793/4340/8933 4790/4339/8930 4803/4334/8932 
f 4803/4334/8932 4792/4333/8928 4796/4341/8934 
f 4796/4341/8934 4793/4340/8933 4803/4334/8932 
f 4798/4331/8935 4796/4341/8934 4792/4333/8928 
f 4792/4333/8928 4794/4343/8936 4798/4331/8935 
f 4796/4341/8934 4798/4331/8935 4804/4619/8937 
f 4804/4619/8937 4795/4616/8938 4796/4341/8934 
f 4799/4617/8939 4795/4616/8938 4804/4619/8937 
f 4804/4619/8937 4805/4342/8940 4799/4617/8939 
f 4798/4331/8935 4805/4342/8940 4804/4619/8937 
f 4797/4344/8941 4799/4617/8939 4805/4342/8940 
f 4805/4342/8940 4798/4331/8935 4797/4344/8941 
f 4806/4338/8942 4807/4347/8943 4808/4335/8944 
f 4808/4335/8944 4809/4336/8945 4806/4338/8942 
f 4808/4335/8946 4810/4339/8947 4811/4334/8948 
f 4811/4334/8948 4812/4333/8949 4808/4335/8946 
f 4813/4341/8950 4812/4333/8949 4811/4334/8948 
f 4811/4334/8948 4814/4340/8951 4813/4341/8950 
f 4813/4341/8952 4815/4616/8953 4816/4620/8954 
f 4816/4620/8954 4817/4331/8955 4813/4341/8952 
f 4818/4621/8956 4817/4331/8955 4816/4620/8954 
f 4816/4620/8954 4819/4617/8957 4818/4621/8956 
f 4820/4618/8958 4806/4338/8959 4809/4336/8960 
f 4809/4336/8960 4821/4346/8961 4820/4618/8958 
f 4821/4346/8961 4809/4336/8960 4822/4345/8962 
f 4822/4345/8962 4807/4347/8963 4821/4346/8961 
f 4812/4333/8964 4822/4345/8962 4809/4336/8960 
f 4809/4336/8960 4808/4335/8965 4812/4333/8964 
f 4810/4339/8966 4808/4335/8967 4807/4347/8963 
f 4807/4347/8963 4822/4345/8962 4810/4339/8966 
f 4823/4332/8968 4810/4339/8966 4822/4345/8962 
f 4822/4345/8962 4812/4333/8964 4823/4332/8968 
f 4810/4339/8966 4823/4332/8968 4814/4340/8969 
f 4814/4340/8969 4811/4334/8970 4810/4339/8966 
f 4824/4343/8971 4814/4340/8969 4823/4332/8968 
f 4823/4332/8968 4812/4333/8964 4824/4343/8971 
f 4817/4331/8972 4824/4343/8971 4812/4333/8964 
f 4812/4333/8964 4813/4341/8973 4817/4331/8972 
f 4815/4616/8974 4813/4341/8975 4814/4340/8969 
f 4814/4340/8969 4824/4343/8971 4815/4616/8974 
f 4825/4344/8976 4815/4616/8974 4824/4343/8971 
f 4824/4343/8971 4817/4331/8972 4825/4344/8976 
f 4818/4621/8977 4825/4344/8976 4817/4331/8972 
f 4825/4344/8976 4818/4621/8977 4819/4617/8978 
f 4819/4617/8978 4815/4616/8974 4825/4344/8976 
f 4816/4620/8979 4815/4616/8974 4819/4617/8978 
f 4826/4598/8980 4768/4597/8981 4767/4497/8982 
f 4767/4497/8982 4770/4599/8983 4826/4598/8980 
f 4694/4622/8984 4695/4623/8985 4827/4624/8986 
f 4827/4624/8986 4828/4625/8987 4694/4622/8984 
f 4664/4626/8988 4694/4622/8984 4828/4625/8987 
f 4828/4625/8987 4326/4627/8989 4664/4626/8988 
f 4326/4627/8989 4828/4625/8987 4829/4628/8990 
f 4829/4628/8990 4830/4629/8991 4326/4627/8989 
f 4315/4630/8992 4326/4627/8989 4830/4629/8991 
f 4830/4629/8991 4829/4628/8990 4831/4631/8993 
f 4831/4631/8993 4832/4632/8994 4830/4629/8991 
f 4833/4633/8995 4830/4629/8991 4832/4632/8994 
f 4315/4630/8992 4830/4629/8991 4833/4633/8995 
f 4833/4633/8995 4313/4634/8996 4315/4630/8992 
f 4834/4635/8997 4835/4636/8998 4836/4637/8999 
f 4836/4637/8999 4837/4638/9000 4834/4635/8997 
f 4838/4637/9001 4835/4636/9002 4834/4635/9003 
f 4834/4635/9003 4837/4638/9004 4838/4637/9001 
f 4839/4590/9005 4840/4639/9006 4841/4640/9007 
f 4841/4640/9007 4842/4641/9008 4839/4590/9005 
f 4843/4642/9009 4844/4643/9010 4845/4644/9011 
f 4845/4644/9011 4846/4645/9012 4843/4642/9009 
f 4847/4644/9013 4844/4643/9014 4843/4642/9015 
f 4843/4642/9015 4846/4645/9016 4847/4644/9013 
f 4848/4646/9017 4849/4588/9018 4850/4647/9019 
f 4850/4647/9019 4851/4648/9020 4848/4646/9017 
f 4852/4647/9021 4849/4588/9022 4848/4646/9023 
f 4848/4646/9023 4851/4648/9024 4852/4647/9021 
f 4853/4590/9025 4854/4649/9026 4855/4650/9027 
f 4855/4650/9027 4856/4651/9028 4853/4590/9025 
f 4857/4650/9029 4854/4649/9030 4853/4590/9031 
f 4853/4590/9031 4856/4651/9032 4857/4650/9029 
f 4839/4590/9033 4842/4641/9034 4858/4640/9035 
f 4858/4640/9035 4840/4639/9036 4839/4590/9033 
f 4859/4652/9037 4860/4653/9038 4861/4654/9039 
f 4861/4654/9039 4862/4655/9040 4859/4652/9037 
f 4860/4653/9038 4859/4652/9037 4863/4656/9041 
f 4863/4656/9041 4864/4657/9042 4860/4653/9038 
f 4864/4657/9042 4863/4656/9041 4865/4658/9043 
f 4865/4658/9043 4866/4659/9044 4864/4657/9042 
f 4867/4660/9045 4864/4657/9042 4866/4659/9044 
f 4866/4659/9044 4868/4661/9046 4867/4660/9045 
f 4869/4662/9047 4868/4661/9046 4866/4659/9044 
f 4866/4659/9044 4870/4663/9048 4869/4662/9047 
f 4870/4663/9048 4866/4659/9044 4865/4658/9043 
f 4865/4658/9043 4871/4664/9049 4870/4663/9048 
f 4871/4664/9049 4865/4658/9043 4863/4656/9041 
f 4863/4656/9041 4872/4665/9050 4871/4664/9049 
f 4872/4665/9050 4863/4656/9041 4859/4652/9037 
f 4859/4652/9037 4873/4666/9051 4872/4665/9050 
f 4874/4667/9052 4873/4666/9051 4859/4652/9037 
f 4859/4652/9037 4862/4655/9040 4874/4667/9052 
f 4875/4668/9053 4874/4667/9052 4862/4655/9040 
f 4874/4667/9052 4875/4668/9053 4876/4669/9054 
f 4876/4669/9054 4873/4666/9051 4874/4667/9052 
f 4873/4666/9051 4876/4669/9054 4877/4670/9055 
f 4877/4670/9055 4872/4665/9050 4873/4666/9051 
f 4872/4665/9050 4877/4670/9055 4878/4671/9056 
f 4878/4671/9056 4871/4664/9049 4872/4665/9050 
f 4871/4664/9049 4878/4671/9056 4879/4672/9057 
f 4879/4672/9057 4880/4673/9058 4871/4664/9049 
f 4870/4663/9048 4871/4664/9049 4880/4673/9058 
f 4880/4673/9058 4881/4674/9059 4870/4663/9048 
f 4869/4662/9047 4870/4663/9048 4881/4674/9059 
f 4881/4674/9059 4882/4675/9060 4869/4662/9047 
f 4868/4661/9046 4869/4662/9047 4882/4675/9060 
f 4882/4675/9060 4883/4676/9061 4868/4661/9046 
f 4884/4677/9062 4883/4676/9061 4882/4675/9060 
f 4882/4675/9060 4885/4678/9063 4884/4677/9062 
f 4886/4679/9064 4884/4677/9062 4885/4678/9063 
f 4885/4678/9063 4887/4680/9065 4886/4679/9064 
f 4888/4681/9066 4886/4679/9064 4887/4680/9065 
f 4887/4680/9065 4889/4682/9067 4888/4681/9066 
f 4890/4683/9068 4888/4681/9066 4889/4682/9067 
f 4889/4682/9067 4891/4684/9069 4890/4683/9068 
f 4891/4684/9069 4889/4682/9067 4887/4680/9065 
f 4892/4685/9070 4890/4683/9068 4891/4684/9069 
f 4891/4684/9069 4893/4686/9071 4892/4685/9070 
f 4893/4686/9071 4891/4684/9069 4894/4687/9072 
f 4894/4687/9072 4895/4688/9073 4893/4686/9071 
f 4895/4688/9073 4894/4687/9072 4896/4689/9074 
f 4896/4689/9074 4897/4690/9075 4895/4688/9073 
f 4898/4691/9076 4897/4690/9075 4896/4689/9074 
f 4896/4689/9074 4899/4692/9077 4898/4691/9076 
f 4106/4693/9078 4898/4691/9076 4899/4692/9077 
f 4899/4692/9077 4107/4694/9079 4106/4693/9078 
f 4900/4695/9080 4107/4694/9079 4899/4692/9077 
f 4899/4692/9077 4901/4696/9081 4900/4695/9080 
f 4901/4696/9081 4899/4692/9077 4896/4689/9074 
f 4896/4689/9074 4894/4687/9072 4901/4696/9081 
f 4902/4697/9082 4901/4696/9081 4894/4687/9072 
f 4894/4687/9072 4903/4698/9083 4902/4697/9082 
f 4903/4698/9083 4894/4687/9072 4891/4684/9069 
f 4891/4684/9069 4904/4699/9084 4903/4698/9083 
f 4904/4699/9084 4891/4684/9069 4887/4680/9065 
f 4887/4680/9065 4905/4700/9085 4904/4699/9084 
f 4906/4701/9086 4905/4700/9085 4887/4680/9065 
f 4887/4680/9065 4885/4678/9063 4906/4701/9086 
f 4905/4700/9085 4906/4701/9086 4907/4702/9087 
f 4907/4702/9087 4904/4699/9084 4905/4700/9085 
f 4904/4699/9084 4907/4702/9087 4908/4703/9088 
f 4908/4703/9088 4909/4704/9089 4904/4699/9084 
f 4903/4698/9083 4904/4699/9084 4909/4704/9089 
f 4909/4704/9089 4910/4705/9090 4903/4698/9083 
f 4911/4706/9091 4903/4698/9083 4910/4705/9090 
f 4902/4697/9082 4903/4698/9083 4911/4706/9091 
f 4912/4707/9092 4911/4706/9091 4910/4705/9090 
f 4910/4705/9090 4909/4704/9089 4912/4707/9092 
f 4911/4706/9091 4912/4707/9092 4913/4708/9093 
f 4913/4708/9093 4902/4697/9082 4911/4706/9091 
f 4913/4708/9093 4912/4707/9092 4914/4709/9094 
f 4914/4709/9094 4902/4697/9082 4913/4708/9093 
f 4901/4696/9081 4902/4697/9082 4914/4709/9094 
f 4914/4709/9094 4900/4695/9080 4901/4696/9081 
f 4107/4694/9079 4900/4695/9080 4914/4709/9094 
f 4914/4709/9094 4110/4710/9095 4107/4694/9079 
f 4174/4711/9096 4110/4710/9095 4914/4709/9094 
f 4914/4709/9094 4915/4712/9097 4174/4711/9096 
f 4912/4707/9092 4915/4712/9097 4914/4709/9094 
f 4178/4713/9098 4174/4711/9096 4915/4712/9097 
f 4915/4712/9097 4916/4714/9099 4178/4713/9098 
f 4917/4715/9100 4916/4714/9099 4915/4712/9097 
f 4915/4712/9097 4912/4707/9092 4917/4715/9100 
f 4909/4704/9089 4917/4715/9100 4912/4707/9092 
f 4918/4716/9101 4917/4715/9100 4909/4704/9089 
f 4909/4704/9089 4919/4717/9102 4918/4716/9101 
f 4920/4718/9103 4919/4717/9102 4909/4704/9089 
f 4909/4704/9089 4908/4703/9088 4920/4718/9103 
f 4921/4719/9104 4920/4718/9103 4908/4703/9088 
f 4908/4703/9088 4907/4702/9087 4921/4719/9104 
f 4922/4720/9105 4921/4719/9104 4907/4702/9087 
f 4907/4702/9087 4923/4721/9106 4922/4720/9105 
f 4924/4722/9107 4923/4721/9106 4907/4702/9087 
f 4907/4702/9087 4906/4701/9086 4924/4722/9107 
f 4925/4723/9108 4924/4722/9107 4906/4701/9086 
f 4906/4701/9086 4885/4678/9063 4925/4723/9108 
f 4882/4675/9060 4925/4723/9108 4885/4678/9063 
f 4926/4724/9109 4925/4723/9108 4882/4675/9060 
f 4882/4675/9060 4881/4674/9059 4926/4724/9109 
f 4925/4723/9108 4926/4724/9109 4927/4725/9110 
f 4927/4725/9110 4924/4722/9107 4925/4723/9108 
f 4924/4722/9107 4927/4725/9110 4928/4726/9111 
f 4928/4726/9111 4923/4721/9106 4924/4722/9107 
f 4929/4727/9112 4928/4726/9111 4927/4725/9110 
f 4927/4725/9110 4930/4728/9113 4929/4727/9112 
f 4926/4724/9109 4930/4728/9113 4927/4725/9110 
f 4931/4729/9114 4929/4727/9112 4930/4728/9113 
f 4930/4728/9113 4932/4730/9115 4931/4729/9114 
f 4933/4731/9116 4932/4730/9115 4930/4728/9113 
f 4930/4728/9113 4926/4724/9109 4933/4731/9116 
f 4934/4732/9117 4932/4730/9115 4933/4731/9116 
f 4935/4733/9118 4933/4731/9116 4926/4724/9109 
f 4926/4724/9109 4881/4674/9059 4935/4733/9118 
f 4933/4731/9116 4935/4733/9118 4936/4734/9119 
f 4936/4734/9119 4934/4732/9117 4933/4731/9116 
f 4937/4735/9120 4936/4734/9119 4935/4733/9118 
f 4935/4733/9118 4881/4674/9059 4937/4735/9120 
f 4880/4673/9058 4937/4735/9120 4881/4674/9059 
f 4936/4734/9119 4937/4735/9120 4880/4673/9058 
f 4880/4673/9058 4938/4736/9121 4936/4734/9119 
f 4934/4732/9117 4936/4734/9119 4938/4736/9121 
f 4938/4736/9121 4939/4737/9122 4934/4732/9117 
f 4940/4738/9123 4939/4737/9122 4938/4736/9121 
f 4938/4736/9121 4941/4739/9124 4940/4738/9123 
f 4941/4739/9124 4938/4736/9121 4880/4673/9058 
f 4880/4673/9058 4879/4672/9057 4941/4739/9124 
f 4942/4740/9125 4941/4739/9124 4879/4672/9057 
f 4940/4738/9123 4941/4739/9124 4942/4740/9125 
f 4942/4740/9125 4943/4741/9126 4940/4738/9123 
f 4943/4741/9126 4942/4740/9125 4944/4742/9127 
f 4944/4742/9127 4945/4743/9128 4943/4741/9126 
f 4946/4744/9129 4945/4743/9128 4944/4742/9127 
f 4944/4742/9127 4947/4745/9130 4946/4744/9129 
f 4948/4746/9131 4947/4745/9130 4944/4742/9127 
f 4944/4742/9127 4878/4671/9056 4948/4746/9131 
f 4878/4671/9056 4944/4742/9127 4942/4740/9125 
f 4942/4740/9125 4879/4672/9057 4878/4671/9056 
f 4949/4747/9132 4948/4746/9131 4878/4671/9056 
f 4878/4671/9056 4877/4670/9055 4949/4747/9132 
f 4948/4746/9131 4949/4747/9132 4950/4748/9133 
f 4950/4748/9133 4947/4745/9130 4948/4746/9131 
f 4951/4749/9134 4947/4745/9130 4950/4748/9133 
f 4950/4748/9133 4952/4750/9135 4951/4749/9134 
f 4952/4750/9135 4950/4748/9133 4949/4747/9132 
f 4949/4747/9132 4877/4670/9055 4952/4750/9135 
f 4953/4751/9136 4952/4750/9135 4877/4670/9055 
f 4877/4670/9055 4876/4669/9054 4953/4751/9136 
f 4954/4752/9137 4953/4751/9136 4876/4669/9054 
f 4955/4753/9138 4953/4751/9136 4954/4752/9137 
f 4954/4752/9137 4956/4754/9139 4955/4753/9138 
f 4957/4755/9140 4955/4753/9138 4956/4754/9139 
f 4955/4753/9138 4957/4755/9140 4958/4756/9141 
f 4958/4756/9141 4953/4751/9136 4955/4753/9138 
f 4952/4750/9135 4953/4751/9136 4958/4756/9141 
f 4958/4756/9141 4959/4757/9142 4952/4750/9135 
f 4951/4749/9134 4952/4750/9135 4959/4757/9142 
f 4960/4758/9143 4959/4757/9142 4958/4756/9141 
f 4958/4756/9141 4957/4755/9140 4960/4758/9143 
f 4961/4759/9144 4916/4714/9099 4917/4715/9100 
f 4917/4715/9100 4962/4760/9145 4961/4759/9144 
f 4962/4760/9145 4917/4715/9100 4918/4716/9101 
f 4918/4716/9101 4963/4761/9146 4962/4760/9145 
f 4964/4762/9147 4963/4761/9146 4918/4716/9101 
f 4918/4716/9101 4919/4717/9102 4964/4762/9147 
f 4965/4763/9148 4964/4762/9147 4919/4717/9102 
f 4919/4717/9102 4966/4764/9149 4965/4763/9148 
f 4966/4764/9149 4919/4717/9102 4920/4718/9103 
f 4920/4718/9103 4967/4765/9150 4966/4764/9149 
f 4968/4766/9151 4967/4765/9150 4920/4718/9103 
f 4920/4718/9103 4921/4719/9104 4968/4766/9151 
f 4969/4767/9152 4968/4766/9151 4921/4719/9104 
f 4921/4719/9104 4970/4768/9153 4969/4767/9152 
f 4970/4768/9153 4921/4719/9104 4922/4720/9105 
f 4922/4720/9105 4971/4769/9154 4970/4768/9153 
f 4923/4721/9106 4971/4769/9154 4922/4720/9105 
f 4972/4715/9155 4916/4714/9156 4961/4759/9157 
f 4961/4759/9157 4962/4760/9158 4972/4715/9155 
f 4916/4714/9156 4972/4715/9155 4973/4712/9159 
f 4973/4712/9159 4178/4713/9160 4916/4714/9156 
f 4229/4711/9161 4178/4713/9160 4973/4712/9159 
f 4973/4712/9159 4974/4709/9162 4229/4711/9161 
f 4230/4710/9163 4229/4711/9161 4974/4709/9162 
f 4974/4709/9162 4232/4694/9164 4230/4710/9163 
f 4232/4694/9164 4974/4709/9162 4975/4695/9165 
f 4975/4695/9165 4976/4692/9166 4232/4694/9164 
f 4106/4693/9167 4232/4694/9164 4976/4692/9166 
f 4976/4692/9166 4898/4691/9168 4106/4693/9167 
f 4898/4691/9168 4976/4692/9166 4977/4689/9169 
f 4977/4689/9169 4897/4690/9170 4898/4691/9168 
f 4895/4688/9171 4897/4690/9170 4977/4689/9169 
f 4977/4689/9169 4978/4687/9172 4895/4688/9171 
f 4893/4686/9173 4895/4688/9171 4978/4687/9172 
f 4979/4696/9174 4978/4687/9172 4977/4689/9169 
f 4977/4689/9169 4976/4692/9166 4979/4696/9174 
f 4975/4695/9165 4979/4696/9174 4976/4692/9166 
f 4979/4696/9174 4975/4695/9165 4974/4709/9162 
f 4974/4709/9162 4980/4697/9175 4979/4696/9174 
f 4978/4687/9172 4979/4696/9174 4980/4697/9175 
f 4981/4708/9176 4980/4697/9175 4974/4709/9162 
f 4974/4709/9162 4982/4707/9177 4981/4708/9176 
f 4982/4707/9177 4974/4709/9162 4973/4712/9159 
f 4973/4712/9159 4972/4715/9155 4982/4707/9177 
f 4983/4704/9178 4982/4707/9177 4972/4715/9155 
f 4972/4715/9155 4984/4716/9179 4983/4704/9178 
f 4984/4716/9179 4972/4715/9155 4962/4760/9158 
f 4962/4760/9158 4963/4761/9180 4984/4716/9179 
f 4964/4762/9181 4984/4716/9179 4963/4761/9180 
f 4984/4716/9179 4964/4762/9181 4985/4717/9182 
f 4985/4717/9182 4983/4704/9178 4984/4716/9179 
f 4985/4717/9182 4964/4762/9181 4965/4763/9183 
f 4965/4763/9183 4966/4764/9184 4985/4717/9182 
f 4986/4718/9185 4985/4717/9182 4966/4764/9184 
f 4983/4704/9178 4985/4717/9182 4986/4718/9185 
f 4986/4718/9185 4966/4764/9184 4967/4765/9186 
f 4967/4765/9186 4968/4766/9187 4986/4718/9185 
f 4987/4719/9188 4986/4718/9185 4968/4766/9187 
f 4968/4766/9187 4969/4767/9189 4987/4719/9188 
f 4970/4768/9190 4987/4719/9188 4969/4767/9189 
f 4988/4720/9191 4987/4719/9188 4970/4768/9190 
f 4970/4768/9190 4971/4769/9192 4988/4720/9191 
f 4923/4721/9193 4988/4720/9191 4971/4769/9192 
f 4988/4720/9191 4923/4721/9193 4989/4702/9194 
f 4989/4702/9194 4987/4719/9188 4988/4720/9191 
f 4987/4719/9188 4989/4702/9194 4990/4703/9195 
f 4990/4703/9195 4986/4718/9185 4987/4719/9188 
f 4983/4704/9178 4986/4718/9185 4990/4703/9195 
f 4990/4703/9195 4991/4699/9196 4983/4704/9178 
f 4989/4702/9194 4991/4699/9196 4990/4703/9195 
f 4983/4704/9178 4991/4699/9196 4992/4698/9197 
f 4992/4698/9197 4993/4705/9198 4983/4704/9178 
f 4982/4707/9177 4983/4704/9178 4993/4705/9198 
f 4993/4705/9198 4994/4706/9199 4982/4707/9177 
f 4992/4698/9197 4994/4706/9199 4993/4705/9198 
f 4981/4708/9176 4982/4707/9177 4994/4706/9199 
f 4994/4706/9199 4980/4697/9175 4981/4708/9176 
f 4980/4697/9175 4994/4706/9199 4992/4698/9197 
f 4992/4698/9197 4978/4687/9172 4980/4697/9175 
f 4995/4684/9200 4978/4687/9172 4992/4698/9197 
f 4992/4698/9197 4991/4699/9196 4995/4684/9200 
f 4893/4686/9173 4978/4687/9172 4995/4684/9200 
f 4995/4684/9200 4892/4685/9201 4893/4686/9173 
f 4890/4683/9202 4892/4685/9201 4995/4684/9200 
f 4995/4684/9200 4996/4682/9203 4890/4683/9202 
f 4888/4681/9204 4890/4683/9202 4996/4682/9203 
f 4996/4682/9203 4995/4684/9200 4997/4680/9205 
f 4997/4680/9205 4888/4681/9204 4996/4682/9203 
f 4997/4680/9205 4995/4684/9200 4991/4699/9196 
f 4991/4699/9196 4998/4700/9206 4997/4680/9205 
f 4998/4700/9206 4991/4699/9196 4989/4702/9194 
f 4989/4702/9194 4999/4701/9207 4998/4700/9206 
f 4997/4680/9205 4998/4700/9206 4999/4701/9207 
f 5000/4722/9208 4999/4701/9207 4989/4702/9194 
f 4989/4702/9194 4923/4721/9193 5000/4722/9208 
f 4928/4726/9209 5000/4722/9208 4923/4721/9193 
f 5001/4725/9210 5000/4722/9208 4928/4726/9209 
f 4928/4726/9209 4929/4727/9211 5001/4725/9210 
f 5000/4722/9208 5001/4725/9210 5002/4723/9212 
f 5002/4723/9212 4999/4701/9207 5000/4722/9208 
f 4999/4701/9207 5002/4723/9212 5003/4678/9213 
f 5003/4678/9213 4997/4680/9205 4999/4701/9207 
f 4997/4680/9205 5003/4678/9213 4886/4679/9214 
f 4886/4679/9214 4888/4681/9204 4997/4680/9205 
f 4884/4677/9215 4886/4679/9214 5003/4678/9213 
f 5003/4678/9213 5004/4675/9216 4884/4677/9215 
f 5002/4723/9212 5004/4675/9216 5003/4678/9213 
f 4883/4676/9217 4884/4677/9215 5004/4675/9216 
f 5004/4675/9216 4868/4661/9218 4883/4676/9217 
f 4868/4661/9218 5004/4675/9216 5005/4662/9219 
f 5005/4662/9219 5006/4659/9220 4868/4661/9218 
f 4867/4660/9221 4868/4661/9218 5006/4659/9220 
f 5006/4659/9220 4864/4657/9222 4867/4660/9221 
f 5007/4658/9223 4864/4657/9222 5006/4659/9220 
f 5006/4659/9220 5008/4663/9224 5007/4658/9223 
f 5008/4663/9224 5006/4659/9220 5005/4662/9219 
f 5005/4662/9219 5009/4674/9225 5008/4663/9224 
f 5009/4674/9225 5005/4662/9219 5004/4675/9216 
f 5004/4675/9216 5010/4724/9226 5009/4674/9225 
f 5010/4724/9226 5004/4675/9216 5002/4723/9212 
f 5002/4723/9212 5001/4725/9210 5010/4724/9226 
f 5011/4728/9227 5010/4724/9226 5001/4725/9210 
f 5001/4725/9210 4929/4727/9211 5011/4728/9227 
f 4931/4729/9228 5011/4728/9227 4929/4727/9211 
f 5011/4728/9227 4931/4729/9228 4932/4730/9229 
f 4932/4730/9229 5012/4731/9230 5011/4728/9227 
f 5010/4724/9226 5011/4728/9227 5012/4731/9230 
f 4934/4732/9231 5012/4731/9230 4932/4730/9229 
f 5010/4724/9226 5012/4731/9230 5013/4733/9232 
f 5013/4733/9232 5009/4674/9225 5010/4724/9226 
f 5014/4734/9233 5013/4733/9232 5012/4731/9230 
f 5012/4731/9230 4934/4732/9231 5014/4734/9233 
f 5013/4733/9232 5014/4734/9233 5015/4735/9234 
f 5015/4735/9234 5009/4674/9225 5013/4733/9232 
f 5009/4674/9225 5015/4735/9234 5016/4673/9235 
f 5016/4673/9235 5008/4663/9224 5009/4674/9225 
f 5014/4734/9233 5016/4673/9235 5015/4735/9234 
f 5008/4663/9224 5016/4673/9235 5017/4664/9236 
f 5017/4664/9236 5007/4658/9223 5008/4663/9224 
f 5007/4658/9223 5017/4664/9236 5018/4656/9237 
f 5018/4656/9237 4864/4657/9222 5007/4658/9223 
f 4860/4653/9238 4864/4657/9222 5018/4656/9237 
f 5018/4656/9237 5019/4652/9239 4860/4653/9238 
f 4861/4654/9240 4860/4653/9238 5019/4652/9239 
f 5019/4652/9239 4862/4655/9241 4861/4654/9240 
f 4862/4655/9241 5019/4652/9239 5020/4667/9242 
f 5020/4667/9242 4875/4668/9243 4862/4655/9241 
f 4876/4669/9244 4875/4668/9243 5020/4667/9242 
f 5020/4667/9242 5021/4666/9245 4876/4669/9244 
f 5021/4666/9245 5020/4667/9242 5019/4652/9239 
f 5019/4652/9239 5022/4665/9246 5021/4666/9245 
f 5022/4665/9246 5019/4652/9239 5018/4656/9237 
f 5018/4656/9237 5017/4664/9236 5022/4665/9246 
f 5023/4671/9247 5022/4665/9246 5017/4664/9236 
f 5017/4664/9236 5024/4672/9248 5023/4671/9247 
f 5024/4672/9248 5017/4664/9236 5016/4673/9235 
f 5016/4673/9235 5025/4739/9249 5024/4672/9248 
f 5026/4736/9250 5025/4739/9249 5016/4673/9235 
f 5016/4673/9235 5014/4734/9233 5026/4736/9250 
f 4934/4732/9231 5026/4736/9250 5014/4734/9233 
f 5026/4736/9250 4934/4732/9231 4939/4737/9251 
f 4939/4737/9251 4940/4738/9252 5026/4736/9250 
f 5025/4739/9249 5026/4736/9250 4940/4738/9252 
f 4940/4738/9252 5027/4740/9253 5025/4739/9249 
f 5024/4672/9248 5025/4739/9249 5027/4740/9253 
f 5027/4740/9253 5023/4671/9247 5024/4672/9248 
f 5028/4742/9254 5023/4671/9247 5027/4740/9253 
f 5027/4740/9253 4943/4741/9255 5028/4742/9254 
f 4940/4738/9252 4943/4741/9255 5027/4740/9253 
f 5028/4742/9254 4943/4741/9255 4945/4743/9256 
f 4945/4743/9256 4946/4744/9257 5028/4742/9254 
f 4947/4745/9258 5028/4742/9254 4946/4744/9257 
f 5028/4742/9254 4947/4745/9258 5029/4746/9259 
f 5029/4746/9259 5023/4671/9247 5028/4742/9254 
f 5023/4671/9247 5029/4746/9259 5030/4747/9260 
f 5030/4747/9260 5031/4670/9261 5023/4671/9247 
f 5022/4665/9246 5023/4671/9247 5031/4670/9261 
f 5031/4670/9261 5021/4666/9245 5022/4665/9246 
f 4876/4669/9244 5021/4666/9245 5031/4670/9261 
f 5031/4670/9261 5032/4751/9262 4876/4669/9244 
f 4954/4752/9263 4876/4669/9244 5032/4751/9262 
f 5033/4750/9264 5032/4751/9262 5031/4670/9261 
f 5031/4670/9261 5030/4747/9260 5033/4750/9264 
f 5034/4748/9265 5033/4750/9264 5030/4747/9260 
f 5030/4747/9260 5029/4746/9259 5034/4748/9265 
f 4947/4745/9258 5034/4748/9265 5029/4746/9259 
f 5034/4748/9265 4947/4745/9258 4951/4749/9266 
f 4951/4749/9266 5033/4750/9264 5034/4748/9265 
f 5033/4750/9264 4951/4749/9266 4959/4757/9267 
f 4959/4757/9267 5035/4756/9268 5033/4750/9264 
f 5032/4751/9262 5033/4750/9264 5035/4756/9268 
f 5035/4756/9268 4959/4757/9267 4960/4758/9269 
f 4960/4758/9269 4957/4755/9270 5035/4756/9268 
f 5036/4753/9271 5035/4756/9268 4957/4755/9270 
f 5032/4751/9262 5035/4756/9268 5036/4753/9271 
f 5036/4753/9271 4954/4752/9263 5032/4751/9262 
f 4956/4754/9272 4954/4752/9263 5036/4753/9271 
f 5036/4753/9271 4957/4755/9270 4956/4754/9272 
f 5037/4770/9273 4430/4771/9274 4431/4772/9275 
f 4431/4772/9275 4436/4773/9276 5037/4770/9273 
f 4429/4774/9277 4430/4771/9274 5037/4770/9273 
f 5037/4770/9273 4436/4773/9276 4434/4775/9278 
f 4432/4776/9279 4429/4774/9277 5037/4770/9273 
f 5037/4770/9273 4434/4775/9278 4432/4776/9279 
f 5038/4777/9280 5039/4452/9281 5040/4778/9282 
f 5040/4778/9282 4562/4779/9283 5038/4777/9280 
f 4563/4780/9284 4562/4779/9283 5040/4778/9282 
f 5040/4778/9282 5041/4781/9285 4563/4780/9284 
f 5041/4781/9285 5040/4778/9282 5039/4452/9281 
f 5039/4452/9281 5038/4782/9286 5041/4781/9285 
f 4562/4783/9287 5041/4781/9285 5038/4782/9286 
f 5041/4781/9285 4562/4783/9287 4550/4784/9288 
f 4550/4784/9288 4563/4780/9284 5041/4781/9285 
f 5042/4785/9289 5043/4786/9290 5044/4787/9291 
f 5044/4787/9291 4558/4788/9292 5042/4785/9289 
f 4560/4789/9293 4558/4788/9292 5044/4787/9291 
f 5044/4787/9291 4557/4790/9294 4560/4789/9293 
f 5045/4791/9295 4557/4790/9294 5044/4787/9291 
f 5044/4787/9291 5043/4786/9290 5045/4791/9295 
f 5042/4792/9296 5045/4791/9295 5043/4786/9290 
f 5045/4791/9295 5042/4792/9296 4558/4793/9297 
f 4558/4793/9297 4557/4790/9294 5045/4791/9295 
f 5046/4794/9298 5047/4452/9299 5048/4795/9300 
f 5048/4795/9300 4563/4449/9301 5046/4794/9298 
f 4565/4796/9302 4563/4449/9301 5048/4795/9300 
f 5048/4795/9300 5049/4451/9303 4565/4796/9302 
f 5047/4452/9299 5049/4451/9303 5048/4795/9300 
f 4567/4797/9304 4565/4796/9302 5049/4451/9303 
f 5049/4451/9303 4549/4798/9305 4567/4797/9304 
f 5050/4799/9306 4549/4798/9305 5049/4451/9303 
f 5049/4451/9303 5047/4452/9299 5050/4799/9306 
f 5046/4455/9307 5050/4799/9306 5047/4452/9299 
f 5050/4799/9306 5046/4455/9307 4563/4456/9308 
f 4563/4456/9308 4549/4798/9305 5050/4799/9306 
f 5051/4300/9309 4570/4301/9310 4632/4800/9311 
f 4632/4800/9311 4633/4298/9312 5051/4300/9309 
f 4570/4301/9310 5051/4300/9309 4633/4298/9312 
f 5052/4801/9313 5053/4802/9314 5054/4803/9315 
f 5054/4803/9315 5055/4804/9316 5052/4801/9313 
f 5054/4803/9315 5053/4802/9314 5056/4805/9317 
f 5056/4805/9317 5055/4804/9316 5054/4803/9315 
f 5057/4806/9318 5056/4805/9317 5053/4802/9314 
f 5053/4802/9314 5058/4807/9319 5057/4806/9318 
f 5058/4807/9319 5053/4802/9314 5052/4808/9320 
f 5059/4809/9321 5057/4806/9318 5058/4807/9319 
f 5058/4807/9319 5052/4808/9320 5055/4810/9322 
f 5055/4810/9322 5059/4809/9321 5058/4807/9319 
f 5060/4803/9323 5061/4802/9324 5062/4801/9325 
f 5062/4801/9325 5063/4804/9326 5060/4803/9323 
f 5064/4805/9327 5061/4802/9324 5060/4803/9323 
f 5060/4803/9323 5063/4804/9326 5064/4805/9327 
f 5061/4802/9324 5064/4805/9327 5065/4806/9328 
f 5065/4806/9328 5066/4807/9329 5061/4802/9324 
f 5062/4808/9330 5061/4802/9324 5066/4807/9329 
f 5066/4807/9329 5065/4806/9328 5067/4809/9331 
f 5063/4810/9332 5062/4808/9330 5066/4807/9329 
f 5066/4807/9329 5067/4809/9331 5063/4810/9332 
f 5068/4811/9333 5069/4812/9334 5070/4813/9335 
f 5070/4813/9335 5071/4814/9336 5068/4811/9333 
f 5070/4813/9335 5069/4812/9334 5072/4815/9337 
f 5072/4815/9337 5073/4816/9338 5070/4813/9335 
f 5074/4817/9339 5070/4813/9335 5073/4816/9338 
f 5070/4813/9335 5074/4817/9339 5075/4818/9340 
f 5075/4818/9340 5071/4814/9336 5070/4813/9335 
f 5076/4819/9341 5071/4814/9336 5075/4818/9340 
f 5075/4818/9340 5077/4820/9342 5076/4819/9341 
f 5074/4817/9339 5077/4820/9342 5075/4818/9340 
f 5069/4812/9343 5068/4811/9344 5078/4813/9345 
f 5078/4813/9345 5079/4815/9346 5069/4812/9343 
f 5071/4814/9347 5078/4813/9345 5068/4811/9344 
f 5073/4816/9348 5079/4815/9346 5078/4813/9345 
f 5078/4813/9345 5074/4817/9349 5073/4816/9348 
f 5080/4818/9350 5074/4817/9349 5078/4813/9345 
f 5078/4813/9345 5071/4814/9347 5080/4818/9350 
f 5076/4819/9351 5080/4818/9350 5071/4814/9347 
f 5080/4818/9350 5076/4819/9351 5077/4820/9352 
f 5077/4820/9352 5074/4817/9349 5080/4818/9350 
# 1807 faces

